date,SPY_CLOSE,SPY_OPEN,SPY_HIGH,SPY_LOW,SPY_VOLUME,V_VIX,V_VIX3M,V_VVIX,V_SKEW,I_UST_2Y,I_UST_5Y,I_UST_10Y,I_UST_30Y,I_SPREAD_10Y2Y,I_FED_FUNDS,I_HY_SPREAD,I_IG_SPREAD,E_UNEMPLOYMENT,E_CPI,E_PMI_MFG,E_PMI_SERVICES,E_CONSUMER_CONF,E_INITIAL_CLAIMS,S_PC_TOTAL,MOM_QQQ,MOM_IWM,MOM_EFA,MOM_EEM,MOM_TLT,MOM_GLD,MOM_DXY,MOM_HYG,M_XLF,M_XLK,M_XLE,M_XLV
2015-01-02,205.43,206.38,206.88,204.18,121465865.0,17.79,19.46,112.55,128.66,0.6647,1.607,2.1105,2.688,144.191,0.25,4.88,1.31,,,,,,294.0,0.8,102.94,118.93,60.58,38.77,127.32,114.08,91.08,89.6,20.0812,20.635,39.765,68.63
2015-01-05,201.72,204.17,204.37,201.35,169632646.0,19.92,20.79,121.87,127.79,0.6568,1.5645,2.032,2.5987,137.123,0.25,5.01,1.33,,,,,,294.0,0.79,101.43,117.34,59.15,38.08,129.32,115.8,91.378,88.77,19.6589,20.32,38.12,68.28
2015-01-06,199.82,202.09,202.72,198.855,209151408.0,21.12,21.42,118.45,125.27,0.625,1.478,1.9402,2.5023,131.12,0.25,5.16,1.34,,,,,,294.0,0.59,100.07,115.31,58.48,37.92,131.65,117.12,91.499,88.43,19.3585,20.075,37.56,68.05
2015-01-07,202.31,201.42,202.72,200.88,125346709.0,19.31,20.08,107.69,123.56,0.6091,1.4779,1.9677,2.5289,135.465,0.25,5.11,1.34,,,,,,294.0,0.73,101.36,116.73,59.13,38.74,131.39,116.43,91.89,88.98,19.5615,20.245,37.64,69.65
2015-01-08,205.9,204.01,206.16,203.99,147217784.0,17.01,18.66,98.44,124.77,0.6051,1.4909,2.0179,2.5993,140.884,0.25,4.98,1.33,,,,,,294.0,0.54,103.3,118.71,59.93,39.4,129.65,115.94,92.368,89.65,19.8538,20.69,38.485,70.84
2015-01-09,204.25,206.4,206.42,203.51,158567288.0,17.55,19.32,103.77,121.69,0.561,1.419,1.9449,2.5281,138.082,0.25,5.01,1.33,,,,,,304.0,0.64,102.62,117.57,59.64,39.27,131.07,117.26,91.935,90.1,19.5859,20.625,38.18,70.21
2015-01-12,202.65,204.41,204.6,201.92,144396067.0,19.6,20.48,109.04,121.09,0.5449,1.3799,1.907,2.4965,135.806,0.25,5.07,1.34,,,,,,304.0,0.68,101.55,117.18,59.5,38.95,131.82,118.56,91.983,89.99,19.4234,20.385,37.08,70.24
2015-01-13,202.08,204.12,205.48,200.51,214553306.0,20.56,21.27,109.22,122.2,0.5388,1.3684,1.9,2.4992,135.721,0.25,5.01,1.35,,,,,,304.0,0.66,101.52,117.27,59.8,39.29,131.82,118.16,92.31,89.99,19.3585,20.37,36.785,69.93
2015-01-14,200.86,199.65,201.1,198.57,192991092.0,21.48,20.93,113.5,132.66,0.5006,1.3196,1.8553,2.4685,135.071,0.25,5.12,1.38,,,,,,304.0,0.75,100.96,116.8,59.63,39.07,132.82,117.97,92.161,89.78,19.0824,20.255,36.9,69.82
2015-01-15,199.0199,201.63,202.01,198.88,176613906.0,22.39,22.11,117.07,120.77,0.4122,1.1613,1.7149,2.3677,129.781,0.25,5.17,1.38,,,,,,304.0,0.72,99.65,114.83,60.01,39.16,134.91,120.94,92.352,89.23,18.8469,19.995,36.43,69.07
2015-01-16,201.63,198.77,201.82,198.55,211879605.0,20.95,21.15,111.32,131.39,0.4835,1.3026,1.8368,2.4531,134.922,0.25,5.13,1.39,,,,,,298.0,0.68,100.82,116.7,60.79,39.49,133.19,122.52,92.52,89.57,19.0743,20.19,37.615,70.37
2015-01-20,202.055,202.4,202.72,200.17,130991069.0,19.89,20.87,108.4,123.63,0.4914,1.2797,1.788,2.3777,129.17,0.25,5.13,1.38,,,,,,298.0,0.61,101.62,116.21,61.0,39.43,134.96,124.2,93.046,89.41,18.9931,20.36,37.66,70.37
2015-01-21,203.08,201.5,203.66,200.94,122942707.0,18.85,20.04,98.62,134.3,0.5074,1.3494,1.8717,2.4614,136.028,0.25,5.09,1.38,,,,,,298.0,0.6,102.14,115.84,61.48,40.3,133.4,124.23,92.904,89.89,19.0418,20.395,38.425,70.51
2015-01-22,206.1,203.99,206.26,202.33,174356029.0,16.4,18.6,93.25,139.13,0.5174,1.3639,1.8631,2.4385,134.162,0.25,5.01,1.36,,,,,,298.0,0.58,104.03,118.2,61.71,41.07,132.92,125.23,94.077,90.01,19.5128,20.73,38.605,71.35
2015-01-23,204.97,205.79,206.1,204.81,117516753.0,16.66,19.0,96.33,132.09,0.4864,1.308,1.7968,2.3735,130.55,0.25,5.04,1.36,,,,,,261.0,0.7,104.26,118.12,61.36,40.76,134.77,124.23,94.762,90.01,19.3016,20.725,38.33,70.94
2015-01-26,205.45,204.71,205.56,203.85,92009711.0,15.52,18.03,91.94,135.02,0.5107,1.3372,1.8241,2.3972,131.019,0.25,5.0,1.35,,,,,,261.0,0.66,104.14,119.26,62.2,40.78,134.36,122.99,94.802,90.42,19.3991,20.64,38.88,71.31
2015-01-27,202.74,202.97,204.12,201.74,134044598.0,17.22,19.11,96.11,128.43,0.5105,1.3354,1.8231,2.3999,130.853,0.25,5.02,1.35,,,,,,261.0,0.76,101.44,118.69,62.29,40.56,134.57,124.4,94.022,90.35,19.188,20.045,38.855,70.8
2015-01-28,200.14,204.17,204.29,199.91,168514312.0,20.44,21.44,108.68,123.76,0.4654,1.2391,1.7207,2.2908,125.042,0.25,5.04,1.35,,,,,,261.0,0.67,100.92,116.69,61.36,40.12,136.77,123.42,94.467,90.16,18.8388,20.01,37.325,69.78
2015-01-29,201.9902,200.38,202.3,198.68,173585424.0,18.76,20.0,100.7,130.45,0.5158,1.2698,1.7512,2.3148,123.061,0.25,5.02,1.36,,,,,,261.0,0.79,101.89,118.3,62.2,40.12,135.87,120.76,94.782,90.48,18.9931,20.2,37.45,70.37
2015-01-30,199.45,200.57,202.17,199.13,197729724.0,20.97,21.82,108.99,125.36,0.4488,1.1548,1.6407,2.2222,118.883,0.25,5.09,1.36,,,,,,281.0,0.68,101.1,115.7,61.22,39.02,138.28,123.45,94.804,90.23,18.6845,19.95,37.775,69.27
2015-02-02,201.92,200.05,202.03,197.86,163106969.0,19.43,20.91,106.74,129.98,0.4586,1.1789,1.6642,2.2503,120.166,0.25,5.1,1.37,,,,,,281.0,0.76,101.98,116.76,61.96,39.72,137.48,122.42,94.504,90.21,18.985,20.155,38.93,69.66
2015-02-03,204.84,203.0,204.85,202.55,124212881.0,17.33,19.49,101.03,129.78,0.5079,1.2889,1.7915,2.3792,127.965,0.25,4.94,1.35,,,,,,281.0,0.54,102.96,118.85,62.95,40.47,134.57,121.05,93.6,90.72,19.3016,20.385,39.995,70.13
2015-02-04,204.06,203.92,205.38,203.51,134306728.0,18.33,20.43,103.74,126.2,0.4842,1.2484,1.7513,2.3481,126.229,0.25,4.9,1.34,,,,,,281.0,0.59,102.87,118.41,62.43,40.27,134.8,121.58,93.986,90.34,19.2529,20.425,39.335,69.25
2015-02-05,206.12,204.86,206.3,204.77,97953181.0,16.85,19.27,98.56,127.54,0.5198,1.3036,1.8204,2.4318,129.663,0.25,4.84,1.33,,,,,,281.0,0.66,103.76,119.94,63.29,40.51,133.32,121.79,93.569,90.87,19.4478,20.615,39.9,70.42
2015-02-06,205.55,206.56,207.24,204.92,125672026.0,17.29,19.88,101.69,125.62,0.6435,1.4788,1.9567,2.5287,130.917,0.25,4.64,1.31,,,,,,298.0,0.69,103.13,119.81,62.5,39.82,130.96,118.64,94.698,90.94,19.6021,20.55,39.91,69.78
2015-02-09,204.63,204.77,205.64,204.135,87219016.0,18.55,20.67,104.19,129.85,0.6517,1.5069,1.9775,2.5528,132.093,0.25,4.65,1.3,,,,,,298.0,0.75,102.8,118.86,62.2,39.76,130.75,119.17,94.449,90.72,19.5046,20.52,39.95,68.96
2015-02-10,206.81,205.88,207.12,204.6801,96164183.0,17.23,19.73,97.33,126.51,0.6499,1.512,1.9967,2.5763,134.099,0.25,4.6,1.29,,,,,,298.0,0.66,104.4,119.62,62.77,39.66,129.71,118.47,94.758,91.03,19.6589,20.825,39.93,70.12
2015-02-11,206.93,206.61,207.45,205.83,91087785.0,16.96,19.71,98.73,128.39,0.6642,1.5419,2.0176,2.5863,134.942,0.25,4.6,1.29,,,,,,298.0,0.63,104.78,119.45,62.43,39.37,129.95,117.07,94.985,91.0,19.6589,20.905,39.65,70.19
2015-02-12,208.92,207.89,208.99,206.9727,97545949.0,15.34,18.34,93.24,129.95,0.6242,1.4908,1.9844,2.5755,135.788,0.25,4.59,1.28,,,,,,298.0,0.55,106.0,120.81,63.4,40.21,129.52,117.34,94.094,90.99,19.8538,21.19,40.17,70.44
2015-02-13,209.78,209.07,209.84,208.76,93670430.0,14.69,18.13,92.74,126.04,0.6411,1.5377,2.0504,2.6478,140.524,0.25,4.57,1.28,,,,,,285.0,0.56,106.91,121.53,63.82,40.67,128.19,117.98,94.201,91.12,19.8376,21.325,41.02,70.72
2015-02-17,210.11,209.4,210.32,209.1,76968199.0,15.8,18.38,92.95,127.42,0.6615,1.6059,2.1379,2.7268,147.229,0.25,4.44,1.27,,,,,,285.0,0.58,107.01,121.91,63.97,40.58,126.26,116.01,94.061,91.06,19.9025,21.335,41.145,71.23
2015-02-18,210.13,209.66,210.22,209.3401,80652941.0,15.45,18.66,89.38,135.0,0.597,1.5181,2.08,2.7102,147.904,0.25,4.5,1.25,,,,,,285.0,0.58,107.16,122.04,64.35,40.57,127.01,116.34,94.198,91.37,19.7807,21.355,40.655,71.31
2015-02-19,209.98,209.41,210.42,209.24,91462491.0,15.29,18.01,87.6,131.3,0.6174,1.5764,2.1142,2.7339,149.279,0.25,4.46,1.24,,,,,,285.0,0.55,107.69,122.05,64.43,40.4,126.17,115.94,94.404,91.16,19.6995,21.43,40.465,71.43
2015-02-20,211.239,209.48,211.33,208.73,140896392.0,14.3,17.29,85.78,125.24,0.6321,1.5852,2.1117,2.7142,147.547,0.25,4.41,1.23,,,,,,305.0,0.53,108.41,122.38,65.03,40.67,126.54,115.28,94.253,91.41,19.8457,21.54,40.27,72.18
2015-02-23,211.209,210.94,211.21,210.48,74411054.0,14.56,17.54,86.13,134.66,0.6017,1.5404,2.0574,2.6572,145.162,0.25,4.44,1.23,,,,,,305.0,0.62,108.52,122.5,64.8,40.26,127.99,115.43,94.569,91.48,19.797,21.555,40.105,72.51
2015-02-24,211.81,211.12,212.05,210.76,72472263.0,13.69,16.71,82.65,136.26,0.5529,1.4559,1.98,2.5918,142.302,0.25,4.47,1.23,,,,,,305.0,0.57,108.6,122.66,65.2,40.84,129.67,115.26,94.493,91.57,19.8944,21.62,40.215,72.42
2015-02-25,211.63,211.66,212.24,211.22,73061687.0,13.84,16.87,86.57,136.33,0.6026,1.4527,1.9688,2.5698,136.048,0.25,4.43,1.23,,,,,,305.0,0.64,108.33,122.8,65.25,40.76,130.23,115.7,94.213,91.87,19.8944,21.485,40.435,72.39
2015-02-26,211.38,211.52,211.71,210.65,72697868.0,13.91,16.85,86.93,126.2,0.6461,1.5365,2.0295,2.6294,137.949,0.25,4.33,1.22,,,,,,305.0,0.65,108.88,123.25,65.07,40.77,128.45,116.07,95.292,91.85,19.8457,21.62,39.685,72.59
2015-02-27,210.66,211.26,211.58,210.6,108075972.0,13.34,16.89,85.23,126.4,0.6184,1.4988,1.993,2.5903,137.064,0.25,4.31,1.23,,,,,,317.0,0.64,108.4,122.58,65.1,40.74,129.53,116.16,95.293,91.87,19.7726,21.545,39.51,72.24
2015-03-02,211.99,210.78,212.06,210.72,87491428.0,13.04,16.46,81.84,126.01,0.6621,1.5743,2.082,2.6814,141.591,0.25,4.25,1.23,,,,,,317.0,0.57,109.38,123.47,65.2,40.68,126.87,115.68,95.462,91.46,19.9188,21.715,39.235,72.89
2015-03-03,211.12,211.47,212.054,210.08,110325809.0,13.86,16.78,85.05,123.09,0.6782,1.6056,2.1189,2.7143,143.671,0.25,4.26,1.23,,,,,,317.0,0.66,108.87,122.74,64.8,40.365,126.41,115.47,95.383,91.2,19.8619,21.57,39.38,72.23
2015-03-04,210.2301,210.4,210.49,209.06,114497192.0,14.23,16.91,84.1,127.89,0.6546,1.5876,2.1172,2.7198,145.858,0.25,4.31,1.23,,,,,,317.0,0.61,108.45,122.36,64.54,39.93,126.45,115.11,95.965,91.03,19.7401,21.485,39.325,72.58
2015-03-05,210.46,210.62,210.8,209.85,76872957.0,14.04,16.64,81.26,127.26,0.6389,1.5729,2.1154,2.7285,147.254,0.25,4.33,1.23,,,,,,317.0,0.64,108.64,122.72,64.69,39.87,126.29,115.0,96.378,91.2,19.8213,21.46,39.09,72.84
2015-03-06,207.5,209.42,209.94,207.1,188127982.0,15.2,17.51,86.88,124.65,0.7234,1.6939,2.2414,2.8409,151.395,0.25,4.29,1.22,,,,,,293.0,0.67,107.41,121.17,63.81,39.26,123.5,111.86,97.615,90.62,19.6752,21.195,38.39,71.41
2015-03-09,208.36,207.74,208.79,207.5459,89818893.0,15.06,17.31,85.55,124.16,0.6917,1.6493,2.1907,2.798,149.502,0.25,4.38,1.22,,,,,,293.0,0.65,107.72,121.7,63.91,39.11,124.64,111.97,97.588,90.43,19.7645,21.295,38.115,71.85
2015-03-10,204.98,206.71,206.81,204.93,157121263.0,16.69,18.26,91.89,123.53,0.6799,1.6081,2.1297,2.7231,144.663,0.25,4.52,1.24,,,,,,293.0,0.67,105.72,120.3,62.52,38.24,126.28,111.42,98.618,90.08,19.3422,20.86,37.585,71.05
2015-03-11,204.5,205.29,205.5,204.4,110145718.0,16.87,18.53,97.28,123.72,0.6802,1.6049,2.1086,2.6853,142.436,0.25,4.48,1.25,,,,,,293.0,0.67,105.11,121.04,62.68,38.53,127.2,110.75,99.795,90.33,19.464,20.725,37.695,71.01
2015-03-12,207.1,205.26,207.175,205.2,93993523.0,15.42,17.39,89.48,121.53,0.6644,1.5968,2.1156,2.6995,144.726,0.25,4.48,1.25,,,,,,293.0,0.65,105.8,123.05,63.46,38.77,127.11,110.72,99.435,90.51,19.8863,20.86,37.455,71.95
2015-03-13,205.8272,206.77,207.9338,204.58,162410893.0,16.0,17.89,93.12,120.6,0.657,1.5839,2.114,2.6987,145.383,0.25,4.55,1.26,,,,,,290.0,0.8,105.34,122.61,63.09,38.3,126.72,110.88,100.33,90.2,19.7483,20.745,37.315,71.81
2015-03-16,208.58,206.71,208.69,205.8641,136099192.0,15.61,17.4,90.54,122.83,0.6491,1.5526,2.0717,2.6449,141.857,0.25,4.59,1.28,,,,,,290.0,0.69,106.7,123.33,63.8,38.76,127.94,110.81,99.604,90.11,19.9919,20.99,37.82,73.4
2015-03-17,207.96,207.69,208.42,206.98,94510422.0,15.66,17.48,88.25,125.44,0.6716,1.5527,2.0507,2.6026,137.505,0.25,4.66,1.3,,,,,,290.0,0.74,106.87,123.66,63.64,39.21,129.0,110.21,99.585,89.66,19.9431,20.995,37.675,73.19
2015-03-18,210.46,207.39,211.27,206.62,228808524.0,13.97,16.43,81.22,128.51,0.5525,1.3881,1.9199,2.5104,136.344,0.25,4.78,1.31,,,,,,290.0,0.65,107.92,124.65,65.0,40.17,131.49,112.37,98.55,90.455,20.0568,21.28,38.77,74.14
2015-03-19,209.5,209.96,210.4697,209.03,117917302.0,14.07,16.97,81.61,127.95,0.6092,1.467,1.9685,2.5291,135.528,0.25,4.67,1.3,,,,,,290.0,0.59,108.08,124.89,64.24,39.49,130.82,112.29,99.26,89.74,19.8701,21.22,38.155,74.57
2015-03-20,210.41,209.71,211.02,209.4903,177715081.0,13.02,16.71,80.49,131.09,0.5812,1.4144,1.9303,2.5059,134.5,0.25,4.7,1.3,,,,,,284.0,0.57,108.53,125.99,65.66,40.08,131.51,113.57,97.909,90.44,20.0649,21.27,38.455,74.9
2015-03-23,210.0,210.42,211.11,210.0,71784536.0,13.41,16.53,79.98,127.12,0.5691,1.3897,1.912,2.5141,133.596,0.25,4.71,1.3,,,,,,284.0,0.56,108.32,125.88,65.99,40.2,131.35,114.29,97.033,90.51,19.9513,21.27,38.32,74.69
2015-03-24,208.82,209.85,210.4,208.74,77805321.0,13.62,16.59,80.04,126.82,0.557,1.3602,1.8731,2.4643,131.205,0.25,4.7,1.3,,,,,,284.0,0.7,107.93,125.85,65.85,40.36,132.62,114.57,97.193,90.65,19.7889,21.2,38.065,74.04
2015-03-25,205.76,209.07,209.35,205.71,159521708.0,15.44,17.57,83.52,122.96,0.6023,1.4145,1.925,2.5074,131.872,0.25,4.65,1.3,,,,,,284.0,0.69,105.46,122.47,65.54,39.72,131.5,114.73,96.979,90.41,19.4722,20.655,38.56,72.69
2015-03-26,205.27,204.96,206.37,204.12,153067241.0,15.8,17.57,87.03,122.86,0.6102,1.4579,1.9894,2.5798,137.526,0.25,4.63,1.3,,,,,,284.0,0.58,105.1,122.32,64.97,39.35,129.45,115.48,97.436,90.4,19.4559,20.67,38.515,72.52
2015-03-27,205.74,205.13,205.95,204.9,118938966.0,15.07,17.39,86.5,121.8,0.5944,1.4351,1.9615,2.5404,136.308,0.25,4.67,1.3,,,,,,269.0,0.79,105.52,123.1,65.14,39.46,131.06,115.06,97.291,90.47,19.4316,20.685,38.2,73.04
2015-03-30,208.25,206.98,208.61,206.96,96180365.0,14.51,16.92,82.16,122.69,0.5787,1.4026,1.9475,2.5479,136.488,0.25,4.64,1.3,,,,,,269.0,0.53,106.73,124.77,65.18,40.22,130.41,113.75,97.975,90.72,19.7158,20.935,39.02,73.78
2015-03-31,206.43,207.26,208.1,206.36,126768703.0,15.29,17.54,84.01,120.35,0.5551,1.3701,1.9231,2.5359,136.405,0.25,4.66,1.29,5.4,-0.1,52.1,58.4,101.4,269.0,0.65,105.6,124.37,64.17,40.13,130.69,113.66,98.357,90.61,19.5777,20.72,38.79,72.5
2015-04-01,205.7,206.39,206.42,204.51,137303584.0,15.11,17.34,82.82,120.76,0.5355,1.3182,1.8573,2.4651,131.784,0.25,4.69,1.3,5.4,-0.1,52.1,58.4,101.4,269.0,0.76,105.05,124.42,64.63,40.63,132.13,115.6,98.185,90.39,19.5615,20.69,38.78,71.77
2015-04-02,206.435,205.62,206.98,205.4,86900906.0,14.67,17.22,80.21,119.92,0.5396,1.3506,1.9117,2.5321,136.811,0.25,4.65,1.29,5.4,-0.1,52.1,58.4,101.4,269.0,0.81,105.12,124.65,65.19,41.24,130.73,115.28,97.436,90.46,19.6589,20.685,38.86,71.99
2015-04-06,207.83,205.37,208.45,205.21,114368155.0,14.74,16.82,80.3,120.05,0.496,1.3035,1.8952,2.5532,139.52,0.25,4.63,1.29,5.4,-0.1,52.1,58.4,101.4,269.0,0.5,105.98,125.2,65.85,41.77,130.0,116.69,96.777,90.69,19.6914,20.885,39.56,72.1
2015-04-07,207.28,207.855,208.76,207.24,81236337.0,14.78,16.8,79.7,121.34,0.5159,1.3213,1.8848,2.5179,136.489,0.25,4.55,1.27,5.4,-0.1,52.1,58.4,101.4,269.0,0.59,105.8,124.4,65.76,41.56,131.09,116.11,97.83,91.17,19.5859,20.84,39.585,72.27
2015-04-08,207.975,207.55,208.51,207.08,89351939.0,13.98,16.4,84.76,124.24,0.5318,1.3473,1.9047,2.5291,136.887,0.25,4.51,1.27,5.4,-0.1,52.1,58.4,101.4,269.0,0.6,106.64,125.47,66.04,42.43,131.13,115.47,97.94,91.15,19.6589,20.905,39.265,72.88
2015-04-09,208.9,207.78,209.18,207.19,85548854.0,13.09,16.02,80.71,125.87,0.5478,1.3978,1.9596,2.5981,140.777,0.25,4.46,1.26,5.4,-0.1,52.1,58.4,101.4,269.0,0.6,107.31,125.02,66.13,42.85,129.43,114.67,99.155,91.06,19.6874,20.96,39.895,73.43
2015-04-10,210.04,209.2,210.09,208.96,72722915.0,12.58,15.46,78.91,127.22,0.556,1.3946,1.9473,2.5791,138.726,0.25,4.45,1.26,5.4,-0.1,52.1,58.4,101.4,298.0,0.54,107.75,125.62,66.26,42.88,129.62,115.966,99.338,91.27,19.6833,21.04,40.07,74.06
2015-04-13,209.09,209.87,210.63,209.03,74436594.0,13.94,16.32,83.8,117.46,0.528,1.3668,1.9272,2.573,139.517,0.25,4.45,1.26,5.4,-0.1,52.1,58.4,101.4,298.0,0.59,107.48,125.7,65.84,42.63,129.8,115.14,99.49,91.1,19.7564,20.98,39.67,73.66
2015-04-14,209.49,208.85,209.71,208.1,75099866.0,13.67,15.85,81.91,123.64,0.512,1.3374,1.8985,2.5427,138.241,0.25,4.47,1.27,5.4,-0.1,52.1,58.4,101.4,298.0,0.66,107.17,125.67,66.33,42.82,130.72,114.44,98.733,91.14,19.7564,20.915,40.385,73.78
2015-04-15,210.43,210.05,211.04,209.95,99529320.0,12.84,15.69,79.83,119.71,0.496,1.3145,1.888,2.5397,138.8,0.25,4.44,1.27,5.4,-0.1,52.1,58.4,101.4,298.0,0.59,107.84,126.55,66.63,43.12,130.61,115.43,98.319,91.5,19.8295,21.1,41.35,73.97
2015-04-16,210.37,210.03,210.98,209.7928,68934864.0,12.6,15.33,79.78,120.37,0.4839,1.2998,1.8897,2.5753,140.178,0.25,4.47,1.27,5.4,-0.1,52.1,58.4,101.4,298.0,0.67,107.69,126.48,66.81,43.46,129.96,115.03,97.415,91.31,19.8579,21.025,41.255,73.93
2015-04-17,207.95,208.94,209.23,207.01,191113230.0,13.89,16.14,85.97,122.24,0.5081,1.3062,1.8653,2.5194,135.316,0.25,4.53,1.28,5.4,-0.1,52.1,58.4,101.4,295.0,0.74,106.01,124.43,65.97,42.7,131.45,115.6,97.52,91.03,19.594,20.735,40.955,73.29
2015-04-20,209.85,209.06,210.25,208.96,92189481.0,13.3,15.58,81.48,124.16,0.5202,1.3176,1.8896,2.5624,136.532,0.25,4.46,1.27,5.4,-0.1,52.1,58.4,101.4,295.0,0.56,107.6,125.65,66.04,42.66,130.29,114.72,97.941,91.23,19.6752,21.09,41.11,73.74
2015-04-21,209.6,210.67,210.86,209.24,72559831.0,13.25,15.52,81.29,122.77,0.5162,1.3307,1.9087,2.5806,138.848,0.25,4.43,1.27,5.4,-0.1,52.1,58.4,101.4,295.0,0.64,108.06,125.52,66.63,42.91,129.7,115.38,98.004,91.29,19.5777,21.08,40.675,74.23
2015-04-22,210.63,210.01,210.85,208.9,78264616.0,12.71,15.46,79.7,124.07,0.5446,1.393,1.9788,2.6616,143.006,0.25,4.39,1.26,5.4,-0.1,52.1,58.4,101.4,295.0,0.57,108.65,125.71,66.76,43.37,127.72,113.83,97.932,91.2,19.7158,21.295,40.945,74.35
2015-04-23,211.16,210.15,211.94,210.01,102585942.0,12.48,15.17,78.17,123.26,0.5284,1.3651,1.9577,2.653,142.518,0.25,4.43,1.26,5.4,-0.1,52.1,58.4,101.4,295.0,0.66,109.06,126.28,67.01,43.69,128.27,114.66,97.278,91.17,19.7483,21.38,41.225,74.63
2015-04-24,211.6499,211.66,211.97,211.11,61327387.0,12.29,15.26,76.43,119.95,0.5041,1.3142,1.9086,2.6098,140.047,0.25,4.43,1.26,5.4,-0.1,52.1,58.4,101.4,269.0,0.6,110.54,125.86,67.4,43.845,129.07,113.05,96.922,91.32,19.7158,21.565,40.99,74.39
2015-04-27,210.77,212.33,212.48,210.54,79358126.0,13.12,15.93,81.22,122.84,0.5163,1.3371,1.9208,2.6121,140.041,0.25,4.4,1.26,5.4,-0.1,52.1,58.4,101.4,269.0,0.65,110.26,124.47,67.73,44.02,129.07,115.33,96.765,91.35,19.6427,21.625,40.945,73.04
2015-04-28,211.44,210.74,211.5,209.3301,86863531.0,12.41,15.31,77.68,124.02,0.561,1.4013,2.0034,2.7031,143.848,0.25,4.37,1.27,5.4,-0.1,52.1,58.4,101.4,269.0,0.64,110.04,125.16,67.81,44.09,127.29,116.33,96.092,91.21,19.7564,21.695,41.15,73.4
2015-04-29,210.57,210.37,211.29,209.6,125684903.0,13.39,15.97,82.27,125.36,0.557,1.4221,2.0388,2.7523,147.778,0.25,4.39,1.28,5.4,-0.1,52.1,58.4,101.4,269.0,0.69,109.35,123.8,67.22,43.54,125.73,115.51,95.209,91.04,19.7483,21.59,41.47,72.73
2015-04-30,208.46,209.88,210.35,207.62,161304890.0,14.55,16.48,87.08,115.96,0.567,1.4254,2.0317,2.7404,146.077,0.25,4.39,1.28,5.4,-0.2,51.9,57.5,94.3,269.0,0.72,107.63,121.18,66.51,42.88,125.95,113.47,94.6,90.99,19.594,21.29,41.34,71.709
2015-05-01,210.72,209.4,210.77,209.28,103399711.0,12.7,15.38,79.64,122.37,0.595,1.4989,2.1135,2.8273,151.461,0.25,4.34,1.28,5.4,-0.2,51.9,57.5,94.3,267.0,0.61,109.05,121.97,67.25,43.14,124.0,113.08,95.297,90.79,19.7645,21.55,41.435,72.68
2015-05-04,211.32,211.23,212.02,211.1,70927235.0,12.85,15.43,78.56,121.68,0.5991,1.5023,2.144,2.8765,154.095,0.25,4.32,1.29,5.4,-0.2,51.9,57.5,94.3,267.0,0.55,109.23,122.41,67.18,43.39,122.83,114.1,95.48,90.77,19.9594,21.57,41.33,73.14
2015-05-05,208.9,211.03,211.46,208.73,113326156.0,14.31,16.32,84.45,122.22,0.623,1.5499,2.1853,2.9122,155.651,0.25,4.3,1.28,5.4,-0.2,51.9,57.5,94.3,267.0,0.74,107.45,120.85,66.18,42.92,122.66,114.42,95.076,90.65,19.7807,21.235,40.8198,72.22
2015-05-06,208.04,209.56,209.93,206.76,135060151.0,15.15,16.72,90.8,119.74,0.6351,1.5862,2.2431,2.9929,160.4,0.25,4.31,1.28,5.4,-0.2,51.9,57.5,94.3,267.0,0.73,106.71,121.27,66.35,42.39,120.56,114.36,94.087,90.38,19.6833,21.055,40.66,71.94
2015-05-07,208.87,207.92,209.38,207.52,88244940.0,15.13,16.74,89.21,120.73,0.6313,1.5616,2.18,2.9105,154.468,0.25,4.36,1.29,5.4,-0.2,51.9,57.5,94.3,267.0,0.69,107.35,121.73,66.13,42.33,122.18,113.42,94.635,90.37,19.8213,21.21,40.22,72.28
2015-05-08,211.62,210.88,211.86,210.78,155877260.0,12.86,15.56,79.44,122.93,0.5719,1.4879,2.1478,2.9006,157.191,0.25,4.34,1.29,5.4,-0.2,51.9,57.5,94.3,271.0,0.55,108.69,122.64,67.66,42.87,122.51,113.97,94.794,91.0799,20.1055,21.515,40.88,73.45
2015-05-11,210.605,211.57,211.89,210.52,75708065.0,13.85,16.1,83.11,115.96,0.616,1.6,2.2797,3.041,165.972,0.25,4.26,1.29,5.4,-0.2,51.9,57.5,94.3,271.0,0.61,108.27,122.71,67.07,42.46,119.53,113.53,95.011,90.51,20.0325,21.405,40.11,73.49
2015-05-12,209.98,209.61,210.63,208.62,119727592.0,13.86,16.4,84.64,123.92,0.5961,1.5621,2.2489,3.0127,164.88,0.25,4.36,1.29,5.4,-0.2,51.9,57.5,94.3,271.0,0.64,107.78,122.49,67.03,42.32,119.84,114.5,94.534,90.5,19.9594,21.29,40.295,73.02
2015-05-13,210.02,210.47,211.22,209.74,94667943.0,13.76,16.29,84.45,126.04,0.5762,1.5655,2.2926,3.087,171.244,0.25,4.32,1.29,5.4,-0.2,51.9,57.5,94.3,271.0,0.56,108.0,122.485,67.53,42.4,118.88,116.55,93.617,90.37,19.9675,21.38,40.19,73.1
2015-05-14,212.21,211.24,212.32,210.91,95934006.0,12.74,15.91,82.34,127.63,0.5441,1.5046,2.2301,3.0497,168.195,0.25,4.36,1.28,5.4,-0.2,51.9,57.5,94.3,271.0,0.6,109.58,123.79,68.34,42.82,119.2,117.18,93.457,90.8085,20.1461,21.725,40.175,74.11
2015-05-15,212.44,212.44,212.61,211.86,76510099.0,12.38,15.57,80.93,127.56,0.5363,1.4603,2.1424,2.9292,160.215,0.25,4.37,1.28,5.4,-0.2,51.9,57.5,94.3,276.0,0.56,109.58,123.65,68.42,43.15,121.59,117.53,93.135,91.01,20.0568,21.655,40.335,74.26
2015-05-18,213.1,212.24,213.4,212.16,74549685.0,12.73,15.23,82.06,126.91,0.5767,1.5362,2.2337,3.0295,165.298,0.25,4.32,1.28,5.4,-0.2,51.9,57.5,94.3,276.0,0.66,110.06,125.05,68.19,42.71,119.55,117.52,94.221,90.86,20.1705,21.76,40.37,74.7
2015-05-19,213.03,213.24,213.57,212.69,72114610.0,12.85,15.28,77.53,126.28,0.6133,1.6026,2.2886,3.0753,167.127,0.25,4.29,1.28,5.4,-0.2,51.9,57.5,94.3,276.0,0.59,109.94,124.88,67.93,42.78,118.49,115.89,95.267,90.72,20.2842,21.705,39.795,75.05
2015-05-20,212.88,213.15,213.78,212.504,76857530.0,12.88,15.15,77.03,125.01,0.585,1.5513,2.2479,3.0471,165.882,0.25,4.31,1.3,5.4,-0.2,51.9,57.5,94.3,276.0,0.58,110.01,125.11,68.06,42.75,118.69,116.08,95.448,90.61,20.2273,21.72,39.87,75.15
2015-05-21,213.5,212.71,213.75,212.51,64764585.0,12.11,14.61,73.18,121.11,0.573,1.5117,2.1898,2.9881,161.275,0.25,4.33,1.31,5.4,-0.2,51.9,57.5,94.3,276.0,0.71,110.58,124.97,68.42,42.6,120.35,115.69,95.255,90.74,20.1786,21.815,40.245,75.16
2015-05-22,212.99,213.04,213.54,212.91,57433495.0,12.13,14.48,75.98,124.86,0.6142,1.5617,2.2092,2.9841,159.09,0.25,4.28,1.31,5.4,-0.2,51.9,57.5,94.3,281.0,0.64,110.47,124.43,67.98,42.74,120.4,115.6,96.014,90.81,20.1867,21.8,40.1,74.98
2015-05-26,210.7,212.4,212.9089,210.2,124308584.0,14.06,15.48,81.94,123.06,0.6123,1.5203,2.139,2.8981,152.255,0.25,4.32,1.31,5.4,-0.2,51.9,57.5,94.3,281.0,0.74,109.2,123.24,66.76,42.06,122.46,113.91,97.299,90.62,19.9594,21.485,39.465,74.22
2015-05-27,212.7,211.25,212.98,210.7612,93213981.0,13.27,14.99,77.79,123.6,0.6485,1.5303,2.1285,2.8673,147.601,0.25,4.3,1.32,5.4,-0.2,51.9,57.5,94.3,281.0,0.58,110.96,124.75,67.41,42.07,122.74,113.89,97.371,90.82,20.1786,21.89,39.395,75.08
2015-05-28,212.46,212.33,212.59,211.63,74974560.0,13.31,15.01,77.35,125.37,0.6289,1.5163,2.1355,2.8873,150.26,0.25,4.32,1.32,5.4,-0.2,51.9,57.5,94.3,281.0,0.71,110.71,124.64,67.29,41.52,122.44,114.02,96.965,90.78,20.1543,21.845,39.24,75.13
2015-05-29,211.14,212.38,212.43,210.82,124919611.0,13.84,15.38,79.07,122.5,0.6053,1.4853,2.1214,2.8818,151.222,0.25,4.33,1.33,5.4,-0.2,51.9,57.5,94.3,275.0,0.57,110.05,123.89,66.64,41.12,122.71,114.1,96.907,90.91,19.9756,21.685,39.195,74.94
2015-06-01,211.57,211.94,212.34,210.62,93338750.0,13.97,15.41,78.89,122.43,0.6447,1.5457,2.1794,2.9338,153.066,0.25,4.28,1.35,5.4,-0.2,51.9,57.5,94.3,275.0,0.66,110.42,124.28,66.46,40.96,121.13,114.0,97.392,90.66,19.9919,21.745,39.095,75.24
2015-06-02,211.36,211.02,212.19,210.27,91531012.0,14.24,15.71,80.61,121.17,0.6527,1.6063,2.2624,3.0143,160.581,0.25,4.26,1.35,5.4,-0.2,51.9,57.5,94.3,275.0,0.54,110.07,124.52,66.77,41.12,119.44,114.46,95.835,90.49,20.0243,21.7,39.365,74.75
2015-06-03,211.92,212.0,212.67,211.3301,87820909.0,13.66,15.36,79.27,124.59,0.6725,1.6869,2.3642,3.1022,168.769,0.25,4.23,1.34,5.4,-0.2,51.9,57.5,94.3,275.0,0.51,110.4,125.76,67.14,40.91,117.52,113.64,95.465,90.0,20.1949,21.745,39.095,74.89
2015-06-04,210.1292,211.07,211.859,209.75,151882820.0,14.71,16.28,87.99,121.98,0.6607,1.6409,2.307,3.0407,164.234,0.25,4.34,1.34,5.4,-0.2,51.9,57.5,94.3,275.0,0.61,109.56,124.5,66.42,40.29,119.05,112.84,95.461,89.71,20.0162,21.545,38.565,74.37
2015-06-05,209.77,209.95,210.58,208.98,121704676.0,14.21,15.96,84.1,119.62,0.7087,1.7402,2.4076,3.1136,169.494,0.25,4.35,1.34,5.4,-0.2,51.9,57.5,94.3,278.0,0.61,109.3,125.4,65.63,40.11,117.6,112.24,96.306,89.44,20.1299,21.475,38.835,74.34
2015-06-08,208.48,209.64,209.82,208.39,89063330.0,15.29,16.6,86.5,118.33,0.6808,1.7055,2.3824,3.1144,169.762,0.25,4.39,1.34,5.4,-0.2,51.9,57.5,94.3,278.0,0.61,108.19,124.82,65.54,40.1,117.47,112.57,95.299,89.44,20.0081,21.235,38.615,73.97
2015-06-09,208.45,208.45,209.1,207.69,105034690.0,14.47,16.25,84.34,119.4,0.7169,1.7537,2.4384,3.1663,171.754,0.25,4.43,1.35,5.4,-0.2,51.9,57.5,94.3,278.0,0.63,108.01,124.44,65.18,39.86,116.54,112.82,95.166,89.29,20.0568,21.185,38.61,73.95
2015-06-10,210.95,209.37,211.41,209.2987,134551285.0,13.22,15.33,81.6,120.83,0.725,1.7854,2.4838,3.2156,175.482,0.25,4.38,1.36,5.4,-0.2,51.9,57.5,94.3,278.0,0.46,109.49,125.99,66.55,40.44,115.52,113.78,94.646,89.41,20.341,21.515,39.085,74.86
2015-06-11,211.63,211.48,212.09,211.2,73876447.0,12.85,15.1,79.53,125.32,0.7131,1.7257,2.3772,3.0957,166.008,0.25,4.39,1.36,5.4,-0.2,51.9,57.5,94.3,278.0,0.59,109.65,126.31,66.73,40.24,117.95,113.26,94.976,89.59,20.4222,21.525,38.91,75.37
2015-06-12,210.01,210.64,211.482,209.68,135382369.0,13.78,15.61,85.55,119.26,0.7256,1.7444,2.3918,3.103,166.401,0.25,4.41,1.37,5.4,-0.2,51.9,57.5,94.3,269.0,0.67,108.75,125.93,66.2,40.24,117.95,113.23,94.972,89.26,20.3329,21.335,38.475,74.44
2015-06-15,209.11,208.64,209.45,207.79,124384184.0,15.39,16.62,96.12,119.25,0.7015,1.7013,2.3559,3.0851,165.032,0.25,4.5,1.38,5.4,-0.2,51.9,57.5,94.3,269.0,0.66,108.21,125.53,65.8,39.79,118.14,113.73,94.81,88.84,20.2436,21.205,38.385,74.53
2015-06-16,210.25,208.93,210.35,208.72,85308227.0,14.81,16.2,95.96,120.23,0.6855,1.6599,2.3093,3.0407,161.978,0.25,4.55,1.39,5.4,-0.2,51.9,57.5,94.3,269.0,0.64,108.8,126.42,65.78,39.8,119.07,113.32,94.999,89.34,20.3573,21.345,38.685,74.9
2015-06-17,210.59,210.59,211.32,209.36,126708635.0,14.5,16.22,93.19,119.09,0.6492,1.6252,2.3165,3.0932,166.147,0.25,4.55,1.4,5.4,-0.2,51.9,57.5,94.3,269.0,0.55,109.1,126.23,65.63,40.04,118.15,113.85,94.296,89.26,20.3329,21.355,38.59,74.97
2015-06-18,212.78,211.31,213.34,210.6315,165867949.0,13.19,15.44,89.2,120.17,0.6331,1.6253,2.3345,3.1292,169.737,0.25,4.51,1.4,5.4,-0.2,51.9,57.5,94.3,269.0,0.64,110.69,127.92,66.22,40.41,117.57,115.32,94.042,89.59,20.5197,21.545,38.565,76.03
2015-06-19,210.81,211.46,211.55,210.36,130478689.0,13.96,15.91,92.16,119.5,0.6169,1.5709,2.2577,3.0471,163.677,0.25,4.57,1.41,5.4,-0.2,51.9,57.5,94.3,273.0,0.63,109.89,127.86,66.06,40.06,119.08,115.12,94.085,89.64,20.0893,21.27,37.955,75.71
2015-06-22,211.89,211.905,212.59,211.64,70696027.0,12.74,14.99,83.87,120.52,0.6575,1.6671,2.3725,3.1606,171.09,0.25,4.47,1.4,5.4,-0.2,51.9,57.5,94.3,273.0,0.56,110.7,128.74,67.31,40.64,116.65,113.64,94.329,89.82,20.3979,21.445,38.42,76.3
2015-06-23,212.04,212.14,212.44,211.57,68476797.0,12.11,14.54,78.85,122.78,0.6779,1.6955,2.4087,3.1964,172.667,0.25,4.45,1.4,5.4,-0.2,51.9,57.5,94.3,273.0,0.61,110.79,129.01,67.49,41.04,115.95,112.89,95.432,89.76,20.4385,21.46,38.545,76.45
2015-06-24,210.5,211.72,212.17,210.47,92307318.0,13.26,15.18,82.53,119.52,0.6802,1.6656,2.3672,3.1458,168.307,0.25,4.51,1.4,5.4,-0.2,51.9,57.5,94.3,273.0,0.52,110.22,127.92,66.9,40.75,116.95,112.59,95.264,89.52,20.2679,21.36,38.305,75.68
2015-06-25,209.86,211.1,211.25,209.77,97107361.0,14.01,15.52,83.51,122.68,0.688,1.7101,2.4088,3.1756,171.681,0.25,4.52,1.41,5.4,-0.2,51.9,57.5,94.3,273.0,0.65,110.0,127.85,65.77,40.31,116.54,112.44,95.187,89.25,20.1461,21.31,37.915,76.1
2015-06-26,209.82,210.29,210.58,209.16,104174840.0,14.02,15.46,83.09,123.07,0.7117,1.7545,2.4726,3.2402,175.697,0.25,4.51,1.41,5.4,-0.2,51.9,57.5,94.3,275.0,0.74,109.27,127.5,65.74,39.93,115.23,112.56,95.472,88.99,20.2111,21.13,38.04,75.99
2015-06-29,205.42,208.045,209.828,205.33,202621332.0,18.85,18.72,117.0,124.54,0.6329,1.6217,2.3242,3.0998,168.741,0.25,4.77,1.46,5.4,-0.2,51.9,57.5,94.3,275.0,0.94,106.69,124.28,63.72,39.04,118.28,113.07,94.79,88.38,19.7239,20.68,37.32,74.13
2015-06-30,205.85,207.26,207.32,205.28,182925106.0,18.23,18.47,110.17,123.88,0.6427,1.6479,2.3531,3.1236,170.639,0.25,4.76,1.45,5.3,0.1,52.5,55.7,99.8,275.0,0.84,107.07,124.86,63.49,39.62,117.46,112.37,95.485,88.8,19.797,20.7,37.58,74.39
2015-07-01,207.5,207.73,208.03,206.56,135979873.0,16.09,16.79,97.6,120.14,0.6882,1.7053,2.4219,3.2015,172.974,0.25,4.64,1.43,5.3,0.1,52.5,55.7,99.8,275.0,0.62,107.92,125.23,63.9,39.59,115.62,111.98,96.31,88.42,20.0974,20.84,37.1,75.19
2015-07-02,207.31,208.07,208.27,206.81,104373652.0,16.79,17.68,105.14,121.52,0.627,1.6315,2.3823,3.1865,174.935,0.25,4.68,1.43,5.3,0.1,52.5,55.7,99.8,275.0,0.7,107.95,123.78,63.98,39.78,116.0,111.76,96.113,88.75,20.0081,20.87,37.265,74.84
2015-07-06,206.72,205.77,207.65,205.53,117975369.0,17.01,18.04,105.97,118.68,0.5892,1.5563,2.285,3.0827,169.36,0.25,4.85,1.45,5.3,0.1,52.5,55.7,99.8,275.0,0.65,107.7,123.74,62.69,38.67,118.15,112.06,96.298,88.46,19.9269,20.785,36.775,74.81
2015-07-07,208.02,206.96,208.17,204.11,173820249.0,16.09,17.02,99.35,117.37,0.5852,1.5464,2.2582,3.0399,166.899,0.25,4.9,1.45,5.3,0.1,52.5,55.7,99.8,275.0,0.78,107.97,123.88,62.71,38.09,119.26,110.76,96.865,88.53,19.9675,20.815,37.11,75.17
2015-07-08,204.53,206.42,206.7645,204.25,164020059.0,19.66,19.25,111.67,118.25,0.5414,1.4876,2.1922,2.9745,164.685,0.25,4.98,1.46,5.3,0.1,52.5,55.7,99.8,275.0,0.87,106.09,121.99,61.25,36.78,120.29,111.09,96.294,88.09,19.6183,20.475,36.36,73.88
2015-07-09,204.9,207.04,207.35,204.77,144113107.0,19.97,19.78,115.36,120.34,0.5851,1.5856,2.3211,3.1203,173.201,0.25,4.88,1.46,5.3,0.1,52.5,55.7,99.8,275.0,0.69,106.03,122.43,62.26,37.49,117.92,111.36,96.606,88.29,19.7726,20.395,36.545,74.28
2015-07-10,207.48,207.29,207.98,204.9517,129456890.0,16.83,17.73,101.19,118.52,0.637,1.6562,2.3972,3.1899,175.804,0.25,4.75,1.46,5.3,0.1,52.5,55.7,99.8,285.0,0.67,107.65,124.13,64.3,38.44,116.05,111.49,96.025,88.8,20.0081,20.72,36.745,75.28
2015-07-13,209.77,208.99,209.9,208.94,106069400.0,13.9,15.94,85.95,121.57,0.6772,1.7173,2.4538,3.2362,177.258,0.25,4.69,1.45,5.3,0.1,52.5,55.7,99.8,285.0,0.55,109.54,125.53,64.54,38.7,115.69,110.99,96.858,88.88,20.2517,21.035,37.005,75.92
2015-07-14,210.68,209.72,211.05,209.65,81709575.0,13.37,15.46,87.35,123.11,0.637,1.6579,2.401,3.1958,175.995,0.25,4.72,1.47,5.3,0.1,52.5,55.7,99.8,285.0,0.63,110.26,126.23,65.08,38.77,116.07,110.74,96.643,88.79,20.3004,21.115,37.27,76.68
2015-07-15,210.61,210.73,211.28,210.04,97914141.0,13.23,15.6,90.81,123.06,0.625,1.6249,2.3521,3.1385,172.309,0.25,4.72,1.48,5.3,0.1,52.5,55.7,99.8,285.0,0.68,110.38,125.56,64.84,38.33,117.3,110.16,97.166,88.79,20.4709,21.12,36.615,76.78
2015-07-16,212.3,211.87,212.3,211.58,106683266.0,12.11,14.73,87.12,124.67,0.6552,1.653,2.3503,3.1089,169.11,0.25,4.69,1.48,5.3,0.1,52.5,55.7,99.8,285.0,0.71,111.94,126.31,65.4,38.81,118.11,109.76,97.668,88.93,20.674,21.39,36.665,77.14
2015-07-17,212.48,212.29,212.55,211.8,89029973.0,11.95,14.61,85.32,127.91,0.6655,1.6695,2.3469,3.0828,167.738,0.25,4.74,1.48,5.3,0.1,52.5,55.7,99.8,265.0,0.55,113.59,125.76,65.31,38.76,118.72,108.65,97.862,88.69,20.6171,21.72,36.22,76.97
2015-07-20,212.59,212.75,213.18,212.21,70446821.0,12.25,14.85,84.38,125.06,0.7061,1.706,2.3723,3.0942,166.218,0.25,4.74,1.48,5.3,0.1,52.5,55.7,99.8,265.0,0.56,113.98,125.08,65.46,38.51,118.22,105.7,98.029,88.28,20.6415,21.835,35.74,77.22
2015-07-21,211.75,212.43,212.74,211.39,77965048.0,12.22,14.75,82.56,124.9,0.6778,1.653,2.3253,3.0617,164.347,0.25,4.84,1.49,5.3,0.1,52.5,55.7,99.8,265.0,0.69,113.91,124.49,65.27,38.52,118.86,105.37,97.328,88.12,20.6171,21.69,35.755,76.88
2015-07-22,211.37,210.93,211.77,210.89,88667920.0,12.12,14.81,78.89,130.42,0.7063,1.6713,2.3235,3.0367,161.314,0.25,4.94,1.49,5.3,0.1,52.5,55.7,99.8,265.0,0.61,112.62,124.95,64.77,37.97,119.6,104.8,97.598,87.55,20.7714,21.34,35.465,77.05
2015-07-23,210.18,211.53,211.65,209.75,90509128.0,12.64,14.92,81.64,123.18,0.6942,1.6332,2.2677,2.9673,156.941,0.25,4.99,1.5,5.3,0.1,52.5,55.7,99.8,265.0,0.78,112.2,123.57,64.6,37.6,121.09,104.33,97.115,87.5,20.5928,21.295,35.435,76.77
2015-07-24,208.0,210.3,210.37,207.6,117754979.0,13.74,15.65,88.36,126.32,0.6781,1.6183,2.2624,2.9618,158.018,0.25,5.13,1.52,5.3,0.1,52.5,55.7,99.8,269.0,0.86,111.1,121.58,63.89,37.06,121.39,105.35,97.244,87.25,20.3979,21.18,34.755,74.85
2015-07-27,206.79,206.94,207.55,206.26,132361082.0,15.6,16.78,97.32,126.67,0.6495,1.562,2.2175,2.9327,156.393,0.25,5.29,1.53,5.3,0.1,52.5,55.7,99.8,269.0,0.74,110.18,120.57,63.42,36.36,122.04,104.86,96.502,86.88,20.2517,20.99,34.255,74.78
2015-07-28,209.33,207.79,209.5,206.8,123544845.0,13.44,15.43,84.77,123.52,0.668,1.5885,2.2499,2.965,157.776,0.25,5.24,1.53,5.3,0.1,52.5,55.7,99.8,269.0,0.62,111.13,121.6,64.22,36.73,121.15,105.02,96.772,87.35,20.3329,21.18,35.235,76.13
2015-07-29,210.77,209.48,211.04,209.31,105791255.0,12.5,14.92,82.94,121.03,0.7038,1.6133,2.2859,2.9975,157.815,0.25,5.13,1.53,5.3,0.1,52.5,55.7,99.8,269.0,0.62,111.55,121.94,64.45,37.09,120.7,105.17,96.976,87.86,20.5359,21.32,35.715,76.26
2015-07-30,210.82,210.16,211.02,209.42,91304374.0,12.13,14.71,80.65,122.06,0.7275,1.6201,2.2589,2.9429,152.749,0.25,5.07,1.53,5.3,0.1,52.5,55.7,99.8,269.0,0.5,112.08,122.29,64.4,36.72,121.63,104.27,97.56,88.12,20.5359,21.36,35.465,76.15
2015-07-31,210.5,211.42,211.45,210.16,103266857.0,12.12,14.9,81.77,124.2,0.6606,1.5287,2.1801,2.9061,151.555,0.25,5.13,1.54,5.2,0.2,52.0,60.1,91.0,270.0,0.68,111.95,122.96,64.78,37.12,122.53,104.93,97.336,87.97,20.4709,21.29,34.69,76.59
2015-08-03,209.79,210.46,210.53,208.65,113965728.0,12.56,14.84,79.43,119.32,0.6646,1.5157,2.148,2.852,147.942,0.25,5.2,1.55,5.2,0.2,52.0,60.1,91.0,270.0,0.73,111.6,122.35,64.61,36.5,123.55,104.1,97.494,87.41,20.4466,21.175,33.96,76.53
2015-08-04,209.38,209.7,210.2483,208.8,81820823.0,13.0,15.13,80.82,119.79,0.7322,1.6037,2.2213,2.8968,148.519,0.25,5.0,1.55,5.2,0.2,52.0,60.1,91.0,270.0,0.75,111.39,122.06,64.66,36.63,122.57,104.31,97.931,87.46,20.4141,21.05,33.845,76.49
2015-08-05,210.07,210.45,211.31,209.73,85786817.0,12.51,14.88,80.1,119.1,0.7263,1.6446,2.2699,2.9437,153.963,0.25,4.94,1.55,5.2,0.2,52.0,60.1,91.0,270.0,0.77,112.25,122.34,65.0,36.64,121.65,103.93,97.958,87.34,20.4953,21.255,33.59,77.13
2015-08-06,208.35,210.29,210.415,207.65,116030803.0,13.77,15.55,84.36,126.09,0.7006,1.6102,2.2214,2.8914,151.681,0.25,5.04,1.56,5.2,0.2,52.0,60.1,91.0,270.0,0.82,110.45,120.69,64.73,36.32,122.73,104.39,97.833,86.98,20.4222,21.045,34.125,75.45
2015-08-07,207.95,208.16,208.34,206.87,117857956.0,13.39,15.42,82.57,117.82,0.7169,1.5709,2.1623,2.8191,144.142,0.25,5.16,1.58,5.2,0.2,52.0,60.1,91.0,274.0,0.83,110.31,119.88,64.61,36.3,124.34,104.65,97.563,86.71,20.4628,21.06,33.515,75.32
2015-08-10,210.57,209.28,210.67,209.28,80270676.0,12.23,14.99,80.21,121.54,0.721,1.6102,2.2269,2.896,150.185,0.25,5.14,1.58,5.2,0.2,52.0,60.1,91.0,274.0,0.66,111.57,121.26,65.4,36.91,122.8,105.72,97.159,86.96,20.6577,21.39,34.585,75.93
2015-08-11,208.67,208.97,209.47,207.76,126081377.0,13.71,15.94,85.22,124.37,0.673,1.5233,2.1409,2.8092,146.385,0.25,5.31,1.59,5.2,0.2,52.0,60.1,91.0,274.0,0.79,110.14,120.22,64.4,36.1,124.75,106.26,97.29,86.56,20.4709,21.07,34.65,75.29
2015-08-12,208.92,207.11,209.14,205.36,172123672.0,13.61,15.87,88.13,119.97,0.6651,1.5217,2.148,2.8397,147.894,0.25,5.41,1.61,5.2,0.2,52.0,60.1,91.0,274.0,0.83,110.52,119.99,63.94,35.54,124.07,107.75,96.262,86.44,20.2842,21.165,35.28,75.34
2015-08-13,208.66,208.73,209.55,208.01,89383253.0,13.49,15.75,88.36,119.96,0.7073,1.5724,2.1854,2.855,147.402,0.25,5.29,1.61,5.2,0.2,52.0,60.1,91.0,274.0,0.74,110.34,119.59,63.9,35.48,123.67,106.86,96.445,86.33,20.3573,21.105,34.745,75.17
2015-08-14,209.42,208.43,209.5087,208.26,72786528.0,12.83,15.51,89.38,119.37,0.7218,1.597,2.1977,2.8416,147.19,0.25,5.28,1.61,5.2,0.2,52.0,60.1,91.0,279.0,0.67,110.51,120.36,64.0,35.53,123.96,106.85,96.52,86.38,20.5034,21.21,34.67,75.38
2015-08-17,210.59,208.71,210.59,208.16,79072643.0,13.02,15.21,87.35,120.27,0.7058,1.5673,2.1678,2.8176,145.797,0.25,5.3,1.61,5.2,0.2,52.0,60.1,91.0,279.0,0.69,111.43,121.63,63.88,35.14,124.52,107.13,96.806,86.38,20.544,21.33,34.745,76.14
2015-08-18,209.98,210.26,210.68,209.699,71692678.0,13.79,15.61,88.84,124.34,0.718,1.5788,2.1925,2.8555,147.046,0.25,5.29,1.61,5.2,0.2,52.0,60.1,91.0,279.0,0.66,110.86,120.66,63.4,34.76,123.54,107.11,97.04,86.27,20.5278,21.22,34.615,76.03
2015-08-19,208.32,209.09,210.01,207.35,172945975.0,15.25,16.5,91.84,122.14,0.6574,1.4999,2.1256,2.8153,146.421,0.25,5.41,1.62,5.2,0.2,52.0,60.1,91.0,279.0,0.81,110.13,119.41,62.84,34.33,124.76,108.55,96.359,86.19,20.341,21.08,33.66,75.72
2015-08-20,203.97,206.51,208.2865,203.9,194327884.0,19.14,18.83,108.75,118.76,0.6533,1.4687,2.0679,2.7429,141.22,0.25,5.48,1.63,5.2,0.2,52.0,60.1,91.0,279.0,0.82,107.08,116.39,61.32,33.79,126.02,110.44,95.98,85.77,19.9107,20.565,32.9,73.96
2015-08-21,197.83,201.73,203.9404,197.52,346588469.0,28.03,23.47,138.57,118.76,0.6128,1.4275,2.0365,2.7233,141.762,0.25,5.6,1.64,5.2,0.2,52.0,60.1,91.0,274.0,1.04,102.4,115.03,59.92,32.75,126.4,111.13,95.008,85.46,19.1961,19.78,31.75,71.7
2015-08-24,189.5,187.49,197.4772,182.4,507244333.0,40.74,31.14,168.75,129.46,0.568,1.3669,2.0034,2.7293,143.141,0.25,5.87,1.68,5.2,0.2,52.0,60.1,91.0,274.0,0.87,98.46,110.54,57.85,31.32,126.36,110.53,93.332,84.76,18.3922,19.07,30.045,68.65
2015-08-25,187.27,195.43,195.45,186.92,369833071.0,36.02,29.58,152.42,126.78,0.6005,1.4175,2.0714,2.7992,146.684,0.25,5.63,1.67,5.2,0.2,52.0,60.1,91.0,274.0,0.7,98.09,109.69,58.4,31.72,124.33,109.16,94.53,84.93,18.1323,18.85,29.61,67.96
2015-08-26,194.46,192.08,194.79,188.37,339256986.0,30.32,25.65,134.31,124.35,0.672,1.4814,2.1752,2.9316,149.925,0.25,5.65,1.67,5.2,0.2,52.0,60.1,91.0,274.0,0.85,103.03,112.48,59.78,32.77,121.93,107.67,95.1,85.64,18.8144,19.8,30.63,70.83
2015-08-27,199.27,197.02,199.42,195.21,274143906.0,26.1,24.86,128.59,126.31,0.6878,1.4987,2.1841,2.9237,149.236,0.25,5.54,1.65,5.2,0.2,52.0,60.1,91.0,274.0,0.76,105.64,114.49,60.51,34.22,122.0,107.73,95.61,86.28,19.2773,20.26,32.145,72.21
2015-08-28,199.28,198.5,199.835,197.92,160414352.0,26.05,25.34,127.18,130.38,0.7156,1.5118,2.1807,2.9119,146.106,0.25,5.47,1.65,5.2,0.2,52.0,60.1,91.0,279.0,0.72,105.62,115.62,60.42,33.78,122.36,108.7,96.106,86.36,19.188,20.3,32.875,71.8
2015-08-31,197.67,198.11,199.125,197.01,163298816.0,28.43,26.53,127.28,129.36,0.7375,1.5478,2.2179,2.9619,147.846,0.25,5.44,1.63,5.1,0.2,50.2,58.6,101.3,279.0,0.66,104.31,115.2,59.97,33.84,121.42,108.82,95.824,86.24,19.0256,20.115,33.215,70.49
2015-09-01,191.77,193.12,194.77,190.73,256000392.0,31.4,29.53,128.94,125.35,0.704,1.4874,2.1524,2.915,144.622,0.25,5.49,1.65,5.1,0.2,50.2,58.6,101.3,279.0,0.74,101.05,111.9,57.96,32.53,122.03,109.2,95.45,85.58,18.4084,19.47,32.045,68.64
2015-09-02,195.41,194.62,195.46,192.42,160269331.0,26.09,26.19,114.43,125.35,0.7081,1.5087,2.1843,2.9539,147.226,0.25,5.46,1.64,5.1,0.2,50.2,58.6,101.3,279.0,0.73,103.9,113.91,58.82,33.0,120.98,108.62,95.828,85.93,18.6602,19.94,32.34,70.05
2015-09-03,195.55,196.26,198.05,194.96,152087836.0,25.61,26.2,118.16,132.43,0.6923,1.4826,2.1596,2.9348,146.327,0.25,5.44,1.63,5.1,0.2,50.2,58.6,101.3,279.0,0.68,103.39,113.73,58.96,33.13,121.57,107.84,96.405,86.05,18.7657,19.955,32.43,69.55
2015-09-04,192.59,192.85,193.86,191.61,207080961.0,27.8,28.07,123.15,142.19,0.7067,1.4664,2.1244,2.8836,141.373,0.25,5.48,1.63,5.1,0.2,50.2,58.6,101.3,273.0,0.89,102.16,112.87,57.61,32.14,122.68,107.49,96.229,85.96,18.3922,19.65,31.895,68.68
2015-09-08,197.43,195.94,197.61,195.17,116025739.0,24.9,25.69,117.62,132.37,0.7327,1.5173,2.1828,2.9555,144.606,0.25,5.38,1.62,5.1,0.2,50.2,58.6,101.3,273.0,0.66,105.04,115.45,59.3,33.16,120.87,107.52,95.985,86.43,18.8632,20.2,32.395,70.6
2015-09-09,194.79,199.32,199.47,194.35,149347735.0,26.23,26.31,131.3,137.03,0.7409,1.5306,2.2006,2.9611,145.393,0.25,5.33,1.6,5.1,0.2,50.2,58.6,101.3,273.0,0.71,103.86,114.12,59.06,32.99,121.45,106.13,96.012,86.32,18.6033,19.935,31.785,69.51
2015-09-10,195.85,194.56,197.22,194.25,158611063.0,24.37,25.65,127.06,131.42,0.733,1.5471,2.222,2.9852,148.498,0.25,5.32,1.61,5.1,0.2,50.2,58.6,101.3,273.0,0.77,104.99,114.64,59.45,33.33,120.63,106.38,95.456,86.53,18.6926,20.135,31.97,70.18
2015-09-11,196.74,195.375,196.82,194.53,119691212.0,23.2,24.68,119.09,118.18,0.7053,1.5128,2.1883,2.9524,147.9,0.25,5.36,1.62,5.1,0.2,50.2,58.6,101.3,264.0,0.81,105.57,115.18,59.44,33.46,121.39,106.16,95.194,86.5,18.7738,20.23,31.685,70.63
2015-09-14,196.01,196.95,197.01,195.43,79451983.0,24.25,23.7,118.01,142.93,0.7256,1.5095,2.1831,2.9555,145.345,0.25,5.38,1.62,5.1,0.2,50.2,58.6,101.3,264.0,0.91,105.25,114.65,58.99,33.41,121.58,106.22,95.246,86.35,18.7332,20.18,31.41,70.41
2015-09-15,198.46,196.61,198.99,195.9612,113806176.0,22.54,23.12,109.34,136.0,0.8024,1.6104,2.2867,3.0674,148.025,0.25,5.31,1.61,5.1,0.2,50.2,58.6,101.3,264.0,0.87,106.49,115.94,59.39,33.73,119.25,105.9,95.611,86.33,19.0012,20.44,31.76,71.42
2015-09-16,200.18,198.82,200.41,198.41,99581557.0,21.35,22.33,107.02,142.16,0.8108,1.6089,2.294,3.0822,147.916,0.25,5.35,1.6,5.1,0.2,50.2,58.6,101.3,264.0,0.73,107.09,116.94,60.3,34.55,118.8,107.31,95.42,86.02,19.123,20.525,32.66,71.62
2015-09-17,199.73,200.02,202.89,199.28,276046618.0,21.14,21.14,118.09,137.49,0.6795,1.4784,2.1903,3.0054,150.677,0.25,5.47,1.59,5.1,0.2,50.2,58.6,101.3,264.0,0.74,107.13,117.34,60.33,34.47,120.25,108.41,94.55,86.09,18.855,20.385,32.64,72.27
2015-09-18,195.45,195.71,198.6844,194.96,223657456.0,22.28,23.2,116.26,119.47,0.6777,1.444,2.1336,2.9356,145.186,0.25,5.57,1.6,5.1,0.2,50.2,58.6,101.3,269.0,0.83,105.35,115.72,58.82,33.83,122.1,109.21,94.863,85.85,18.4003,20.03,31.55,70.91
2015-09-21,196.46,196.44,197.68,195.21,105726209.0,20.14,21.59,103.4,135.45,0.7062,1.4935,2.2012,3.0216,149.089,0.25,5.52,1.59,5.1,0.2,50.2,58.6,101.3,269.0,0.55,105.68,115.51,58.79,33.77,120.11,108.53,95.894,85.69,18.6114,20.23,31.73,69.97
2015-09-22,193.91,193.88,194.46,192.56,153890876.0,22.44,23.28,111.36,135.94,0.6738,1.4292,2.1337,2.9428,145.583,0.25,5.73,1.6,5.1,0.2,50.2,58.6,101.3,269.0,0.8,104.1,113.76,57.39,33.14,121.78,107.79,96.283,85.07,18.3759,19.89,31.395,69.54
2015-09-23,193.6,194.11,194.67,192.91,92790620.0,22.13,22.88,105.86,136.71,0.6993,1.4474,2.1497,2.9452,144.65,0.25,5.73,1.61,5.1,0.2,50.2,58.6,101.3,269.0,0.69,104.18,113.42,57.12,32.61,121.77,108.22,96.068,84.92,18.3841,19.94,30.99,69.47
2015-09-24,192.9,192.15,193.45,190.56,159378840.0,23.47,23.46,110.12,134.03,0.6798,1.4498,2.1266,2.9166,144.296,0.25,5.88,1.62,5.1,0.2,50.2,58.6,101.3,269.0,0.86,103.8,113.23,56.96,32.47,122.6,110.49,95.994,84.5,18.2541,19.94,31.125,68.76
2015-09-25,192.85,194.64,195.0,191.81,155054777.0,23.62,24.4,110.54,135.16,0.6918,1.4742,2.1623,2.9556,146.653,0.25,5.9,1.63,5.1,0.2,50.2,58.6,101.3,272.0,0.74,102.92,111.42,57.46,32.4,121.54,109.81,96.269,84.07,18.5221,19.905,31.185,66.88
2015-09-28,188.01,191.78,191.91,187.64,178515871.0,27.63,26.38,115.31,134.18,0.6683,1.4189,2.0949,2.8757,142.27,0.25,6.21,1.65,5.1,0.2,50.2,58.6,101.3,272.0,0.94,99.99,108.3,56.33,31.71,123.62,108.42,96.034,82.78,18.0917,19.45,29.94,64.29
2015-09-29,188.12,188.27,189.74,186.93,159045572.0,26.83,26.0,110.99,136.71,0.6486,1.3766,2.0508,2.853,139.825,0.25,6.34,1.69,5.1,0.2,50.2,58.6,101.3,272.0,0.95,99.47,107.53,56.25,31.86,123.97,107.98,95.855,82.77,18.1242,19.365,29.895,64.88
2015-09-30,191.63,190.37,191.825,189.44,163452044.0,24.5,24.75,103.28,113.9,0.6289,1.3572,2.0368,2.8538,140.387,0.25,6.3,1.69,5.0,0.0,50.1,56.1,102.6,272.0,0.7,101.76,109.2,57.32,32.78,123.54,106.86,96.35,83.29,18.4003,19.75,30.6,66.23
2015-10-01,192.13,192.08,192.49,189.82,131078964.0,22.55,23.83,98.27,124.81,0.6447,1.3653,2.0368,2.8499,138.807,0.25,6.35,1.71,5.0,0.0,50.1,56.1,102.6,272.0,0.73,102.22,109.01,57.5,32.96,123.81,106.73,96.185,82.36,18.4084,19.76,30.66,66.9
2015-10-02,195.0,189.77,195.03,189.12,211003342.0,20.94,22.6,95.07,115.75,0.5794,1.2955,1.9929,2.8274,140.948,0.25,6.53,1.71,5.0,0.0,50.1,56.1,102.6,267.0,0.67,104.01,110.63,58.48,33.84,124.56,108.99,95.83,82.44,18.4328,20.04,31.925,68.29
2015-10-05,198.47,196.46,198.74,196.33,126320842.0,19.54,21.33,92.29,132.83,0.6052,1.3425,2.0562,2.8969,144.705,0.25,6.33,1.7,5.0,0.0,50.1,56.1,102.6,267.0,0.62,105.5,113.27,59.64,34.57,122.87,108.77,96.106,83.43,18.8226,20.435,32.89,68.47
2015-10-06,197.79,198.31,198.98,197.0,110274530.0,19.4,21.59,92.46,129.32,0.6012,1.3246,2.0315,2.8686,142.639,0.25,6.23,1.68,5.0,0.0,50.1,56.1,102.6,267.0,0.68,105.0,112.49,59.71,34.51,123.4,109.86,95.455,83.89,18.7332,20.46,33.62,66.86
2015-10-07,199.41,198.9,199.825,197.48,124307295.0,18.4,20.71,89.43,132.39,0.625,1.3701,2.0668,2.8945,143.782,0.25,6.03,1.66,5.0,0.0,50.1,56.1,102.6,267.0,0.83,105.63,114.48,60.46,35.43,122.99,109.7,95.497,84.75,18.8794,20.555,34.045,67.93
2015-10-08,201.21,198.95,201.55,198.59,153055231.0,17.42,20.09,88.42,136.69,0.633,1.3962,2.104,2.9397,146.704,0.25,5.98,1.66,5.0,0.0,50.1,56.1,102.6,267.0,0.7,106.05,115.51,60.94,35.81,121.96,109.14,95.318,85.1,18.9931,20.65,34.695,68.13
2015-10-09,201.33,201.38,201.9,200.58,107069240.0,17.08,19.85,89.08,134.66,0.637,1.3978,2.0881,2.9174,144.71,0.25,5.86,1.64,5.0,0.0,50.1,56.1,102.6,265.0,0.64,106.53,115.74,61.05,35.94,122.28,110.87,94.813,85.11,18.8713,20.74,34.47,68.44
2015-10-12,201.52,201.42,201.76,200.91,56395585.0,16.17,19.26,88.27,137.25,0.637,1.3978,2.0881,2.9174,144.71,0.25,5.86,1.64,5.0,0.0,50.1,56.1,102.6,265.0,0.67,106.79,115.57,60.93,35.67,123.21,111.31,94.841,84.95,18.8875,20.765,34.025,68.62
2015-10-13,200.25,200.65,202.16,200.05,88038718.0,17.67,20.5,98.35,133.81,0.617,1.3537,2.0439,2.8843,142.294,0.25,5.97,1.65,5.0,0.0,50.1,56.1,102.6,265.0,0.8,106.1,113.99,60.16,35.09,123.42,111.86,94.759,84.75,18.7414,20.72,33.67,67.76
2015-10-14,199.29,200.18,200.87,198.94,99106161.0,18.03,20.81,102.29,135.82,0.5487,1.269,1.9718,2.8344,141.908,0.25,6.06,1.66,5.0,0.0,50.1,56.1,102.6,265.0,0.75,105.93,112.87,60.28,35.36,124.5,113.81,93.931,84.69,18.5871,20.68,33.96,67.63
2015-10-15,202.35,200.08,202.36,199.64,134142195.0,16.05,19.43,96.61,144.72,0.5968,1.3325,2.0175,2.8624,141.663,0.25,6.01,1.66,5.0,0.0,50.1,56.1,102.6,265.0,0.87,107.67,115.57,61.31,36.22,123.89,113.29,94.371,84.89,19.0093,20.945,34.57,69.14
2015-10-16,203.27,202.83,203.29,201.92,114580052.0,15.05,18.67,97.58,135.04,0.6088,1.352,2.0334,2.8812,142.051,0.25,5.94,1.65,5.0,0.0,50.1,56.1,102.6,264.0,0.61,108.12,115.42,61.26,36.25,123.93,112.49,94.54,85.28,19.123,20.985,34.615,69.76
2015-10-19,203.37,202.5,203.37,202.13,76523897.0,14.98,17.86,94.38,139.92,0.5866,1.3373,2.0228,2.8796,143.219,0.25,5.91,1.64,5.0,0.0,50.1,56.1,102.6,264.0,0.67,108.74,115.64,61.05,35.88,123.59,112.02,94.928,85.51,19.1068,21.065,33.93,70.01
2015-10-20,203.09,202.85,203.84,202.5471,78448484.0,15.75,18.6,97.11,140.7,0.629,1.3881,2.067,2.9166,143.392,0.25,5.82,1.63,5.0,0.0,50.1,56.1,102.6,264.0,0.7,108.18,115.48,60.8,35.87,122.83,112.73,94.913,85.59,19.2204,21.01,34.025,68.91
2015-10-21,201.85,203.61,203.79,201.65,102038033.0,16.7,19.46,106.02,133.07,0.6209,1.352,2.0228,2.8647,139.782,0.25,5.83,1.62,5.0,0.0,50.1,56.1,102.6,264.0,0.83,107.52,113.72,60.77,35.35,124.05,111.73,95.035,85.5,19.0824,20.85,33.605,68.29
2015-10-22,205.26,202.98,205.51,201.85,174911723.0,14.45,17.16,97.07,121.02,0.6006,1.352,2.0263,2.8608,142.167,0.25,5.85,1.61,5.0,0.0,50.1,56.1,102.6,264.0,0.66,109.71,114.72,61.45,36.08,124.26,111.69,96.378,85.53,19.391,21.32,34.21,67.88
2015-10-23,207.51,207.25,207.95,206.3,144442340.0,14.46,17.48,97.21,135.62,0.6413,1.4161,2.0866,2.9008,144.124,0.25,5.73,1.59,5.0,0.0,50.1,56.1,102.6,264.0,0.63,112.78,115.85,62.06,36.29,123.2,111.5,97.127,85.83,19.6021,21.915,34.13,69.33
2015-10-26,207.0,207.3,207.37,206.56,69032965.0,15.29,17.99,98.1,132.29,0.6372,1.3947,2.0564,2.8686,141.513,0.25,5.73,1.58,5.0,0.0,50.1,56.1,102.6,264.0,0.72,112.85,115.06,61.83,35.96,124.02,111.43,96.861,85.74,19.5209,21.83,33.295,69.6
2015-10-27,206.6,206.2,207.0,205.79,77905770.0,15.43,18.14,95.21,132.17,0.6209,1.3651,2.037,2.8592,141.2,0.25,5.81,1.59,5.0,0.0,50.1,56.1,102.6,264.0,0.74,113.08,113.8,61.29,35.55,124.33,111.68,96.906,85.46,19.4072,21.705,32.895,70.88
2015-10-28,208.95,207.0,208.98,206.21,135906725.0,14.33,17.49,88.28,134.43,0.7029,1.4674,2.1009,2.8788,139.392,0.25,5.72,1.59,5.0,0.0,50.1,56.1,102.6,264.0,0.54,114.02,117.12,61.69,35.14,123.83,110.78,97.782,85.69,19.8619,22.03,33.625,71.47
2015-10-29,208.83,208.35,209.27,208.21,90525498.0,14.61,17.81,88.6,134.64,0.7236,1.5332,2.1725,2.9589,144.481,0.25,5.63,1.59,5.0,0.0,50.1,56.1,102.6,264.0,0.56,113.84,115.87,61.24,34.81,121.86,109.72,97.282,85.47,19.8376,21.97,33.795,71.79
2015-10-30,207.93,209.06,209.44,207.74,131076942.0,15.07,18.4,90.27,125.77,0.724,1.5185,2.1421,2.9222,141.401,0.25,5.6,1.59,5.0,0.0,50.1,56.1,102.6,275.0,0.59,113.33,115.34,61.11,34.87,122.78,109.3,96.946,85.57,19.5534,21.825,34.015,71.34
2015-11-02,210.39,208.32,210.62,208.17,86270811.0,14.15,17.42,86.75,138.78,0.7531,1.5529,2.1709,2.9437,141.363,0.25,5.55,1.59,5.0,0.0,50.1,56.1,102.6,275.0,0.58,114.61,117.74,61.69,35.56,121.95,108.59,96.928,85.44,19.8213,22.02,34.81,72.86
2015-11-03,211.0,209.97,211.66,209.7,95246052.0,14.54,17.47,87.34,137.4,0.7657,1.5892,2.2105,2.9919,144.065,0.25,5.48,1.58,5.0,0.0,50.1,56.1,102.6,275.0,0.71,115.01,118.35,61.67,36.03,120.95,106.98,97.158,85.53,19.8538,22.135,35.7,72.6
2015-11-04,210.36,211.35,211.5,209.7201,96224477.0,15.51,18.31,89.46,134.44,0.8116,1.6338,2.225,2.9903,140.923,0.25,5.45,1.56,5.0,0.0,50.1,56.1,102.6,275.0,0.73,115.02,118.29,61.33,35.74,121.09,105.97,97.95,85.28,19.797,22.16,35.38,72.28
2015-11-05,210.15,210.43,210.98,209.09,78408744.0,15.05,17.81,87.68,135.21,0.8256,1.6306,2.2323,3.0,140.273,0.25,5.51,1.55,5.0,0.0,50.1,56.1,102.6,275.0,0.63,114.71,118.38,61.22,35.8,120.77,105.64,97.936,84.95,19.8782,22.095,35.08,72.05
2015-11-06,210.04,209.74,210.32,208.46,110471473.0,14.33,17.45,85.03,137.75,0.8859,1.7304,2.3252,3.0853,143.527,0.25,5.52,1.55,5.0,0.0,50.1,56.1,102.6,276.0,0.66,114.79,119.22,60.94,35.3,119.0,104.1,99.168,84.54,20.0812,22.17,34.9,71.75
2015-11-09,208.08,209.31,209.49,206.95,131008660.0,16.52,18.85,92.97,134.34,0.8821,1.7389,2.3436,3.1077,145.746,0.25,5.62,1.54,5.0,0.0,50.1,56.1,102.6,276.0,0.76,113.57,117.82,60.31,34.42,118.33,104.4,98.979,84.19,19.8619,21.955,34.555,71.2
2015-11-10,208.56,207.51,208.6,207.19,75874602.0,15.29,18.02,86.96,132.24,0.8744,1.7227,2.3419,3.1152,146.164,0.25,5.7,1.54,5.0,0.0,50.1,56.1,102.6,276.0,0.8,113.28,118.17,60.27,34.27,118.68,104.18,99.293,84.0,19.9513,21.81,34.63,71.68
2015-11-11,207.74,208.88,208.94,207.66,67845971.0,16.06,18.45,91.25,132.44,0.8744,1.7227,2.3301,3.1152,145.168,0.25,5.7,1.54,5.0,0.0,50.1,56.1,102.6,276.0,0.59,113.14,117.14,60.58,34.34,118.43,103.83,99.013,83.8,19.8863,21.8,33.895,70.97
2015-11-12,204.84,206.5,207.06,204.82,121315200.0,18.37,20.17,98.19,136.93,0.8706,1.7129,2.3116,3.0894,143.698,0.25,5.79,1.55,5.0,0.0,50.1,56.1,102.6,276.0,0.83,112.04,114.9,59.79,34.01,119.0,103.85,98.649,83.24,19.5859,21.61,33.125,69.74
2015-11-13,202.54,204.35,204.67,202.435,153577050.0,20.08,21.58,106.06,139.5,0.8347,1.6519,2.2658,3.0519,142.705,0.25,5.91,1.55,5.0,0.0,50.1,56.1,102.6,272.0,0.98,109.84,114.07,59.29,33.54,119.68,103.56,98.998,83.0,19.4234,21.185,32.99,69.57
2015-11-16,205.62,202.32,205.69,202.18,117645231.0,18.16,19.98,96.71,131.77,0.851,1.652,2.2676,3.0616,141.25,0.25,5.95,1.56,5.0,0.0,50.1,56.1,102.6,272.0,0.71,111.42,115.05,60.0408,34.19,119.57,103.71,99.442,83.39,19.6589,21.51,34.09,70.44
2015-11-17,205.47,205.99,207.04,204.88,121123744.0,18.84,20.43,100.37,136.97,0.8511,1.6538,2.2658,3.0543,141.06,0.25,5.87,1.55,5.0,0.0,50.1,56.1,102.6,272.0,0.83,111.49,114.61,60.2,34.09,119.77,102.34,99.631,83.45,19.6183,21.515,33.715,70.74
2015-11-18,208.73,206.04,208.9,205.99,121342544.0,16.85,19.22,93.47,136.86,0.8756,1.6839,2.2728,3.0423,139.314,0.25,5.9,1.55,5.0,0.0,50.1,56.1,102.6,272.0,0.72,113.63,116.55,60.75,34.4592,120.02,102.43,99.652,83.61,19.9675,21.84,34.27,72.12
2015-11-19,208.55,208.59,209.05,208.2,88220465.0,16.99,19.64,96.18,139.17,0.8921,1.6741,2.2482,3.0103,135.208,0.25,5.97,1.55,5.0,0.0,50.1,56.1,102.6,272.0,0.79,113.71,116.06,61.06,34.77,120.82,103.56,98.989,82.86,20.0,21.94,33.81,70.91
2015-11-20,209.3108,209.45,210.12,208.86,94011519.0,15.47,18.94,90.79,126.86,0.9172,1.6862,2.2623,3.0199,134.101,0.25,6.01,1.55,5.0,0.0,50.1,56.1,102.6,261.0,0.67,114.48,116.81,60.92,35.12,120.45,103.09,99.565,82.84,20.0325,22.1,33.45,71.52
2015-11-23,209.07,209.38,209.98,208.52,64931172.0,15.62,18.63,88.55,139.51,0.9174,1.6714,2.2377,2.992,131.616,0.25,6.03,1.55,5.0,0.0,50.1,56.1,102.6,261.0,0.6,114.15,117.39,60.54,34.79,120.82,102.26,99.803,82.77,19.9513,21.97,33.69,71.34
2015-11-24,209.35,207.87,209.83,207.41,98874365.0,15.93,18.71,89.64,138.17,0.9303,1.6649,2.2377,3.0024,130.339,0.25,6.07,1.55,5.0,0.0,50.1,56.1,102.6,261.0,0.67,114.05,118.25,60.55,34.97,120.81,102.94,99.527,82.88,19.8944,21.975,34.41,71.56
2015-11-25,209.32,209.5,209.74,209.01,51980062.0,15.19,18.19,86.14,139.45,0.9343,1.6708,2.2341,2.9944,129.591,0.25,6.04,1.55,5.0,0.0,50.1,56.1,102.6,261.0,0.65,114.15,119.17,60.69,34.7,121.09,102.46,99.795,82.97,19.9107,21.905,34.13,71.95
2015-11-27,209.56,209.43,209.8,208.86,37317779.0,15.12,17.35,88.35,137.66,0.9185,1.6446,2.2201,2.9968,129.765,0.25,6.06,1.55,5.0,0.0,50.1,56.1,102.6,265.0,0.76,114.31,119.62,60.7,33.94,120.97,101.25,100.02,83.1,19.9594,21.955,33.885,72.09
2015-11-30,208.69,209.75,209.89,208.56,112822700.0,16.13,18.49,90.84,127.25,0.9304,1.6446,2.206,2.9723,127.167,0.25,6.02,1.55,5.1,0.5,49.1,56.1,92.6,265.0,0.65,114.02,119.1,60.65,33.99,121.45,101.92,100.17,83.05,19.9431,21.98,34.01,71.11
2015-12-01,210.68,209.44,210.82,209.11,97858418.0,14.67,17.58,87.32,135.57,0.9067,1.5858,2.1431,2.9019,123.245,0.25,6.02,1.55,5.1,0.5,49.1,56.1,92.6,265.0,0.61,115.16,119.89,61.29,34.25,122.83,102.28,99.795,83.24,20.1624,22.175,34.28,72.31
2015-12-02,208.529,210.615,211.0,208.23,108441259.0,15.91,18.33,92.94,132.66,0.9345,1.6332,2.1797,2.9081,124.125,0.25,5.97,1.55,5.1,0.5,49.1,56.1,92.6,265.0,0.67,114.45,118.6,60.64,33.84,122.87,100.69,99.993,83.07,19.9269,22.035,33.22,71.7
2015-12-03,205.61,208.83,209.15,204.7511,166224154.0,18.11,20.11,101.8,135.26,0.9505,1.7333,2.3136,3.0543,135.908,0.25,5.92,1.55,5.1,0.5,49.1,56.1,92.6,265.0,0.9,112.51,116.6,60.35,33.65,119.53,101.76,97.621,82.851,19.6021,21.75,32.555,70.13
2015-12-04,209.62,206.08,209.97,205.93,192913879.0,14.81,18.17,89.19,136.31,0.9388,1.7055,2.2693,3.0095,132.829,0.25,6.0,1.55,5.1,0.5,49.1,56.1,92.6,280.0,0.61,115.14,117.78,60.84,33.88,120.58,104.02,98.354,82.66,20.1218,22.285,32.35,71.78
2015-12-07,208.35,209.23,209.7295,207.2,102027111.0,15.84,18.65,94.3,136.77,0.9269,1.6709,2.2288,2.9612,129.787,0.25,6.14,1.55,5.1,0.5,49.1,56.1,92.6,280.0,0.83,114.62,116.01,60.45,33.317,121.75,102.67,98.655,82.08,19.935,22.175,31.12,71.38
2015-12-08,206.949,206.49,208.289,205.78,103372367.0,17.6,20.06,99.16,131.25,0.929,1.6611,2.2182,2.9549,128.523,0.25,6.28,1.57,5.1,0.5,49.1,56.1,92.6,280.0,0.96,114.63,115.37,59.56,32.95,121.81,102.84,98.474,81.06,19.6833,22.12,30.8,71.54
2015-12-09,205.34,206.19,208.68,204.18,162401537.0,19.61,21.05,113.83,134.26,0.923,1.643,2.2164,2.9738,128.94,0.25,6.34,1.57,5.1,0.5,49.1,56.1,92.6,280.0,0.66,112.89,114.08,59.29,32.68,121.68,102.64,97.345,81.48,19.4559,21.795,31.205,70.82
2015-12-10,205.87,205.42,207.43,205.14,116128884.0,19.34,20.76,113.8,134.94,0.9432,1.6776,2.2305,2.9675,128.333,0.25,6.35,1.58,5.1,0.5,49.1,56.1,92.6,280.0,0.72,113.4,114.46,59.3,32.4592,121.84,102.55,97.939,81.14,19.4722,21.855,31.405,71.35
2015-12-11,201.88,203.35,204.14,201.51,211173305.0,24.39,24.38,131.09,146.53,0.875,1.5527,2.127,2.8709,124.804,0.25,6.72,1.61,5.1,0.5,49.1,56.1,92.6,268.0,0.92,110.79,111.91,58.17,31.55,123.76,103.11,97.565,79.52,19.0418,21.4,30.23,70.3
2015-12-14,202.9008,202.07,203.05,199.95,182385177.0,22.73,23.3,122.22,140.92,0.9435,1.653,2.2217,2.9517,127.41,0.25,6.91,1.65,5.1,0.5,49.1,56.1,92.6,268.0,0.57,111.63,111.11,58.26,32.06,122.16,101.79,97.604,78.83,19.0824,21.565,30.39,70.76
2015-12-15,205.0308,204.7,206.11,204.54,153067719.0,20.95,21.86,114.37,143.35,0.9639,1.6926,2.2658,2.9856,129.791,0.25,6.67,1.66,5.1,0.5,49.1,56.1,92.6,268.0,0.66,112.31,112.71,58.55,32.55,121.44,101.52,98.217,80.12,19.529,21.66,31.155,71.68
2015-12-16,208.03,206.365,208.39,204.8,197017008.0,17.86,19.57,108.93,135.5,1.0025,1.7473,2.296,3.0039,128.942,0.5,6.57,1.65,5.1,0.5,49.1,56.1,92.6,268.0,0.54,113.98,114.43,59.73,33.19,121.18,102.75,97.871,80.73,19.8457,21.955,30.95,72.61
2015-12-17,204.86,208.4,208.48,204.84,173092476.0,18.94,20.37,113.52,131.2,0.9844,1.7026,2.2234,2.9275,123.497,0.5,6.59,1.65,5.1,0.5,49.1,56.1,92.6,268.0,0.77,112.32,113.21,58.97,32.76,122.55,100.5,99.27,79.83,19.5615,21.61,30.19,71.83
2015-12-18,200.0208,202.77,202.93,199.83,251393535.0,20.7,21.26,118.32,140.84,0.9522,1.6762,2.204,2.922,124.768,0.5,6.79,1.66,5.1,0.5,49.1,56.1,92.6,260.0,0.77,109.83,111.48,58.35,32.65,123.23,102.04,98.703,79.53,18.92,21.085,29.395,70.49
2015-12-21,201.67,201.41,201.88,200.09,99094290.0,18.7,21.11,109.44,125.18,0.9442,1.6679,2.1917,2.9103,124.338,0.5,6.85,1.67,5.1,0.5,49.1,56.1,92.6,260.0,0.64,111.05,112.32,58.11,32.4,123.2,103.15,98.363,79.28,19.1068,21.3,29.425,71.13
2015-12-22,203.5,202.715,203.85,201.55,111026246.0,16.6,19.84,100.91,133.63,0.9729,1.7044,2.2357,2.9556,126.081,0.5,6.76,1.67,5.1,0.5,49.1,56.1,92.6,260.0,0.56,111.78,113.35,58.55,32.66,122.31,102.61,98.235,80.24,19.2854,21.455,29.77,71.61
2015-12-23,206.02,204.69,206.07,204.58,110987228.0,15.57,19.33,99.61,134.69,0.9812,1.7194,2.2534,2.988,126.813,0.5,6.66,1.66,5.1,0.5,49.1,56.1,92.6,260.0,0.56,112.61,114.78,59.53,33.12,121.39,102.31,98.341,80.75,19.5128,21.635,31.065,72.38
2015-12-24,205.68,205.72,206.33,205.42,48542150.0,15.74,19.69,99.88,128.78,0.9983,1.713,2.241,2.9603,123.865,0.5,6.67,1.67,5.1,0.5,49.1,56.1,92.6,260.0,0.57,112.59,114.5,59.43,33.0,121.83,103.05,97.984,80.49,19.4965,21.625,30.785,72.45
2015-12-28,205.21,204.86,205.26,203.94,65899939.0,16.91,19.68,99.24,136.29,1.0067,1.718,2.2304,2.943,121.96,0.5,6.69,1.66,5.1,0.5,49.1,56.1,92.6,260.0,1.21,112.53,113.97,59.29,32.77,122.19,102.27,97.919,80.01,19.4803,21.61,30.225,72.11
2015-12-29,207.4,206.51,207.79,206.47,92640672.0,16.08,19.1,95.13,139.26,1.0911,1.7849,2.305,3.0359,120.995,0.5,6.58,1.66,5.1,0.5,49.1,56.1,92.6,260.0,0.54,114.3,115.2,59.88,32.8,120.16,102.2,98.101,80.47,19.6833,21.905,30.435,72.99
2015-12-30,205.93,207.11,207.21,205.76,63317679.0,17.29,19.59,100.82,143.0,1.0713,1.7927,2.2943,3.0335,121.908,0.5,6.58,1.65,5.1,0.5,49.1,56.1,92.6,260.0,0.59,113.27,114.04,59.52,32.29,120.04,101.42,98.266,80.53,19.5452,21.72,30.025,72.68
2015-12-31,203.87,205.13,205.89,203.87,114877859.0,18.21,19.8,100.2,124.43,1.0477,1.7598,2.2694,3.0158,121.769,0.5,6.6,1.65,5.0,0.7,48.7,55.3,96.3,260.0,0.69,111.86,112.62,58.72,32.19,120.58,101.46,98.631,80.58,19.3504,21.415,30.16,72.03
2016-01-04,201.0192,200.49,201.03,198.59,222353534.0,20.7,22.01,107.69,140.0,1.0358,1.7336,2.2428,2.9872,120.293,0.5,6.74,1.67,5.0,0.7,48.7,55.3,96.3,260.0,0.8,109.5,110.01,57.82,31.31,121.45,102.89,98.869,80.1,18.9768,21.135,30.15,70.73
2016-01-05,201.36,201.4,201.9,200.05,110845849.0,19.34,20.52,101.84,135.07,1.0139,1.7122,2.2357,2.9951,121.773,0.5,6.68,1.66,5.0,0.7,48.7,55.3,96.3,260.0,0.65,109.31,110.25,57.73,31.38,120.96,103.18,99.404,80.25,19.0499,21.08,30.265,71.07
2016-01-06,198.82,198.34,200.06,197.6,152112604.0,20.59,21.27,103.06,128.31,0.976,1.6417,2.1702,2.9375,119.021,0.5,6.76,1.67,5.0,0.7,48.7,55.3,96.3,260.0,0.7,108.26,108.57,56.78,30.7792,122.59,104.67,99.181,80.25,18.7576,20.82,29.1,70.49
2016-01-07,194.05,195.33,197.44,193.59,213436073.0,24.99,24.62,116.55,135.94,0.948,1.5992,2.1455,2.9258,119.353,0.5,6.89,1.7,5.0,0.7,48.7,55.3,96.3,260.0,0.89,104.87,105.67,55.6,29.83,122.81,106.15,98.219,79.73,18.2298,20.205,28.39,69.06
2016-01-08,191.923,195.19,195.85,191.58,209817228.0,27.01,26.23,116.46,138.83,0.9318,1.5597,2.1156,2.9094,118.006,0.5,6.91,1.7,5.0,0.7,48.7,55.3,96.3,284.0,0.93,104.01,103.85,54.93,29.51,123.36,105.68,98.54,79.52,17.9456,20.045,28.025,68.02
2016-01-11,192.11,193.01,193.41,189.82,187941323.0,24.3,24.73,109.63,142.52,0.9317,1.5939,2.1754,2.9682,123.973,0.5,6.95,1.71,5.0,0.7,48.7,55.3,96.3,284.0,0.94,104.33,103.4,55.16,29.5,122.01,104.74,98.725,79.4,17.9699,20.175,27.425,67.21
2016-01-12,193.6608,193.82,194.55,191.14,172330490.0,22.47,22.53,104.52,138.67,0.9235,1.5399,2.1032,2.8815,117.568,0.5,7.03,1.72,5.0,0.7,48.7,55.3,96.3,284.0,0.86,105.54,103.71,55.42,29.56,123.77,104.21,98.974,79.48,18.108,20.415,27.49,68.07
2016-01-13,188.83,194.45,194.86,188.38,221168886.0,25.22,24.89,117.14,145.88,0.9073,1.5251,2.0927,2.8822,118.132,0.5,7.13,1.74,5.0,0.7,48.7,55.3,96.3,284.0,0.91,101.9,100.38,54.56,29.25,124.99,104.72,98.933,78.6,17.637,19.865,26.83,66.05
2016-01-14,191.93,189.55,193.26,187.66,240795609.0,23.95,23.53,110.07,138.79,0.8911,1.5071,2.0874,2.8869,119.227,0.5,7.23,1.77,5.0,0.7,48.7,55.3,96.3,284.0,0.82,104.07,101.77,55.26,29.63,123.82,103.02,99.089,78.95,17.7913,20.24,27.985,67.82
2016-01-15,187.81,186.77,188.76,185.52,324846447.0,27.02,26.88,116.41,145.03,0.85,1.4527,2.0347,2.814,118.07,0.5,7.55,1.81,5.0,0.7,48.7,55.3,96.3,290.0,1.14,100.84,100.12,53.26,28.455,125.752,104.08,98.956,77.91,17.3934,19.67,27.175,66.87
2016-01-19,188.06,189.96,190.11,186.2,195244373.0,26.05,26.44,113.76,137.9,0.87,1.4852,2.0556,2.8262,118.155,0.5,7.53,1.83,5.0,0.7,48.7,55.3,96.3,290.0,0.62,101.06,98.77,53.75,28.88,125.36,103.98,98.991,77.64,17.3853,19.69,26.59,66.86
2016-01-20,185.65,185.03,187.495,181.02,286547839.0,27.59,27.81,112.88,134.82,0.8212,1.4165,1.9824,2.753,115.716,0.5,7.9,1.9,5.0,0.7,48.7,55.3,96.3,290.0,0.59,100.75,99.18,52.53,28.25,126.68,105.37,99.091,77.12,17.0442,19.535,25.885,66.99
2016-01-21,186.69,186.21,188.87,184.64,195772941.0,26.69,26.71,108.38,132.99,0.8331,1.4424,2.0311,2.8109,119.391,0.5,7.76,1.92,5.0,0.7,48.7,55.3,96.3,290.0,0.69,100.85,98.95,52.92,28.36,125.82,105.49,99.056,77.64,16.9712,19.645,26.69,66.79
2016-01-22,190.52,189.78,190.76,188.88,168319598.0,22.34,24.28,98.92,133.64,0.8691,1.4812,2.0519,2.8238,117.87,0.5,7.5,1.89,5.0,0.7,48.7,55.3,96.3,269.0,0.64,103.77,101.37,54.48,29.33,125.34,105.0,99.574,78.83,17.2797,20.19,27.87,67.85
2016-01-25,187.64,189.92,190.15,187.41,130371686.0,24.15,25.25,102.88,132.27,0.8567,1.4385,2.0012,2.7844,114.045,0.5,7.46,1.9,5.0,0.7,48.7,55.3,96.3,269.0,0.69,102.23,99.115,53.75,28.825,126.02,106.08,99.36,78.05,16.9306,19.955,26.57,67.22
2016-01-26,190.2,188.42,190.53,188.02,141036757.0,22.5,23.29,98.4,129.53,0.8401,1.4269,1.9942,2.7844,114.998,0.5,7.44,1.92,5.0,0.7,48.7,55.3,96.3,269.0,0.62,103.15,101.1,54.71,29.25,126.08,107.29,99.087,78.75,17.2148,20.15,27.575,67.73
2016-01-27,188.13,189.58,191.56,187.06,185681707.0,23.11,24.47,100.04,129.06,0.833,1.4104,1.9993,2.801,116.238,0.5,7.4,1.93,5.0,0.7,48.7,55.3,96.3,269.0,0.71,100.58,99.71,54.36,29.15,126.05,107.69,98.902,78.63,17.1498,19.735,27.445,66.96
2016-01-28,189.11,189.96,190.2,187.16,143798780.0,22.42,24.02,96.56,129.23,0.8172,1.3994,1.9784,2.7851,115.725,0.5,7.37,1.94,5.0,0.7,48.7,55.3,96.3,269.0,0.62,102.0,99.69,54.52,29.61,126.23,106.54,98.51,79.03,17.1579,19.99,28.28,65.4
2016-01-29,193.7208,190.02,193.88,189.88,210529336.0,20.2,22.66,89.95,120.86,0.7737,1.328,1.9209,2.7438,114.325,0.5,7.34,1.93,5.0,0.7,48.7,55.3,96.3,282.0,0.58,104.13,102.96,55.48,30.57,127.3,106.9492,99.606,79.29,17.637,20.62,29.105,66.47
2016-02-01,193.65,192.53,194.58,191.84,136061564.0,19.98,22.01,89.65,126.38,0.7975,1.3636,1.9486,2.7618,114.713,0.5,7.36,1.96,5.0,0.7,48.7,55.3,96.3,282.0,0.63,104.41,102.49,55.42,30.28,126.67,108.05,99.009,78.43,17.5639,20.695,28.6175,66.57
2016-02-02,190.16,191.96,191.97,189.54,182564890.0,21.98,23.41,97.6,119.83,0.7183,1.26,1.8448,2.656,112.055,0.5,7.58,1.98,5.0,0.7,48.7,55.3,96.3,282.0,0.76,102.15,100.28,54.13,29.3,129.02,108.09,98.872,77.87,17.0767,20.325,27.665,65.61
2016-02-03,191.3,191.41,191.78,187.1,205054934.0,21.65,23.2,97.32,122.04,0.7223,1.2745,1.8861,2.7126,115.985,0.5,7.66,2.0,5.0,0.7,48.7,55.3,96.3,282.0,0.82,101.66,100.41,54.58,30.13,127.95,109.25,97.288,78.25,17.093,20.3,28.65,66.04
2016-02-04,191.6,190.71,192.75,189.96,139531794.0,21.84,23.66,95.22,122.69,0.6984,1.2292,1.8395,2.6757,113.708,0.5,7.62,2.01,5.0,0.7,48.7,55.3,96.3,282.0,0.75,101.65,100.8,54.65,30.36,128.57,110.57,96.474,78.0,17.2391,20.32,28.635,65.68
2016-02-05,187.95,190.99,191.6696,187.2,180788308.0,23.38,24.48,100.55,119.01,0.7221,1.2403,1.8357,2.6683,110.963,0.5,7.68,2.01,5.0,0.7,48.7,55.3,96.3,266.0,0.92,98.12,98.04,53.81,30.01,128.72,112.32,97.031,77.41,17.0118,19.75,27.97,64.4
2016-02-08,185.42,185.77,186.12,182.8,191526694.0,26.0,25.98,104.53,120.25,0.6662,1.1578,1.7483,2.5764,107.804,0.5,8.07,2.05,5.0,0.7,48.7,55.3,96.3,266.0,0.93,96.62,96.43,52.81,29.6,131.49,113.83,96.57,76.5,16.5814,19.465,27.825,63.52
2016-02-09,185.43,183.36,186.94,183.2,184513136.0,26.54,26.8,103.06,120.74,0.6901,1.1529,1.726,2.5493,103.193,0.5,8.15,2.09,5.0,0.7,48.7,55.3,96.3,266.0,0.76,96.32,95.78,52.2,29.19,131.63,113.58,96.071,76.21,16.557,19.375,27.155,63.9908
2016-02-10,185.27,186.41,188.34,185.12,148214057.0,26.29,26.72,106.19,120.36,0.686,1.1205,1.6681,2.4872,97.815,0.5,8.09,2.09,5.0,0.7,48.7,55.3,96.3,266.0,0.78,96.69,95.83,52.14,29.31,132.79,114.46,95.888,76.1,16.4677,19.415,27.045,64.56
2016-02-11,182.86,182.34,184.1,181.09,219058885.0,28.14,27.72,107.21,122.38,0.6499,1.1317,1.6591,2.4977,100.516,0.5,8.39,2.14,5.0,0.7,48.7,55.3,96.3,266.0,0.96,96.55,94.7892,51.38,28.82,133.72,119.0592,95.562,75.59,15.9643,19.365,26.9305,63.52
2016-02-12,186.63,184.96,186.65,183.96,127632393.0,25.4,26.23,103.25,117.75,0.7137,1.2104,1.7481,2.604,103.212,0.5,8.2,2.15,5.0,0.7,48.7,55.3,96.3,262.0,0.71,98.02,96.59,52.28,29.32,131.5,118.36,95.94,76.72,16.6382,19.635,27.64,64.37
2016-02-16,189.78,188.77,189.81,187.63,120250668.0,24.11,25.01,94.2,125.77,0.7197,1.2152,1.7723,2.6393,105.057,0.5,8.06,2.1,5.0,0.7,48.7,55.3,96.3,262.0,0.8,100.23,98.88,53.3408,29.97,130.11,114.77,96.868,76.79,16.9062,19.985,27.915,65.58
2016-02-17,192.88,191.16,193.32,191.01,136009496.0,22.31,23.55,88.96,124.99,0.7419,1.2639,1.819,2.6875,107.312,0.5,7.82,2.09,5.0,0.7,48.7,55.3,96.3,262.0,0.68,102.5,100.43,54.26,30.56,129.31,115.48,96.786,77.42,17.1336,20.395,28.83,66.41
2016-02-18,192.09,193.2,193.27,191.72,102342997.0,21.64,23.2,87.53,125.33,0.6933,1.1972,1.7396,2.6086,104.224,0.5,7.77,2.06,5.0,0.7,48.7,55.3,96.3,262.0,0.75,101.33,99.95,53.98,30.38,130.9,118.29,96.951,77.49,17.0361,20.315,28.47,66.0
2016-02-19,192.0,191.17,192.18,190.45,114792988.0,20.53,22.8,86.25,123.61,0.7418,1.2246,1.7449,2.6048,99.897,0.5,7.81,2.07,5.0,0.7,48.7,55.3,96.3,270.0,0.87,101.63,100.45,53.92,30.24,131.005,117.58,96.6,77.64,17.0361,20.33,28.405,65.93
2016-02-22,194.78,193.87,194.95,193.79,103640292.0,19.38,21.62,86.19,117.46,0.75,1.231,1.7518,2.604,99.776,0.5,7.69,2.03,5.0,0.7,48.7,55.3,96.3,270.0,0.58,103.28,101.57,54.53,30.99,130.94,115.49,97.379,78.31,17.3041,20.6,29.13,66.87
2016-02-23,192.32,194.0,194.32,192.18,111455289.0,20.98,22.44,89.67,119.67,0.7337,1.1967,1.7225,2.5789,98.481,0.5,7.7,2.02,5.0,0.7,48.7,55.3,96.3,270.0,0.71,101.58,100.64,53.64,30.33,131.47,117.22,97.481,78.15,16.9955,20.275,28.135,66.37
2016-02-24,193.2,190.63,193.53,189.32,150812152.0,20.72,22.34,86.74,119.46,0.7539,1.2162,1.7484,2.6056,99.057,0.5,7.78,2.03,5.0,0.7,48.7,55.3,96.3,270.0,0.71,102.55,101.61,53.45,30.26,131.21,117.61,97.458,78.28,16.9549,20.43,28.42,66.59
2016-02-25,195.54,193.73,195.55,192.83,110728317.0,19.11,21.24,83.51,122.02,0.7264,1.1702,1.7157,2.5941,98.534,0.5,7.68,2.01,5.0,0.7,48.7,55.3,96.3,270.0,0.62,103.56,102.54,54.09,30.36,131.68,117.92,97.287,78.7,17.1904,20.685,28.445,67.42
2016-02-26,195.0892,196.57,196.68,194.9,129833663.0,19.81,21.86,83.72,118.65,0.7934,1.2398,1.7623,2.6363,96.5,0.5,7.42,1.98,5.0,0.7,48.7,55.3,96.3,269.0,0.64,103.43,103.19,53.95,30.06,130.41,117.11,98.148,79.23,17.3122,20.63,28.615,67.3
2016-02-29,193.56,195.11,196.23,193.33,125918102.0,20.55,22.39,85.06,117.68,0.7737,1.2123,1.7347,2.6156,95.71,0.5,7.26,1.97,4.9,1.0,49.2,52.8,94.0,269.0,0.6,102.5,102.73,53.63,30.32,130.98,118.64,98.211,80.08,17.1254,20.485,28.29,66.2292
2016-03-01,198.11,195.01,198.21,194.4542,141799687.0,17.7,20.28,79.45,119.81,0.8391,1.3163,1.8249,2.6978,98.385,0.5,7.03,1.93,4.9,1.0,49.2,52.8,94.0,269.0,0.68,105.79,104.94,55.03,31.4,128.43,117.77,98.352,80.92,17.702,21.095,29.03,67.65
2016-03-02,199.0,197.74,199.06,197.25,102414960.0,17.09,19.92,78.84,122.35,0.8412,1.3393,1.8406,2.6845,99.55,0.5,6.9,1.9,4.9,1.0,49.2,52.8,94.0,269.0,0.64,105.83,106.0208,55.41,31.82,128.96,118.68,98.214,80.37,17.8969,21.155,29.74,67.7608
2016-03-03,199.775,198.79,199.795,198.11,95172197.0,16.7,19.49,79.41,125.27,0.8452,1.3426,1.8337,2.658,98.447,0.5,6.88,1.89,4.9,1.0,49.2,52.8,94.0,269.0,0.55,105.63,107.13,55.95,32.18,129.43,120.73,97.592,80.64,18.0187,21.155,30.19,67.57
2016-03-04,200.43,200.01,201.35,199.03,129293601.0,16.86,19.63,81.97,121.65,0.8616,1.3741,1.8741,2.6947,100.847,0.5,6.69,1.86,4.9,1.0,49.2,52.8,94.0,255.0,0.59,105.67,107.72,56.36,32.82,128.6,120.54,97.34,80.87,18.0917,21.21,30.48,67.41
2016-03-07,200.59,199.34,201.07,199.25,100218998.0,17.35,19.9,82.3,124.01,0.9057,1.4169,1.9057,2.7057,99.597,0.5,6.64,1.84,4.9,1.0,49.2,52.8,94.0,255.0,0.67,105.02,108.8892,56.29,32.77,128.56,121.14,97.071,80.97,18.0836,21.08,31.195,67.9508
2016-03-08,198.4,199.32,199.92,198.21,123974866.0,18.67,21.04,87.46,123.53,0.8659,1.3399,1.8287,2.6348,95.882,0.5,6.73,1.83,4.9,1.0,49.2,52.8,94.0,255.0,0.9,104.15,106.26,55.74,32.21,129.98,120.58,97.209,80.4,17.7913,20.95,29.885,67.1208
2016-03-09,199.38,199.36,199.79,198.43,94801213.0,18.34,20.75,92.86,123.47,0.8901,1.3827,1.876,2.662,98.188,0.5,6.76,1.82,4.9,1.0,49.2,52.8,94.0,255.0,0.68,104.82,106.8,55.95,32.41,129.19,119.58,97.173,80.6,17.8157,21.13,30.37,67.24
2016-03-10,199.54,199.96,201.07,197.38,156838697.0,18.05,20.71,94.77,130.04,0.9265,1.4454,1.9323,2.6947,100.186,0.5,6.66,1.8,4.9,1.0,49.2,52.8,94.0,255.0,0.74,104.66,105.93,55.86,32.46,128.66,121.5,96.066,81.16,17.7994,21.11,30.395,67.28
2016-03-11,202.76,201.26,202.81,199.5179,137964528.0,16.5,19.47,92.35,128.99,0.9554,1.4922,1.9839,2.7532,102.263,0.5,6.42,1.75,4.9,1.0,49.2,52.8,94.0,263.0,0.6,106.49,108.2008,57.32,33.14,127.36,119.41,96.172,82.14,18.2623,21.435,31.18,68.59
2016-03-14,202.5,202.16,203.04,201.77,73611974.0,16.92,19.42,89.74,133.3,0.9557,1.4775,1.9592,2.7318,99.939,0.5,6.38,1.7,4.9,1.0,49.2,52.8,94.0,263.0,0.69,106.67,107.92,57.2,32.94,127.76,117.87,96.624,81.91,18.2054,21.46,30.975,68.3
2016-03-15,202.17,201.36,202.5307,201.05,93169090.0,16.84,19.33,90.34,132.45,0.9641,1.4909,1.9699,2.731,100.172,0.5,6.46,1.7,4.9,1.0,49.2,52.8,94.0,263.0,0.85,106.63,106.24,56.66,32.47,127.88,117.96,96.633,81.15,18.1973,21.54,30.915,67.24
2016-03-16,203.34,201.6,203.82,201.55,129303179.0,14.99,18.48,84.37,125.42,0.855,1.3803,1.9081,2.7105,104.903,0.5,6.53,1.7,4.9,1.0,49.2,52.8,94.0,263.0,0.71,107.58,106.99,57.16,33.12,128.26,120.59,95.89,81.69,18.1567,21.79,31.45,67.08
2016-03-17,204.63,203.24,205.23,202.77,134278505.0,14.44,18.14,84.71,126.65,0.8633,1.3722,1.8958,2.6854,102.852,0.5,6.41,1.69,4.9,1.0,49.2,52.8,94.0,263.0,0.63,107.52,108.63,57.6,33.85,128.79,120.13,94.76,82.21,18.3759,21.87,31.8803,66.3
2016-03-18,204.38,204.17,204.78,203.8,138372404.0,14.02,17.93,86.2,126.75,0.8353,1.333,1.8732,2.6753,103.384,0.5,6.29,1.68,4.9,1.0,49.2,52.8,94.0,264.0,0.55,107.37,109.61,57.5,34.0285,129.06,119.8,95.086,82.4,18.4571,21.795,31.745,66.84
2016-03-21,204.67,204.07,204.94,203.8,72926659.0,13.79,17.59,87.78,129.35,0.872,1.3777,1.9155,2.7169,103.94,0.5,6.24,1.66,4.9,1.0,49.2,52.8,94.0,264.0,0.71,107.79,109.35,57.41,34.1,128.07,118.96,95.288,82.31,18.4247,21.87,31.635,67.23
2016-03-22,204.56,203.76,205.23,203.57,97471939.0,14.17,17.75,85.04,130.99,0.8865,1.4143,1.9403,2.7224,104.976,0.5,6.28,1.63,4.9,1.0,49.2,52.8,94.0,264.0,0.88,108.12,109.22,57.31,34.02,128.04,119.31,95.648,82.09,18.3678,21.875,31.46,67.9
2016-03-23,203.2092,204.11,204.33,203.01,81052455.0,14.94,18.3,86.06,129.67,0.852,1.3548,1.8786,2.6582,102.26,0.5,6.38,1.63,4.9,1.0,49.2,52.8,94.0,264.0,0.84,107.23,106.88,56.73,33.44,129.49,116.61,96.046,81.71,18.2298,21.75,30.77,67.42
2016-03-24,203.12,202.0,203.16,201.74,84360853.0,14.74,18.27,84.2,119.02,0.8689,1.3785,1.9,2.673,102.699,0.5,6.51,1.64,4.9,1.0,49.2,52.8,94.0,264.0,0.82,107.26,107.2,56.35,33.36,129.54,116.33,96.142,81.35,18.1161,21.81,30.92,67.39
2016-03-28,203.24,203.61,203.86,202.705,62408185.0,15.24,18.3,83.29,127.74,0.865,1.3637,1.886,2.6567,101.689,0.5,6.56,1.64,4.9,1.0,49.2,52.8,94.0,264.0,0.66,107.11,107.33,56.69,33.47,129.71,116.6,95.943,80.98,18.1729,21.755,30.755,67.2
2016-03-29,205.1208,202.76,205.25,202.4,92922863.0,13.82,17.24,81.39,132.61,0.7843,1.2696,1.8035,2.5996,101.529,0.5,6.68,1.65,4.9,1.0,49.2,52.8,94.0,264.0,0.61,108.83,110.31,57.3,33.93,131.07,118.76,95.16,81.29,18.2054,22.095,30.9,67.98
2016-03-30,206.02,206.3,206.87,205.59,86365310.0,13.56,16.92,80.33,128.67,0.7567,1.2581,1.8228,2.6528,106.218,0.5,6.56,1.64,4.9,1.0,49.2,52.8,94.0,264.0,0.62,109.36,110.32,57.73,34.28,129.69,117.1,94.841,81.58,18.311,22.225,30.9596,67.99
2016-03-31,205.52,205.91,206.41,205.33,94584110.0,13.95,17.08,82.94,122.03,0.7211,1.2048,1.7687,2.6119,104.364,0.5,6.56,1.63,5.0,0.9,51.0,55.4,96.1,264.0,0.68,109.2,110.63,57.16,34.25,130.61,117.64,94.586,81.69,18.2704,22.18,30.945,67.78
2016-04-01,206.92,204.35,207.14,203.98,114423478.0,13.1,16.5,81.57,124.03,0.7224,1.2144,1.7705,2.5997,104.612,0.5,6.56,1.63,5.0,0.9,51.0,55.4,96.1,273.0,0.63,110.36,111.12,56.55,34.15,130.68,116.93,94.619,81.37,18.4328,22.35,30.53,68.55
2016-04-04,206.25,206.83,207.07,205.89,63496969.0,14.12,17.23,84.43,125.23,0.7361,1.2047,1.7618,2.5966,102.179,0.5,6.55,1.62,5.0,0.9,51.0,55.4,96.1,273.0,0.65,109.94,110.19,56.43,33.74,130.76,116.15,94.51,81.17,18.3435,22.265,30.3046,69.37
2016-04-05,204.1892,204.67,206.2642,203.89,99662158.0,15.42,18.38,89.11,120.27,0.72,1.1755,1.7201,2.5442,99.608,0.5,6.63,1.63,5.0,0.9,51.0,55.4,96.1,273.0,0.69,108.88,108.94,55.32,33.08,132.19,117.66,94.631,80.87,18.0836,22.05,30.1,68.47
2016-04-06,206.42,204.29,206.49,203.98,91839761.0,14.09,17.28,85.59,125.06,0.7317,1.1981,1.7549,2.5844,101.748,0.5,6.53,1.62,5.0,0.9,51.0,55.4,96.1,273.0,0.61,110.67,110.17,56.22,33.48,131.23,116.94,94.43,81.55,18.1811,22.265,30.75,70.3108
2016-04-07,203.95,205.14,205.56,203.09,113859037.0,16.16,18.86,92.74,125.13,0.6878,1.1367,1.6889,2.5149,99.71,0.5,6.6,1.63,5.0,0.9,51.0,55.4,96.1,273.0,0.68,109.08,108.68,55.4,32.81,132.85,118.61,94.482,81.15,17.84,21.945,30.57,69.54
2016-04-08,204.4992,205.34,205.85,203.87,95040598.0,15.36,18.32,89.73,113.84,0.695,1.151,1.7167,2.5525,101.772,0.5,6.51,1.63,5.0,0.9,51.0,55.4,96.1,263.0,0.75,109.0,109.11,56.46,33.38,132.01,118.43,94.235,81.52,17.905,21.945,31.185,69.35
2016-04-11,204.0201,205.25,206.07,203.91,83757486.0,16.26,18.89,92.81,119.13,0.6987,1.1575,1.7254,2.5616,102.269,0.5,6.48,1.62,5.0,0.9,51.0,55.4,96.1,263.0,0.65,108.6,108.77,56.49,33.81,131.84,120.03,93.95,81.63,17.9781,21.885,31.055,68.82
2016-04-12,205.92,204.22,206.25,203.7,115350567.0,14.85,17.97,89.78,126.17,0.7385,1.2109,1.7761,2.5989,103.355,0.5,6.38,1.61,5.0,0.9,51.0,55.4,96.1,263.0,0.72,109.51,109.94,57.33,34.33,130.93,120.05,93.959,82.11,18.2054,22.035,31.98,69.38
2016-04-13,208.0008,207.0,208.1,206.84,96336433.0,13.84,17.26,87.89,127.13,0.7464,1.2125,1.7639,2.5837,101.35,0.5,6.22,1.59,5.0,0.9,51.0,55.4,96.1,263.0,0.61,110.91,112.31,58.24,34.94,131.39,118.77,94.744,82.65,18.6195,22.26,32.13,70.03
2016-04-14,208.01,208.07,208.6,207.6,65212883.0,13.72,17.24,87.92,126.23,0.7663,1.25,1.7919,2.6005,102.164,0.5,6.12,1.58,5.0,0.9,51.0,55.4,96.1,263.0,0.68,110.92,112.17,58.43,34.77,130.76,117.11,94.902,82.62,18.6602,22.255,32.205,70.07
2016-04-15,207.78,208.01,208.1721,207.4,75761615.0,13.62,17.16,90.27,123.1,0.7335,1.2108,1.7518,2.5593,101.42,0.5,6.16,1.57,5.0,0.9,51.0,55.4,96.1,257.0,0.63,110.64,112.45,58.3,34.57,131.88,117.92,94.696,82.49,18.5952,22.17,31.7696,70.02
2016-04-18,209.2392,207.14,209.28,207.0,82530960.0,13.35,16.51,86.57,120.55,0.7414,1.2287,1.7711,2.5799,102.56,0.5,6.17,1.57,5.0,0.9,51.0,55.4,96.1,257.0,0.69,111.23,113.3,58.8,34.73,131.31,117.74,94.49,82.96,18.7332,22.265,32.295,70.67
2016-04-19,209.9,209.74,210.2,208.94,88316060.0,13.24,16.47,86.98,126.19,0.7574,1.2516,1.7851,2.5936,102.367,0.5,6.03,1.54,5.0,0.9,51.0,55.4,96.1,257.0,0.67,110.55,113.39,59.82,35.26,130.9,119.58,93.976,83.31,18.9687,22.14,32.94,70.92
2016-04-20,210.1,209.95,210.92,209.39,81100314.0,13.28,16.6,87.97,126.2,0.7937,1.3122,1.845,2.6538,104.725,0.5,5.89,1.51,5.0,0.9,51.0,55.4,96.1,257.0,0.68,110.64,113.56,59.87,35.1,129.46,118.97,94.492,83.47,19.1149,22.185,33.235,71.3
2016-04-21,208.97,210.12,210.25,208.65,85695041.0,13.95,17.14,87.07,127.06,0.8058,1.3303,1.861,2.6842,105.114,0.5,5.86,1.48,5.0,0.9,51.0,55.4,96.1,257.0,0.85,110.65,112.99,59.51,34.75,128.69,119.42,94.599,83.21,18.9444,22.105,33.04,71.72
2016-04-22,208.97,208.55,209.29,207.91,99251724.0,13.22,16.64,84.1,123.25,0.8178,1.3551,1.8878,2.707,106.596,0.5,5.87,1.47,5.0,0.9,51.0,55.4,96.1,259.0,0.61,108.98,114.11,59.54,34.54,128.36,117.89,95.116,83.4,19.123,21.72,33.52,71.87
2016-04-25,208.61,208.26,208.66,207.54,66166494.0,14.08,17.22,85.77,126.78,0.8299,1.3766,1.9128,2.7332,107.873,0.5,5.91,1.47,5.0,0.9,51.0,55.4,96.1,259.0,0.7,108.98,113.3,59.24,34.3192,127.83,118.23,94.842,83.08,19.0824,21.725,33.145,71.59
2016-04-26,208.9192,209.04,209.52,208.36,75864174.0,13.96,16.92,84.51,127.4,0.8608,1.3915,1.9271,2.7539,106.228,0.5,5.86,1.46,5.0,0.9,51.0,55.4,96.1,259.0,0.53,108.45,114.41,59.45,34.69,127.25,118.7,94.573,83.36,19.2042,21.62,33.675,71.32
2016-04-27,209.35,208.47,209.81,208.05,77329437.0,13.77,16.77,83.1,126.09,0.8173,1.3182,1.8508,2.7008,102.953,0.5,5.87,1.45,5.0,0.9,51.0,55.4,96.1,259.0,0.55,107.58,114.81,59.49,34.9,128.52,119.04,94.387,83.85,19.2367,21.52,34.315,71.24
2016-04-28,207.4475,208.46,209.76,206.96,97216169.0,15.22,17.78,87.36,125.44,0.7816,1.2907,1.8243,2.6796,103.671,0.5,5.82,1.46,5.0,0.9,51.0,55.4,96.1,259.0,0.77,106.28,113.5,58.68,34.54,129.05,121.29,93.761,83.71,19.0337,21.25,33.805,70.9
2016-04-29,206.3308,206.72,207.13,205.03,142424137.0,15.7,18.45,91.68,126.49,0.7816,1.294,1.8333,2.6781,104.768,0.5,5.77,1.46,5.0,0.9,51.0,55.4,96.1,278.0,0.86,105.72,112.48,58.43,34.39,129.38,123.65,93.082,83.85,18.9281,21.065,33.75,69.7908
2016-05-02,207.97,206.92,208.18,206.41,62188015.0,14.68,17.78,89.49,127.67,0.7896,1.3231,1.8723,2.7245,107.679,0.5,5.75,1.46,5.0,0.9,51.0,55.4,96.1,278.0,0.74,106.72,113.48,58.98,34.295,127.82,123.24,92.626,83.5,19.0986,21.22,33.715,70.19
2016-05-03,206.1592,206.52,206.8,205.28,106422142.0,15.6,18.57,91.66,125.94,0.754,1.2519,1.7963,2.6578,103.836,0.5,5.91,1.47,5.0,0.9,51.0,55.4,96.1,278.0,0.77,105.73,111.62,58.01,33.33,129.43,122.96,92.944,82.96,18.855,21.025,32.92,69.975
2016-05-04,205.01,204.99,205.85,204.42,92243810.0,16.05,18.91,91.86,124.31,0.7381,1.2324,1.7752,2.6322,103.312,0.5,5.98,1.49,5.0,0.9,51.0,55.4,96.1,278.0,0.8,105.05,110.7,57.34,32.79,130.14,122.21,93.179,82.65,18.7089,20.96,32.445,69.3008
2016-05-05,204.97,205.56,205.98,204.47,67619222.0,15.91,18.92,91.58,123.74,0.7182,1.2017,1.7453,2.6029,102.315,0.5,6.0,1.5,5.0,0.9,51.0,55.4,96.1,278.0,0.8,105.02,110.26,57.22,32.78,131.01,122.07,93.78,82.58,18.7008,20.97,32.71,69.59
2016-05-06,205.72,204.06,205.77,203.88,89315004.0,14.72,18.27,88.86,120.82,0.734,1.2289,1.7789,2.6276,104.108,0.5,6.08,1.51,5.0,0.9,51.0,55.4,96.1,289.0,0.92,105.58,110.91,57.38,32.83,130.45,123.18,93.888,82.53,18.782,21.125,32.635,69.18
2016-05-09,205.8892,205.57,206.4,205.36,74374922.0,14.57,18.05,86.42,123.17,0.706,1.1932,1.7507,2.6083,104.069,0.5,6.11,1.52,5.0,0.9,51.0,55.4,96.1,289.0,0.86,105.88,111.23,57.26,32.41,130.86,120.65,94.128,82.38,18.7332,21.125,32.16,69.97
2016-05-10,208.45,206.72,208.5,206.64,77472207.0,13.63,17.18,85.92,124.1,0.722,1.2093,1.7613,2.6122,103.534,0.5,6.04,1.52,5.0,0.9,51.0,55.4,96.1,289.0,0.91,107.33,112.35,58.08,33.03,130.87,120.98,94.29,83.08,19.0012,21.4,32.725,70.56
2016-05-11,206.5,207.91,208.54,206.5,81726989.0,14.69,18.02,91.53,122.19,0.7279,1.2011,1.7367,2.5807,100.478,0.5,6.0,1.51,5.0,0.9,51.0,55.4,96.1,289.0,0.8,106.36,110.96,57.58,32.95,131.61,122.12,93.823,83.02,18.7982,21.245,32.825,69.71
2016-05-12,206.56,207.29,207.4899,205.37,89586308.0,14.41,17.75,91.25,123.52,0.754,1.2367,1.7516,2.5983,99.358,0.5,5.95,1.52,5.0,0.9,51.0,55.4,96.1,289.0,0.8,105.89,110.3708,57.56,32.86,131.01,121.16,94.15,83.15,18.8063,21.185,32.9154,69.3
2016-05-13,204.76,206.21,206.86,204.38,96474630.0,15.04,18.25,94.0,121.46,0.7459,1.2056,1.7001,2.5486,95.01,0.5,5.99,1.51,5.0,0.9,51.0,55.4,96.1,279.0,0.84,105.5,109.64,56.97,32.27,132.28,121.71,94.608,82.78,18.5789,21.105,32.495,69.14
2016-05-16,206.78,204.96,207.34,204.89,77486827.0,14.68,17.7,90.61,124.13,0.7863,1.2607,1.7533,2.5956,96.299,0.5,5.91,1.51,5.0,0.9,51.0,55.4,96.1,279.0,0.6,106.82,111.03,57.65,32.66,131.14,121.8,94.572,83.24,18.6764,21.4,33.045,70.08
2016-05-17,204.8508,206.46,206.8,204.23,114924940.0,15.57,18.43,91.76,122.96,0.8309,1.2998,1.7723,2.5994,93.742,0.5,5.87,1.51,5.0,0.9,51.0,55.4,96.1,279.0,0.81,105.48,109.27,57.23,32.51,131.36,122.22,94.548,83.07,18.5708,21.185,33.2,69.35
2016-05-18,204.91,204.44,206.3,203.63,123493379.0,15.95,18.54,89.99,122.22,0.8918,1.3848,1.8538,2.6595,95.795,0.5,5.77,1.51,5.0,0.9,51.0,55.4,96.1,279.0,0.75,105.86,109.84,57.25,32.19,129.49,120.1,95.08,83.08,18.8956,21.225,32.88,69.64
2016-05-19,204.2,204.06,204.54,202.78,115430507.0,16.33,18.77,90.46,123.66,0.8819,1.375,1.8487,2.6417,96.275,0.5,5.88,1.52,5.0,0.9,51.0,55.4,96.1,279.0,0.8,105.31,108.955,56.84,31.89,130.05,119.87,95.287,82.85,18.717,21.11,32.885,69.05
2016-05-20,205.49,204.92,206.1,204.86,104990408.0,15.2,18.05,85.46,125.61,0.8763,1.3618,1.8384,2.6286,95.802,0.5,5.81,1.52,5.0,0.9,51.0,55.4,96.1,267.0,0.78,106.47,110.79,57.31,32.21,130.15,119.71,95.334,83.14,18.8469,21.365,33.08,69.69
2016-05-23,205.21,205.51,205.84,204.985,58682576.0,15.82,18.15,84.12,124.74,0.8969,1.3684,1.835,2.6232,93.397,0.5,5.79,1.52,5.0,0.9,51.0,55.4,96.1,267.0,0.65,106.33,110.66,57.12,32.15,130.44,119.37,95.231,83.16,18.8307,21.325,32.995,69.41
2016-05-24,207.87,206.17,208.24,206.14,93537808.0,14.42,17.08,79.48,124.74,0.9094,1.4046,1.8629,2.644,94.941,0.5,5.71,1.52,5.0,0.9,51.0,55.4,96.1,267.0,0.6,108.46,112.94,57.95,32.48,129.86,117.3,95.571,83.66,19.1149,21.725,33.16,70.41
2016-05-25,209.28,208.67,209.77,207.8691,79221525.0,13.9,16.77,78.54,127.13,0.9185,1.4013,1.8664,2.6634,94.403,0.5,5.63,1.5,5.0,0.9,51.0,55.4,96.1,267.0,0.62,109.24,113.6,58.56,32.87,129.37,116.98,95.354,83.79,19.3179,21.875,33.685,70.85
2016-05-26,209.34,209.44,209.71,208.97,55280699.0,13.43,16.56,77.48,129.28,0.8671,1.3474,1.8282,2.6409,95.885,0.5,5.67,1.49,5.0,0.9,51.0,55.4,96.1,267.0,0.55,109.56,113.47,58.72,33.09,130.04,116.58,95.168,83.55,19.2042,21.945,33.545,70.86
2016-05-27,210.24,209.53,210.25,209.47,64211214.0,13.12,16.31,76.17,129.61,0.9086,1.3847,1.851,2.6464,93.849,0.5,5.67,1.49,5.0,0.9,51.0,55.4,96.1,263.0,0.51,110.13,114.6,58.66,33.08,129.85,115.62,95.521,83.69,19.3341,22.05,33.565,71.18
2016-05-31,209.84,210.56,210.69,209.18,109879380.0,14.19,16.63,79.43,127.7,0.877,1.3718,1.8458,2.6479,96.491,0.5,5.66,1.49,4.8,1.0,51.4,54.1,92.4,263.0,0.58,110.34,115.0,58.38,33.12,130.16,116.06,95.891,83.61,19.2854,22.095,33.435,71.35
2016-06-01,210.27,209.12,210.48,208.89,69936215.0,14.2,16.7,78.93,132.46,0.8988,1.3799,1.8354,2.6164,93.27,0.5,5.69,1.5,4.8,1.0,51.4,54.1,92.4,263.0,0.55,110.35,115.78,58.33,33.1,130.42,115.94,95.455,83.34,19.326,22.04,33.445,71.61
2016-06-02,210.91,209.8,210.93,209.2399,63044749.0,13.63,16.37,79.54,134.15,0.8869,1.3523,1.7989,2.5805,90.98,0.5,5.69,1.5,4.8,1.0,51.4,54.1,92.4,263.0,0.69,110.58,116.67,58.33,33.37,131.36,115.67,95.564,83.36,19.3666,22.02,33.4,72.53
2016-06-03,210.28,210.25,210.69,208.86,101757126.0,13.47,16.49,79.08,125.04,0.7716,1.2307,1.7004,2.5097,92.485,0.5,5.78,1.51,4.8,1.0,51.4,54.1,92.4,265.0,0.59,110.06,115.97,58.71,33.88,133.23,118.88,94.029,83.51,19.0905,21.97,33.27,72.29
2016-06-06,211.35,210.7,211.77,210.51,64887045.0,13.65,16.44,80.71,125.57,0.7953,1.25,1.7367,2.557,94.135,0.5,5.69,1.51,4.8,1.0,51.4,54.1,92.4,265.0,0.59,110.46,117.22,59.04,34.24,132.24,118.92,93.902,83.88,19.2042,22.01,34.0054,72.6808
2016-06-07,211.68,211.525,212.34,211.5,60974761.0,14.05,16.63,82.3,128.54,0.7833,1.2322,1.7177,2.5419,93.046,0.5,5.61,1.5,4.8,1.0,51.4,54.1,92.4,265.0,0.61,110.18,117.56,59.47,34.55,132.56,118.82,93.828,84.25,19.1636,22.1,34.775,72.2292
2016-06-08,212.37,211.84,212.52,211.6899,66170920.0,14.08,16.79,86.61,129.23,0.7752,1.2305,1.7022,2.5082,92.306,0.5,5.53,1.49,4.8,1.0,51.4,54.1,92.4,265.0,0.59,110.37,118.43,59.59,34.8,133.27,120.58,93.59,84.57,19.1798,22.145,34.695,72.48
2016-06-09,212.08,211.51,212.22,211.19,73786869.0,14.64,17.32,89.98,129.31,0.767,1.2207,1.6867,2.4873,91.569,0.5,5.55,1.49,4.8,1.0,51.4,54.1,92.4,265.0,0.72,110.19,117.67,58.86,34.4,134.13,121.25,93.953,84.24,19.0418,22.15,34.43,72.36
2016-06-10,210.07,210.46,210.86,209.43,113829158.0,17.03,18.94,103.78,133.67,0.7265,1.1671,1.6404,2.4511,90.785,0.5,5.64,1.51,4.8,1.0,51.4,54.1,92.4,273.0,0.81,108.94,116.07,57.15,33.53,134.78,121.74,94.571,83.83,18.8063,21.98,33.685,71.78
2016-06-13,208.4492,209.36,210.37,208.35,117751153.0,20.97,21.87,124.56,137.49,0.7143,1.1266,1.6096,2.4262,89.127,0.5,5.71,1.53,4.8,1.0,51.4,54.1,92.4,273.0,0.75,108.03,114.81,56.32,33.06,135.38,122.64,94.362,83.27,18.6764,21.735,33.585,71.21
2016-06-14,208.04,208.0,208.74,206.9199,125059286.0,20.5,21.94,116.44,138.02,0.7221,1.1378,1.613,2.4233,88.516,0.5,5.83,1.56,4.8,1.0,51.4,54.1,92.4,273.0,0.79,108.03,114.48,55.42,32.95,135.28,122.77,94.928,82.99,18.4003,21.785,33.565,71.32
2016-06-15,207.75,208.54,209.36,207.53,109124496.0,20.14,21.81,114.23,140.91,0.6696,1.0715,1.572,2.4065,89.835,0.5,5.87,1.55,4.8,1.0,51.4,54.1,92.4,273.0,0.68,107.72,114.56,55.79,33.3,135.8,123.68,94.61,83.03,18.4247,21.73,33.4854,70.83
2016-06-16,208.37,206.73,208.57,205.59,149533065.0,19.37,21.16,115.47,142.5,0.6854,1.0907,1.5788,2.3963,88.935,0.5,5.98,1.56,4.8,1.0,51.4,54.1,92.4,273.0,0.77,108.04,114.55,55.905,33.18,136.46,122.38,94.569,83.075,18.4734,21.775,33.325,71.08
2016-06-17,206.52,207.17,207.2,205.75,117055748.0,19.41,21.31,115.72,137.94,0.6927,1.1128,1.6078,2.4196,91.277,0.5,5.9,1.56,4.8,1.0,51.4,54.1,92.4,261.0,0.63,106.49,114.06,56.46,33.27,135.61,123.95,94.206,83.13,18.3597,21.525,33.445,70.06
2016-06-20,207.85,208.82,209.61,207.75,82789603.0,18.37,19.81,112.4,137.81,0.7451,1.1824,1.6886,2.4955,93.946,0.5,5.72,1.52,4.8,1.0,51.4,54.1,92.4,261.0,0.6,107.16,115.3,57.86,33.86,134.16,123.21,93.611,83.62,18.4653,21.615,33.735,70.5
2016-06-21,208.44,208.3,208.92,207.78,72461663.0,18.48,19.69,113.46,135.92,0.763,1.1985,1.7059,2.5119,93.892,0.5,5.69,1.51,4.8,1.0,51.4,54.1,92.4,261.0,0.64,107.5,115.08,58.33,34.12,133.54,120.84,94.017,83.94,18.5708,21.765,34.135,70.255
2016-06-22,208.1,208.65,209.5,207.93,95560471.0,21.17,21.08,122.94,136.48,0.7433,1.1993,1.6852,2.4999,93.795,0.5,5.68,1.51,4.8,1.0,51.4,54.1,92.4,261.0,0.77,107.24,114.63,57.12,33.94,133.76,120.9,93.716,84.02,18.5546,21.69,33.945,70.46
2016-06-23,210.81,209.81,210.87,209.27,102731356.0,17.25,18.42,104.71,145.7,0.7788,1.2576,1.7458,2.5547,96.129,0.5,5.57,1.48,4.8,1.0,51.4,54.1,92.4,261.0,0.61,108.77,116.82,58.7,34.76,132.23,120.11,93.529,84.64,18.9444,21.985,34.505,71.38
2016-06-24,203.13,203.63,210.8463,202.72,333444397.0,25.76,23.93,125.13,142.92,0.627,1.0719,1.5599,2.4101,92.897,0.5,5.87,1.58,4.8,1.0,51.4,54.1,92.4,262.0,1.01,104.29,112.55,53.66,32.64,135.78,126.01,95.448,83.25,17.9293,21.14,33.39,69.29
2016-06-27,199.6,201.59,201.6,198.65,248988660.0,23.85,23.68,115.6,136.43,0.5935,0.9806,1.4377,2.2644,84.026,0.5,6.16,1.59,4.8,1.0,51.4,54.1,92.4,262.0,0.81,102.22,108.69,52.63,32.23,139.17,126.68,96.544,82.05,17.4178,20.715,32.32,68.38
2016-06-28,203.1997,201.48,203.23,201.12,159382399.0,18.75,20.26,108.0,153.66,0.6132,1.0078,1.4664,2.2749,84.925,0.5,6.16,1.59,4.8,1.0,51.4,54.1,92.4,262.0,0.59,104.46,110.37,54.01,33.18,139.46,125.32,96.245,83.08,17.8644,21.125,33.22,69.71
2016-06-29,206.66,204.84,206.93,204.72,137328614.0,16.64,18.73,98.6,136.46,0.6368,1.0575,1.5155,2.3187,87.477,0.5,6.02,1.56,4.8,1.0,51.4,54.1,92.4,262.0,0.58,106.31,112.88,55.0,34.02,138.39,125.84,95.769,84.13,18.2704,21.45,33.85,71.04
2016-06-30,209.475,207.21,209.54,206.56,165021948.0,15.63,18.09,94.23,140.58,0.5817,0.9997,1.4697,2.2847,88.409,0.5,5.94,1.56,4.9,1.0,52.2,55.8,97.4,262.0,0.65,107.54,114.98,55.82,34.36,138.9,126.47,96.143,84.7,18.5586,21.685,34.12,71.705
2016-07-01,209.9208,209.36,210.49,209.29,106055333.0,14.77,17.65,91.7,128.53,0.5893,0.9946,1.4441,2.2253,85.253,0.5,5.85,1.55,4.9,1.0,52.2,55.8,97.4,255.0,0.57,108.08,115.39,55.82,34.69,140.57,128.41,95.649,84.47,18.4653,21.735,34.3,72.16
2016-07-05,208.41,208.95,209.08,207.71,109803713.0,15.58,18.24,91.85,125.35,0.5497,0.9384,1.375,2.1545,82.14,0.5,5.9,1.55,4.9,1.0,52.2,55.8,97.4,255.0,0.73,107.42,113.69,54.74,33.95,142.33,129.47,96.166,83.99,18.1892,21.575,33.61,72.09
2016-07-06,209.66,207.83,209.8,207.06,96021491.0,14.96,17.74,89.24,123.14,0.5773,0.9431,1.3682,2.1375,78.694,0.5,5.85,1.55,4.9,1.0,52.2,55.8,97.4,255.0,0.76,108.3,113.89,54.64,33.86,142.56,130.23,96.053,84.36,18.2379,21.725,33.7546,72.9
2016-07-07,209.526,209.87,210.6495,208.63,85521425.0,14.76,17.76,89.5,124.72,0.5892,0.9607,1.385,2.1348,79.18,0.5,5.77,1.53,4.9,1.0,52.2,55.8,97.4,255.0,0.6,108.62,114.13,54.42,33.77,142.55,129.74,96.328,84.47,18.2623,21.725,33.4096,72.79
2016-07-08,212.65,211.05,212.94,210.7785,133970972.0,13.2,16.49,84.72,127.2,0.605,0.9476,1.3579,2.0983,74.889,0.5,5.64,1.51,4.9,1.0,52.2,55.8,97.4,252.0,0.52,110.3,116.79,55.25,34.5,143.6,130.52,96.302,85.59,18.6114,22.065,33.855,73.69
2016-07-11,213.4,213.19,214.07,212.95,73633937.0,13.54,16.49,84.78,125.03,0.653,1.0215,1.4303,2.1394,77.326,0.5,5.43,1.49,4.9,1.0,52.2,55.8,97.4,252.0,0.58,110.93,118.14,56.06,34.83,142.34,129.29,96.571,85.64,18.717,22.195,33.92,73.49
2016-07-12,214.95,214.53,215.3,213.4308,101275629.0,13.55,16.17,84.98,126.1,0.6891,1.0861,1.51,2.2237,81.687,0.5,5.25,1.46,4.9,1.0,52.2,55.8,97.4,252.0,0.59,111.49,119.72,56.82,35.32,140.0,127.15,96.441,85.88,18.9525,22.375,34.76,73.85
2016-07-13,214.92,215.44,215.45,214.35,87324129.0,13.04,15.97,84.18,127.29,0.6651,1.0602,1.4743,2.1721,80.511,0.5,5.32,1.45,4.9,1.0,52.2,55.8,97.4,252.0,0.56,111.22,119.25,56.76,35.26,141.65,128.32,96.216,85.63,18.9525,22.38,34.46,73.82
2016-07-14,216.12,216.4,216.67,215.66,91230870.0,12.82,15.86,86.03,128.28,0.6732,1.0958,1.5356,2.2523,85.834,0.5,5.25,1.44,4.9,1.0,52.2,55.8,97.4,252.0,0.53,111.98,119.37,57.25,35.77,139.59,127.33,96.077,85.8,19.1311,22.525,34.635,74.14
2016-07-15,215.83,216.78,217.0125,215.308,107155401.0,12.67,15.99,89.04,129.76,0.6674,1.1038,1.5509,2.2655,87.923,0.5,5.2,1.44,4.9,1.0,52.2,55.8,97.4,260.0,0.52,111.8,119.7,56.96,35.69,138.39,126.84,96.58,85.63,19.0986,22.505,34.615,74.08
2016-07-18,216.4092,215.97,216.6,215.67,58725918.0,12.44,15.77,87.2,125.38,0.6897,1.1315,1.5818,2.2944,88.811,0.5,5.23,1.43,4.9,1.0,52.2,55.8,97.4,260.0,0.69,112.54,119.9,57.1,36.005,138.26,127.04,96.562,85.92,19.1636,22.655,34.64,74.11
2016-07-19,216.19,215.92,216.23,215.63,54345728.0,11.97,15.74,89.03,129.92,0.6898,1.1103,1.5526,2.2669,85.88,0.5,5.25,1.43,4.9,1.0,52.2,55.8,97.4,260.0,0.67,112.13,119.3,56.65,35.64,139.04,127.21,97.063,85.69,19.1717,22.605,34.4446,73.95
2016-07-20,217.085,216.75,217.37,216.24,58159457.0,11.77,15.44,87.09,128.49,0.7101,1.1347,1.5801,2.2979,86.588,0.5,5.21,1.42,4.9,1.0,52.2,55.8,97.4,260.0,0.57,113.44,120.08,57.16,35.82,138.28,125.39,97.201,85.91,19.2042,22.9,34.395,74.62
2016-07-21,216.265,216.96,217.22,215.75,67777310.0,12.74,16.1,92.84,128.01,0.6778,1.094,1.556,2.2908,87.42,0.5,5.21,1.41,4.9,1.0,52.2,55.8,97.4,260.0,0.61,113.18,119.51,56.93,35.705,138.56,127.3,97.0,85.79,19.1068,22.78,34.055,74.84
2016-07-22,217.24,216.41,217.3,216.1,62787477.0,12.02,15.8,89.51,128.36,0.7025,1.1168,1.5663,2.283,85.973,0.5,5.2,1.41,4.9,1.0,52.2,55.8,97.4,264.0,0.59,113.65,120.4,57.04,35.97,138.8,126.35,97.467,86.17,19.2286,22.915,34.16,74.99
2016-07-25,216.65,217.0,217.06,215.97,55873147.0,12.87,16.27,91.95,129.65,0.7332,1.1397,1.5731,2.2872,83.582,0.5,5.17,1.41,4.9,1.0,52.2,55.8,97.4,264.0,0.71,113.66,120.22,56.97,35.61,138.7,125.47,97.286,85.76,19.188,22.885,33.48,74.91
2016-07-26,216.75,216.53,217.17,215.76,70080493.0,13.05,16.32,91.44,130.02,0.7539,1.1331,1.5611,2.283,80.318,0.5,5.21,1.42,4.9,1.0,52.2,55.8,97.4,264.0,0.76,113.79,120.8,57.21,35.89,138.92,126.0,97.156,85.43,19.2042,22.935,33.675,74.78
2016-07-27,216.52,217.19,217.27,215.62,84083893.0,12.83,16.1,91.23,125.68,0.7184,1.0863,1.4976,2.211,77.524,0.5,5.3,1.43,4.9,1.0,52.2,55.8,97.4,264.0,0.66,114.58,121.14,57.42,36.01,140.65,128.03,97.053,85.69,19.1961,23.125,33.345,75.12
2016-07-28,216.77,216.29,217.11,215.75,65035718.0,12.72,16.0,89.81,128.51,0.7066,1.0847,1.5044,2.2318,79.389,0.5,5.33,1.44,4.9,1.0,52.2,55.8,97.4,264.0,0.62,114.98,120.83,57.36,36.02,140.39,127.66,96.739,85.33,19.2367,23.14,33.35,75.05
2016-07-29,217.12,216.46,217.54,216.13,79519436.0,11.87,15.42,90.84,128.25,0.6554,1.0237,1.4531,2.1827,79.38,0.5,5.4,1.45,4.9,1.0,52.2,55.8,97.4,266.0,0.62,115.23,121.07,58.035,36.205,141.56,128.98,95.53,85.41,19.2042,23.225,33.69,75.2
2016-08-01,216.94,217.19,217.65,216.405,73311422.0,12.44,15.7,90.68,128.01,0.6848,1.0751,1.5214,2.2695,83.268,0.5,5.41,1.46,4.9,1.0,52.2,55.8,97.4,266.0,0.72,115.84,121.17,57.66,36.14,139.77,129.22,95.713,84.55,19.1555,23.27,32.58,75.68
2016-08-02,215.5492,216.65,216.83,214.57,92295506.0,13.37,16.39,93.89,129.25,0.6788,1.0895,1.5558,2.3069,87.304,0.5,5.45,1.47,4.9,1.0,52.2,55.8,97.4,266.0,0.72,114.96,119.48,57.37,35.88,138.33,130.27,95.064,84.43,18.9931,23.095,32.875,75.39
2016-08-03,216.18,215.48,216.245,215.13,53993626.0,12.86,16.08,88.59,129.99,0.6668,1.0702,1.542,2.2963,87.122,0.5,5.45,1.47,4.9,1.0,52.2,55.8,97.4,266.0,0.59,115.34,120.45,57.17,36.0,138.41,129.65,95.563,84.81,19.188,23.175,33.51,75.18
2016-08-04,216.4097,216.31,216.78,214.25,46585528.0,12.42,15.71,88.14,127.06,0.643,1.0283,1.5008,2.254,85.386,0.5,5.43,1.46,4.9,1.0,52.2,55.8,97.4,266.0,0.65,115.67,120.56,57.5,36.2,139.45,129.87,95.758,85.35,19.1392,23.3,33.46,75.07
2016-08-05,218.18,217.21,218.23,217.07,71892161.0,11.39,15.14,85.23,130.6,0.7221,1.1363,1.5885,2.314,86.244,0.5,5.28,1.45,4.9,1.0,52.2,55.8,97.4,265.0,0.52,116.78,122.3,57.76,36.62,138.0,127.55,96.194,85.54,19.5046,23.525,33.765,75.25
2016-08-08,218.05,218.4,218.52,217.74,39906479.0,11.5,15.16,84.5,132.94,0.726,1.1444,1.592,2.309,86.194,0.5,5.23,1.43,4.9,1.0,52.2,55.8,97.4,265.0,0.58,116.65,122.24,57.88,36.88,138.26,127.44,96.401,85.89,19.529,23.52,34.215,74.61
2016-08-09,218.18,218.13,218.76,217.8,51251728.0,11.66,15.11,86.65,135.56,0.71,1.1072,1.547,2.2617,83.302,0.5,5.19,1.42,4.9,1.0,52.2,55.8,97.4,265.0,0.61,116.92,122.37,58.34,37.13,139.62,127.96,96.183,86.19,19.5452,23.57,34.035,74.79
2016-08-10,217.64,218.31,218.4038,217.23,57941092.0,12.05,15.41,89.4,133.25,0.682,1.0716,1.5074,2.2274,81.946,0.5,5.17,1.42,4.9,1.0,52.2,55.8,97.4,265.0,0.62,116.62,121.4892,58.54,37.14,140.16,128.56,95.65,86.03,19.391,23.495,33.665,74.535
2016-08-11,218.65,218.26,218.94,217.95,72504270.0,11.68,15.3,97.36,131.28,0.742,1.1444,1.5593,2.2722,81.33,0.5,5.09,1.41,4.9,1.0,52.2,55.8,97.4,265.0,0.61,117.12,122.07,58.96,37.62,138.91,127.67,95.857,86.24,19.4316,23.58,34.16,74.97
2016-08-12,218.46,218.29,218.71,217.99,61313544.0,11.55,15.26,94.49,132.13,0.7057,1.0974,1.5135,2.2306,80.377,0.5,5.12,1.41,4.9,1.0,52.2,55.8,97.4,264.0,0.55,117.2,122.19,58.81,37.48,140.08,127.4,95.722,86.31,19.3747,23.555,34.35,74.78
2016-08-15,219.09,218.89,219.5,218.88,49813482.0,11.81,15.38,91.67,134.45,0.7258,1.1347,1.5576,2.2825,82.776,0.5,5.06,1.4,4.9,1.0,52.2,55.8,97.4,264.0,0.51,117.7,123.4,59.035,37.87,138.76,127.84,95.629,86.565,19.5046,23.67,34.625,74.91
2016-08-16,217.96,218.6,218.68,217.96,53213621.0,12.64,16.02,91.86,132.27,0.7459,1.1591,1.5746,2.2978,82.464,0.5,4.99,1.39,4.9,1.0,52.2,55.8,97.4,264.0,0.7,117.05,122.4,58.95,37.7,138.39,128.47,94.791,86.39,19.4559,23.495,34.68,74.24
2016-08-17,218.37,218.0,218.53,217.02,75134339.0,12.19,15.52,84.84,136.71,0.7257,1.1315,1.5491,2.2594,81.935,0.5,4.97,1.38,4.9,1.0,52.2,55.8,97.4,264.0,0.59,117.26,122.04,58.93,37.46,139.22,128.5,94.718,86.51,19.5209,23.485,34.785,74.39
2016-08-18,218.86,218.34,218.9,218.21,52989266.0,11.43,15.16,82.83,134.87,0.7014,1.1087,1.5356,2.2601,83.007,0.5,5.0,1.38,4.9,1.0,52.2,55.8,97.4,264.0,0.54,117.29,122.94,59.23,37.81,139.44,129.11,94.157,86.85,19.5046,23.495,35.5,74.42
2016-08-19,218.54,218.31,218.75,217.74,75443004.0,11.34,15.13,82.44,136.58,0.7459,1.1641,1.5781,2.2869,82.814,0.5,4.95,1.37,4.9,1.0,52.2,55.8,97.4,264.0,0.6,117.26,122.94,58.79,37.6,138.71,127.97,94.511,86.59,19.4965,23.51,35.205,74.36
2016-08-22,218.53,218.26,218.8,217.83,61368766.0,12.27,15.5,83.13,135.2,0.7378,1.1348,1.5424,2.2371,80.055,0.5,4.97,1.37,4.9,1.0,52.2,55.8,97.4,264.0,0.63,117.35,123.22,58.85,37.1,139.88,127.78,94.519,86.45,19.4965,23.51,34.8,74.51
2016-08-23,218.97,219.25,219.6,218.9,53399159.0,12.38,15.42,83.45,131.79,0.7418,1.1348,1.5458,2.2292,79.99,0.5,4.95,1.36,4.9,1.0,52.2,55.8,97.4,264.0,0.56,117.56,124.08,59.1,36.95,140.03,127.76,94.539,86.74,19.5209,23.595,35.0446,74.58
2016-08-24,217.85,218.8,218.91,217.36,71728949.0,13.45,16.0,85.37,130.43,0.7618,1.1446,1.5611,2.2471,79.534,0.5,4.95,1.36,4.9,1.0,52.2,55.8,97.4,264.0,0.68,116.8,123.07,58.96,37.05,139.7,126.34,94.786,86.5,19.5128,23.465,34.905,73.41
2016-08-25,217.7,217.4,218.19,217.22,69224776.0,13.63,16.13,85.43,131.06,0.7894,1.1605,1.5731,2.263,78.137,0.5,4.91,1.36,4.9,1.0,52.2,55.8,97.4,264.0,0.75,116.61,123.31,58.72,37.08,139.17,126.23,94.772,86.66,19.5534,23.515,34.81,72.79
2016-08-26,217.29,217.92,219.12,216.25,122506348.0,13.65,16.24,88.62,132.4,0.8428,1.2365,1.6296,2.2869,78.486,0.5,4.86,1.35,4.9,1.0,52.2,55.8,97.4,261.0,0.73,116.78,123.06,58.37,36.76,138.36,126.05,95.566,86.56,19.5777,23.525,34.69,73.07
2016-08-29,218.3608,217.44,218.665,217.4,70502167.0,12.94,15.93,85.83,131.3,0.8052,1.1686,1.5595,2.2142,75.029,0.5,4.89,1.35,4.9,1.0,52.2,55.8,97.4,261.0,0.6,116.94,123.7,58.55,37.04,140.21,126.3,95.58,86.99,19.7483,23.615,34.925,73.23
2016-08-30,218.0,218.26,218.59,217.35,58114543.0,13.12,16.03,84.44,136.14,0.7973,1.1766,1.5663,2.2292,76.502,0.5,4.89,1.35,4.9,1.0,52.2,55.8,97.4,261.0,0.63,116.56,123.93,58.47,36.94,139.67,125.03,96.054,87.04,19.9269,23.535,34.805,72.98
2016-08-31,217.38,217.61,217.75,216.465,85269453.0,13.42,16.14,84.87,129.25,0.8053,1.1977,1.58,2.232,77.073,0.5,4.9,1.35,4.9,1.1,49.8,52.6,101.8,261.0,0.7,116.44,123.23,58.35,36.53,139.87,124.78,96.022,86.7,19.9431,23.495,34.255,72.76
2016-09-01,217.39,217.37,217.73,216.03,97844207.0,13.48,16.31,84.9,129.83,0.7816,1.1799,1.5681,2.2299,78.246,0.5,4.89,1.36,4.9,1.1,49.8,52.6,101.8,261.0,0.7,116.74,123.32,58.75,36.81,139.77,125.29,95.653,86.5,19.8619,23.57,34.155,72.57
2016-09-02,218.37,218.39,218.87,217.7,79293856.0,11.98,15.65,81.35,128.4,0.7858,1.1914,1.6024,2.2782,81.26,0.5,4.88,1.37,4.9,1.1,49.8,52.6,101.8,257.0,0.61,117.12,124.51,59.43,37.41,138.63,126.57,95.844,86.9,19.9513,23.675,34.54,72.65
2016-09-06,219.0308,218.7,219.12,217.86,56702089.0,12.02,15.56,82.14,131.16,0.7281,1.1169,1.534,2.2241,80.192,0.5,4.84,1.37,4.9,1.1,49.8,52.6,101.8,257.0,0.5,117.85,124.6292,59.83,38.21,139.64,128.71,94.823,87.0,19.9188,23.795,35.06,72.91
2016-09-07,219.01,218.84,219.22,218.3,76554855.0,11.94,15.49,83.08,130.94,0.734,1.1234,1.5391,2.2349,80.109,0.5,4.82,1.37,4.9,1.1,49.8,52.6,101.8,257.0,0.57,117.92,125.41,59.86,38.09,139.54,128.27,94.956,86.76,19.9107,23.855,35.26,72.91
2016-09-08,218.51,218.62,218.94,218.15,74102880.0,12.51,15.81,85.57,129.74,0.7699,1.1769,1.599,2.3036,82.506,0.5,4.67,1.38,4.9,1.1,49.8,52.6,101.8,257.0,0.61,117.23,125.16,59.69,37.99,137.79,127.59,95.027,86.6,19.8944,23.66,35.92,72.97
2016-09-09,213.28,216.97,217.03,213.25,221589073.0,17.5,18.83,110.02,125.25,0.7821,1.2225,1.6749,2.3946,88.887,0.5,4.79,1.38,4.9,1.1,49.8,52.6,101.8,252.0,0.78,114.28,121.25,58.53,36.71,135.52,126.75,95.336,85.77,19.5209,23.08,34.85,71.51
2016-09-12,216.34,212.39,216.81,212.31,168110913.0,15.16,17.27,99.53,134.18,0.7701,1.1965,1.6629,2.3909,88.88,0.5,4.91,1.4,4.9,1.1,49.8,52.6,101.8,252.0,0.64,116.33,122.94,59.01,36.96,135.59,126.59,95.095,86.07,19.7401,23.465,35.195,72.57
2016-09-13,213.23,214.84,215.1499,212.5,182828839.0,17.85,19.05,110.02,131.56,0.7982,1.2455,1.7271,2.4634,92.484,0.5,4.98,1.4,4.9,1.1,49.8,52.6,101.8,252.0,0.75,115.29,120.58,57.82,36.03,134.05,125.75,95.633,85.41,19.391,23.295,34.19,71.6
2016-09-14,213.15,213.29,214.7,212.5,134185491.0,18.14,19.35,113.15,127.4,0.758,1.2064,1.6976,2.4497,93.556,0.5,5.01,1.41,4.9,1.1,49.8,52.6,101.8,252.0,0.55,115.84,120.6,57.74,36.14,134.25,126.18,95.327,85.39,19.3422,23.405,33.785,71.6
2016-09-15,215.28,212.96,215.73,212.75,145736123.0,16.3,18.19,109.27,130.57,0.7258,1.1787,1.6907,2.4627,96.09,0.5,5.0,1.4,4.9,1.1,49.8,52.6,101.8,252.0,0.7,117.64,122.04,58.24,36.76,133.67,125.37,95.288,85.89,19.4559,23.79,34.205,72.34
2016-09-16,213.37,213.48,213.69,212.57,155236354.0,15.37,17.88,102.59,125.25,0.7621,1.1984,1.6926,2.4452,92.643,0.5,5.02,1.4,4.9,1.1,49.8,52.6,101.8,250.0,0.65,117.29,121.86,57.49,36.51,134.75,125.06,96.108,85.91,19.1798,23.605,33.725,72.11
2016-09-19,213.41,214.13,214.88,213.03,80250490.0,15.53,17.78,101.58,125.81,0.7784,1.2197,1.7118,2.4551,92.936,0.5,4.99,1.39,4.9,1.1,49.8,52.6,101.8,250.0,0.56,116.78,122.67,57.79,36.8,134.31,125.32,95.841,85.96,19.31,23.56,33.705,71.85
2016-09-20,213.42,214.41,214.59,213.38,69665279.0,15.92,17.99,101.98,126.85,0.7743,1.2001,1.6892,2.4316,91.083,0.5,4.99,1.39,4.9,1.1,49.8,52.6,101.8,250.0,0.66,117.0,122.15,58.14,36.82,134.78,125.44,96.019,85.86,19.32,23.545,33.46,72.07
2016-09-21,215.82,214.24,216.03,213.44,110284425.0,13.3,16.66,92.59,122.13,0.7744,1.187,1.6511,2.3738,87.268,0.5,4.97,1.38,4.9,1.1,49.8,52.6,101.8,250.0,0.63,118.15,123.92,59.16,37.85,135.87,127.27,95.66,86.57,19.44,23.81,34.235,72.79
2016-09-22,217.18,217.0,217.53,216.71,76678713.0,12.02,15.94,89.22,124.29,0.7703,1.1642,1.6183,2.3353,84.391,0.5,4.86,1.37,4.9,1.1,49.8,52.6,101.8,250.0,0.57,119.09,125.7,59.76,38.12,136.95,127.57,95.448,86.86,19.48,23.955,34.275,73.34
2016-09-23,215.99,216.72,216.88,215.88,73630921.0,12.29,16.05,90.4,125.13,0.754,1.156,1.6184,2.3471,86.026,0.5,4.87,1.37,4.9,1.1,49.8,52.6,101.8,247.0,0.65,118.33,124.81,59.26,37.63,136.82,127.65,95.477,86.76,19.38,23.745,33.82,73.11
2016-09-26,214.24,215.02,215.23,214.01,89827305.0,14.5,17.28,96.24,121.72,0.7336,1.1184,1.5839,2.3205,84.626,0.5,4.92,1.38,4.9,1.1,49.8,52.6,101.8,247.0,0.73,117.34,123.23,58.71,37.08,137.69,127.55,95.297,86.38,19.07,23.605,33.67,72.26
2016-09-27,215.57,214.05,215.68,213.62,78494829.0,13.1,16.45,88.94,123.74,0.7421,1.1119,1.5564,2.2774,81.039,0.5,4.95,1.38,4.9,1.1,49.8,52.6,101.8,247.0,0.62,118.5,123.73,58.99,37.61,138.7,126.62,95.435,86.63,19.22,23.865,33.445,72.77
2016-09-28,216.64,215.83,216.82,214.71,87411015.0,12.39,16.01,87.55,126.85,0.7559,1.1347,1.5719,2.2913,81.207,0.5,4.91,1.38,4.9,1.1,49.8,52.6,101.8,247.0,0.65,118.7,124.68,59.41,37.95,138.4,126.22,95.431,87.21,19.31,23.91,34.89,72.66
2016-09-29,214.68,216.4,216.87,214.04,128070615.0,14.02,16.87,93.78,122.67,0.7342,1.1169,1.5599,2.2767,82.174,0.5,4.87,1.38,4.9,1.1,49.8,52.6,101.8,247.0,0.74,117.84,122.86,58.67,37.29,138.75,126.07,95.535,86.88,19.04,23.765,34.83,71.38
2016-09-30,216.3,215.65,217.12,215.36,117202914.0,13.29,16.37,91.42,124.58,0.7619,1.1492,1.5944,2.3154,82.858,0.5,4.8,1.38,5.0,1.5,51.1,55.4,103.5,245.0,0.61,118.72,124.21,59.13,37.45,137.51,125.64,95.463,87.26,19.3,23.89,35.305,72.11
2016-10-03,215.78,215.82,216.04,215.04,83512057.0,13.57,16.4,91.51,122.86,0.7916,1.1784,1.6221,2.3397,82.847,0.5,4.75,1.38,5.0,1.5,51.1,55.4,103.5,245.0,0.64,118.55,123.82,58.97,37.71,136.81,125.32,95.695,86.82,19.21,23.82,35.28,72.05
2016-10-04,214.68,215.91,216.17,213.99,119948052.0,13.63,16.47,89.94,119.67,0.8215,1.2271,1.6864,2.4098,86.09,0.5,4.68,1.38,5.0,1.5,51.1,55.4,103.5,245.0,0.51,118.37,123.21,58.96,37.29,135.21,120.97,96.169,86.67,19.29,23.735,34.92,71.91
2016-10-05,215.63,215.41,216.13,215.33,72815963.0,12.99,16.22,89.88,121.54,0.8316,1.2434,1.7021,2.4234,86.659,0.5,4.65,1.36,5.0,1.5,51.1,55.4,103.5,245.0,0.58,118.79,123.95,59.2,37.83,134.58,120.78,96.125,86.9,19.6,23.82,35.455,72.19
2016-10-06,215.78,215.37,216.04,214.735,62927376.0,12.84,16.07,89.86,120.48,0.8496,1.2776,1.7372,2.4538,88.356,0.5,4.65,1.35,5.0,1.5,51.1,55.4,103.5,245.0,0.71,118.73,123.82,58.88,37.86,133.83,119.66,96.765,86.95,19.63,23.875,35.51,71.92
2016-10-07,215.04,216.1,216.3,214.19,89788255.0,13.48,16.44,90.86,119.95,0.8301,1.2551,1.7181,2.4508,88.401,0.5,4.66,1.34,5.0,1.5,51.1,55.4,103.5,250.0,0.68,118.47,122.83,58.58,37.69,133.92,119.74,96.632,87.15,19.62,23.81,35.305,71.87
2016-10-10,216.16,216.155,216.7,215.985,51855023.0,13.38,15.95,90.66,123.84,0.8301,1.2551,1.7181,2.4508,88.401,0.5,4.66,1.34,5.0,1.5,51.1,55.4,103.5,250.0,0.61,119.22,124.3,58.75,38.1,133.13,120.16,96.929,87.4,19.72,23.975,35.86,72.2
2016-10-11,213.43,215.66,215.74,212.58,130367373.0,15.36,16.94,95.43,119.79,0.8664,1.2944,1.7638,2.5014,89.544,0.5,4.64,1.33,5.0,1.5,51.1,55.4,103.5,250.0,0.75,117.52,122.03,57.92,37.22,132.83,119.55,97.69,86.91,19.54,23.705,35.45,70.39
2016-10-12,213.71,213.59,214.32,213.01,73866117.0,15.91,17.02,102.02,122.34,0.8585,1.2912,1.7692,2.4991,90.666,0.5,4.63,1.32,5.0,1.5,51.1,55.4,103.5,250.0,0.64,117.42,121.93,57.79,37.15,132.96,119.74,97.966,86.88,19.52,23.745,35.3,70.06
2016-10-13,213.01,212.16,213.59,211.21,101356960.0,16.69,17.59,103.4,123.32,0.8345,1.2586,1.7411,2.4768,90.261,0.5,4.71,1.32,5.0,1.5,51.1,55.4,103.5,250.0,0.71,117.0,120.92,57.57,36.82,133.46,120.03,97.516,86.66,19.33,23.595,35.105,70.09
2016-10-14,213.12,214.15,214.69,213.03,93346237.0,16.12,17.42,101.01,121.86,0.8348,1.2866,1.7977,2.5583,95.883,0.5,4.65,1.31,5.0,1.5,51.1,55.4,103.5,263.0,0.68,117.14,120.43,57.67,36.88,131.59,119.36,98.019,86.86,19.42,23.685,34.9,69.62
2016-10-17,212.38,213.09,213.39,212.17,58275674.0,16.21,17.47,99.34,124.08,0.8147,1.2539,1.766,2.5216,94.726,0.5,4.67,1.3,5.0,1.5,51.1,55.4,103.5,263.0,0.62,116.82,120.29,57.5,36.84,132.43,119.68,97.888,86.74,19.33,23.635,34.73,69.39
2016-10-18,213.71,214.24,214.31,213.27,76869656.0,15.28,16.92,96.87,122.76,0.7986,1.2245,1.7379,2.5054,93.528,0.5,4.65,1.3,5.0,1.5,51.1,55.4,103.5,263.0,0.69,117.86,120.98,58.07,37.49,132.86,120.42,97.895,87.09,19.49,23.765,34.87,70.22
2016-10-19,214.28,214.02,214.64,213.6,66519224.0,14.41,16.46,93.9,122.56,0.7946,1.2262,1.7432,2.5069,94.461,0.5,4.59,1.29,5.0,1.5,51.1,55.4,103.5,263.0,0.59,117.85,121.49,58.23,37.72,132.97,121.11,97.92,87.34,19.66,23.81,35.365,69.96
2016-10-20,213.88,213.87,214.53,213.11,73639830.0,13.75,16.23,89.72,123.91,0.819,1.2525,1.7556,2.5039,93.254,0.5,4.56,1.29,5.0,1.5,51.1,55.4,103.5,263.0,0.53,117.71,121.13,58.32,37.61,133.11,120.74,98.315,87.35,19.66,23.7,35.325,70.29
2016-10-21,213.98,212.96,214.08,212.76,89089092.0,13.34,16.04,87.34,123.0,0.8234,1.2428,1.7347,2.4846,90.721,0.5,4.58,1.3,5.0,1.5,51.1,55.4,103.5,256.0,0.56,118.15,121.07,58.19,37.6,133.31,120.83,98.695,87.37,19.65,23.765,35.095,69.71
2016-10-24,214.89,215.0,215.32,214.48,60146592.0,13.02,15.61,85.81,124.6,0.8399,1.2742,1.7647,2.5171,92.076,0.5,4.54,1.3,5.0,1.5,51.1,55.4,103.5,256.0,0.59,119.57,121.84,58.18,37.76,132.73,120.56,98.756,87.42,19.71,23.995,34.99,69.58
2016-10-25,214.17,214.68,214.98,213.98,66542329.0,13.46,15.81,86.23,122.83,0.8523,1.2742,1.756,2.4985,89.958,0.5,4.53,1.3,5.0,1.5,51.1,55.4,103.5,256.0,0.69,119.19,120.93,58.14,37.8,133.08,121.47,98.719,87.37,19.69,23.91,34.83,69.38
2016-10-26,213.74,213.21,214.42,212.93,75705478.0,14.24,16.25,86.9,123.31,0.8685,1.304,1.7931,2.5412,92.073,0.5,4.57,1.31,5.0,1.5,51.1,55.4,103.5,256.0,0.73,118.38,119.73,57.88,37.4,132.18,120.79,98.629,87.02,19.81,23.775,34.91,68.96
2016-10-27,213.17,214.58,214.62,213.08,77220213.0,15.36,16.93,91.21,122.35,0.8863,1.3473,1.8536,2.6138,96.539,0.5,4.6,1.31,5.0,1.5,51.1,55.4,103.5,256.0,0.55,117.84,118.36,57.81,37.08,130.74,121.01,98.888,86.7,19.86,23.745,34.78,69.28
2016-10-28,212.54,213.14,213.93,211.71,140623183.0,16.19,17.37,99.44,126.35,0.8526,1.3245,1.8468,2.6154,99.017,0.5,4.67,1.32,5.0,1.5,51.1,55.4,103.5,265.0,0.78,117.1,118.03,57.79,36.93,130.45,121.58,98.348,86.28,19.77,23.72,34.685,67.78
2016-10-31,212.55,212.93,213.19,212.36,61272507.0,17.06,17.85,102.82,126.12,0.8409,1.3067,1.8255,2.5798,98.062,0.5,4.77,1.32,4.9,1.6,51.8,54.3,100.8,265.0,0.75,116.99,118.5,57.82,37.14,131.25,121.94,98.445,86.02,19.74,23.71,34.31,67.36
2016-11-01,211.01,212.93,212.99,209.6,122781818.0,18.56,18.74,108.26,124.46,0.8311,1.2921,1.8274,2.5774,99.028,0.5,4.92,1.34,4.9,1.6,51.8,54.3,100.8,265.0,0.86,116.11,117.05,57.57,36.84,131.01,122.73,97.699,85.3,19.66,23.505,34.315,67.0
2016-11-02,209.74,210.65,211.1,209.23,103330806.0,19.32,19.18,112.39,126.15,0.8174,1.263,1.8025,2.5672,98.122,0.5,4.99,1.35,4.9,1.6,51.8,54.3,100.8,265.0,0.99,115.18,115.56,57.18,36.4,131.58,123.64,97.398,84.92,19.53,23.355,33.935,66.65
2016-11-03,208.78,209.99,210.24,208.46,88939346.0,22.08,20.7,120.24,141.18,0.8055,1.2646,1.8115,2.6004,100.2,0.5,5.0,1.35,4.9,1.6,51.8,54.3,100.8,265.0,0.74,114.05,115.0,57.12,36.3,130.57,124.3,97.157,84.94,19.55,23.13,34.07,66.02
2016-11-04,208.55,208.91,209.89,208.38,109122059.0,22.51,21.13,120.23,133.03,0.7838,1.2321,1.7762,2.561,99.039,0.5,5.05,1.36,4.9,1.6,51.8,54.3,100.8,250.0,0.7,113.65,115.74,56.57,35.93,131.74,124.39,97.065,84.98,19.49,23.09,33.885,66.48
2016-11-07,213.15,211.45,213.19,211.3,109794861.0,18.71,18.15,107.84,134.91,0.8178,1.2874,1.8261,2.6021,100.427,0.5,4.89,1.35,4.9,1.6,51.8,54.3,100.8,250.0,0.68,116.35,118.57,57.35,37.23,130.62,122.15,97.781,86.17,19.98,23.59,34.615,68.18
2016-11-08,214.11,212.69,214.77,212.38,106772138.0,18.74,18.1,108.67,135.6,0.8539,1.3265,1.8547,2.6156,99.681,0.5,4.86,1.34,4.9,1.6,51.8,54.3,100.8,250.0,0.69,117.11,118.88,57.51,37.47,130.09,121.64,97.861,85.98,19.99,23.705,34.66,68.37
2016-11-09,216.3792,212.37,217.1,212.34,258428972.0,14.38,16.28,96.14,134.61,0.8901,1.4724,2.0571,2.8456,116.297,0.5,4.79,1.32,4.9,1.6,51.8,54.3,100.8,250.0,0.61,117.65,122.54,57.56,36.26,124.57,121.56,98.504,85.38,20.84,23.675,35.225,70.78
2016-11-10,216.92,217.3,218.31,215.22,172113313.0,14.74,16.75,102.67,127.0,0.9151,1.5571,2.1501,2.9549,123.089,0.5,4.83,1.3,4.9,1.6,51.8,54.3,100.8,250.0,0.6,115.75,124.5,57.4,35.22,122.73,119.75,98.785,84.26,21.61,23.295,35.375,71.56
2016-11-11,216.42,216.08,216.7,215.32,100552732.0,14.17,16.49,97.22,121.71,0.9151,1.5571,2.1501,2.935,123.089,0.5,4.83,1.3,4.9,1.6,51.8,54.3,100.8,232.0,0.53,115.8,127.36,57.05,34.55,122.04,117.1,99.06,83.47,21.67,23.365,34.73,70.49
2016-11-14,216.59,217.03,217.27,215.72,94579982.0,14.48,16.7,98.22,122.71,1.0023,1.6819,2.2614,3.0117,125.301,0.5,4.98,1.3,4.9,1.6,51.8,54.3,100.8,232.0,0.57,114.63,129.15,56.74,34.3,121.31,116.11,100.11,84.09,22.2,23.01,34.925,70.27
2016-11-15,218.28,217.04,218.28,216.8,91652580.0,13.37,15.75,91.77,119.79,0.9926,1.6588,2.2189,2.9555,122.229,0.5,4.84,1.28,4.9,1.6,51.8,54.3,100.8,232.0,0.51,116.22,129.55,56.99,34.99,121.91,117.12,100.23,85.2,22.18,23.335,35.91,70.47
2016-11-16,217.87,217.56,218.14,217.42,65617697.0,13.72,16.07,92.45,123.77,1.0051,1.6707,2.2225,2.9221,121.336,0.5,4.83,1.29,4.9,1.6,51.8,54.3,100.8,232.0,0.63,116.91,129.54,56.39,34.7,123.01,116.77,100.41,84.86,21.86,23.55,35.66,70.17
2016-11-17,218.99,218.05,219.06,217.92,69797191.0,13.35,15.64,87.58,123.06,1.0461,1.7362,2.3026,3.0117,125.242,0.5,4.76,1.29,4.9,1.6,51.8,54.3,100.8,232.0,0.65,117.76,130.3,56.82,34.75,121.2,116.17,100.89,84.63,22.16,23.7,35.42,70.45
2016-11-18,218.5,219.07,219.27,218.29,86265751.0,12.85,15.52,86.4,126.38,1.0678,1.7975,2.3548,3.0296,128.29,0.5,4.74,1.3,4.9,1.6,51.8,54.3,100.8,246.0,0.68,117.32,130.99,56.2,34.59,120.85,115.15,101.21,84.63,22.16,23.68,35.565,69.7
2016-11-21,220.15,219.17,220.18,219.0,72402638.0,12.42,15.32,80.75,124.01,1.0683,1.7691,2.3154,2.9924,124.306,0.5,4.69,1.3,4.9,1.6,51.8,54.3,100.8,246.0,0.57,118.54,131.6,56.68,34.93,121.15,115.58,101.05,85.31,22.24,23.92,36.41,69.95
2016-11-22,220.58,220.51,220.79,219.73,67428957.0,12.41,15.35,83.4,127.98,1.0871,1.7762,2.3119,2.9996,122.087,0.5,4.63,1.3,4.9,1.6,51.8,54.3,100.8,246.0,0.63,118.9,132.8,56.82,35.46,121.11,115.54,101.04,85.94,22.25,23.995,36.39,68.94
2016-11-23,220.7,219.98,220.76,219.75,56620237.0,12.43,15.43,82.45,125.33,1.1228,1.8321,2.3498,3.0207,122.301,0.5,4.6,1.3,4.9,1.6,51.8,54.3,100.8,246.0,0.6,118.42,133.63,56.62,35.08,120.64,113.25,101.7,85.62,22.38,23.9,36.54,69.21
2016-11-25,221.52,221.1,221.56,221.01,37872255.0,12.34,15.51,82.65,126.27,1.1168,1.8354,2.3572,3.0045,123.443,0.5,4.59,1.3,4.9,1.6,51.8,54.3,100.8,255.0,0.61,118.8,134.07,56.79,35.25,120.82,112.61,101.49,85.73,22.41,24.0,36.36,69.48
2016-11-28,220.48,221.16,221.48,220.36,76572511.0,13.15,16.02,86.17,125.75,1.099,1.7894,2.3124,2.9755,120.942,0.5,4.6,1.3,4.9,1.6,51.8,54.3,100.8,255.0,0.57,118.53,132.33,56.49,35.39,121.71,113.8,101.33,85.72,22.15,24.02,35.855,68.96
2016-11-29,220.91,220.52,221.44,220.17,69886690.0,12.9,15.9,86.28,128.31,1.0871,1.7746,2.291,2.9459,119.989,0.5,4.63,1.3,4.9,1.6,51.8,54.3,100.8,255.0,0.62,118.94,132.26,56.85,35.44,122.22,113.27,100.93,85.61,22.21,24.035,35.415,69.41
2016-11-30,220.38,221.63,221.82,220.31,113291793.0,13.33,16.1,88.99,126.39,1.113,1.842,2.3809,3.0337,126.195,0.5,4.55,1.29,4.7,1.7,53.2,56.4,109.4,255.0,0.54,117.5,131.61,56.79,35.5,120.24,111.75,101.5,85.65,22.51,23.75,37.215,68.75
2016-12-01,219.57,220.73,220.73,219.15,79040487.0,14.07,16.67,97.79,128.37,1.147,1.8982,2.4481,3.1085,129.712,0.5,4.48,1.28,4.7,1.7,53.2,56.4,109.4,255.0,0.66,115.47,130.97,56.57,35.08,118.73,111.54,101.04,84.87,22.9,23.26,37.305,68.25
2016-12-02,219.68,219.67,220.25,219.26,74840347.0,14.12,16.78,98.07,128.99,1.0957,1.8208,2.3831,3.0615,128.527,0.5,4.5,1.29,4.7,1.7,53.2,56.4,109.4,248.0,0.67,115.7,130.9,56.71,35.12,119.6,112.14,100.77,85.38,22.65,23.345,37.415,68.41
2016-12-05,221.0,220.65,221.4,220.42,67837821.0,12.14,15.77,88.88,128.35,1.1198,1.8456,2.3941,3.064,127.029,0.5,4.45,1.28,4.7,1.7,53.2,56.4,109.4,248.0,0.63,116.6,133.15,57.27,35.41,119.47,111.54,100.09,85.6,22.92,23.57,37.745,68.29
2016-12-06,221.7,221.22,221.7441,220.662,59877377.0,11.79,15.48,88.12,130.92,1.1139,1.834,2.3887,3.0788,127.079,0.5,4.37,1.28,4.7,1.7,53.2,56.4,109.4,248.0,0.58,116.88,134.59,57.66,35.6,119.38,111.43,100.49,86.03,23.12,23.64,37.675,68.48
2016-12-07,224.6,221.52,224.67,221.38,110738050.0,12.22,15.48,89.11,123.61,1.094,1.7895,2.3401,3.0224,124.2,0.5,4.3,1.27,4.7,1.7,53.2,56.4,109.4,248.0,0.46,118.36,135.9,58.52,36.2,120.4,111.83,100.23,86.46,23.48,24.09,37.975,67.89
2016-12-08,225.15,224.57,225.7,224.26,99714387.0,12.64,15.72,91.27,119.08,1.1102,1.8374,2.4071,3.1053,129.281,0.5,4.25,1.27,4.7,1.7,53.2,56.4,109.4,248.0,0.5,118.57,138.04,58.47,36.36,118.98,111.57,101.1,86.45,23.7,24.15,38.18,68.02
2016-12-09,226.51,225.41,226.53,225.37,88005766.0,11.75,15.22,89.4,119.51,1.1329,1.8906,2.4675,3.1529,133.056,0.5,4.17,1.27,4.7,1.7,53.2,56.4,109.4,252.0,0.53,119.5,138.31,58.72,36.17,117.5,110.4,101.59,86.49,23.75,24.325,38.3,68.85
2016-12-12,226.25,226.4,226.96,225.76,102016125.0,12.64,15.73,91.87,123.28,1.1411,1.8857,2.4712,3.1538,132.607,0.5,4.13,1.26,4.7,1.7,53.2,56.4,109.4,252.0,0.57,118.96,136.85,58.46,35.93,117.72,110.82,101.03,86.37,23.52,24.25,38.48,69.18
2016-12-13,227.76,227.02,228.34,227.0,110477485.0,12.72,15.7,93.32,119.34,1.1636,1.9091,2.4713,3.1312,130.372,0.5,4.08,1.25,4.7,1.7,53.2,56.4,109.4,252.0,0.54,120.46,136.86,59.09,36.33,118.14,110.45,101.07,86.58,23.58,24.555,38.915,69.74
2016-12-14,225.88,227.41,228.23,225.365,142501812.0,13.19,15.87,96.82,125.43,1.2673,2.0479,2.5707,3.1799,129.935,0.75,4.01,1.24,4.7,1.7,53.2,56.4,109.4,252.0,0.58,120.21,135.15,58.22,35.25,116.82,108.83,101.76,85.93,23.47,24.47,38.135,69.38
2016-12-15,226.81,226.16,227.81,225.8904,124972554.0,12.79,15.75,93.08,129.44,1.2738,2.0884,2.5967,3.1622,132.094,0.75,4.03,1.25,4.7,1.7,53.2,56.4,109.4,252.0,0.59,120.4,136.16,58.09,35.31,117.41,107.34,103.02,85.97,23.67,24.58,38.22,69.83
2016-12-16,225.04,226.01,226.08,224.67,156420152.0,12.2,15.57,93.79,131.95,1.2524,2.0654,2.5916,3.1741,133.511,0.75,4.05,1.24,4.7,1.7,53.2,56.4,109.4,260.0,0.62,119.6,135.91,58.13,35.15,117.14,108.05,102.95,86.05,23.36,24.295,38.255,69.58
2016-12-19,225.53,225.24,226.02,225.08,90341147.0,11.71,15.31,90.51,130.47,1.2221,2.0218,2.5382,3.1204,131.198,0.75,4.07,1.24,4.7,1.7,53.2,56.4,109.4,260.0,0.71,120.09,136.8,58.04,34.91,118.4,108.59,103.14,86.27,23.37,24.47,38.08,69.29
2016-12-20,226.4,226.16,226.57,225.88,89838810.0,11.45,15.14,88.26,122.09,1.2163,2.0388,2.5586,3.1396,133.639,0.75,4.04,1.23,4.7,1.7,53.2,56.4,109.4,260.0,0.63,120.55,137.96,58.24,35.03,117.81,107.79,103.29,86.39,23.66,24.56,37.995,69.24
2016-12-21,225.77,226.25,226.45,225.77,67909039.0,11.27,15.09,87.97,124.9,1.1879,2.0187,2.5348,3.1079,134.276,0.75,4.03,1.23,4.7,1.7,53.2,56.4,109.4,260.0,0.77,120.46,137.06,57.66,34.49,118.33,107.85,103.02,86.54,23.6,24.51,38.055,68.85
2016-12-22,225.38,225.6,225.74,224.92,56219071.0,11.43,15.29,89.72,128.02,1.1923,2.034,2.5515,3.1271,135.513,0.75,4.04,1.23,4.7,1.7,53.2,56.4,109.4,260.0,0.67,120.12,135.32,57.53,34.08,117.81,107.59,103.09,86.44,23.54,24.46,38.21,68.94
2016-12-23,225.71,225.43,225.72,225.21,36697822.0,11.44,15.25,87.64,120.51,1.2016,2.0245,2.5373,3.1138,133.155,0.75,4.04,1.23,4.7,1.7,53.2,56.4,109.4,257.0,0.66,120.2,136.04,57.68,34.28,118.05,107.93,103.01,86.6,23.58,24.485,38.175,69.46
2016-12-27,226.27,226.02,226.73,226.0,42672487.0,11.99,15.36,86.37,123.65,1.2267,2.055,2.5596,3.133,132.878,0.75,3.97,1.22,4.7,1.7,53.2,56.4,109.4,257.0,0.62,120.82,136.65,57.61,34.43,117.67,108.56,103.02,86.52,23.61,24.585,38.26,69.6
2016-12-28,224.4,226.57,226.59,224.27,64095014.0,12.95,15.93,89.17,122.37,1.254,1.9961,2.508,3.0931,125.007,0.75,4.0,1.22,4.7,1.7,53.2,56.4,109.4,257.0,0.61,119.88,135.25,57.39,34.69,118.53,108.86,103.3,86.4,23.37,24.365,37.845,69.07
2016-12-29,224.35,224.48,224.89,223.84,48696080.0,13.37,16.16,88.87,124.57,1.2122,1.9538,2.475,3.079,125.891,0.75,4.04,1.22,4.7,1.7,53.2,56.4,109.4,257.0,0.62,119.71,135.37,57.53,35.26,118.95,110.29,102.68,86.52,23.2,24.37,37.77,69.19
2016-12-30,223.53,224.73,224.83,222.73,108998328.0,14.04,16.54,91.6,127.26,1.1883,1.9274,2.4443,3.0651,125.023,0.75,4.09,1.23,4.7,1.7,53.2,56.4,109.4,244.0,0.76,118.48,134.85,57.73,35.01,119.13,109.61,102.21,86.55,23.25,24.18,37.66,68.94
2017-01-03,225.24,225.04,225.83,223.8837,91366522.0,12.85,15.56,85.37,125.79,1.2141,1.9422,2.4444,3.0462,122.636,0.75,3.98,1.22,4.7,1.7,53.2,56.4,109.4,244.0,0.69,119.54,135.52,58.09,35.43,119.64,110.47,103.21,86.91,23.51,24.395,38.085,69.84
2017-01-04,226.58,225.62,226.75,225.61,78744433.0,11.85,14.84,82.27,124.4,1.214,1.9306,2.439,3.0397,122.102,0.75,3.87,1.21,4.7,1.7,53.2,56.4,109.4,244.0,0.64,120.19,137.78,58.75,35.7,120.1,110.86,102.7,87.38,23.7,24.48,38.005,70.39
2017-01-05,226.4,226.27,226.58,225.48,78379012.0,11.67,14.7,81.33,128.21,1.1621,1.8434,2.3443,2.9444,117.826,0.75,3.91,1.22,4.7,1.7,53.2,56.4,109.4,244.0,0.69,120.87,136.19,59.25,36.09,121.98,112.58,101.52,87.25,23.46,24.52,37.91,70.75
2017-01-06,227.21,226.53,227.75,225.9,71559922.0,11.32,14.56,80.59,123.67,1.2098,1.9239,2.4193,3.0088,120.551,0.75,3.83,1.22,4.7,1.7,53.2,56.4,109.4,245.0,0.68,121.93,135.69,59.05,35.94,120.86,111.75,102.22,87.23,23.54,24.7,37.945,70.95
2017-01-09,226.46,226.91,227.0701,226.4163,46939676.0,11.56,14.63,83.47,122.59,1.1816,1.8727,2.3647,2.958,117.902,0.75,3.88,1.22,4.7,1.7,53.2,56.4,109.4,245.0,0.62,122.33,134.8,58.96,35.91,121.83,112.67,101.93,87.21,23.38,24.695,37.395,71.25
2017-01-10,226.46,226.48,227.45,226.01,63771939.0,11.49,14.66,86.36,121.84,1.1856,1.8759,2.3757,2.9676,118.612,0.75,3.88,1.22,4.7,1.7,53.2,56.4,109.4,245.0,0.64,122.6,136.09,58.97,36.12,121.75,113.15,102.01,87.22,23.43,24.7,37.055,71.5
2017-01-11,227.1,226.36,227.1,225.59,74650016.0,11.26,14.47,86.72,123.06,1.1855,1.8841,2.3721,2.9556,118.265,0.75,3.89,1.22,4.7,1.7,53.2,56.4,109.4,245.0,0.63,122.93,136.33,59.28,36.55,122.16,113.5,101.78,87.27,23.58,24.815,37.455,70.78
2017-01-12,226.53,226.5,226.75,224.955,72113181.0,11.54,14.58,90.44,126.22,1.1733,1.8659,2.3631,2.9604,118.4,0.75,3.91,1.22,4.7,1.7,53.2,56.4,109.4,245.0,0.68,122.74,135.28,59.37,36.71,121.89,113.91,101.35,87.29,23.38,24.755,37.3,70.85
2017-01-13,227.05,226.73,227.4,226.69,62717865.0,11.23,14.54,92.9,132.32,1.1931,1.897,2.3964,2.9886,119.921,0.75,3.89,1.22,4.7,1.7,53.2,56.4,109.4,240.0,0.63,123.16,136.26,59.59,36.68,121.31,114.21,101.18,87.32,23.51,24.83,37.19,70.92
2017-01-17,226.25,226.31,226.78,225.8,61240814.0,11.87,14.89,92.39,131.55,1.1524,1.8192,2.3253,2.9317,117.089,0.75,3.93,1.22,4.7,1.7,53.2,56.4,109.4,240.0,0.65,122.79,134.41,59.37,36.66,122.58,115.85,100.33,87.23,22.95,24.735,37.42,70.56
2017-01-18,226.75,226.535,226.8,225.9,54793302.0,12.48,14.94,87.06,143.43,1.2214,1.9383,2.4296,3.0129,120.409,0.75,3.89,1.22,4.7,1.7,53.2,56.4,109.4,240.0,0.67,123.04,134.85,59.2,36.46,121.01,114.87,100.93,87.31,23.14,24.8,37.335,70.47
2017-01-19,225.91,226.84,227.0,225.41,66608787.0,12.78,15.02,86.84,141.03,1.2214,1.9633,2.4739,3.0463,124.843,0.75,3.86,1.22,4.7,1.7,53.2,56.4,109.4,240.0,0.56,122.98,133.75,59.05,36.35,120.18,114.77,101.15,87.03,23.04,24.765,37.13,70.02
2017-01-20,226.74,226.7,227.31,225.9719,129168623.0,11.54,14.49,83.63,146.33,1.1885,1.9365,2.4668,3.0488,127.425,0.75,3.87,1.22,4.7,1.7,53.2,56.4,109.4,250.0,0.7,123.25,134.44,59.39,36.42,119.94,115.05,100.74,87.2,23.15,24.9,37.27,69.84
2017-01-23,226.15,226.35,226.805,225.27,75061645.0,11.77,14.54,84.51,137.78,1.1434,1.8634,2.3971,2.9862,124.959,0.75,3.95,1.22,4.7,1.7,53.2,56.4,109.4,250.0,0.72,123.35,133.88,59.54,36.96,121.14,115.79,100.16,87.2,23.0,24.945,36.875,69.55
2017-01-24,227.6,226.4,228.08,226.27,95555295.0,11.07,13.87,79.05,138.16,1.1924,1.9331,2.4652,3.0489,126.871,0.75,3.87,1.21,4.7,1.7,53.2,56.4,109.4,250.0,0.65,124.18,135.93,59.69,37.19,120.31,115.27,100.35,87.26,23.29,25.1,37.28,69.07
2017-01-25,229.57,228.7,229.57,228.51,84437712.0,10.81,13.61,78.66,128.8,1.2341,1.9765,2.5116,3.0967,127.355,0.75,3.8,1.2,4.7,1.7,53.2,56.4,109.4,250.0,0.61,125.43,137.21,60.31,37.6,118.8,114.32,100.03,87.57,23.68,25.34,37.475,69.72
2017-01-26,229.33,229.4,229.71,229.01,59970719.0,10.63,13.63,79.65,129.58,1.2242,1.9657,2.5043,3.0851,127.619,0.75,3.81,1.2,4.7,1.7,53.2,56.4,109.4,250.0,0.65,125.56,136.66,60.07,37.44,119.2,113.26,100.38,87.53,23.74,25.27,37.505,69.18
2017-01-27,228.97,229.42,229.59,228.76,59711118.0,10.58,13.68,83.63,129.95,1.2182,1.9458,2.4843,3.0588,126.215,0.75,3.82,1.2,4.7,1.7,53.2,56.4,109.4,241.0,0.73,125.8,136.19,59.97,37.47,119.63,113.49,100.53,87.61,23.65,25.37,37.115,69.75
2017-01-30,227.55,228.17,228.2,226.41,79737252.0,11.88,14.41,92.04,134.32,1.2122,1.9491,2.4881,3.0785,127.193,0.75,3.83,1.2,4.7,1.7,53.2,56.4,109.4,241.0,0.82,124.82,134.29,59.54,37.27,119.27,113.97,100.43,87.43,23.46,25.165,36.435,69.41
2017-01-31,227.53,226.98,227.6,226.32,75880805.0,11.99,14.48,89.83,138.08,1.2044,1.9129,2.4531,3.0612,124.474,0.75,3.88,1.21,4.7,2.5,55.7,57.0,111.6,241.0,0.7,124.57,135.23,59.63,37.34,120.1,115.55,99.512,87.34,23.31,25.04,36.45,70.52
2017-02-01,227.62,228.255,228.59,226.94,79117651.0,11.81,14.29,87.75,133.97,1.2125,1.9294,2.4699,3.0753,125.342,0.75,3.84,1.21,4.7,2.5,55.7,57.0,111.6,241.0,0.71,125.43,135.15,59.87,37.36,119.1,115.2,99.641,87.28,23.34,25.23,36.18,71.13
2017-02-02,227.77,227.2,228.1,226.82,69657560.0,11.93,14.59,89.73,136.65,1.2046,1.9228,2.4737,3.0877,126.509,0.75,3.83,1.21,4.7,2.5,55.7,57.0,111.6,241.0,0.64,125.32,134.81,59.9,37.52,119.05,115.84,99.79,87.33,23.25,25.18,36.385,71.11
2017-02-03,229.34,228.82,229.55,228.46,80563168.0,10.97,14.05,88.97,133.25,1.1969,1.9096,2.4648,3.0902,126.387,0.75,3.76,1.21,4.7,2.5,55.7,57.0,111.6,230.0,0.68,125.68,136.87,60.14,37.75,119.0,116.13,99.868,87.48,23.72,25.345,36.7,71.42
2017-02-06,228.93,228.87,229.326,228.54,57790108.0,11.37,14.24,90.02,131.41,1.149,1.8453,2.4077,3.0473,125.47,0.75,3.81,1.22,4.7,2.5,55.7,57.0,111.6,230.0,0.75,125.83,135.84,59.71,37.66,119.72,117.7,99.907,87.42,23.61,25.36,36.39,71.5
2017-02-07,228.94,229.38,229.6556,228.72,57931151.0,11.29,14.35,89.61,130.46,1.165,1.8469,2.3931,3.0179,122.402,0.75,3.81,1.21,4.7,2.5,55.7,57.0,111.6,230.0,0.7,126.29,135.24,59.65,37.47,120.6,117.46,100.26,87.29,23.55,25.46,35.875,71.57
2017-02-08,229.24,228.61,229.39,228.31,51566218.0,11.45,14.56,94.58,134.01,1.141,1.8024,2.3363,2.9485,119.128,0.75,3.86,1.22,4.7,2.5,55.7,57.0,111.6,230.0,0.69,126.5,135.0,59.75,37.7,122.24,118.19,100.28,87.35,23.39,25.505,35.96,71.46
2017-02-09,230.6,229.56,230.95,229.52,65955245.0,10.88,14.17,89.59,129.19,1.1772,1.8667,2.3948,3.0041,121.362,0.75,3.81,1.21,4.7,2.5,55.7,57.0,111.6,230.0,0.58,126.96,136.9,60.0,37.87,120.83,117.29,100.65,87.47,23.71,25.585,36.365,71.72
2017-02-10,231.51,231.0,231.77,230.6216,66015892.0,10.85,13.91,85.77,130.47,1.1895,1.8865,2.4073,3.0056,121.374,0.75,3.8,1.21,4.7,2.5,55.7,57.0,111.6,233.0,0.7,127.38,137.94,60.14,38.22,120.76,117.6,100.8,87.53,23.78,25.66,36.64,71.86
2017-02-13,232.77,232.08,233.07,232.05,55182050.0,11.07,13.68,80.84,130.1,1.2017,1.9147,2.4358,3.0319,123.006,0.75,3.75,1.2,4.7,2.5,55.7,57.0,111.6,233.0,0.61,128.1,138.3,60.38,38.34,120.38,116.8,100.96,87.66,24.05,25.775,36.71,72.3
2017-02-14,233.7,232.56,233.71,232.16,71108983.0,10.74,13.19,78.35,133.66,1.2343,1.963,2.4698,3.0584,123.152,0.75,3.71,1.19,4.7,2.5,55.7,57.0,111.6,233.0,0.53,128.53,138.76,60.29,38.38,119.51,116.93,101.25,87.72,24.33,25.86,36.83,72.87
2017-02-15,234.92,233.45,235.14,233.39,86785826.0,11.97,13.41,81.12,137.55,1.2466,1.9914,2.4932,3.0777,124.257,0.75,3.67,1.18,4.7,2.5,55.7,57.0,111.6,233.0,0.58,129.29,139.59,60.52,38.69,118.96,117.45,101.18,87.75,24.52,25.945,36.685,73.66
2017-02-16,234.72,234.96,235.155,233.85,84722437.0,11.76,13.63,79.66,141.41,1.2021,1.9364,2.4467,3.0487,123.876,0.75,3.73,1.18,4.7,2.5,55.7,57.0,111.6,233.0,0.54,129.25,139.2,60.66,38.55,119.61,118.08,100.44,87.68,24.46,26.005,36.185,73.56
2017-02-17,235.09,233.95,235.09,233.93,77204104.0,11.49,13.72,81.25,141.13,1.1882,1.9015,2.4147,3.0231,122.239,0.75,3.77,1.19,4.7,2.5,55.7,57.0,111.6,237.0,0.59,129.81,139.11,60.5,38.39,120.32,117.68,100.95,87.77,24.47,26.095,35.985,73.66
2017-02-21,236.49,235.52,236.69,235.51,88946051.0,11.57,14.04,82.45,136.93,1.2067,1.9199,2.429,3.0407,121.822,0.75,3.72,1.19,4.7,2.5,55.7,57.0,111.6,237.0,0.61,130.45,140.2,60.7,38.81,120.11,117.75,101.37,88.06,24.59,26.23,36.23,73.99
2017-02-22,236.28,236.02,236.54,235.83,62115185.0,11.74,14.39,81.53,138.24,1.2162,1.9049,2.4129,3.0327,119.275,0.75,3.7,1.18,4.7,2.5,55.7,57.0,111.6,237.0,0.6,130.5,139.58,60.7,38.93,120.31,117.91,101.22,88.1,24.61,26.26,35.68,73.88
2017-02-23,236.44,236.88,236.9,235.56,74615902.0,11.71,14.74,82.2,137.91,1.1825,1.8586,2.372,3.0127,118.354,0.75,3.69,1.17,4.7,2.5,55.7,57.0,111.6,237.0,0.62,130.01,138.75,60.83,38.94,120.67,118.94,101.05,88.18,24.61,26.255,35.83,74.42
2017-02-24,236.74,235.46,236.7932,235.41,82381612.0,11.47,14.76,83.31,138.66,1.1428,1.8044,2.3117,2.951,116.491,0.75,3.75,1.18,4.7,2.5,55.7,57.0,111.6,221.0,0.72,130.26,138.65,60.39,38.48,122.01,119.7,101.09,88.25,24.42,26.315,35.495,74.78
2017-02-27,237.11,236.64,237.31,236.35,56515440.0,12.09,14.91,85.69,134.39,1.1944,1.8651,2.365,2.9833,116.661,0.75,3.67,1.16,4.7,2.5,55.7,57.0,111.6,221.0,0.63,130.42,140.0,60.43,38.36,121.29,119.12,101.13,88.36,24.55,26.3,35.8,75.14
2017-02-28,236.47,236.67,236.95,236.015,96961938.0,12.92,15.28,88.08,131.98,1.2601,1.9294,2.3899,2.9952,112.786,0.75,3.63,1.15,4.6,2.7,57.7,56.6,116.1,221.0,0.7,130.02,137.84,60.34,37.99,121.74,119.23,101.12,88.29,24.54,26.175,35.69,74.99
2017-03-01,239.78,238.39,240.32,238.37,149158170.0,12.54,14.86,84.03,132.16,1.2842,1.9872,2.4526,3.0608,116.446,0.75,3.47,1.12,4.6,2.7,57.7,56.6,116.1,221.0,0.53,131.44,140.36,60.97,38.58,119.47,119.06,101.78,88.23,25.24,26.545,36.405,75.74
2017-03-02,238.27,239.56,239.57,238.21,70245978.0,11.81,14.77,83.61,133.36,1.3084,2.0155,2.4779,3.0729,116.37,0.75,3.44,1.12,4.6,2.7,57.7,56.6,116.1,221.0,0.56,130.78,138.75,60.57,37.9,119.04,117.58,102.2,87.95,24.85,26.37,36.06,75.5
2017-03-03,238.42,238.17,238.61,237.73,81974300.0,10.96,14.26,81.19,136.1,1.3051,2.009,2.478,3.0713,116.712,0.75,3.49,1.12,4.6,2.7,57.7,56.6,116.1,236.0,0.7,131.02,138.65,60.93,38.19,119.35,117.51,101.54,87.99,24.97,26.43,35.995,75.8
2017-03-06,237.71,237.5,238.12,237.01,55391533.0,11.24,14.34,81.44,140.17,1.3053,2.0191,2.4997,3.1046,119.22,0.75,3.55,1.11,4.6,2.7,57.7,56.6,116.1,236.0,0.67,130.73,137.7,60.74,38.21,118.78,116.72,101.64,87.71,24.78,26.39,36.075,75.51
2017-03-07,237.0,237.36,237.77,236.76,65103737.0,11.45,14.41,81.43,138.85,1.3277,2.0491,2.5179,3.121,118.616,0.75,3.62,1.12,4.6,2.7,57.7,56.6,116.1,236.0,0.54,130.51,136.8,60.53,38.25,118.42,115.78,101.81,87.14,24.71,26.39,35.755,74.98
2017-03-08,236.56,237.34,237.64,236.4,78168795.0,11.86,14.54,82.5,139.63,1.3542,2.0926,2.5597,3.1489,120.148,0.75,3.68,1.14,4.6,2.7,57.7,56.6,116.1,236.0,0.62,130.74,135.9,60.31,37.89,117.78,115.06,102.07,86.56,24.72,26.42,34.825,75.28
2017-03-09,236.86,236.7,237.24,235.74,90683918.0,12.3,14.78,83.64,139.48,1.3726,2.1362,2.6053,3.1888,123.046,0.75,3.76,1.15,4.6,2.7,57.7,56.6,116.1,236.0,0.72,130.84,135.36,60.54,37.59,116.84,114.47,101.85,86.33,24.81,26.415,35.055,75.69
2017-03-10,237.69,237.97,238.02,236.59,81991652.0,11.66,14.38,80.27,138.99,1.3534,2.1014,2.5745,3.1647,121.711,0.75,3.78,1.16,4.6,2.7,57.7,56.6,116.1,228.0,0.57,131.39,135.96,61.05,38.01,117.25,114.72,101.25,86.3,24.79,26.555,35.005,75.98
2017-03-13,237.81,237.62,237.86,237.24,57256824.0,11.35,14.36,81.57,145.75,1.3719,2.1385,2.6258,3.2122,124.978,0.75,3.81,1.16,4.6,2.7,57.7,56.6,116.1,228.0,0.7,131.61,136.28,61.37,38.54,116.51,114.74,101.31,86.37,24.85,26.58,35.01,75.92
2017-03-14,236.9,237.18,237.24,236.19,59880778.0,12.3,14.63,85.88,146.11,1.3763,2.1285,2.6002,3.1747,121.8,0.75,3.9,1.17,4.6,2.7,57.7,56.6,116.1,228.0,0.73,131.29,135.63,60.9,38.32,117.07,114.12,101.7,86.11,24.78,26.52,34.615,75.64
2017-03-15,238.95,237.56,239.44,237.29,96081750.0,11.63,14.2,80.76,147.2,1.2994,2.003,2.493,3.1071,118.957,1.0,3.92,1.18,4.6,2.7,57.7,56.6,116.1,228.0,0.61,132.1,137.73,61.77,39.32,118.5,116.25,100.74,87.3,24.74,26.7,35.385,76.59
2017-03-16,238.48,239.11,239.2,238.1,78343951.0,11.21,13.78,75.96,149.49,1.3322,2.0499,2.5402,3.1506,120.397,1.0,3.8,1.16,4.6,2.7,57.7,56.6,116.1,228.0,0.57,132.01,137.91,62.07,39.56,117.9,116.73,100.36,87.05,24.78,26.715,35.135,75.85
2017-03-17,237.03,237.75,237.97,237.03,89002111.0,11.28,13.92,78.66,154.34,1.3146,2.0183,2.5005,3.1096,117.973,1.0,3.82,1.17,4.6,2.7,57.7,56.6,116.1,235.0,0.61,131.69,138.46,62.23,39.49,118.64,116.99,100.3,87.08,24.45,26.67,34.9,75.16
2017-03-20,236.77,237.03,237.36,236.32,52536979.0,11.34,13.9,77.16,152.93,1.2883,1.9849,2.4607,3.077,116.837,1.0,3.87,1.17,4.6,2.7,57.7,56.6,116.1,235.0,0.64,131.81,137.7512,62.1037,39.985,119.15,117.5645,100.41,87.0034,24.271,26.6853,34.873,75.0359
2017-03-21,233.73,237.47,237.61,233.58,131809275.0,12.47,14.62,83.02,141.02,1.2598,1.9466,2.4175,3.0343,115.362,1.0,3.95,1.17,4.6,2.7,57.7,56.6,116.1,235.0,0.79,129.81,133.97,61.82,39.51,120.14,118.54,99.813,86.29,23.57,26.305,34.605,74.46
2017-03-22,234.28,233.77,234.61,233.05,97569204.0,12.81,14.68,83.8,136.07,1.2477,1.9366,2.405,3.0174,115.318,1.0,4.06,1.18,4.6,2.7,57.7,56.6,116.1,235.0,0.73,130.69,134.0,61.83,39.7,120.62,118.83,99.677,86.5,23.52,26.47,34.555,74.48
2017-03-23,234.03,234.0,235.34,233.6,100410277.0,13.12,14.91,88.93,132.54,1.252,1.9516,2.4194,3.0294,116.128,1.0,4.03,1.18,4.6,2.7,57.7,56.6,116.1,235.0,0.67,130.36,134.78,61.97,39.71,120.45,118.67,99.76,86.53,23.57,26.4,34.415,74.25
2017-03-24,233.86,234.38,235.04,232.96,112504853.0,12.96,14.55,89.74,136.62,1.2566,1.945,2.4123,3.0134,115.159,1.0,4.01,1.18,4.6,2.7,57.7,56.6,116.1,236.0,0.69,130.63,134.49,62.14,39.81,120.88,118.86,99.627,86.83,23.54,26.42,34.28,74.29
2017-03-27,233.62,231.93,233.92,231.61,87454452.0,12.5,14.23,84.86,135.37,1.2527,1.9183,2.3782,2.9848,112.142,1.0,4.04,1.18,4.6,2.7,57.7,56.6,116.1,236.0,0.58,130.84,134.74,62.3,39.7,121.43,119.53,99.166,86.74,23.45,26.42,34.12,74.49
2017-03-28,235.32,233.27,235.81,233.14,93483915.0,11.53,13.68,79.27,134.43,1.3016,1.9636,2.4178,3.0246,111.223,1.0,3.94,1.17,4.6,2.7,57.7,56.6,116.1,236.0,0.6,131.64,135.79,62.6,39.81,120.62,119.04,99.712,87.22,23.77,26.61,34.605,74.54
2017-03-29,235.54,234.99,235.81,234.725,61950354.0,11.42,13.43,78.26,132.37,1.2698,1.926,2.3765,2.9856,110.268,1.0,3.89,1.17,4.6,2.7,57.7,56.6,116.1,236.0,0.54,132.25,136.23,62.6,39.88,121.34,119.33,99.998,87.4,23.62,26.655,35.08,74.56
2017-03-30,236.29,235.47,236.52,235.27,56737890.0,11.54,13.37,77.87,138.84,1.2818,1.964,2.4197,3.0343,113.199,1.0,3.81,1.17,4.6,2.7,57.7,56.6,116.1,236.0,0.58,132.47,137.26,62.38,39.67,120.36,118.47,100.41,87.81,23.93,26.705,35.07,74.57
2017-03-31,235.74,235.9,236.51,235.68,73733094.0,12.37,13.6,78.31,138.31,1.254,1.9212,2.3874,3.0095,112.945,1.0,3.83,1.18,4.4,2.4,56.5,56.2,124.9,216.0,0.56,132.38,137.48,62.29,39.39,120.71,118.72,100.35,87.78,23.73,26.655,34.95,74.36
2017-04-03,235.33,235.8,236.03,233.91,85546486.0,12.38,13.67,82.96,135.23,1.2261,1.8519,2.3193,2.9532,108.927,1.0,3.86,1.18,4.4,2.4,56.5,56.2,124.9,216.0,0.67,132.3,136.03,62.2,39.61,121.67,119.35,100.54,87.36,23.68,26.63,34.89,74.42
2017-04-04,235.48,235.0,235.58,234.555,56466195.0,11.79,13.37,79.67,132.28,1.252,1.8898,2.3605,2.9999,110.255,1.0,3.87,1.18,4.4,2.4,56.5,56.2,124.9,216.0,0.62,132.51,135.87,62.18,39.63,121.01,119.62,100.54,87.39,23.65,26.65,35.145,74.38
2017-04-05,234.78,236.26,237.39,234.54,108800604.0,12.89,14.12,86.59,130.91,1.234,1.8519,2.3354,2.9856,109.747,1.0,3.82,1.18,4.4,2.4,56.5,56.2,124.9,216.0,0.61,131.97,134.33,61.85,39.51,121.38,119.62,100.56,87.32,23.47,26.54,35.035,74.15
2017-04-06,235.44,234.94,236.04,234.425,69135757.0,12.39,13.66,83.91,131.27,1.2379,1.8585,2.3408,2.9864,109.888,1.0,3.83,1.18,4.4,2.4,56.5,56.2,124.9,216.0,0.66,132.04,135.58,61.86,39.44,121.2,119.18,100.67,87.43,23.62,26.545,35.315,74.28
2017-04-07,235.2,235.15,236.0,234.64,74412311.0,12.87,14.06,89.39,132.7,1.2862,1.9196,2.3822,3.0078,108.801,1.0,3.77,1.18,4.4,2.4,56.5,56.2,124.9,222.0,0.67,131.97,135.52,61.82,39.37,120.71,119.46,101.18,87.39,23.52,26.53,35.18,74.41
2017-04-10,235.34,235.36,236.255,234.73,67615302.0,14.05,14.58,97.9,132.86,1.2741,1.8998,2.3661,2.9903,108.791,1.0,3.78,1.17,4.4,2.4,56.5,56.2,124.9,222.0,0.62,132.02,135.82,61.75,39.21,121.27,119.46,101.02,87.51,23.46,26.48,35.445,74.27
2017-04-11,235.06,234.9,235.18,233.34,88045276.0,15.07,15.16,103.74,136.66,1.2338,1.8303,2.2962,2.9289,105.834,1.0,3.83,1.18,4.4,2.4,56.5,56.2,124.9,222.0,0.79,131.45,136.9,62.04,39.12,122.42,121.19,100.71,87.34,23.39,26.38,35.45,74.17
2017-04-12,234.03,234.74,234.96,233.77,81864436.0,15.77,15.28,111.53,131.93,1.2015,1.7676,2.2392,2.8861,103.364,1.0,3.87,1.18,4.4,2.4,56.5,56.2,124.9,222.0,0.69,130.92,135.04,61.99,39.31,123.09,122.02,100.78,87.4,23.2,26.29,35.3,74.17
2017-04-13,232.51,233.64,234.49,232.51,92880394.0,15.96,15.75,115.54,134.36,1.2053,1.7691,2.2374,2.8923,102.628,1.0,3.93,1.19,4.4,2.4,56.5,56.2,124.9,222.0,0.96,130.4,133.72,61.59,39.14,123.47,122.6,100.49,87.22,22.9,26.185,34.655,73.98
2017-04-17,234.57,233.11,234.57,232.88,68405367.0,14.66,14.86,101.49,139.63,1.2011,1.7756,2.2498,2.9094,104.463,1.0,3.92,1.18,4.4,2.4,56.5,56.2,124.9,222.0,0.63,131.48,135.29,61.97,39.55,123.09,122.24,100.29,87.48,23.3,26.425,34.73,74.25
2017-04-18,233.87,233.72,234.49,233.08,83225821.0,14.42,14.76,99.52,137.2,1.1604,1.6997,2.1682,2.8354,100.374,1.0,4.0,1.19,4.4,2.4,56.5,56.2,124.9,222.0,0.62,131.28,135.32,61.69,39.05,124.7,122.82,99.499,87.46,23.08,26.42,34.405,73.44
2017-04-19,233.44,234.52,234.95,233.18,68699868.0,14.93,15.08,97.89,140.2,1.1766,1.7392,2.2143,2.8729,103.184,1.0,3.96,1.19,4.4,2.4,56.5,56.2,124.9,222.0,0.7,131.49,135.79,61.44,38.81,124.02,121.73,99.738,87.38,23.01,26.4,33.9,73.66
2017-04-20,235.34,234.15,235.845,233.78,92572186.0,14.15,14.53,94.53,146.85,1.1846,1.7639,2.232,2.8822,104.333,1.0,3.92,1.19,4.4,2.4,56.5,56.2,124.9,222.0,0.68,132.59,137.52,61.93,39.29,123.54,121.96,99.778,87.67,23.4,26.64,34.065,74.12
2017-04-21,234.59,235.25,235.31,234.13,110389847.0,14.63,14.75,95.41,148.42,1.1802,1.7703,2.248,2.9015,105.988,1.0,3.92,1.19,4.4,2.4,56.5,56.2,124.9,238.0,0.67,132.56,137.21,61.97,39.29,123.54,122.31,99.977,87.6,23.16,26.585,33.895,73.68
2017-04-24,237.17,237.18,237.41,234.5628,119209877.0,10.84,12.9,78.17,144.45,1.2294,1.8017,2.273,2.9288,103.959,1.0,3.84,1.18,4.4,2.4,56.5,56.2,124.9,238.0,0.61,134.16,138.92,63.54,39.85,122.93,121.48,99.092,88.01,23.68,26.9,34.095,74.41
2017-04-25,238.55,237.91,238.95,237.81,76698265.0,10.76,12.85,75.64,139.04,1.2704,1.8549,2.3322,2.9879,105.769,1.0,3.75,1.17,4.4,2.4,56.5,56.2,124.9,238.0,0.61,135.13,140.27,63.99,40.2,121.45,120.25,98.785,88.17,23.89,27.04,34.385,74.73
2017-04-26,238.4,238.51,239.53,238.35,84702455.0,10.85,12.98,76.64,142.13,1.2717,1.8282,2.3035,2.9602,102.784,1.0,3.72,1.17,4.4,2.4,56.5,56.2,124.9,238.0,0.63,134.94,140.99,63.81,40.05,122.12,120.84,99.045,88.09,23.87,27.01,34.27,75.14
2017-04-27,238.6,238.77,238.95,237.98,57410326.0,10.36,12.8,76.66,142.55,1.2579,1.8224,2.2946,2.9642,103.27,1.0,3.75,1.17,4.4,2.4,56.5,56.2,124.9,238.0,0.72,135.75,140.95,63.87,40.0,122.08,120.39,99.076,88.15,23.76,27.12,33.895,75.3
2017-04-28,238.08,238.9,238.93,237.93,63532845.0,10.82,12.93,77.09,146.98,1.2619,1.8142,2.2802,2.9508,101.435,1.0,3.71,1.16,4.4,2.4,56.5,56.2,124.9,232.0,0.68,135.99,139.06,63.8,40.06,122.35,120.77,99.05,88.12,23.53,27.19,33.92,75.5
2017-05-01,238.68,238.68,239.17,238.195,66882521.0,10.11,12.63,78.33,128.46,1.2739,1.8405,2.318,3.0023,104.011,1.0,3.69,1.16,4.4,2.4,56.5,56.2,124.9,232.0,0.62,137.2,139.86,64.06,40.29,121.08,119.67,99.077,87.79,23.68,27.395,33.825,75.67
2017-05-02,238.77,238.84,238.98,238.3,57375732.0,10.59,12.83,79.33,127.49,1.258,1.8027,2.2803,2.9689,101.832,1.0,3.69,1.16,4.4,2.4,56.5,56.2,124.9,232.0,0.61,137.43,139.15,64.39,40.58,121.7,119.65,98.976,87.82,23.65,27.455,33.655,75.88
2017-05-03,238.48,238.29,238.8775,237.7,73137731.0,10.68,13.09,78.77,129.39,1.2939,1.8519,2.318,2.9681,101.832,1.0,3.66,1.16,4.4,2.4,56.5,56.2,124.9,232.0,0.69,136.99,138.29,64.26,40.31,121.78,117.98,99.209,87.9,23.84,27.405,33.75,75.51
2017-05-04,238.76,238.83,238.9225,237.78,61462732.0,10.46,12.83,78.0,130.48,1.3059,1.8865,2.3541,2.9983,104.415,1.0,3.69,1.15,4.4,2.4,56.5,56.2,124.9,232.0,0.77,137.04,138.1,64.87,39.86,121.18,116.79,98.797,87.43,23.88,27.385,33.13,76.01
2017-05-05,239.7,239.19,239.72,238.68,62001269.0,10.57,12.85,80.65,131.36,1.3102,1.8816,2.3487,2.9832,103.456,1.0,3.71,1.15,4.4,2.4,56.5,56.2,124.9,233.0,0.64,137.54,138.99,65.59,40.19,121.29,117.01,98.648,87.58,23.84,27.485,33.655,75.97
2017-05-08,239.66,239.75,239.92,239.17,48385730.0,9.77,12.59,81.38,128.12,1.3303,1.9113,2.3868,3.0222,105.242,1.0,3.68,1.15,4.4,2.4,56.5,56.2,124.9,233.0,0.6,137.84,138.41,65.1,40.18,120.63,116.75,99.06,87.68,23.82,27.605,33.895,75.5
2017-05-09,239.44,239.96,240.19,239.04,51363200.0,9.96,12.71,83.63,128.28,1.3405,1.9229,2.3977,3.0271,105.316,1.0,3.64,1.14,4.4,2.4,56.5,56.2,124.9,233.0,0.63,138.32,138.35,64.94,40.69,120.62,116.05,99.658,87.62,23.73,27.64,33.615,75.59
2017-05-10,239.87,239.39,239.87,239.15,54293799.0,10.21,12.91,87.49,128.27,1.3548,1.9379,2.4141,3.0407,105.531,1.0,3.63,1.13,4.4,2.4,56.5,56.2,124.9,233.0,0.62,138.4,139.21,65.04,40.96,120.48,116.04,99.669,88.0,23.81,27.745,34.06,75.37
2017-05-11,239.38,239.35,239.57,238.13,62358346.0,10.6,13.01,86.51,128.21,1.3347,1.9147,2.3874,3.0255,104.862,1.0,3.63,1.12,4.4,2.4,56.5,56.2,124.9,233.0,0.65,138.29,138.24,64.88,41.05,120.48,116.5,99.623,88.01,23.66,27.71,33.99,75.41
2017-05-12,238.98,239.09,239.4273,238.67,53912730.0,10.4,12.97,82.5,129.65,1.2904,1.8468,2.3257,2.9889,103.123,1.0,3.69,1.12,4.4,2.4,56.5,56.2,124.9,234.0,0.57,138.6,137.51,65.24,41.22,121.39,116.83,99.252,87.98,23.56,27.78,33.875,75.28
2017-05-15,240.3,239.47,240.44,239.45,61918937.0,10.42,12.78,79.53,129.44,1.2986,1.8617,2.3433,3.0064,104.062,1.0,3.64,1.11,4.4,2.4,56.5,56.2,124.9,234.0,0.55,139.04,138.58,65.57,41.64,121.06,117.14,98.911,88.18,23.74,27.935,34.14,75.77
2017-05-16,240.08,240.64,240.67,239.63,51241791.0,10.65,12.65,76.76,131.24,1.2987,1.8484,2.3257,2.9921,102.295,1.0,3.63,1.11,4.4,2.4,56.5,56.2,124.9,234.0,0.54,139.62,138.63,65.99,41.68,121.51,117.65,98.105,88.31,23.81,28.065,33.97,75.48
2017-05-17,235.82,238.1,238.64,235.75,172174107.0,15.59,15.6,111.48,133.51,1.2458,1.7542,2.2243,2.916,97.435,1.0,3.75,1.12,4.4,2.4,56.5,56.2,124.9,234.0,0.73,136.07,134.89,65.24,40.97,123.28,119.79,97.575,87.92,23.06,27.3,33.635,74.49
2017-05-18,236.77,235.73,237.75,235.43,107047656.0,14.66,14.97,104.12,137.01,1.2682,1.7722,2.2294,2.9005,95.714,1.0,3.76,1.13,4.4,2.4,56.5,56.2,124.9,234.0,0.7,137.26,135.38,65.35,40.29,123.42,118.81,97.879,88.02,23.15,27.46,33.625,74.82
2017-05-19,238.31,237.33,239.08,237.27,115011373.0,12.04,13.49,87.21,131.39,1.2703,1.7803,2.2346,2.8966,96.013,1.0,3.67,1.13,4.4,2.4,56.5,56.2,124.9,236.0,0.62,137.84,136.03,66.11,41.15,123.71,119.4,97.142,88.18,23.35,27.62,34.04,75.03
2017-05-22,239.52,238.9,239.71,238.82,61010602.0,10.93,12.96,83.47,128.57,1.2826,1.7985,2.2537,2.9136,96.697,1.0,3.64,1.12,4.4,2.4,56.5,56.2,124.9,236.0,0.54,139.0,136.95,66.19,41.19,123.37,119.9,96.984,88.45,23.41,27.84,33.965,75.23
2017-05-23,240.05,239.95,240.24,239.51,48341683.0,10.72,12.9,84.19,124.54,1.3032,1.8267,2.2799,2.9432,97.261,1.0,3.6,1.12,4.4,2.4,56.5,56.2,124.9,236.0,0.6,139.14,137.4,66.2,41.23,122.54,119.14,97.351,88.44,23.59,27.89,34.045,75.48
2017-05-24,240.61,240.32,240.73,239.93,49181099.0,10.02,12.59,81.91,123.11,1.2818,1.7852,2.2502,2.9245,96.443,1.0,3.61,1.13,4.4,2.4,56.5,56.2,124.9,236.0,0.62,139.78,137.49,66.24,41.39,123.23,119.61,97.238,88.59,23.58,28.005,33.865,75.67
2017-05-25,241.76,241.2,242.08,240.96,64071661.0,9.99,12.51,82.2,123.65,1.2937,1.7943,2.2554,2.9206,95.772,1.0,3.6,1.13,4.4,2.4,56.5,56.2,124.9,236.0,0.59,140.97,137.58,66.24,41.59,123.27,119.48,97.248,88.52,23.62,28.205,33.25,76.03
2017-05-26,241.71,241.54,241.9,241.45,46629905.0,9.81,12.44,81.81,125.41,1.2937,1.7894,2.2465,2.912,94.885,1.0,3.61,1.13,4.4,2.4,56.5,56.2,124.9,253.0,0.64,141.22,137.54,66.05,41.74,123.48,120.54,97.442,88.57,23.61,28.19,33.305,75.89
2017-05-30,241.5,241.34,241.79,241.16,35201897.0,10.38,12.74,84.3,125.37,1.2837,1.7549,2.2098,2.8772,92.407,1.0,3.63,1.13,4.4,2.4,56.5,56.2,124.9,253.0,0.68,141.34,136.46,65.98,41.52,124.09,120.14,97.28,88.66,23.45,28.31,32.86,75.78
2017-05-31,241.44,241.84,241.88,240.64,91796016.0,10.41,12.63,84.52,125.11,1.2818,1.7516,2.2028,2.8634,91.701,1.0,3.63,1.13,4.4,1.9,56.4,57.4,117.6,253.0,0.63,141.29,136.32,66.06,41.2,124.4,120.62,96.922,88.65,23.25,28.265,32.72,76.08
2017-06-01,243.36,241.97,243.38,241.64,68962024.0,9.89,12.42,83.83,124.55,1.2898,1.7615,2.2114,2.8626,91.768,1.0,3.6,1.13,4.4,1.9,56.4,57.4,117.6,253.0,0.66,141.84,138.95,66.49,41.55,124.15,120.72,97.198,88.53,23.54,28.335,32.925,76.92
2017-06-02,244.17,243.42,244.35,243.08,88666128.0,9.75,12.46,83.62,124.23,1.2879,1.7188,2.1591,2.81,86.717,1.0,3.62,1.14,4.4,1.9,56.4,57.4,117.6,251.0,0.6,143.46,139.85,67.22,41.76,125.62,121.61,96.715,88.58,23.45,28.595,32.545,77.42
2017-06-05,243.99,243.97,244.3,243.76,44698825.0,10.07,12.85,86.08,125.05,1.302,1.7418,2.1817,2.8366,87.565,1.0,3.6,1.13,4.4,1.9,56.4,57.4,117.6,251.0,0.51,143.43,138.98,66.85,41.71,124.84,121.73,96.799,88.5,23.49,28.62,32.605,77.2
2017-06-06,243.21,243.34,243.98,243.12,50375430.0,10.45,13.08,89.15,125.72,1.294,1.7138,2.1451,2.8115,84.706,1.0,3.62,1.13,4.4,1.9,56.4,57.4,117.6,251.0,0.59,142.86,138.85,66.66,41.73,125.52,123.1,96.636,88.36,23.39,28.565,32.99,77.01
2017-06-07,243.66,243.6,243.92,242.83,54144311.0,10.39,13.09,88.22,125.98,1.3061,1.7385,2.1729,2.8366,85.867,1.0,3.64,1.13,4.4,1.9,56.4,57.4,117.6,251.0,0.58,143.42,138.98,66.68,41.68,124.92,122.45,96.748,88.18,23.57,28.655,32.525,77.22
2017-06-08,243.78,243.77,244.33,243.17,65950691.0,10.16,12.76,83.28,127.09,1.3143,1.7483,2.1885,2.851,86.616,1.0,3.67,1.13,4.4,1.9,56.4,57.4,117.6,251.0,0.55,143.57,140.88,66.56,41.93,124.59,121.65,96.918,88.25,23.84,28.72,32.43,77.0
2017-06-09,243.41,244.09,245.01,241.95,132256362.0,10.7,12.96,87.41,131.26,1.3347,1.7664,2.2005,2.8556,86.179,1.0,3.65,1.13,4.4,1.9,56.4,57.4,117.6,245.0,0.72,139.98,141.61,66.31,41.61,124.4,120.54,97.274,88.32,24.29,28.01,33.21,77.52
2017-06-12,243.36,243.13,243.42,242.38,86108102.0,11.46,13.3,91.21,136.86,1.3551,1.778,2.2145,2.8694,85.537,1.0,3.62,1.13,4.4,1.9,56.4,57.4,117.6,245.0,0.68,139.23,141.38,66.06,41.39,124.36,120.36,97.138,88.47,24.34,27.845,33.445,77.42
2017-06-13,244.55,243.98,244.61,243.5799,60066953.0,10.42,12.73,86.66,136.41,1.3633,1.7813,2.2109,2.8648,84.358,1.0,3.59,1.12,4.4,1.9,56.4,57.4,117.6,245.0,0.64,140.36,142.1,66.57,41.59,124.38,120.48,96.975,88.63,24.47,28.045,33.695,77.58
2017-06-14,244.24,244.86,244.87,243.29,78602311.0,10.64,12.77,89.97,135.89,1.331,1.7153,2.1256,2.7692,79.051,1.25,3.61,1.12,4.4,1.9,56.4,57.4,117.6,245.0,0.67,139.75,141.26,66.52,41.58,126.3,119.82,96.939,88.64,24.51,27.91,33.085,77.95
2017-06-15,243.77,242.68,243.91,242.36,66464888.0,10.9,12.91,89.95,134.12,1.3514,1.7632,2.1637,2.7872,80.825,1.25,3.62,1.12,4.4,1.9,56.4,57.4,117.6,245.0,0.8,139.13,140.54,65.83,41.15,126.1,119.32,97.433,88.3,24.41,27.785,32.835,77.87
2017-06-16,242.64,242.77,242.83,241.6337,84553097.0,10.38,12.71,87.0,135.02,1.3151,1.7433,2.1514,2.7752,83.393,1.25,3.65,1.12,4.4,1.9,56.4,57.4,117.6,249.0,0.67,138.15,140.19,66.39,41.22,126.35,119.34,97.164,88.15,24.29,27.625,33.15,77.69
2017-06-19,244.66,243.59,244.73,243.48,65123802.0,10.37,12.4,85.27,138.77,1.356,1.788,2.1879,2.7849,82.781,1.25,3.6,1.11,4.4,1.9,56.4,57.4,117.6,249.0,0.58,140.46,141.23,66.66,41.63,126.17,118.43,97.548,88.42,24.54,28.035,32.94,78.5
2017-06-20,243.01,244.25,244.26,242.99,56906368.0,10.86,12.69,89.19,133.37,1.3439,1.7632,2.1565,2.7385,80.848,1.25,3.68,1.12,4.4,1.9,56.4,57.4,117.6,249.0,0.72,139.36,139.8,65.07,40.98,127.3,118.18,97.76,88.11,24.33,27.81,32.52,78.76
2017-06-21,242.95,243.42,243.59,242.41,55977569.0,10.75,12.76,88.07,129.89,1.3481,1.7731,2.1634,2.7274,81.117,1.25,3.75,1.12,4.4,1.9,56.4,57.4,117.6,249.0,0.59,140.74,139.45,64.99,41.07,127.56,118.52,97.559,87.6,24.13,27.965,31.995,79.76
2017-06-22,242.84,242.96,243.53,242.64,44148059.0,10.48,12.62,86.38,130.86,1.3401,1.7582,2.1477,2.7163,80.35,1.25,3.78,1.12,4.4,1.9,56.4,57.4,117.6,249.0,0.5,140.7,139.98,64.98,41.28,127.84,118.92,97.593,87.84,23.98,27.975,31.975,80.59
2017-06-23,243.13,242.91,243.51,242.47,66986801.0,10.02,12.36,84.52,132.76,1.3404,1.7565,2.1423,2.7155,79.772,1.25,3.78,1.12,4.4,1.9,56.4,57.4,117.6,247.0,0.58,141.24,140.91,65.14,41.5,127.78,119.43,97.264,88.2,23.89,28.15,32.19,80.47
2017-06-26,243.29,243.9,244.38,243.045,56700477.0,9.9,12.27,81.94,128.6,1.3323,1.7565,2.137,2.697,80.056,1.25,3.75,1.11,4.4,1.9,56.4,57.4,117.6,247.0,0.64,140.58,141.08,65.25,41.9,128.26,118.36,97.426,88.32,24.02,28.0,32.12,80.39
2017-06-27,241.33,243.04,243.38,241.31,82247666.0,11.06,12.96,87.3,125.46,1.3692,1.8115,2.2051,2.7518,83.19,1.25,3.69,1.1,4.4,1.9,56.4,57.4,117.6,247.0,0.6,138.03,139.84,65.24,41.41,126.89,118.81,96.394,88.04,24.14,27.54,32.07,79.66
2017-06-28,243.49,242.5,243.715,242.23,70042599.0,10.03,12.4,84.24,126.95,1.3533,1.8206,2.2279,2.781,87.06,1.25,3.69,1.1,4.4,1.9,56.4,57.4,117.6,247.0,0.68,140.02,141.98,65.81,41.73,126.47,118.9,96.01,88.4,24.52,27.885,32.245,80.08
2017-06-29,241.35,243.66,243.72,239.955,106949719.0,11.44,13.15,93.78,129.15,1.3692,1.8502,2.2666,2.8135,89.341,1.25,3.68,1.09,4.4,1.9,56.4,57.4,117.6,247.0,0.69,137.59,141.14,65.16,41.2,125.41,118.32,95.628,88.18,24.69,27.385,32.315,79.35
2017-06-30,241.8,242.28,242.71,241.575,86820694.0,11.18,13.14,90.43,129.51,1.3817,1.8884,2.3037,2.8348,91.802,1.25,3.64,1.09,4.3,1.6,56.2,56.8,117.3,256.0,0.67,137.64,140.92,65.2,41.39,125.12,118.02,95.628,88.39,24.67,27.36,32.46,79.24
2017-07-03,242.21,242.88,243.38,242.21,39153806.0,11.22,13.31,93.31,126.63,1.4101,1.9316,2.3499,2.8669,93.579,1.25,3.6,1.09,4.3,1.6,56.2,56.8,117.3,256.0,0.55,136.19,142.1,65.12,41.63,124.46,116.09,96.218,87.97,25.03,27.17,33.085,79.38
2017-07-05,242.77,242.63,243.01,241.7,54427596.0,11.07,13.31,91.98,128.67,1.4022,1.9134,2.3232,2.8469,91.69,1.25,3.61,1.08,4.3,1.6,56.2,56.8,117.3,256.0,0.61,137.53,141.59,65.12,41.55,124.49,116.52,96.29,87.9,25.07,27.44,32.415,79.85
2017-07-06,240.55,241.89,242.03,240.34,66115317.0,12.54,14.11,100.21,127.25,1.3944,1.9351,2.3659,2.9016,96.748,1.25,3.64,1.07,4.3,1.6,56.2,56.8,117.3,256.0,0.65,136.29,139.14,64.83,41.05,123.46,116.47,95.802,87.68,24.88,27.19,32.055,78.82
2017-07-07,242.11,241.21,242.28,240.5645,57972268.0,11.19,13.52,92.5,131.58,1.399,1.947,2.3856,2.9289,98.252,1.25,3.7,1.07,4.3,1.6,56.2,56.8,117.3,259.0,0.66,137.76,140.49,64.84,41.13,122.72,115.28,96.008,87.6,25.05,27.505,32.005,79.22
2017-07-10,242.37,241.95,242.8,241.76,36663274.0,11.11,13.35,89.69,133.4,1.383,1.9321,2.373,2.9265,98.596,1.25,3.71,1.06,4.3,1.6,56.2,56.8,117.3,259.0,0.64,138.66,139.88,65.0,41.52,122.9,115.47,96.022,87.7,25.02,27.705,32.11,79.07
2017-07-11,242.19,242.16,242.55,240.85,50354614.0,10.89,13.16,88.23,132.75,1.3751,1.9156,2.3605,2.9234,98.135,1.25,3.72,1.06,4.3,1.6,56.2,56.8,117.3,259.0,0.69,139.05,140.29,65.15,41.86,123.11,115.62,95.669,87.64,24.8,27.765,32.285,78.98
2017-07-12,244.01,243.3,244.2,243.3,59610405.0,10.3,12.78,88.19,134.95,1.3429,1.8741,2.3177,2.8838,97.075,1.25,3.7,1.06,4.3,1.6,56.2,56.8,117.3,259.0,0.6,140.7,141.37,65.67,42.67,123.96,116.03,95.761,88.21,24.88,28.125,32.375,79.52
2017-07-13,244.42,244.02,244.55,243.76,39471637.0,9.9,12.55,85.68,138.35,1.3633,1.8908,2.3444,2.9172,97.708,1.25,3.67,1.05,4.3,1.6,56.2,56.8,117.3,259.0,0.62,141.01,141.49,65.86,42.88,123.18,115.82,95.728,88.28,25.03,28.18,32.505,79.59
2017-07-14,245.56,244.43,245.97,244.31,60262692.0,9.51,12.23,82.2,137.71,1.3556,1.866,2.3319,2.9195,97.223,1.25,3.65,1.05,4.3,1.6,56.2,56.8,117.3,245.0,0.53,142.12,141.73,66.32,43.42,123.33,116.77,95.153,88.53,24.92,28.43,32.7,80.13
2017-07-17,245.53,245.47,245.91,245.33,33531917.0,9.82,12.28,80.27,139.87,1.3557,1.8594,2.3141,2.9039,95.424,1.25,3.6,1.05,4.3,1.6,56.2,56.8,117.3,245.0,0.63,142.19,142.06,66.19,43.22,123.67,117.29,95.128,88.56,24.84,28.435,32.66,79.84
2017-07-18,245.66,245.06,245.72,244.67,42742498.0,9.89,12.25,79.14,137.53,1.3477,1.8129,2.259,2.8461,90.715,1.25,3.6,1.04,4.3,1.6,56.2,56.8,117.3,245.0,0.62,143.14,141.69,66.25,43.35,124.75,118.11,94.604,88.6,24.8,28.565,32.505,79.9
2017-07-19,246.99,246.02,247.0,246.01,51034260.0,9.79,12.0,77.96,136.88,1.356,1.8246,2.2696,2.8514,90.946,1.25,3.56,1.04,4.3,1.6,56.2,56.8,117.3,245.0,0.56,143.98,143.1,66.54,43.71,124.8,118.08,94.779,88.75,24.81,28.71,32.98,80.55
2017-07-20,247.1,247.28,247.42,246.47,47135183.0,9.58,12.04,76.26,130.88,1.3521,1.818,2.2589,2.8254,90.273,1.25,3.54,1.04,4.3,1.6,56.2,56.8,117.3,245.0,0.53,144.17,143.2,66.81,43.66,125.16,118.24,94.306,88.8,24.8,28.77,32.88,81.08
2017-07-21,246.88,246.44,246.91,246.18,88711019.0,9.36,12.06,77.86,134.53,1.3402,1.8031,2.2375,2.8087,89.327,1.25,3.56,1.04,4.3,1.6,56.2,56.8,117.3,249.0,0.56,144.11,142.55,66.55,43.63,125.69,119.26,93.858,88.73,24.8,28.735,32.555,80.99
2017-07-24,246.82,246.79,246.98,246.28,46622256.0,9.43,12.04,78.24,132.67,1.3567,1.8214,2.2552,2.8345,89.438,1.25,3.52,1.03,4.3,1.6,56.2,56.8,117.3,249.0,0.68,144.77,142.75,66.37,43.76,125.2,119.31,93.977,88.8,24.91,28.805,32.495,80.96
2017-07-25,247.42,247.68,247.8,247.16,54915591.0,9.43,12.05,79.17,135.61,1.3899,1.89,2.3354,2.9171,94.139,1.25,3.47,1.03,4.3,1.6,56.2,56.8,117.3,249.0,0.61,144.4,144.05,66.46,43.65,123.57,118.92,94.054,88.84,25.22,28.75,32.905,80.38
2017-07-26,247.43,247.75,247.79,247.13,47575422.0,9.6,12.11,82.34,135.61,1.3551,1.8265,2.2872,2.8914,92.807,1.25,3.5,1.03,4.3,1.6,56.2,56.8,117.3,249.0,0.65,144.87,143.25,66.87,44.01,123.77,119.88,93.672,88.97,25.05,28.86,32.94,80.11
2017-07-27,247.2,247.96,248.0,245.68,70766568.0,10.11,12.42,86.87,140.81,1.3631,1.852,2.3103,2.9194,94.507,1.25,3.48,1.02,4.3,1.6,56.2,56.8,117.3,249.0,0.71,143.96,142.34,66.72,43.77,123.16,119.79,93.864,88.9,24.91,28.75,33.275,79.56
2017-07-28,246.91,246.65,247.06,246.13,50088359.0,10.29,12.58,87.2,139.91,1.3472,1.8339,2.2889,2.8953,93.77,1.25,3.49,1.03,4.3,1.6,56.2,56.8,117.3,245.0,0.63,143.84,141.96,66.79,43.75,123.89,120.69,93.259,88.91,24.91,28.72,33.235,79.96
2017-07-31,246.77,247.37,247.48,246.53,65838659.0,10.26,12.47,86.76,139.82,1.3491,1.8356,2.2942,2.8999,93.91,1.25,3.52,1.02,4.3,1.7,56.5,55.4,120.0,245.0,0.62,143.23,141.51,66.93,43.8,124.04,120.75,92.863,88.91,25.09,28.58,33.31,79.89
2017-08-01,247.32,247.46,247.5,246.716,55050401.0,10.09,12.4,84.55,138.72,1.3411,1.7994,2.2532,2.8567,90.611,1.25,3.49,1.03,4.3,1.7,56.5,55.4,120.0,245.0,0.64,143.56,141.78,67.3,43.93,124.64,120.65,93.043,88.63,25.27,28.725,33.305,79.71
2017-08-02,247.44,247.47,247.6,246.37,47211216.0,10.28,12.56,86.89,142.02,1.359,1.8256,2.271,2.8559,90.796,1.25,3.49,1.03,4.3,1.7,56.5,55.4,120.0,245.0,0.75,143.95,140.23,67.33,43.97,124.71,120.4,92.836,88.65,25.31,28.805,33.18,79.53
2017-08-03,246.96,247.31,247.34,246.64,40855997.0,10.44,12.74,87.66,138.32,1.339,1.7879,2.2212,2.7972,87.817,1.25,3.53,1.04,4.3,1.7,56.5,55.4,120.0,245.0,0.71,143.39,139.53,67.37,43.79,126.0,120.59,92.839,88.48,25.22,28.74,32.715,79.66
2017-08-04,247.41,247.52,247.79,246.97,60191838.0,10.03,12.75,87.39,139.81,1.3509,1.8157,2.262,2.842,90.706,1.25,3.52,1.05,4.3,1.7,56.5,55.4,120.0,254.0,0.66,143.65,140.21,67.46,43.95,124.93,119.65,93.542,88.5,25.39,28.805,32.82,79.48
2017-08-07,247.87,247.49,247.87,247.37,31995021.0,9.93,12.66,90.01,138.91,1.3509,1.8107,2.253,2.8336,89.816,1.25,3.53,1.05,4.3,1.7,56.5,55.4,120.0,254.0,0.77,144.56,140.44,67.49,44.25,125.07,119.51,93.432,88.46,25.35,28.98,32.57,79.65
2017-08-08,247.26,247.51,248.91,246.83,61719353.0,10.96,13.2,98.68,140.05,1.3508,1.8172,2.2619,2.8428,90.707,1.25,3.54,1.06,4.3,1.7,56.5,55.4,120.0,254.0,0.67,144.31,140.0,67.13,44.26,124.62,119.86,93.647,88.08,25.28,28.94,32.495,79.28
2017-08-09,247.25,246.47,247.31,246.06,62632619.0,11.11,13.49,106.77,141.2,1.3387,1.804,2.2476,2.8222,90.49,1.25,3.68,1.09,4.3,1.7,56.5,55.4,120.0,254.0,0.83,144.12,138.79,67.02,43.86,125.3,121.31,93.548,87.74,25.28,28.925,32.525,79.37
2017-08-10,243.76,246.29,246.44,243.7,120479470.0,16.04,16.21,135.32,136.48,1.3246,1.7711,2.1975,2.7729,86.694,1.25,3.8,1.1,4.3,1.7,56.5,55.4,120.0,254.0,0.88,141.03,136.27,66.07,42.82,126.37,122.21,93.401,87.18,24.83,28.355,32.18,78.38
2017-08-11,244.12,244.02,244.8,243.75,74869947.0,15.51,16.39,127.43,135.43,1.294,1.7429,2.1888,2.7855,89.076,1.25,3.87,1.12,4.3,1.7,56.5,55.4,120.0,245.0,0.94,142.1,136.47,65.95,42.92,126.43,122.79,93.069,87.33,24.73,28.55,31.97,78.6
2017-08-14,246.54,245.59,246.79,245.55,73291919.0,12.33,13.92,100.6,142.07,1.3182,1.7692,2.2185,2.8073,89.626,1.25,3.81,1.11,4.3,1.7,56.5,55.4,120.0,245.0,0.59,143.93,138.54,66.43,43.36,125.78,121.92,93.411,87.79,25.07,29.005,31.875,79.13
2017-08-15,246.51,246.98,247.0,246.16,55242746.0,12.04,13.9,96.71,143.23,1.3465,1.8253,2.2728,2.8488,92.025,1.25,3.78,1.1,4.3,1.7,56.5,55.4,120.0,245.0,0.68,144.03,137.4,66.38,43.41,125.25,120.98,93.853,87.82,25.09,29.05,31.755,79.13
2017-08-16,246.94,247.11,247.57,246.45,56715544.0,11.74,13.58,94.82,148.62,1.3261,1.7806,2.222,2.8073,89.177,1.25,3.79,1.09,4.3,1.7,56.5,55.4,120.0,245.0,0.62,144.28,137.44,66.76,43.86,125.71,121.87,93.541,87.83,25.04,29.135,31.45,79.35
2017-08-17,243.09,246.24,246.6,243.09,128490396.0,15.55,16.14,117.77,142.73,1.2956,1.7492,2.1853,2.7739,88.36,1.25,3.85,1.1,4.3,1.7,56.5,55.4,120.0,245.0,0.78,141.33,134.93,66.01,43.3,126.65,122.49,93.622,87.34,24.61,28.565,31.005,78.36
2017-08-18,242.71,242.9,244.189,242.2,136747986.0,14.26,15.65,114.39,128.86,1.3054,1.7589,2.1939,2.7762,88.443,1.25,3.89,1.1,4.3,1.7,56.5,55.4,120.0,245.0,0.82,141.23,134.92,66.19,43.67,126.62,122.3,93.434,87.47,24.62,28.535,31.16,78.0
2017-08-21,242.9,242.64,243.2,241.83,65469736.0,13.19,14.99,101.39,131.61,1.3012,1.7506,2.1817,2.7631,87.637,1.25,3.9,1.11,4.3,1.7,56.5,55.4,120.0,245.0,0.57,141.05,134.83,66.17,43.83,126.93,122.76,93.095,87.56,24.55,28.525,31.0,78.35
2017-08-22,245.44,243.57,245.62,243.55,63140101.0,11.35,13.63,92.7,135.72,1.3216,1.7836,2.2131,2.7847,88.744,1.25,3.86,1.1,4.3,1.7,56.5,55.4,120.0,245.0,0.55,143.2,136.29,66.49,44.32,126.44,122.21,93.545,87.92,24.82,28.95,31.205,79.3
2017-08-23,244.56,244.33,245.05,244.16,50203837.0,12.25,14.33,98.96,129.98,1.3051,1.7438,2.166,2.7461,85.674,1.25,3.88,1.11,4.3,1.7,56.5,55.4,120.0,245.0,0.58,142.69,136.07,66.5,44.53,127.3,122.67,93.147,87.93,24.74,28.88,31.34,78.7
2017-08-24,243.99,245.0,245.18,243.75,50741671.0,12.23,14.39,100.26,129.95,1.3297,1.7752,2.1939,2.7692,86.011,1.25,3.84,1.1,4.3,1.7,56.5,55.4,120.0,245.0,0.69,142.27,136.49,66.35,44.67,126.83,122.29,93.277,88.06,24.74,28.855,31.36,78.93
2017-08-25,244.56,244.9,245.61,244.39,64445912.0,11.28,13.99,95.53,130.16,1.3315,1.7568,2.1659,2.7469,82.817,1.25,3.83,1.1,4.3,1.7,56.5,55.4,120.0,247.0,0.69,141.97,136.88,66.75,44.93,127.32,122.74,92.74,88.22,24.81,28.85,31.5,78.95
2017-08-28,244.57,245.17,245.2,244.09,40565606.0,11.32,13.99,96.42,128.32,1.3253,1.7402,2.1571,2.7554,82.774,1.25,3.82,1.1,4.3,1.7,56.5,55.4,120.0,247.0,0.55,142.41,137.46,66.75,44.77,127.24,124.69,92.207,88.23,24.65,28.905,31.36,79.37
2017-08-29,244.85,243.06,245.15,242.93,51135715.0,11.7,14.12,98.79,131.48,1.3155,1.7036,2.1292,2.7384,80.776,1.25,3.84,1.11,4.3,1.7,56.5,55.4,120.0,247.0,0.61,142.97,137.49,66.48,44.69,127.65,124.42,92.249,88.12,24.57,29.03,31.32,79.52
2017-08-30,246.01,244.83,246.32,244.62,62030805.0,11.22,14.14,98.9,130.53,1.3255,1.7167,2.1309,2.7377,80.152,1.25,3.81,1.1,4.3,1.7,56.5,55.4,120.0,247.0,0.57,144.65,138.37,66.39,44.76,127.61,124.36,92.884,88.36,24.67,29.24,31.335,79.93
2017-08-31,247.49,246.72,247.77,246.0473,103803880.0,10.59,13.8,94.86,134.0,1.3255,1.702,2.117,2.7262,78.747,1.25,3.78,1.1,4.4,1.9,58.4,55.8,120.4,247.0,0.57,146.2,139.73,66.9,44.83,127.99,125.82,92.668,88.6,24.7,29.415,31.485,81.29
2017-09-01,247.84,247.92,248.33,247.67,62006989.0,10.13,13.59,93.6,134.85,1.342,1.7383,2.1657,2.777,81.973,1.25,3.73,1.1,4.4,1.9,58.4,55.8,120.4,297.0,0.56,146.0,140.52,66.99,45.16,126.75,126.06,92.814,88.32,24.77,29.39,31.79,81.23
2017-09-05,246.06,247.26,247.52,244.95,91398777.0,12.23,14.58,102.66,133.48,1.29,1.6414,2.0596,2.6806,76.559,1.25,3.8,1.11,4.4,1.9,58.4,55.8,120.4,297.0,0.67,144.69,139.17,66.54,44.57,128.76,127.46,92.252,88.12,24.24,29.13,31.965,80.88
2017-09-06,246.9,246.84,247.28,246.23,57916867.0,11.63,14.4,99.61,136.48,1.3021,1.6841,2.1046,2.7224,79.854,1.25,3.74,1.11,4.4,1.9,58.4,55.8,120.4,297.0,0.56,145.13,139.46,66.95,44.86,127.97,126.81,92.29,88.06,24.3,29.155,32.485,81.27
2017-09-07,246.87,247.25,247.27,246.4,58034730.0,11.55,14.32,96.29,135.39,1.262,1.625,2.0387,2.6572,77.273,1.25,3.78,1.12,4.4,1.9,58.4,55.8,120.4,297.0,0.55,145.47,139.11,67.5,45.19,129.28,128.13,91.663,88.07,23.88,29.255,32.545,82.17
2017-09-08,246.58,246.54,247.11,246.3,63832825.0,12.12,14.69,100.12,130.57,1.262,1.6332,2.0507,2.6692,78.462,1.25,3.81,1.13,4.4,1.9,58.4,55.8,120.4,280.0,0.73,144.21,139.22,67.51,44.89,129.0,127.97,91.352,87.79,24.1,29.015,32.2,82.54
2017-09-11,249.21,248.04,249.3,248.02,71364848.0,10.73,13.86,93.66,136.96,1.3186,1.709,2.1306,2.743,80.796,1.25,3.74,1.12,4.4,1.9,58.4,55.8,120.4,280.0,0.65,145.87,140.68,68.04,45.49,127.46,126.19,91.875,88.07,24.52,29.425,32.505,83.18
2017-09-12,250.05,249.63,250.09,249.42,56896027.0,10.58,13.56,92.39,139.6,1.3348,1.7454,2.1672,2.7715,82.836,1.25,3.69,1.11,4.4,1.9,58.4,55.8,120.4,280.0,0.58,146.22,141.54,68.25,45.44,126.79,126.56,91.882,88.18,24.81,29.495,32.705,83.36
2017-09-13,250.17,249.72,250.21,249.59,59228002.0,10.5,13.23,90.89,142.74,1.3471,1.767,2.1883,2.7863,83.71,1.25,3.67,1.11,4.4,1.9,58.4,55.8,120.4,280.0,0.55,146.42,141.96,67.88,45.2,126.29,125.61,92.52,88.21,24.85,29.455,33.115,83.05
2017-09-14,250.09,249.8,250.32,249.6,95446349.0,10.44,13.16,92.09,142.74,1.3615,1.777,2.1847,2.7669,81.923,1.25,3.64,1.1,4.4,1.9,58.4,55.8,120.4,280.0,0.56,145.56,141.83,68.0,45.32,126.81,126.16,92.124,88.33,24.8,29.355,33.275,83.16
2017-09-15,249.19,248.69,249.29,248.57,95432382.0,10.17,12.96,90.63,144.54,1.3803,1.8055,2.2023,2.77,81.793,1.25,3.64,1.09,4.4,1.9,58.4,55.8,120.4,261.0,0.63,146.06,142.41,68.06,45.59,126.86,125.53,91.872,88.41,24.77,29.37,32.92,82.59
2017-09-18,249.72,249.61,250.12,249.28,46235238.0,10.15,12.69,90.46,143.65,1.3947,1.8256,2.2287,2.7987,82.986,1.25,3.59,1.08,4.4,1.9,58.4,55.8,120.4,261.0,0.61,145.55,143.38,68.15,45.75,126.13,124.36,92.047,88.37,25.06,29.395,33.06,82.57
2017-09-19,249.97,250.0,250.07,249.6,47108148.0,10.18,12.73,91.22,142.64,1.4011,1.8341,2.2446,2.8167,84.146,1.25,3.58,1.07,4.4,1.9,58.4,55.8,120.4,261.0,0.67,145.8,143.38,68.47,45.85,125.82,124.62,91.793,88.46,25.25,29.525,33.195,81.92
2017-09-20,250.06,250.07,250.19,248.92,59574083.0,9.78,12.66,90.91,138.94,1.4382,1.8743,2.2676,2.8081,82.53,1.25,3.52,1.06,4.4,1.9,58.4,55.8,120.4,261.0,0.61,145.35,143.84,68.32,45.64,125.91,123.62,92.508,88.45,25.4,29.405,33.42,82.0
2017-09-21,249.39,249.88,249.98,249.185,48211398.0,9.67,12.66,92.32,137.87,1.4385,1.8862,2.2765,2.805,83.39,1.25,3.52,1.06,4.4,1.9,58.4,55.8,120.4,261.0,0.66,144.46,143.69,68.18,45.64,125.84,122.68,92.259,88.34,25.46,29.245,33.43,81.58
2017-09-22,249.44,249.05,249.63,249.02,51214032.0,9.59,12.85,93.29,137.5,1.431,1.8614,2.2499,2.7801,81.476,1.25,3.56,1.06,4.4,1.9,58.4,55.8,120.4,264.0,0.77,144.32,144.3,68.39,45.38,126.2,123.24,92.171,88.43,25.43,29.26,33.6,81.58
2017-09-25,248.93,249.15,249.5532,248.08,57064357.0,10.21,13.06,96.4,135.07,1.423,1.8364,2.2198,2.7615,79.269,1.25,3.57,1.06,4.4,1.9,58.4,55.8,120.4,264.0,0.64,142.8,144.5,68.0,44.61,126.99,124.53,92.648,88.48,25.4,28.915,34.085,81.34
2017-09-26,249.08,249.42,249.7,248.805,54081959.0,10.17,13.02,94.81,134.25,1.4356,1.8583,2.2357,2.7739,79.594,1.25,3.54,1.05,4.4,1.9,58.4,55.8,120.4,264.0,0.69,143.17,144.61,67.85,44.49,126.76,123.14,92.966,88.59,25.39,29.02,34.07,81.21
2017-09-27,250.05,249.88,250.49,248.87,81001426.0,9.87,12.91,95.36,129.49,1.4707,1.9055,2.3103,2.8625,83.559,1.25,3.5,1.04,4.4,1.9,58.4,55.8,120.4,264.0,0.61,144.46,147.44,67.9,44.33,124.85,121.98,93.361,88.63,25.7,29.315,34.215,81.18
2017-09-28,250.35,249.73,250.44,249.63,44778841.0,9.55,12.76,94.1,132.99,1.4508,1.8931,2.3085,2.8712,85.379,1.25,3.5,1.03,4.4,1.9,58.4,55.8,120.4,264.0,0.52,144.41,147.83,68.08,44.3,124.48,122.21,93.085,88.63,25.74,29.35,34.245,81.25
2017-09-29,251.23,250.34,251.32,250.13,85578002.0,9.51,12.49,93.14,137.75,1.4827,1.936,2.3336,2.8601,84.489,1.25,3.47,1.01,4.4,1.9,58.4,55.8,120.4,260.0,0.59,145.45,148.18,68.48,44.81,124.76,121.58,93.076,88.76,25.86,29.55,34.24,81.73
2017-10-02,252.32,251.49,252.32,251.2926,59022985.0,9.45,12.36,92.48,138.02,1.4828,1.9344,2.3408,2.8736,85.392,1.25,3.45,1.0,4.4,1.9,58.4,55.8,120.4,260.0,0.61,145.58,150.0,68.42,44.82,124.28,120.77,93.559,88.35,26.08,29.595,34.23,82.56
2017-10-03,252.86,252.46,252.89,252.23,66810169.0,9.51,12.31,91.59,137.15,1.471,1.9162,2.3229,2.8641,84.792,1.25,3.45,0.99,4.4,1.9,58.4,55.8,120.4,260.0,0.66,145.89,150.33,68.65,45.53,124.4,120.83,93.569,88.51,26.17,29.665,34.195,82.54
2017-10-04,253.16,252.69,253.44,252.56,55953619.0,9.63,12.38,92.12,144.19,1.4711,1.9162,2.3229,2.8657,84.602,1.25,3.43,0.99,4.4,1.9,58.4,55.8,120.4,260.0,0.58,146.03,149.85,68.52,45.52,124.41,121.17,93.458,88.42,26.05,29.645,34.17,82.94
2017-10-05,254.66,253.54,254.68,253.196,63522757.0,9.19,12.18,91.79,140.33,1.4873,1.9444,2.348,2.8904,85.67,1.25,3.41,0.98,4.4,1.9,58.4,55.8,120.4,260.0,0.69,147.46,150.26,68.48,45.86,123.94,120.52,93.961,88.53,26.32,29.93,34.325,83.0
2017-10-06,254.37,254.15,254.7008,253.85,80645998.0,9.65,12.44,97.09,140.35,1.504,1.9561,2.3589,2.8936,85.079,1.25,3.41,0.98,4.4,1.9,58.4,55.8,120.4,252.0,0.7,147.66,150.05,68.43,45.63,123.59,121.09,93.8,88.4,26.35,29.975,34.035,82.89
2017-10-09,253.95,254.63,254.7,253.65,35803138.0,10.33,12.73,101.83,139.83,1.504,1.9561,2.3589,2.8936,85.079,1.25,3.41,0.98,4.4,1.9,58.4,55.8,120.4,252.0,0.73,147.49,149.43,68.45,45.6,123.98,122.08,93.675,88.41,26.25,30.05,34.105,82.37
2017-10-10,254.62,254.6,255.05,253.98,43057363.0,10.08,12.47,97.33,139.24,1.5123,1.9595,2.3607,2.8952,84.434,1.25,3.42,0.98,4.4,1.9,58.4,55.8,120.4,252.0,0.54,147.6,149.86,69.1,46.05,124.18,122.4,93.29,88.48,26.37,30.08,34.135,82.56
2017-10-11,255.02,254.51,255.02,254.32,47674325.0,9.85,12.24,99.22,138.74,1.5186,1.9562,2.3481,2.8824,82.552,1.25,3.41,0.98,4.4,1.9,58.4,55.8,120.4,252.0,0.62,148.04,149.75,69.27,46.26,124.42,122.79,93.015,88.39,26.32,30.18,34.215,82.72
2017-10-12,254.64,254.66,255.06,254.365,47065144.0,9.91,12.26,97.77,136.36,1.5127,1.938,2.3177,2.8467,80.094,1.25,3.44,0.98,4.4,1.9,58.4,55.8,120.4,252.0,0.7,147.77,149.64,69.21,46.24,124.95,122.89,93.057,88.29,26.12,30.105,34.09,82.63
2017-10-13,254.95,255.14,255.27,254.64,54800435.0,9.61,11.98,97.8,138.28,1.4929,1.8998,2.273,2.805,77.609,1.25,3.48,0.98,4.4,1.9,58.4,55.8,120.4,235.0,0.65,148.34,149.37,69.57,46.66,125.85,123.82,93.091,88.33,26.13,30.25,34.07,82.42
2017-10-16,255.29,255.21,255.51,254.82,38221675.0,9.91,11.94,97.65,147.53,1.5379,1.9497,2.3034,2.8231,76.142,1.25,3.42,0.98,4.4,1.9,58.4,55.8,120.4,235.0,0.7,148.85,149.24,69.52,46.63,125.76,122.97,93.312,88.38,26.3,30.36,34.145,82.06
2017-10-17,255.47,255.23,255.52,254.98,31560964.0,10.31,12.05,98.74,150.12,1.5463,1.9581,2.2998,2.8019,74.944,1.25,3.41,0.98,4.4,1.9,58.4,55.8,120.4,235.0,0.66,149.04,148.81,69.34,46.39,125.92,122.13,93.486,88.51,26.17,30.36,34.165,83.16
2017-10-18,255.72,255.9,255.95,255.5,40888330.0,10.07,11.92,94.34,147.95,1.5629,1.9932,2.3465,2.8562,77.949,1.25,3.37,0.97,4.4,1.9,58.4,55.8,120.4,235.0,0.72,148.86,149.52,69.54,46.5,125.09,121.67,93.363,88.6,26.31,30.435,33.925,83.28
2017-10-19,255.79,254.83,255.83,254.35,61903788.0,10.05,11.96,93.33,146.16,1.5304,1.9532,2.3178,2.8365,78.332,1.25,3.39,0.97,4.4,1.9,58.4,55.8,120.4,235.0,0.7,148.31,149.29,69.43,46.09,125.31,122.39,93.266,88.61,26.33,30.345,33.82,83.79
2017-10-20,257.11,256.7,257.14,255.7744,89176377.0,9.97,11.85,90.53,148.81,1.5763,2.0202,2.3845,2.8969,80.405,1.25,3.3,0.96,4.4,1.9,58.4,55.8,120.4,241.0,0.6,148.71,149.98,69.34,46.26,123.98,121.61,93.701,88.69,26.64,30.55,33.885,83.88
2017-10-23,256.11,257.48,257.51,256.02,63915306.0,11.07,12.55,97.09,142.46,1.5642,1.9985,2.3664,2.8833,79.812,1.25,3.28,0.95,4.4,1.9,58.4,55.8,120.4,241.0,0.65,147.74,148.86,69.19,45.89,124.2,121.8,93.936,88.59,26.62,30.405,33.71,83.67
2017-10-24,256.56,256.6,256.83,256.15,66935910.0,11.16,12.67,98.43,142.15,1.581,2.0439,2.4189,2.9331,83.382,1.25,3.26,0.94,4.4,1.9,58.4,55.8,120.4,241.0,0.63,147.99,149.17,69.3,45.89,123.43,121.33,93.772,88.59,26.81,30.49,33.775,83.11
2017-10-25,255.29,256.18,256.31,254.0,103715291.0,11.23,12.95,100.16,138.0,1.595,2.044,2.4317,2.9404,83.278,1.25,3.3,0.94,4.4,1.9,58.4,55.8,120.4,241.0,0.71,147.43,148.45,69.03,45.79,122.84,121.35,93.711,88.34,26.65,30.325,33.54,82.99
2017-10-26,255.62,255.99,256.3,255.48,69797972.0,11.3,12.93,97.73,135.36,1.6149,2.0777,2.4609,2.9714,84.196,1.25,3.29,0.94,4.4,1.9,58.4,55.8,120.4,241.0,0.61,146.96,148.76,69.02,45.48,122.43,120.33,94.612,88.23,26.8,30.45,33.61,82.16
2017-10-27,257.71,256.47,257.89,255.6254,85562544.0,9.8,12.23,92.78,135.7,1.5875,2.0281,2.4064,2.9179,81.494,1.25,3.34,0.94,4.4,1.9,58.4,55.8,120.4,241.0,0.55,151.24,149.79,69.18,46.14,123.24,120.9,94.916,88.47,26.78,31.27,33.67,82.14
2017-10-30,256.75,257.07,257.6,256.41,54285687.0,10.5,12.57,95.19,132.54,1.5737,1.9951,2.3684,2.8802,79.077,1.25,3.37,0.94,4.4,1.9,58.4,55.8,120.4,241.0,0.69,151.58,148.21,69.34,45.85,124.42,121.13,94.56,88.45,26.67,31.34,33.845,81.26
2017-10-31,257.15,257.18,257.44,256.805,60304781.0,10.18,12.38,92.01,131.81,1.5997,2.0165,2.3793,2.8794,77.559,1.25,3.38,0.95,4.2,2.0,58.6,60.4,126.2,241.0,0.57,152.15,149.26,69.63,46.28,124.46,120.67,94.552,88.47,26.6,31.475,33.955,81.11
2017-11-01,257.49,258.04,258.43,257.07,54202736.0,10.2,12.57,92.0,129.05,1.6119,2.0182,2.3721,2.8579,75.424,1.25,3.37,0.95,4.2,2.0,58.6,60.4,126.2,241.0,0.71,152.1,148.27,69.7,46.52,124.75,121.11,94.815,88.02,26.64,31.48,34.34,81.31
2017-11-02,257.59,257.41,257.75,256.19,56449535.0,9.93,12.68,91.48,128.97,1.608,2.0,2.345,2.8255,73.302,1.25,3.39,0.96,4.2,2.0,58.6,60.4,126.2,241.0,0.63,151.81,148.71,69.91,46.58,125.3,121.19,94.685,87.97,26.89,31.495,34.24,80.94
2017-11-03,258.45,257.77,258.5,257.3,59589730.0,9.14,12.42,89.68,130.34,1.6145,1.99,2.3325,2.8129,71.599,1.25,3.39,0.97,4.2,2.0,58.6,60.4,126.2,248.0,0.6,153.27,148.61,69.8,46.34,125.64,120.62,94.941,87.98,26.78,31.745,34.34,81.61
2017-11-06,258.85,258.3,259.0,258.22,49652598.0,9.4,12.57,91.25,130.52,1.6207,1.9834,2.3163,2.7941,69.158,1.25,3.41,0.98,4.2,2.0,58.6,60.4,126.2,248.0,0.61,153.79,148.78,69.9,46.86,126.11,121.65,94.757,87.99,26.75,31.815,35.125,81.36
2017-11-07,258.67,258.97,259.35,258.09,57502161.0,9.89,12.76,93.45,129.15,1.6289,1.9884,2.3145,2.777,68.155,1.25,3.44,0.99,4.2,2.0,58.6,60.4,126.2,248.0,0.64,153.88,147.0,69.64,46.56,126.64,121.21,94.913,87.74,26.38,31.83,35.08,81.53
2017-11-08,259.11,258.47,259.22,258.15,50469579.0,9.78,12.88,97.74,131.5,1.6452,2.0099,2.3343,2.7918,68.507,1.25,3.5,0.99,4.2,2.0,58.6,60.4,126.2,248.0,0.68,154.5,147.2,69.87,46.78,126.36,121.63,94.866,87.35,26.25,32.005,34.91,81.72
2017-11-09,258.17,257.73,258.39,256.36,95085497.0,10.5,13.14,98.82,128.95,1.6333,2.0116,2.3416,2.8161,70.226,1.25,3.63,1.0,4.2,2.0,58.6,60.4,126.2,248.0,0.64,153.69,146.68,69.47,46.49,126.0,122.13,94.444,86.92,26.16,31.75,35.015,81.73
2017-11-10,258.09,257.73,258.2926,257.37,59984662.0,11.29,13.61,104.76,130.56,1.6541,2.0515,2.3984,2.8797,74.02,1.25,3.6,1.01,4.2,2.0,58.6,60.4,126.2,254.0,0.66,153.68,146.57,69.28,46.29,124.1,121.13,94.391,87.11,26.08,31.75,34.83,81.2
2017-11-13,258.33,257.31,258.59,257.27,50228648.0,11.5,13.75,106.3,129.75,1.6808,2.0749,2.4055,2.871,72.266,1.25,3.6,1.01,4.2,2.0,58.6,60.4,126.2,254.0,0.69,153.87,146.61,68.99,46.19,124.36,121.31,94.49,87.05,26.12,31.74,34.63,81.28
2017-11-14,257.73,257.41,257.85,256.52,61315152.0,11.59,13.93,103.18,130.15,1.6872,2.0582,2.3717,2.83,68.047,1.25,3.68,1.02,4.2,2.0,58.6,60.4,126.2,254.0,0.62,153.31,146.21,68.94,45.88,125.2,121.56,93.827,86.68,26.11,31.675,34.07,80.95
2017-11-15,256.44,256.62,257.22,255.63,80811525.0,13.13,14.66,106.27,135.21,1.6834,2.0316,2.3222,2.7646,63.473,1.25,3.79,1.03,4.2,2.0,58.6,60.4,126.2,254.0,0.74,152.59,145.63,68.61,45.64,126.56,121.41,93.813,86.68,26.18,31.44,33.685,80.72
2017-11-16,258.62,257.52,259.04,257.4748,67777027.0,11.76,13.96,100.15,136.3,1.7082,2.0699,2.3753,2.8268,66.309,1.25,3.63,1.02,4.2,2.0,58.6,60.4,126.2,254.0,0.64,154.54,147.77,69.16,46.59,125.46,121.4,93.932,87.53,26.19,31.88,33.55,81.56
2017-11-17,257.86,258.22,258.5882,257.77,75756833.0,11.43,13.8,97.12,137.19,1.7213,2.0567,2.3435,2.7778,61.801,1.25,3.62,1.02,4.2,2.0,58.6,60.4,126.2,246.0,0.56,153.95,148.45,68.91,46.82,126.39,122.86,93.662,87.47,26.16,31.675,33.715,81.24
2017-11-20,258.3,258.14,258.525,257.86,48075514.0,10.65,13.28,93.76,135.83,1.7505,2.0919,2.3666,2.7801,61.195,1.25,3.58,1.01,4.2,2.0,58.6,60.4,126.2,246.0,0.59,153.83,149.53,69.06,47.06,126.34,121.31,94.08,87.49,26.28,31.795,33.635,80.9
2017-11-21,259.99,259.18,260.2,258.2627,69176799.0,9.73,12.55,89.27,133.56,1.7715,2.0986,2.3559,2.7577,58.239,1.25,3.53,1.0,4.2,2.0,58.6,60.4,126.2,246.0,0.58,155.5,151.09,69.58,47.69,126.74,121.51,93.952,87.67,26.36,32.13,33.71,81.61
2017-11-22,259.76,260.0,260.15,259.57,45033392.0,9.88,12.44,86.42,132.52,1.7267,2.0417,2.3187,2.7392,58.79,1.25,3.56,0.99,4.2,2.0,58.6,60.4,126.2,246.0,0.57,155.69,150.89,69.77,47.81,127.15,122.63,93.22,87.81,26.23,32.07,33.845,81.58
2017-11-24,260.36,260.32,260.48,260.16,27856514.0,9.67,12.42,86.32,130.98,1.7443,2.0636,2.3418,2.7638,59.134,1.25,3.54,0.99,4.2,2.0,58.6,60.4,126.2,243.0,0.62,156.26,150.95,70.34,47.71,126.8,122.32,92.782,87.87,26.22,32.25,33.94,81.77
2017-11-27,260.23,260.41,260.75,260.0,52274922.0,9.87,12.57,86.58,130.18,1.7404,2.0468,2.3277,2.7677,58.306,1.25,3.56,0.99,4.2,2.0,58.6,60.4,126.2,243.0,0.61,156.19,150.49,69.92,47.01,126.62,122.83,92.904,87.6,26.2,32.25,33.595,81.84
2017-11-28,262.87,260.76,262.9,260.655,98971719.0,10.03,12.27,85.73,124.08,1.746,2.0594,2.3277,2.7577,57.767,1.25,3.53,0.98,4.2,2.0,58.6,60.4,126.2,243.0,0.5,156.59,152.86,70.32,47.36,126.79,122.81,93.27,87.87,26.88,32.355,33.855,82.44
2017-11-29,262.71,263.02,263.63,262.2,77512102.0,10.7,12.82,89.57,126.28,1.762,2.1059,2.3882,2.8245,62.221,1.25,3.49,0.98,4.2,2.0,58.6,60.4,126.2,243.0,0.52,153.86,153.37,70.04,46.61,125.54,122.04,93.164,87.76,27.34,31.64,34.04,82.85
2017-11-30,265.01,263.76,266.05,263.67,127894389.0,11.28,13.04,89.94,128.9,1.782,2.1375,2.4097,2.8269,62.367,1.25,3.44,0.97,4.2,2.2,57.6,57.1,128.6,243.0,0.55,155.15,153.65,70.11,46.1,125.12,121.1,93.047,87.78,27.52,31.92,34.55,83.47
2017-12-01,264.46,264.76,265.31,260.76,164390902.0,11.43,13.28,95.03,128.83,1.772,2.1127,2.3615,2.7615,58.348,1.25,3.49,0.98,4.2,2.2,57.6,57.1,128.6,241.0,0.63,154.49,153.02,69.83,45.84,126.55,121.59,92.885,87.38,27.58,31.755,34.84,83.3
2017-12-04,264.14,266.31,266.8,264.08,94040560.0,11.68,13.55,97.57,132.14,1.8063,2.1428,2.3723,2.7638,56.199,1.25,3.42,0.97,4.2,2.2,57.6,57.1,128.6,241.0,0.56,152.71,152.45,69.58,45.93,126.61,121.18,93.188,87.35,28.0,31.245,34.825,82.28
2017-12-05,263.19,264.43,265.15,263.04,77994544.0,11.33,13.54,97.95,132.07,1.8184,2.1428,2.3509,2.7315,52.846,1.25,3.43,0.96,4.2,2.2,57.6,57.1,128.6,241.0,0.57,152.81,150.93,69.43,45.9,127.24,120.32,93.379,87.3,27.85,31.255,34.675,82.14
2017-12-06,263.24,262.87,263.73,262.71,75898566.0,11.02,13.45,98.17,130.98,1.8064,2.1262,2.3385,2.73,52.805,1.25,3.48,0.97,4.2,2.2,57.6,57.1,128.6,241.0,0.67,153.5,150.22,69.29,45.28,127.68,120.07,93.61,87.22,27.75,31.455,34.225,82.07
2017-12-07,264.07,263.09,264.43,262.94,77218569.0,10.16,12.93,95.83,130.84,1.8024,2.138,2.3634,2.7607,55.697,1.25,3.47,0.97,4.2,2.2,57.6,57.1,128.6,241.0,0.58,154.02,151.27,69.47,45.41,126.68,118.49,93.795,87.26,27.84,31.65,34.325,82.09
2017-12-08,265.51,264.99,265.52,264.0315,76563873.0,9.58,12.46,91.89,132.54,1.7945,2.1398,2.376,2.7685,57.746,1.25,3.47,0.97,4.2,2.2,57.6,57.1,128.6,229.0,0.6,154.7,151.41,69.84,45.94,126.69,118.48,93.901,87.35,28.01,31.8,34.64,83.01
2017-12-11,266.31,265.58,266.38,265.4793,83077533.0,9.34,12.28,92.06,133.98,1.8189,2.1566,2.3886,2.7762,56.557,1.25,3.47,0.96,4.2,2.2,57.6,57.1,128.6,229.0,0.63,155.9,151.35,70.02,46.17,126.43,118.01,93.866,87.37,27.94,32.075,34.89,83.36
2017-12-12,266.78,266.57,267.32,266.345,85195750.0,9.92,12.48,93.27,133.02,1.8271,2.1718,2.4011,2.7762,56.991,1.25,3.44,0.96,4.2,2.2,57.6,57.1,128.6,229.0,0.51,155.69,150.88,70.11,45.86,126.38,118.15,94.101,87.33,28.22,32.065,34.795,83.69
2017-12-13,266.75,267.06,267.56,266.65,102905409.0,10.18,12.5,95.56,134.71,1.7743,2.1049,2.3422,2.7269,56.382,1.5,3.5,0.96,4.2,2.2,57.6,57.1,128.6,229.0,0.57,155.99,151.78,70.38,46.41,127.33,119.17,93.429,87.38,27.87,32.075,34.745,83.98
2017-12-14,265.66,267.09,267.22,265.6,100666692.0,10.49,12.8,96.07,134.03,1.811,2.1384,2.3493,2.7063,53.423,1.5,3.5,0.95,4.2,2.2,57.6,57.1,128.6,229.0,0.6,155.88,150.1,69.99,46.07,127.87,118.93,93.489,87.2,27.69,32.035,34.62,83.13
2017-12-15,266.51,265.45,267.04,265.39,144610290.0,9.42,12.08,92.2,135.73,1.8358,2.1537,2.353,2.6873,51.303,1.5,3.5,0.95,4.2,2.2,57.6,57.1,128.6,244.0,0.57,157.65,152.24,69.97,46.17,128.35,119.18,93.932,87.21,27.81,32.28,34.36,83.71
2017-12-18,268.2,268.1,268.6,267.98,83653572.0,9.53,12.07,90.64,132.72,1.8277,2.1673,2.3942,2.7407,56.232,1.5,3.5,0.95,4.2,2.2,57.6,57.1,128.6,244.0,0.5,158.64,154.3,70.8,46.69,127.18,119.73,93.695,87.3,28.06,32.565,34.625,83.74
2017-12-19,267.17,268.48,268.53,267.09,82382876.0,10.03,12.51,93.58,130.69,1.8525,2.2212,2.4644,2.8198,60.78,1.5,3.46,0.94,4.2,2.2,57.6,57.1,128.6,244.0,0.53,157.7,153.08,69.8,45.75,125.53,119.82,93.441,87.12,27.94,32.365,34.675,83.64
2017-12-20,267.03,268.27,268.33,266.69,76751500.0,9.72,12.37,92.86,133.15,1.8567,2.2366,2.497,2.8767,63.618,1.5,3.44,0.94,4.2,2.2,57.6,57.1,128.6,244.0,0.56,157.53,153.38,69.68,45.81,124.14,120.14,93.313,87.19,27.89,32.355,35.165,83.37
2017-12-21,267.58,267.74,268.385,267.3,67032339.0,9.62,12.35,92.21,132.63,1.8775,2.2451,2.4826,2.8419,60.097,1.5,3.43,0.94,4.2,2.2,57.6,57.1,128.6,244.0,0.56,157.55,153.47,69.93,46.11,124.6,120.31,93.278,86.92,28.13,32.29,35.91,83.18
2017-12-22,267.51,267.6,267.635,266.9,78720873.0,9.9,12.49,94.9,134.4,1.8906,2.249,2.481,2.8309,58.803,1.5,3.42,0.94,4.2,2.2,57.6,57.1,128.6,251.0,0.64,157.37,153.19,70.11,46.5,124.77,120.94,93.347,87.0,28.05,32.27,35.985,82.91
2017-12-26,267.19,267.05,267.4377,266.885,45244433.0,10.25,12.62,97.56,135.6,1.8991,2.2424,2.4756,2.8246,57.233,1.5,3.42,0.93,4.2,2.2,57.6,57.1,128.6,251.0,0.58,156.52,153.28,70.09,46.46,125.14,121.77,93.257,87.13,27.97,32.055,36.3,82.93
2017-12-27,267.32,267.38,267.73,267.01,57750986.0,10.47,12.65,97.08,138.43,1.893,2.1934,2.4107,2.7461,51.562,1.5,3.45,0.93,4.2,2.2,57.6,57.1,128.6,251.0,0.55,156.54,153.13,70.22,46.58,126.77,122.23,93.025,87.17,28.0,32.09,36.18,83.07
2017-12-28,267.87,267.89,267.92,267.45,45116139.0,10.18,12.76,97.25,137.82,1.9071,2.2361,2.4305,2.7561,51.945,1.5,3.42,0.93,4.2,2.2,57.6,57.1,128.6,251.0,0.57,156.73,153.73,70.26,46.9,126.66,122.85,92.602,87.13,28.11,32.145,36.235,83.19
2017-12-29,266.86,268.53,268.55,266.64,96007424.0,11.04,13.09,100.76,137.05,1.883,2.2064,2.4054,2.7399,51.843,1.5,3.43,0.93,4.2,2.2,57.6,57.1,128.6,248.0,0.59,155.76,152.46,70.31,47.12,126.86,123.65,92.124,87.26,27.91,31.975,36.13,82.68
2018-01-02,268.77,267.84,268.81,267.4,86655749.0,9.77,12.61,97.36,135.37,1.9191,2.2481,2.4633,2.8136,54.015,1.5,3.39,0.94,4.2,2.2,57.6,57.1,128.6,248.0,0.47,158.49,153.9,70.83,48.01,125.49,125.15,91.872,87.34,27.92,32.37,36.725,83.61
2018-01-03,270.47,268.96,270.64,268.96,90070416.0,9.15,12.32,94.4,133.43,1.9313,2.2448,2.4471,2.7855,51.176,1.5,3.34,0.94,4.2,2.2,57.6,57.1,128.6,248.0,0.54,160.03,154.06,71.17,48.47,126.09,124.82,92.162,87.76,28.07,32.64,37.275,84.41
2018-01-04,271.61,271.2,272.16,270.5447,80636408.0,9.22,12.24,94.21,131.24,1.9515,2.2682,2.4525,2.7863,49.701,1.5,3.26,0.94,4.2,2.2,57.6,57.1,128.6,248.0,0.5,160.31,154.47,71.95,48.71,126.07,125.46,91.853,87.91,28.33,32.805,37.5,84.53
2018-01-05,273.42,272.51,273.56,271.95,83523995.0,9.22,12.06,93.1,127.03,1.9599,2.2886,2.4763,2.8105,51.236,1.5,3.22,0.93,4.2,2.2,57.6,57.1,128.6,252.0,0.58,161.92,154.79,72.35,49.13,125.71,125.33,91.949,87.97,28.41,33.15,37.485,85.25
2018-01-08,273.92,273.31,274.1,272.98,57319192.0,9.52,12.15,93.97,128.0,1.9579,2.287,2.48,2.8113,52.0,1.5,3.2,0.92,4.2,2.2,57.6,57.1,128.6,252.0,0.63,162.55,155.03,72.33,49.13,125.63,125.31,92.358,87.9,28.37,33.275,37.71,84.94
2018-01-09,274.54,274.4,275.25,274.081,57253957.0,10.08,12.41,94.74,126.37,1.9682,2.3307,2.553,2.8952,58.078,1.5,3.18,0.91,4.2,2.2,57.6,57.1,128.6,252.0,0.6,162.56,154.82,72.41,49.05,123.95,124.73,92.528,87.63,28.59,33.19,37.615,85.94
2018-01-10,274.12,273.68,274.42,272.92,69574318.0,9.82,12.36,93.7,129.12,1.9724,2.3291,2.5568,2.8984,58.033,1.5,3.25,0.9,4.2,2.2,57.6,57.1,128.6,252.0,0.65,162.18,154.84,72.27,48.74,123.8,125.03,92.332,87.44,28.83,33.075,37.57,85.79
2018-01-11,276.12,274.75,276.12,274.56,62361455.0,9.88,12.16,92.24,126.1,1.9786,2.3259,2.5367,2.8673,55.605,1.5,3.24,0.9,4.2,2.2,57.6,57.1,128.6,252.0,0.5,163.29,157.5,72.77,49.04,124.31,125.44,91.852,87.73,28.97,33.21,38.34,86.16
2018-01-12,277.92,276.42,278.11,276.0819,90816076.0,10.16,12.2,92.22,124.95,1.9976,2.3465,2.5462,2.8491,54.63,1.5,3.23,0.9,4.2,2.2,57.6,57.1,128.6,230.0,0.5,164.49,158.16,73.5,49.51,124.52,126.96,90.974,87.58,29.23,33.405,38.71,86.82
2018-01-16,276.97,279.35,280.09,276.18,106555142.0,11.66,13.23,106.49,128.65,2.0142,2.3517,2.5371,2.8254,51.879,1.5,3.21,0.89,4.2,2.2,57.6,57.1,128.6,230.0,0.49,164.02,156.14,73.43,49.32,125.04,127.17,90.393,87.53,29.15,33.275,38.22,87.25
2018-01-17,279.61,278.03,280.05,276.97,113258799.0,11.91,13.25,102.63,136.19,2.0431,2.4043,2.5904,2.857,54.316,1.5,3.18,0.89,4.2,2.2,57.6,57.1,128.6,230.0,0.48,165.79,157.62,73.81,49.97,124.87,126.14,90.541,87.54,29.37,33.775,38.555,88.09
2018-01-18,279.14,279.48,279.96,278.58,100728006.0,12.22,13.58,103.68,131.41,2.0434,2.418,2.6256,2.9033,57.809,1.5,3.2,0.89,4.2,2.2,57.6,57.1,128.6,230.0,0.56,165.82,156.54,73.72,50.03,123.71,125.86,90.498,87.45,29.33,33.835,38.24,88.11
2018-01-19,280.41,279.8,280.41,279.14,140920098.0,11.27,13.04,101.62,132.28,2.0647,2.4491,2.6592,2.9331,59.035,1.5,3.19,0.9,4.2,2.2,57.6,57.1,128.6,231.0,0.56,166.34,158.6,74.13,50.44,123.06,126.42,90.572,87.54,29.54,33.9,38.19,88.44
2018-01-22,282.69,280.17,282.69,280.11,91322408.0,11.03,12.99,99.68,127.18,2.0608,2.4476,2.65,2.913,58.506,1.5,3.16,0.9,4.2,2.2,57.6,57.1,128.6,231.0,0.56,168.12,159.45,74.51,50.73,123.18,126.65,90.401,87.62,29.78,34.23,39.015,89.02
2018-01-23,283.29,282.74,283.62,282.37,97084700.0,11.1,13.22,98.59,122.95,2.0403,2.412,2.6131,2.8945,57.067,1.5,3.17,0.9,4.2,2.2,57.6,57.1,128.6,231.0,0.52,169.51,159.96,74.75,50.97,123.71,127.28,90.124,87.88,29.81,34.38,38.955,88.59
2018-01-24,283.18,284.02,284.7,281.84,134816117.0,11.47,13.53,99.77,120.2,2.0762,2.4343,2.6465,2.9283,56.637,1.5,3.13,0.89,4.2,2.2,57.6,57.1,128.6,231.0,0.53,168.41,158.97,74.88,51.4,123.04,128.83,89.206,87.75,30.01,34.115,38.85,88.85
2018-01-25,283.3,284.16,284.27,282.405,84587313.0,11.58,13.68,101.78,121.87,2.0842,2.42,2.617,2.8809,52.879,1.5,3.15,0.88,4.2,2.2,57.6,57.1,128.6,231.0,0.56,168.35,159.03,74.59,51.37,124.05,127.97,89.391,87.69,29.95,34.055,38.545,89.61
2018-01-26,286.58,284.25,286.6285,283.96,107743119.0,11.08,13.46,98.65,117.99,2.1163,2.4702,2.6599,2.9114,53.963,1.5,3.11,0.87,4.2,2.2,57.6,57.1,128.6,228.0,0.49,170.93,159.6,75.25,52.08,123.59,128.07,89.067,87.76,30.17,34.595,38.755,91.54
2018-01-29,284.68,285.93,286.43,284.5,90118337.0,13.84,14.99,110.01,118.8,2.1163,2.4903,2.6936,2.9421,57.328,1.5,3.12,0.86,4.2,2.2,57.6,57.1,128.6,228.0,0.57,170.1,158.7,74.56,51.29,122.73,127.35,89.308,87.45,30.05,34.28,38.17,91.29
2018-01-30,281.76,282.6,284.736,281.22,131796419.0,14.79,15.83,113.48,122.85,2.1243,2.5054,2.7199,2.9706,59.153,1.5,3.17,0.86,4.2,2.2,57.6,57.1,128.6,228.0,0.61,168.7,157.18,73.94,50.59,122.01,126.8,89.16,87.15,29.66,33.97,37.4,89.37
2018-01-31,281.9,282.73,283.3,280.68,118948131.0,13.54,14.9,108.41,121.23,2.1406,2.5139,2.705,2.9348,56.043,1.5,3.19,0.86,4.0,2.1,59.4,60.0,124.3,228.0,0.59,169.4,156.36,73.84,51.03,122.73,127.65,89.133,87.3,29.74,34.225,37.425,88.1
2018-02-01,281.58,281.07,283.06,280.68,90102470.0,13.47,14.72,105.77,120.59,2.1609,2.5712,2.7896,3.0241,62.47,1.5,3.19,0.85,4.0,2.1,59.4,60.0,124.3,228.0,0.59,167.96,156.85,74.05,50.34,120.7,128.07,88.671,86.77,30.02,34.255,37.81,88.13
2018-02-02,275.45,280.08,280.23,275.41,173174790.0,17.31,17.03,125.51,126.45,2.1413,2.5883,2.8411,3.0868,69.579,1.5,3.24,0.85,4.0,2.1,59.4,60.0,124.3,224.0,0.77,164.61,153.83,72.55,49.05,119.58,126.39,89.195,86.22,29.36,33.24,36.23,86.89
2018-02-05,263.93,273.45,275.85,263.31,294681816.0,37.32,28.13,177.34,117.33,2.0241,2.4369,2.7056,3.006,67.741,1.5,3.36,0.86,4.0,2.1,59.4,60.0,124.3,224.0,0.73,158.12,147.92,69.51,47.33,120.71,126.71,89.554,85.74,27.88,31.85,34.71,83.04
2018-02-06,269.13,259.94,269.7,258.7,355026782.0,29.98,23.75,161.12,129.61,2.1051,2.5396,2.8016,3.0659,69.056,1.5,3.45,0.88,4.0,2.1,59.4,60.0,124.3,224.0,0.75,162.31,149.69,70.88,48.87,119.96,125.38,89.585,86.26,28.39,32.765,34.985,83.96
2018-02-07,267.67,268.5,272.36,267.58,167376100.0,27.73,23.03,159.03,136.9,2.1235,2.5565,2.8359,3.1139,71.029,1.5,3.34,0.87,4.0,2.1,59.4,60.0,124.3,224.0,0.68,160.21,149.84,70.13,47.33,118.82,124.79,90.255,85.94,28.41,32.345,34.4,83.86
2018-02-08,257.63,268.01,268.17,257.59,246449505.0,33.46,27.33,180.61,130.92,2.1034,2.538,2.824,3.1293,71.858,1.5,3.46,0.88,4.0,2.1,59.4,60.0,124.3,224.0,0.75,153.45,145.44,68.3,45.69,118.69,124.98,90.229,85.19,27.16,31.005,33.36,80.95
2018-02-09,261.5,260.8,263.61,252.92,283565315.0,29.06,24.92,167.28,128.51,2.0732,2.5433,2.8512,3.1596,77.394,1.5,3.69,0.92,4.0,2.1,59.4,60.0,124.3,225.0,0.88,156.1,146.77,68.59,46.42,117.94,124.77,90.442,84.95,27.68,31.765,33.335,82.1
2018-02-12,265.34,263.83,267.01,261.6644,143735976.0,25.61,22.86,140.8,148.02,2.0753,2.5587,2.8585,3.1439,77.907,1.5,3.57,0.92,4.0,2.1,59.4,60.0,124.3,225.0,0.67,158.87,148.16,69.64,47.15,118.46,125.37,90.208,85.53,28.07,32.335,33.88,82.87
2018-02-13,266.0,263.97,266.62,263.31,81223640.0,24.97,22.65,136.58,143.07,2.104,2.5418,2.8294,3.1111,72.335,1.5,3.64,0.95,4.0,2.1,59.4,60.0,124.3,225.0,0.73,159.69,148.48,69.43,47.51,118.99,126.08,89.703,85.26,28.19,32.415,33.74,82.93
2018-02-14,269.59,264.31,270.0,264.3,120735685.0,19.26,19.34,124.49,127.84,2.1636,2.6319,2.9022,3.162,73.445,1.5,3.56,0.94,4.0,2.1,59.4,60.0,124.3,225.0,0.59,162.68,151.15,70.66,48.7,117.67,128.23,89.121,85.41,28.86,33.01,34.23,83.87
2018-02-15,273.03,271.57,273.04,268.77,111200286.0,19.13,19.08,122.76,131.67,2.1844,2.6508,2.9095,3.1637,72.101,1.5,3.46,0.93,4.0,2.1,59.4,60.0,124.3,225.0,0.61,165.7,152.8,71.1,49.7,118.07,128.38,88.593,86.1,29.02,33.64,34.145,84.8
2018-02-16,273.11,272.32,275.32,272.27,160420135.0,19.46,19.17,121.2,137.8,2.1895,2.6291,2.8749,3.1316,68.132,1.5,3.41,0.93,4.0,2.1,59.4,60.0,124.3,219.0,0.52,164.96,153.34,71.42,49.54,118.71,127.96,89.1,86.45,28.98,33.59,34.06,85.41
2018-02-20,271.4,272.03,273.67,270.5,86369662.0,20.6,20.01,122.58,131.63,2.2187,2.6446,2.8896,3.153,66.669,1.5,3.37,0.93,4.0,2.1,59.4,60.0,124.3,219.0,0.66,165.29,152.08,70.75,48.86,118.19,126.24,89.716,86.15,28.89,33.62,33.875,84.47
2018-02-21,270.05,271.9,274.72,269.94,98883740.0,20.02,20.03,125.73,130.03,2.2661,2.6858,2.95,3.2204,67.993,1.5,3.34,0.93,4.0,2.1,59.4,60.0,124.3,219.0,0.58,164.82,152.24,70.41,48.82,116.74,125.66,90.0,85.76,28.93,33.405,33.305,84.12
2018-02-22,270.4,271.1,273.05,269.64,110511290.0,18.72,19.06,116.98,134.31,2.246,2.6552,2.9207,3.2062,67.071,1.5,3.41,0.93,4.0,2.1,59.4,60.0,124.3,219.0,0.63,164.8,152.0,70.78,48.85,117.09,126.3,89.736,85.82,28.69,33.445,33.67,83.99
2018-02-23,274.71,271.79,274.71,271.25,92766428.0,16.49,17.5,110.19,139.2,2.238,2.6183,2.866,3.1555,62.4,1.5,3.44,0.95,4.0,2.1,59.4,60.0,124.3,216.0,0.62,168.17,153.98,71.34,49.72,118.13,126.14,89.883,86.39,29.12,34.145,34.4,85.33
2018-02-26,277.9,275.93,278.01,275.26,86491406.0,15.8,16.92,107.68,131.72,2.2219,2.6099,2.8623,3.153,63.643,1.5,3.38,0.94,4.0,2.1,59.4,60.0,124.3,216.0,0.59,170.4,154.99,72.01,50.18,118.17,126.45,89.853,86.54,29.56,34.68,34.605,86.41
2018-02-27,274.43,278.11,278.92,274.36,99099165.0,18.59,19.02,119.5,132.27,2.26,2.6603,2.8934,3.1588,63.118,1.5,3.34,0.95,4.0,2.1,59.4,60.0,124.3,216.0,0.63,168.29,152.76,70.94,48.72,118.0,125.13,90.355,86.31,29.28,34.33,34.155,85.51
2018-02-28,271.65,275.68,276.19,271.29,121907767.0,19.85,19.89,121.7,138.95,2.25,2.6401,2.8606,3.1242,60.655,1.5,3.36,0.96,4.1,2.2,60.9,58.5,130.0,216.0,0.67,167.21,150.35,70.27,48.02,118.75,125.0,90.613,86.18,28.87,34.085,33.37,84.14
2018-03-01,267.7,271.41,273.17,266.0,176855077.0,22.47,21.42,128.14,136.54,2.2117,2.5797,2.8078,3.0834,59.408,1.5,3.43,0.99,4.1,2.2,60.9,58.5,130.0,216.0,0.72,164.48,149.95,69.09,47.93,119.32,124.72,90.324,85.27,28.37,33.52,33.32,82.8
2018-03-02,269.08,265.8,269.72,264.82,139083217.0,19.59,19.86,114.78,127.48,2.2418,2.6283,2.8643,3.1398,62.045,1.5,3.48,1.0,4.1,2.2,60.9,58.5,130.0,228.0,0.71,165.99,152.35,69.42,48.13,118.35,125.39,89.935,85.75,28.44,33.84,33.475,83.64
2018-03-05,272.19,267.73,272.89,267.61,97307387.0,18.73,19.21,109.66,130.12,2.2378,2.6451,2.8808,3.1531,63.897,1.5,3.42,0.99,4.1,2.2,60.9,58.5,130.0,228.0,0.55,167.83,153.71,69.79,48.2,118.03,125.18,90.08,85.75,28.84,34.185,33.83,84.4
2018-03-06,272.88,273.3,273.39,271.18,79213163.0,18.36,19.24,104.61,128.41,2.2499,2.6536,2.8863,3.1531,63.235,1.5,3.38,0.99,4.1,2.2,60.9,58.5,130.0,228.0,0.52,168.54,155.37,70.2,48.65,118.14,126.53,89.618,85.87,28.96,34.26,33.85,84.28
2018-03-07,272.78,270.42,273.18,270.2,87063502.0,17.76,18.84,99.49,128.17,2.2519,2.6485,2.8827,3.1498,62.873,1.5,3.4,1.0,4.1,2.2,60.9,58.5,130.0,228.0,0.58,168.93,156.74,70.18,48.7,118.01,125.72,89.637,85.66,28.91,34.45,33.595,84.71
2018-03-08,274.1,273.55,274.24,272.42,66901150.0,16.54,18.18,96.92,129.62,2.2498,2.63,2.8571,3.1218,60.317,1.5,3.39,1.0,4.1,2.2,60.9,58.5,130.0,228.0,0.61,169.86,156.42,70.33,48.71,118.69,125.42,90.179,85.76,29.0,34.6,33.585,85.28
2018-03-09,278.87,275.7,278.87,275.34,113625335.0,14.64,17.01,99.71,127.79,2.258,2.6502,2.8938,3.158,63.172,1.5,3.36,1.01,4.1,2.2,60.9,58.5,130.0,223.0,0.53,173.16,158.92,70.78,49.75,117.91,125.54,90.093,86.07,29.7,35.255,34.225,86.51
2018-03-12,278.52,279.2,279.91,278.0801,71924793.0,15.78,17.8,104.94,141.98,2.262,2.635,2.8681,3.1292,60.2,1.5,3.37,1.02,4.1,2.2,60.9,58.5,130.0,223.0,0.57,174.08,159.2,70.86,49.87,118.59,125.54,89.895,85.93,29.6,35.365,34.215,86.14
2018-03-13,276.72,279.84,280.41,276.03,91968937.0,16.35,18.05,107.04,140.43,2.2539,2.6181,2.8426,3.0981,58.461,1.5,3.39,1.03,4.1,2.2,60.9,58.5,130.0,223.0,0.57,171.71,158.46,70.39,49.42,119.19,125.78,89.664,85.66,29.27,34.96,33.97,86.25
2018-03-14,275.3,277.81,278.02,274.67,105895079.0,17.23,18.78,110.29,141.66,2.258,2.6097,2.817,3.0568,55.5,1.5,3.43,1.05,4.1,2.2,60.9,58.5,130.0,223.0,0.69,171.68,157.71,70.56,49.5,120.24,125.7,89.704,85.56,28.94,34.93,33.77,85.83
2018-03-15,275.0,275.88,276.61,274.43,83433038.0,16.59,18.21,109.28,146.55,2.2846,2.6249,2.828,3.0584,54.131,1.5,3.41,1.06,4.1,2.2,60.9,58.5,130.0,223.0,0.63,171.53,156.92,70.52,49.32,120.24,124.9,90.139,85.62,28.95,34.95,33.595,85.69
2018-03-16,274.2,274.5,275.39,274.14,100343673.0,15.8,17.74,106.49,147.35,2.2909,2.6418,2.8445,3.077,54.945,1.5,3.39,1.04,4.1,2.2,60.9,58.5,130.0,225.0,0.63,171.02,157.8,70.47,49.21,119.81,124.6,90.233,85.8,28.87,34.805,33.655,85.39
2018-03-19,270.49,273.35,274.3957,268.62,109208442.0,19.02,19.38,112.92,143.96,2.3075,2.6553,2.8555,3.0859,54.387,1.5,3.42,1.05,4.1,2.2,60.9,58.5,130.0,225.0,0.67,167.1,156.28,69.9,48.68,119.43,124.87,89.765,85.45,28.66,34.115,33.135,84.01
2018-03-20,270.95,270.94,271.67,270.18,59757271.0,18.2,18.88,107.13,139.52,2.3448,2.6962,2.8959,3.1301,54.694,1.5,3.4,1.05,4.1,2.2,60.9,58.5,130.0,225.0,0.68,167.65,156.24,69.89,49.22,118.95,124.31,90.371,85.62,28.73,34.1,33.415,84.13
2018-03-21,270.43,270.9,273.27,270.19,78709578.0,17.86,18.71,106.6,133.69,2.3055,2.6741,2.883,3.1186,57.543,1.75,3.38,1.06,4.1,2.2,60.9,58.5,130.0,225.0,0.62,166.92,157.15,70.0,49.51,119.08,126.48,89.783,85.65,28.72,33.895,34.29,83.77
2018-03-22,263.67,267.91,268.87,263.36,148785916.0,23.34,21.66,125.12,131.52,2.2786,2.6231,2.8244,3.0624,54.166,1.75,3.48,1.09,4.1,2.2,60.9,58.5,130.0,225.0,0.74,162.8,153.35,68.7,47.86,120.26,125.98,89.857,85.14,27.66,33.02,33.59,81.36
2018-03-23,258.05,264.17,265.02,257.83,183534751.0,24.87,22.79,129.82,130.79,2.2538,2.5993,2.8135,3.0608,55.561,1.75,3.53,1.1,4.1,2.2,60.9,58.5,130.0,221.0,0.76,158.51,150.05,67.94,46.89,120.17,127.61,89.436,84.92,26.82,32.14,33.385,79.67
2018-03-26,265.11,262.13,265.43,259.41,141956102.0,21.03,20.7,113.08,128.96,2.2704,2.6401,2.852,3.0859,57.739,1.75,3.52,1.1,4.1,2.2,60.9,58.5,130.0,221.0,0.63,164.4,153.33,69.16,48.41,119.71,128.28,89.027,85.47,27.69,33.36,33.985,81.32
2018-03-27,260.6,266.17,266.77,258.84,129941445.0,22.5,21.94,118.61,128.65,2.2641,2.567,2.7753,3.0286,50.717,1.75,3.53,1.1,4.1,2.2,60.9,58.5,130.0,221.0,0.71,159.08,150.36,68.65,47.53,120.99,127.49,89.372,85.39,27.15,32.29,33.665,80.36
2018-03-28,259.83,260.75,262.64,258.58,146452306.0,22.87,22.31,114.02,128.33,2.2842,2.5956,2.7807,3.0214,49.45,1.75,3.53,1.1,4.1,2.2,60.9,58.5,130.0,221.0,0.68,157.25,150.31,69.05,47.29,121.31,125.73,90.058,85.35,27.2,32.075,33.01,80.79
2018-03-29,263.15,261.12,265.26,259.8389,124244790.0,19.97,20.55,103.32,119.34,2.2661,2.562,2.7389,2.9737,46.879,1.75,3.54,1.09,4.1,2.2,60.9,58.5,130.0,221.0,0.63,160.13,151.83,69.68,48.28,121.9,125.79,90.151,85.64,27.57,32.71,33.705,81.4
2018-04-02,257.47,262.55,263.13,254.67,186286343.0,23.62,22.57,111.67,119.68,2.2459,2.5469,2.7298,2.9619,47.986,1.75,3.6,1.1,4.1,2.2,60.9,58.5,130.0,221.0,0.77,155.51,148.13,68.72,47.41,121.88,127.26,90.052,84.96,26.96,31.93,33.03,79.55
2018-04-03,260.77,258.87,261.31,256.84,119956861.0,21.1,21.02,102.06,118.38,2.2782,2.5957,2.7753,3.011,49.505,1.75,3.56,1.09,4.1,2.2,60.9,58.5,130.0,221.0,0.65,157.26,150.25,69.16,47.88,120.94,126.3,90.2,85.2,27.33,32.245,33.735,80.76
2018-04-04,263.56,256.75,264.355,256.6,123715339.0,20.06,20.42,95.44,119.23,2.2924,2.6193,2.8027,3.0359,50.826,1.75,3.55,1.09,4.1,2.2,60.9,58.5,130.0,221.0,0.63,159.74,152.16,69.4,47.9,120.69,126.45,90.142,85.39,27.62,32.695,33.69,81.91
2018-04-05,265.64,265.55,266.64,264.32,82652618.0,18.94,19.61,92.21,121.51,2.3026,2.638,2.832,3.073,52.537,1.75,3.45,1.07,4.1,2.2,60.9,58.5,130.0,221.0,0.61,160.65,153.42,69.86,48.02,119.79,125.8,90.46,85.46,27.84,32.83,34.295,81.85
2018-04-06,259.72,263.42,265.11,258.0,179521209.0,21.49,21.2,98.6,122.39,2.2661,2.5858,2.7735,3.0182,50.329,1.75,3.54,1.09,4.1,2.2,60.9,58.5,130.0,234.0,0.76,156.63,150.36,69.4,47.08,121.1,126.39,90.108,85.27,27.17,32.025,33.675,79.88
2018-04-09,261.0,261.37,264.84,259.9356,105442932.0,21.77,21.23,100.24,119.9,2.2783,2.5976,2.779,3.0118,49.858,1.75,3.5,1.08,4.1,2.2,60.9,58.5,130.0,234.0,0.61,157.73,150.54,69.97,47.13,121.3,126.82,89.838,85.59,27.32,32.275,33.835,80.67
2018-04-10,265.15,264.27,266.04,262.98,105573736.0,20.47,20.4,98.21,121.25,2.3069,2.6247,2.8009,3.0214,48.99,1.75,3.41,1.07,4.1,2.2,60.9,58.5,130.0,234.0,0.57,161.21,153.38,70.72,48.05,121.08,127.12,89.587,85.9,27.73,33.07,34.955,82.03
2018-04-11,263.76,263.47,265.64,263.39,91140243.0,20.24,20.37,100.02,122.27,2.307,2.6129,2.7808,2.9951,46.972,1.75,3.4,1.07,4.1,2.2,60.9,58.5,130.0,234.0,0.65,160.28,153.71,70.45,48.07,121.51,128.11,89.568,85.93,27.4,32.875,35.32,81.36
2018-04-12,265.93,265.26,267.0,265.06,68890480.0,18.49,19.28,98.08,122.29,2.348,2.6707,2.8358,3.0431,48.574,1.75,3.32,1.06,4.1,2.2,60.9,58.5,130.0,234.0,0.66,162.21,154.76,70.72,48.05,120.62,126.62,89.751,86.24,27.88,33.27,35.315,81.91
2018-04-13,265.15,267.41,267.54,264.01,85079176.0,17.41,18.55,93.94,126.0,2.3566,2.6726,2.8267,3.027,46.596,1.75,3.26,1.06,4.1,2.2,60.9,58.5,130.0,236.0,0.66,161.37,153.95,70.79,47.57,120.9,127.45,89.8,86.29,27.46,33.16,35.705,81.87
2018-04-16,267.33,267.0,268.2,266.07,63405287.0,16.56,17.82,93.22,131.47,2.3773,2.6795,2.8267,3.0246,44.523,1.75,3.23,1.05,4.1,2.2,60.9,58.5,130.0,236.0,0.64,162.6,155.37,70.9,47.63,120.94,127.63,89.425,86.42,27.58,33.415,36.07,82.52
2018-04-17,270.19,269.33,270.87,268.75,64682036.0,15.25,16.8,89.59,130.57,2.394,2.6881,2.8285,3.0198,43.041,1.75,3.19,1.05,4.1,2.2,60.9,58.5,130.0,236.0,0.68,166.1,157.06,71.22,47.73,121.27,127.75,89.516,86.46,27.58,34.035,36.21,83.16
2018-04-18,270.39,270.69,271.3,269.87,57303857.0,15.6,16.8,92.41,146.26,2.4293,2.7309,2.8728,3.0601,44.138,1.75,3.14,1.05,4.1,2.2,60.9,58.5,130.0,236.0,0.56,166.44,157.48,71.59,48.14,120.3,127.85,89.623,86.37,27.45,33.945,36.78,83.23
2018-04-19,268.89,269.65,269.88,267.72,77655909.0,15.96,17.12,95.38,138.2,2.4275,2.7549,2.9098,3.0983,47.82,1.75,3.23,1.06,4.1,2.2,60.9,58.5,130.0,236.0,0.64,164.91,156.39,71.32,47.86,119.32,127.6,89.94,86.1,27.87,33.57,36.825,82.53
2018-04-20,266.61,268.81,269.06,265.61,99953133.0,16.88,17.72,99.21,133.07,2.4573,2.7999,2.9602,3.1451,49.869,1.75,3.21,1.06,4.1,2.2,60.9,58.5,130.0,207.0,0.65,162.3,155.55,71.05,47.26,118.46,126.63,90.316,85.89,27.88,33.105,36.65,82.09
2018-04-23,266.57,267.26,267.89,265.35,65557954.0,16.34,17.35,96.87,126.48,2.4764,2.8207,2.9752,3.1443,49.463,1.75,3.23,1.07,4.1,2.2,60.9,58.5,130.0,207.0,0.61,161.89,155.32,70.96,46.88,118.49,125.62,90.946,85.66,27.85,32.985,36.875,82.41
2018-04-24,262.98,267.73,267.9762,261.28,112885452.0,18.02,18.23,100.81,126.5,2.4746,2.826,2.9995,3.1825,52.287,1.75,3.3,1.06,4.1,2.2,60.9,58.5,130.0,207.0,0.68,158.46,154.43,70.67,46.66,117.95,126.23,90.766,85.49,27.67,32.41,36.48,81.79
2018-04-25,263.63,262.91,264.13,260.85,103840948.0,17.84,18.23,97.8,124.29,2.4878,2.8366,3.0259,3.2068,53.604,1.75,3.36,1.07,4.1,2.2,60.9,58.5,130.0,207.0,0.7,158.65,154.2,70.55,46.3,117.16,125.41,91.172,85.5,27.65,32.415,36.77,82.16
2018-04-26,266.31,264.79,267.2452,264.29,67731942.0,16.24,17.29,90.71,127.08,2.4817,2.8124,2.9809,3.1642,49.717,1.75,3.33,1.08,4.1,2.2,60.9,58.5,130.0,207.0,0.61,161.99,154.91,70.9,46.97,117.98,124.97,91.561,85.8,27.66,33.005,37.305,83.2
2018-04-27,266.56,267.0,267.34,265.5,57053647.0,15.41,17.08,92.15,128.4,2.4838,2.8006,2.9568,3.1245,47.101,1.75,3.33,1.08,4.1,2.2,60.9,58.5,130.0,209.0,0.64,162.09,154.69,70.97,47.26,118.89,125.5,91.542,85.76,27.7,32.945,36.91,83.54
2018-04-30,264.51,267.26,267.89,264.43,82182324.0,15.93,17.34,94.3,130.77,2.4879,2.7972,2.9531,3.1237,46.114,1.75,3.38,1.08,4.0,2.5,58.6,57.6,125.6,209.0,0.61,160.94,153.32,70.74,46.92,119.1,124.59,91.841,85.7,27.45,32.73,36.905,82.26
2018-05-01,264.98,263.87,265.1,262.11,74203365.0,15.49,16.91,89.97,128.21,2.5042,2.8124,2.9644,3.1287,45.811,1.75,3.39,1.1,4.0,2.5,58.6,57.6,125.6,209.0,0.68,162.78,154.07,70.49,46.69,118.41,123.71,92.449,85.4,27.46,33.14,36.68,82.22
2018-05-02,263.2,264.76,265.68,262.76,86368943.0,15.97,17.26,93.79,122.42,2.4882,2.7955,2.9663,3.146,47.608,1.75,3.39,1.1,4.0,2.5,58.6,57.6,125.6,209.0,0.65,161.82,154.65,70.46,46.32,118.28,123.65,92.512,85.37,27.15,33.105,36.83,81.09
2018-05-03,262.62,262.26,263.36,259.05,136311479.0,15.9,17.03,91.07,126.79,2.4762,2.7803,2.9458,3.1213,46.557,1.75,3.44,1.11,4.0,2.5,58.6,57.6,125.6,209.0,0.76,161.8,153.81,70.68,46.22,118.81,124.28,92.414,85.36,26.92,33.18,36.745,80.36
2018-05-04,266.02,261.52,266.7892,261.15,91222075.0,14.77,16.65,88.12,127.37,2.4969,2.7837,2.9497,3.1221,44.669,1.75,3.43,1.12,4.0,2.5,58.6,57.6,125.6,211.0,0.55,164.87,155.73,70.93,46.43,118.99,124.54,92.566,85.42,27.27,33.81,36.925,81.0
2018-05-07,266.92,266.89,268.02,266.11,55304907.0,14.75,16.65,90.71,123.04,2.497,2.7871,2.9497,3.1229,44.863,1.75,3.41,1.12,4.0,2.5,58.6,57.6,125.6,211.0,0.54,166.24,157.05,70.94,46.16,118.8,124.57,92.749,85.5,27.45,34.045,36.975,80.88
2018-05-08,266.92,266.5,267.325,265.15,67499247.0,14.71,16.48,89.5,125.1,2.5094,2.8143,2.976,3.1295,46.249,1.75,3.39,1.12,4.0,2.5,58.6,57.6,125.6,211.0,0.61,166.07,157.83,70.95,46.42,118.69,124.59,93.12,85.37,27.64,34.12,37.265,80.27
2018-05-09,269.5,267.68,269.865,267.09,59666143.0,13.42,15.78,93.89,126.05,2.53,2.8398,3.0042,3.1618,47.009,1.75,3.37,1.11,4.0,2.5,58.6,57.6,125.6,211.0,0.58,167.88,158.68,71.12,46.51,117.98,124.33,93.04,85.51,28.05,34.54,38.025,80.73
2018-05-10,272.02,270.34,272.39,270.22,72063931.0,13.23,15.24,93.02,129.35,2.5302,2.8296,2.9622,3.1082,42.79,1.75,3.36,1.11,4.0,2.5,58.6,57.6,125.6,211.0,0.51,169.62,159.53,71.58,47.48,118.93,125.18,92.65,85.76,28.28,34.99,38.31,81.81
2018-05-11,272.85,272.16,273.15,271.58,59871511.0,12.65,14.82,90.03,131.59,2.5349,2.8382,2.9695,3.1041,42.844,1.75,3.33,1.09,4.0,2.5,58.6,57.6,125.6,222.0,0.6,169.46,159.84,71.77,47.4,119.23,125.0,92.537,85.73,28.26,34.94,38.365,83.03
2018-05-14,272.98,273.34,274.08,272.36,54790606.0,12.93,14.53,92.62,133.97,2.5475,2.8621,3.0024,3.1347,45.268,1.75,3.32,1.08,4.0,2.5,58.6,57.6,125.6,222.0,0.62,169.75,159.23,71.9,47.46,118.6,124.49,92.587,85.75,28.24,34.935,38.63,83.58
2018-05-15,271.1,271.59,271.61,270.03,87036136.0,14.63,15.79,99.18,136.76,2.5745,2.9186,3.0723,3.2007,49.575,1.75,3.32,1.09,4.0,2.5,58.6,57.6,125.6,222.0,0.62,167.87,159.26,71.38,46.48,117.25,122.48,93.219,85.33,28.19,34.605,38.64,82.5
2018-05-16,272.24,271.14,272.76,271.11,53942631.0,13.42,15.14,94.79,134.45,2.5851,2.9392,3.0964,3.2172,50.714,1.75,3.31,1.08,4.0,2.5,58.6,57.6,125.6,222.0,0.5,168.98,160.92,71.48,47.18,116.8,122.29,93.392,85.44,28.24,34.76,38.775,82.96
2018-05-17,272.01,271.94,273.23,271.13,56536400.0,13.43,15.02,93.48,134.78,2.5647,2.9359,3.1112,3.2462,54.243,1.75,3.32,1.09,4.0,2.5,58.6,57.6,125.6,222.0,0.57,168.33,161.66,71.59,46.46,116.21,122.36,93.469,85.49,28.18,34.58,39.36,82.99
2018-05-18,271.33,271.62,272.03,270.93,64367959.0,13.42,15.19,94.76,133.32,2.5467,2.8881,3.0559,3.1974,50.506,1.75,3.37,1.09,4.0,2.5,58.6,57.6,125.6,230.0,0.66,167.46,161.87,71.33,46.07,117.21,122.41,93.637,85.4,27.95,34.435,39.055,83.2
2018-05-21,273.37,273.01,273.98,271.3512,58025875.0,13.08,14.69,91.04,134.02,2.5656,2.895,3.0596,3.2015,48.984,1.75,3.36,1.09,4.0,2.5,58.6,57.6,125.6,230.0,0.54,168.4,162.94,71.78,46.35,117.27,122.48,93.677,85.52,28.15,34.735,39.455,83.28
2018-05-22,272.61,273.96,274.25,272.24,52966358.0,13.22,14.88,90.47,134.61,2.568,2.8968,3.0597,3.2048,48.962,1.75,3.36,1.08,4.0,2.5,58.6,57.6,125.6,230.0,0.58,168.18,161.76,71.69,46.51,117.09,122.41,93.609,85.58,28.34,34.685,38.93,83.12
2018-05-23,273.36,271.17,273.39,270.99,64694184.0,12.58,14.48,89.8,135.61,2.5282,2.8249,2.9935,3.1517,45.938,1.75,3.44,1.09,4.0,2.5,58.6,57.6,125.6,230.0,0.65,169.6,161.97,70.9,46.49,117.94,122.54,94.003,85.65,28.16,34.94,38.925,83.39
2018-05-24,272.8,272.91,273.22,270.78,76043827.0,12.53,14.43,90.64,139.24,2.5081,2.8141,2.977,3.125,46.49,1.75,3.45,1.09,4.0,2.5,58.6,57.6,125.6,230.0,0.64,169.55,162.03,70.68,46.24,118.88,123.59,93.775,85.7,27.94,34.9,38.285,83.06
2018-05-25,272.15,272.15,272.86,271.58,56374755.0,13.22,14.83,93.78,140.78,2.4758,2.7652,2.9313,3.092,45.148,1.75,3.51,1.11,4.0,2.5,58.6,57.6,125.6,222.0,0.61,169.72,161.74,70.22,46.43,119.62,123.21,94.253,85.56,27.85,34.875,37.29,82.94
2018-05-29,269.02,270.31,271.17,267.76,115908607.0,17.02,17.13,108.67,141.84,2.3191,2.5841,2.781,2.9745,45.785,1.75,3.72,1.14,4.0,2.5,58.6,57.6,125.6,222.0,0.65,168.97,161.52,68.79,45.35,122.24,123.19,94.82,85.2,26.92,34.685,37.175,82.09
2018-05-30,272.61,270.5,273.11,270.42,69678449.0,14.94,16.0,99.08,143.89,2.4115,2.6811,2.855,3.0269,43.948,1.75,3.61,1.15,4.0,2.5,58.6,57.6,125.6,222.0,0.56,170.18,164.08,69.84,45.71,121.42,123.37,94.069,85.46,27.41,34.94,38.3,83.32
2018-05-31,270.94,272.15,272.49,270.255,93519941.0,15.43,16.33,100.63,140.07,2.4274,2.6962,2.8586,3.0253,42.712,1.75,3.62,1.15,3.8,2.8,59.0,58.0,128.8,222.0,0.63,170.07,162.77,69.4,45.69,121.22,123.1,93.979,85.38,27.18,34.95,38.01,82.41
2018-06-01,273.6,272.41,273.94,272.33,71258411.0,13.46,15.27,93.3,134.53,2.4716,2.7483,2.9022,3.0506,42.859,1.75,3.56,1.15,3.8,2.8,59.0,58.0,128.8,223.0,0.56,172.74,163.84,70.0,46.33,120.3,122.49,94.156,85.19,27.48,35.545,38.19,83.36
2018-06-04,274.9,274.53,275.185,274.26,45385166.0,12.74,14.9,90.83,132.7,2.5161,2.7939,2.9424,3.0848,42.219,1.75,3.5,1.14,3.8,2.8,59.0,58.0,128.8,223.0,0.55,174.3,164.71,70.21,46.8,119.43,122.37,94.038,85.37,27.57,35.83,37.86,83.67
2018-06-05,275.1,275.05,275.53,274.18,51135038.0,12.4,14.72,89.84,132.58,2.4918,2.7685,2.9277,3.084,43.193,1.75,3.51,1.15,3.8,2.8,59.0,58.0,128.8,223.0,0.48,174.84,165.73,70.1,46.44,119.71,122.85,93.876,85.47,27.45,35.955,37.77,83.5
2018-06-06,277.4,275.79,277.52,275.09,62732215.0,11.64,14.19,88.12,136.57,2.5161,2.8091,2.9717,3.1217,45.153,1.75,3.44,1.14,3.8,2.8,59.0,58.0,128.8,223.0,0.53,175.86,166.93,70.73,47.14,118.74,122.92,93.614,85.68,27.95,36.19,37.95,84.44
2018-06-07,277.37,277.95,278.28,276.34,72969402.0,12.13,14.43,91.28,133.84,2.4876,2.7634,2.9204,3.068,42.876,1.75,3.44,1.15,3.8,2.8,59.0,58.0,128.8,223.0,0.56,174.43,166.02,70.33,46.42,119.89,122.86,93.435,85.71,28.04,35.9,38.525,84.55
2018-06-08,278.19,276.85,278.25,276.66,72139719.0,12.18,14.6,93.49,133.11,2.4977,2.7838,2.9461,3.0896,44.428,1.75,3.47,1.16,3.8,2.8,59.0,58.0,128.8,222.0,0.6,174.44,166.52,70.41,46.33,119.53,123.01,93.535,85.66,28.08,35.84,38.45,85.04
2018-06-11,278.56,278.44,279.37,278.31,58892515.0,12.35,14.55,94.54,138.93,2.5202,2.7957,2.9516,3.0936,42.729,1.75,3.38,1.15,3.8,2.8,59.0,58.0,128.8,222.0,0.54,174.91,166.77,70.86,46.33,119.31,123.23,93.608,85.82,28.02,35.88,38.65,85.2
2018-06-12,278.92,279.03,279.33,278.19,72329028.0,12.34,14.59,95.71,142.82,2.5387,2.8093,2.9608,3.0935,42.005,1.75,3.35,1.15,3.8,2.8,59.0,58.0,128.8,222.0,0.5,175.83,167.53,70.41,46.21,119.34,122.82,93.818,85.89,27.95,36.055,38.355,85.15
2018-06-13,278.03,279.19,279.48,277.8,79070610.0,12.94,14.92,100.01,141.74,2.5675,2.8297,2.9663,3.0863,39.677,2.0,3.29,1.15,3.8,2.8,59.0,58.0,128.8,222.0,0.54,175.82,166.87,70.51,45.9,119.28,123.19,93.544,85.92,27.85,35.87,38.21,85.17
2018-06-14,278.73,279.01,279.33,278.0599,77097620.0,12.12,14.4,98.21,142.39,2.5635,2.8059,2.9351,3.0545,36.962,2.0,3.31,1.15,3.8,2.8,59.0,58.0,128.8,222.0,0.5,177.6,167.76,70.36,45.59,120.27,123.38,94.879,86.17,27.59,36.125,38.155,85.61
2018-06-15,277.13,276.6,277.51,275.35,120041562.0,11.98,14.42,101.66,140.92,2.5471,2.7974,2.9205,3.0465,37.131,2.0,3.32,1.15,3.8,2.8,59.0,58.0,128.8,218.0,0.61,176.98,167.81,70.0,45.23,120.38,121.34,94.788,86.12,27.47,35.86,37.085,85.46
2018-06-18,276.56,275.49,276.7,274.95,52917581.0,12.31,14.48,99.87,140.92,2.5492,2.7906,2.9169,3.0489,36.347,2.0,3.33,1.17,3.8,2.8,59.0,58.0,128.8,218.0,0.54,176.5,168.6,69.5,44.68,120.27,121.11,94.756,86.11,27.42,35.9,37.455,84.64
2018-06-19,275.5,274.0,275.75,273.53,97531510.0,13.35,15.17,104.13,139.35,2.5452,2.7702,2.8967,3.0323,34.95,2.0,3.38,1.18,3.8,2.8,59.0,58.0,128.8,218.0,0.59,176.0,168.61,67.52,43.9,120.97,120.8,95.013,85.99,27.35,35.715,37.37,84.86
2018-06-20,275.97,276.27,276.72,275.59,53785486.0,12.79,14.79,98.51,140.82,2.5659,2.8077,2.9389,3.0775,36.902,2.0,3.34,1.19,3.8,2.8,59.0,58.0,128.8,218.0,0.56,177.25,169.97,67.57,44.09,119.91,120.26,95.124,86.08,27.28,35.79,37.535,85.04
2018-06-21,274.24,275.96,275.98,273.68,71061404.0,14.64,15.87,107.45,139.94,2.5369,2.7668,2.8967,3.0441,35.564,2.0,3.38,1.22,3.8,2.8,59.0,58.0,128.8,218.0,0.56,175.71,168.38,67.09,43.47,120.54,120.05,94.862,85.9,27.2,35.515,36.84,84.55
2018-06-22,274.74,275.66,275.785,274.49,56612003.0,13.77,15.5,102.49,140.54,2.5412,2.7668,2.8949,3.0394,34.953,2.0,3.39,1.23,3.8,2.8,59.0,58.0,128.8,222.0,0.56,175.32,167.82,67.8,43.92,120.53,120.34,94.52,85.91,27.07,35.4,37.575,84.93
2018-06-25,271.0,273.44,273.6162,269.1,137854162.0,17.33,17.52,114.32,134.66,2.5329,2.7515,2.8803,3.0244,34.529,2.0,3.45,1.24,3.8,2.8,59.0,58.0,128.8,222.0,0.61,171.37,165.08,66.86,43.33,120.8,119.89,94.289,85.71,26.78,34.665,36.82,84.15
2018-06-26,271.6,271.64,272.56,270.79,68683211.0,15.92,16.87,107.52,134.92,2.5329,2.7463,2.8766,3.0251,33.951,2.0,3.48,1.24,3.8,2.8,59.0,58.0,128.8,222.0,0.52,172.07,166.04,66.98,43.16,120.97,119.26,94.676,85.7,26.69,34.805,37.285,83.89
2018-06-27,269.35,272.26,273.865,269.18,105110674.0,17.91,18.05,112.75,131.3,2.504,2.6952,2.8256,2.9673,31.954,2.0,3.56,1.24,3.8,2.8,59.0,58.0,128.8,222.0,0.67,169.73,163.38,66.35,42.33,122.11,118.58,95.29,85.52,26.36,34.33,37.785,83.18
2018-06-28,270.89,269.29,271.75,268.49,76650517.0,16.85,17.52,108.88,136.34,2.5101,2.7142,2.8365,2.9657,32.236,2.0,3.63,1.24,3.8,2.8,59.0,58.0,128.8,222.0,0.65,171.19,163.88,66.6,42.69,122.14,118.22,95.312,85.28,26.59,34.75,37.735,83.29
2018-06-29,271.28,272.12,273.66,271.1495,97592499.0,16.09,17.14,105.97,141.72,2.5282,2.7378,2.8601,2.989,32.786,2.0,3.63,1.23,3.8,2.8,59.0,58.0,128.8,228.0,0.69,171.65,163.77,66.97,43.33,121.72,118.65,94.47,85.08,26.59,34.735,37.97,83.46
2018-07-02,271.86,269.51,272.04,269.24,63554774.0,15.6,16.95,104.8,140.89,2.5485,2.7548,2.8711,2.9929,31.855,2.0,3.67,1.24,3.8,2.8,59.0,58.0,128.8,228.0,0.58,172.8,164.9,66.36,42.9,121.35,117.46,94.871,84.78,26.72,35.045,37.41,83.72
2018-07-03,270.9,272.87,272.98,270.42,42187071.0,16.14,17.35,108.5,134.57,2.5242,2.7211,2.8309,2.9586,30.08,2.0,3.68,1.24,3.8,2.8,59.0,58.0,128.8,228.0,0.67,170.8,164.96,66.56,42.93,122.0,118.65,94.591,84.79,26.48,34.63,37.645,83.92
2018-07-05,273.11,272.17,273.18,270.96,56925919.0,14.97,16.53,103.22,139.86,2.5507,2.7279,2.8291,2.9447,27.638,2.0,3.66,1.22,3.8,2.8,59.0,58.0,128.8,228.0,0.6,172.92,166.84,67.22,42.82,122.35,119.05,94.395,85.11,26.54,35.12,37.605,84.79
2018-07-06,275.42,273.14,275.84,272.715,66493696.0,13.37,15.71,95.74,141.02,2.5365,2.7178,2.8217,2.9293,28.114,2.0,3.65,1.22,3.8,2.8,59.0,58.0,128.8,216.0,0.57,175.61,168.25,67.58,43.41,122.75,118.86,93.963,85.33,26.67,35.53,37.835,86.01
2018-07-09,277.9,276.55,277.96,276.5,50550399.0,12.69,14.87,94.16,138.96,2.559,2.7484,2.8564,2.964,29.535,2.0,3.57,1.2,3.8,2.8,59.0,58.0,128.8,216.0,0.53,177.19,169.31,68.23,44.19,121.96,119.15,94.077,85.46,27.28,35.8,38.4,86.64
2018-07-10,278.9,278.41,279.01,278.08,51966829.0,12.64,14.71,91.96,139.26,2.5693,2.7467,2.8491,2.9555,27.751,2.0,3.5,1.19,3.8,2.8,59.0,58.0,128.8,216.0,0.74,177.32,168.54,68.2,44.09,121.95,118.93,94.158,85.47,27.18,35.885,38.685,86.97
2018-07-11,276.86,277.15,278.04,276.52,77054739.0,13.63,15.38,104.5,136.85,2.5776,2.7502,2.8491,2.9524,26.739,2.0,3.54,1.19,3.8,2.8,59.0,58.0,128.8,216.0,0.59,176.42,167.11,67.06,43.23,122.42,117.64,94.719,85.34,27.05,35.745,37.865,86.28
2018-07-12,279.37,278.28,279.43,277.6,60124687.0,12.58,14.76,100.82,138.22,2.5859,2.7468,2.8454,2.9462,25.542,2.0,3.48,1.19,3.8,2.8,59.0,58.0,128.8,216.0,0.56,179.46,167.92,67.58,43.82,122.41,118.13,94.827,85.61,27.1,36.31,37.93,87.24
2018-07-13,279.59,279.17,279.93,278.66,48234964.0,12.18,14.54,99.81,142.48,2.578,2.7249,2.8271,2.9315,24.504,2.0,3.47,1.18,3.8,2.8,59.0,58.0,128.8,205.0,0.62,179.61,167.42,67.79,43.85,122.72,117.61,94.677,85.61,26.98,36.27,38.13,87.4
2018-07-16,279.34,279.64,279.803,278.84,48201038.0,12.83,14.85,100.95,148.16,2.5966,2.7522,2.8582,2.9616,25.953,2.0,3.5,1.17,3.8,2.8,59.0,58.0,128.8,205.0,0.7,179.18,166.77,67.76,43.61,122.21,117.55,94.511,85.55,27.46,36.185,37.69,86.87
2018-07-17,280.47,278.47,280.91,278.41,52315500.0,12.06,14.4,98.56,149.58,2.6154,2.7625,2.86,2.9694,24.055,2.0,3.51,1.17,3.8,2.8,59.0,58.0,128.8,205.0,0.65,180.27,167.51,67.88,43.93,121.98,116.28,94.985,85.58,27.49,36.455,37.54,87.35
2018-07-18,281.06,280.56,281.18,280.06,44593465.0,12.1,14.39,98.08,154.25,2.6093,2.7676,2.8692,2.9857,25.787,2.0,3.5,1.17,3.8,2.8,59.0,58.0,128.8,205.0,0.56,179.93,167.98,67.89,43.88,121.49,116.31,95.085,85.62,27.93,36.395,37.565,87.42
2018-07-19,280.0,280.31,280.74,279.46,61412117.0,12.87,14.97,100.58,150.98,2.5907,2.7336,2.838,2.9585,24.523,2.0,3.53,1.17,3.8,2.8,59.0,58.0,128.8,205.0,0.62,179.03,169.17,67.75,43.34,122.26,115.81,95.164,85.58,27.51,36.265,37.575,86.93
2018-07-20,279.68,279.77,280.48,279.5,82372729.0,12.86,15.08,102.76,152.72,2.5931,2.7645,2.8931,3.0258,29.789,2.0,3.5,1.17,3.8,2.8,59.0,58.0,128.8,210.0,0.66,178.99,168.48,68.07,43.96,120.76,116.56,94.476,85.62,27.56,36.275,37.445,86.76
2018-07-23,280.2,279.45,280.43,279.06,47047565.0,12.62,14.86,102.04,153.78,2.6287,2.8176,2.9541,3.091,32.121,2.0,3.45,1.15,3.8,2.8,59.0,58.0,128.8,210.0,0.55,179.56,168.69,68.07,43.67,119.27,116.0,94.632,85.59,27.94,36.46,37.28,86.94
2018-07-24,281.61,281.79,282.56,280.63,68026935.0,12.41,14.7,98.68,145.94,2.6331,2.8195,2.9486,3.0758,31.133,2.0,3.43,1.13,3.8,2.8,59.0,58.0,128.8,210.0,0.63,180.3,166.89,68.47,44.31,119.68,116.04,94.613,85.77,28.02,36.66,37.75,87.73
2018-07-25,284.01,281.33,284.37,281.28,78882927.0,12.29,14.55,94.2,145.09,2.6694,2.8488,2.9746,3.1031,30.11,2.0,3.43,1.13,3.8,2.8,59.0,58.0,128.8,210.0,0.61,182.82,167.5,68.98,45.03,119.49,116.68,94.233,85.93,28.08,37.12,38.065,88.85
2018-07-26,283.34,283.2,284.11,283.09,57919495.0,12.14,14.4,91.66,142.18,2.6815,2.8597,2.9764,3.0998,29.086,2.0,3.38,1.11,3.8,2.8,59.0,58.0,128.8,210.0,0.63,180.05,168.4,68.67,44.53,119.26,115.77,94.785,85.94,28.07,36.55,38.48,88.6
2018-07-27,281.42,283.71,283.82,280.38,76783177.0,13.03,15.0,97.15,144.57,2.6694,2.8394,2.9542,3.0822,28.075,2.0,3.38,1.1,3.8,2.8,59.0,58.0,128.8,207.0,0.67,177.62,165.26,68.8,44.69,119.46,115.83,94.669,85.91,28.13,35.925,38.315,87.96
2018-07-30,279.95,281.51,281.69,279.36,63742508.0,14.26,15.66,101.41,141.57,2.6613,2.8496,2.9728,3.1047,30.743,2.0,3.32,1.1,3.8,2.8,59.0,58.0,128.8,207.0,0.72,175.11,164.2,68.79,44.62,119.05,115.65,94.348,85.94,28.15,35.365,38.63,88.01
2018-07-31,281.33,280.81,282.02,280.38,68570493.0,12.83,14.87,94.13,144.49,2.6694,2.8479,2.9598,3.0822,28.632,2.0,3.36,1.09,3.8,2.9,58.1,57.5,127.9,207.0,0.69,176.45,165.87,68.88,44.86,119.7,115.99,94.554,86.12,27.95,35.46,38.56,88.93
2018-08-01,280.86,281.56,282.13,280.1315,53853326.0,13.15,15.22,95.28,142.77,2.6776,2.8751,3.0064,3.1321,32.476,2.0,3.33,1.09,3.8,2.9,58.1,57.5,127.9,207.0,0.67,177.12,165.76,68.53,44.46,118.46,115.14,94.661,85.83,27.95,35.78,38.025,88.95
2018-08-02,282.39,279.39,282.58,279.16,63426363.0,12.19,14.76,91.66,143.83,2.6634,2.8548,2.9859,3.1184,32.045,2.0,3.33,1.09,3.8,2.9,58.1,57.5,127.9,207.0,0.58,179.53,166.97,68.08,43.87,118.63,114.52,95.17,85.88,27.96,36.23,37.815,89.28
2018-08-03,283.6,282.53,283.6577,282.33,53935386.0,11.64,14.49,86.6,146.19,2.6432,2.8125,2.9488,3.0886,30.152,2.0,3.34,1.09,3.8,2.9,58.1,57.5,127.9,210.0,0.56,180.08,166.39,68.12,44.21,119.22,114.92,95.161,85.95,28.12,36.36,37.62,89.81
2018-08-06,284.64,283.64,284.99,283.2015,39400887.0,11.27,14.23,84.66,142.01,2.6452,2.8041,2.9395,3.0894,29.021,2.0,3.33,1.08,3.8,2.9,58.1,57.5,127.9,210.0,0.62,181.14,167.32,67.83,43.87,119.29,114.33,95.358,86.11,28.27,36.555,37.76,89.97
2018-08-07,285.58,285.39,286.01,285.24,43196646.0,10.93,13.93,83.21,138.94,2.6697,2.8414,2.973,3.1176,29.921,2.0,3.26,1.07,3.8,2.9,58.1,57.5,127.9,210.0,0.64,181.8,167.72,68.36,44.32,118.67,114.59,95.186,86.15,28.4,36.695,38.04,89.98
2018-08-08,285.46,285.39,285.91,284.94,42114551.0,10.85,13.96,84.42,139.84,2.6677,2.8312,2.96,3.1103,28.819,2.0,3.25,1.08,3.8,2.9,58.1,57.5,127.9,210.0,0.62,182.02,167.57,68.3,44.26,118.79,114.91,95.092,86.1,28.47,36.795,37.765,90.12
2018-08-09,285.07,285.53,285.97,284.915,35716976.0,11.27,14.13,88.69,138.61,2.6452,2.8075,2.9258,3.0717,27.647,2.0,3.28,1.1,3.8,2.9,58.1,57.5,127.9,210.0,0.62,181.91,168.0,68.1,44.13,119.79,114.74,95.504,86.04,28.3,36.81,37.415,90.02
2018-08-10,283.16,283.45,284.055,282.36,77076044.0,13.16,15.22,99.07,149.2,2.6042,2.7448,2.8732,3.0303,26.49,2.0,3.37,1.12,3.8,2.9,58.1,57.5,127.9,206.0,0.7,180.52,167.53,66.74,43.19,120.66,114.69,96.357,85.89,27.97,36.515,37.645,89.63
2018-08-13,282.1,283.47,284.16,281.77,65732909.0,14.78,16.21,107.78,159.03,2.6124,2.7499,2.8786,3.0471,26.216,2.0,3.2,1.13,3.8,2.9,58.1,57.5,127.9,206.0,0.64,180.32,166.55,66.5,42.48,120.41,112.96,96.391,85.83,27.7,36.465,37.165,89.66
2018-08-14,283.9,282.92,284.17,282.4833,43842031.0,13.31,15.35,100.34,152.41,2.637,2.7719,2.8985,3.0672,25.741,2.0,3.39,1.12,3.8,2.9,58.1,57.5,127.9,206.0,0.66,181.45,168.2,66.49,42.74,120.14,113.07,96.731,85.98,27.96,36.69,37.255,90.08
2018-08-15,281.78,282.38,282.54,280.16,102925355.0,14.64,16.19,111.13,148.4,2.6082,2.7346,2.8623,3.0319,25.006,2.0,3.47,1.13,3.8,2.9,58.1,57.5,127.9,206.0,0.66,179.23,166.09,65.53,41.51,120.84,111.19,96.696,85.83,27.74,36.36,35.955,89.93
2018-08-16,284.06,283.4,285.04,283.36,69967919.0,13.45,15.51,103.49,148.45,2.6164,2.7413,2.8659,3.0255,24.545,2.0,3.42,1.12,3.8,2.9,58.1,57.5,127.9,206.0,0.6,179.82,167.63,65.99,41.77,120.83,111.1,96.645,85.94,28.11,36.52,36.215,90.81
2018-08-17,285.06,283.83,285.5601,283.37,65618481.0,12.64,15.17,101.81,146.01,2.6059,2.7413,2.8605,3.0199,25.25,2.0,3.41,1.12,3.8,2.9,58.1,57.5,127.9,207.0,0.7,179.86,168.35,66.38,42.21,120.98,112.13,96.101,86.04,28.17,36.575,36.305,91.09
2018-08-20,285.67,285.57,285.97,285.06,39807490.0,12.49,15.0,100.77,145.55,2.5851,2.6971,2.819,2.9849,23.175,2.0,3.44,1.12,3.8,2.9,58.1,57.5,127.9,207.0,0.55,179.7,168.82,66.74,42.4,121.79,112.69,95.9,86.08,28.26,36.52,36.55,91.39
2018-08-21,286.34,286.25,287.31,285.7135,67271983.0,12.86,15.19,101.56,144.7,2.5954,2.7107,2.8298,2.9928,23.016,2.0,3.39,1.11,3.8,2.9,58.1,57.5,127.9,207.0,0.58,180.36,170.76,67.15,42.94,121.38,113.02,95.256,86.21,28.37,36.58,36.735,91.39
2018-08-22,286.17,285.88,286.76,285.575,44993333.0,12.25,15.08,95.72,143.75,2.5912,2.7039,2.8189,2.9841,22.354,2.0,3.38,1.12,3.8,2.9,58.1,57.5,127.9,207.0,0.6,181.06,171.18,67.41,43.28,121.86,113.27,95.146,86.24,28.27,36.69,37.175,91.48
2018-08-23,285.79,285.97,286.94,285.43,49204851.0,12.41,15.06,95.92,147.38,2.6162,2.7225,2.8261,2.9802,20.58,2.0,3.38,1.12,3.8,2.9,58.1,57.5,127.9,207.0,0.61,180.8,170.66,66.93,42.58,122.05,112.2,95.666,86.23,28.14,36.77,37.0,91.45
2018-08-24,287.51,286.44,287.67,286.38,57487399.0,11.99,14.82,93.95,148.2,2.6202,2.7122,2.8098,2.9589,18.75,2.0,3.36,1.12,3.8,2.9,58.1,57.5,127.9,211.0,0.57,182.48,171.59,67.32,43.37,122.29,114.16,95.146,86.38,28.24,37.14,37.27,91.89
2018-08-27,289.78,288.86,289.9,288.68,57072377.0,12.16,14.79,93.39,144.85,2.6412,2.7412,2.8459,2.9936,20.057,2.0,3.33,1.12,3.8,2.9,58.1,57.5,127.9,211.0,0.53,184.34,171.84,68.22,43.99,121.59,114.59,94.779,86.41,28.62,37.48,37.545,92.22
2018-08-28,289.92,290.3,290.4175,289.4,46943472.0,12.5,15.11,92.31,140.88,2.6654,2.7737,2.8804,3.0303,21.095,2.0,3.31,1.12,3.8,2.9,58.1,57.5,127.9,211.0,0.53,184.61,172.0,68.16,43.83,120.86,113.68,94.72,86.37,28.59,37.545,37.385,92.27
2018-08-29,291.48,290.16,291.74,289.8854,61485514.0,12.25,14.95,91.1,140.76,2.6755,2.782,2.884,3.0207,20.448,2.0,3.31,1.12,3.8,2.9,58.1,57.5,127.9,211.0,0.55,186.74,172.5,68.53,44.1,121.02,114.2,94.6,86.32,28.58,37.885,37.615,92.87
2018-08-30,290.3,290.94,291.36,289.63,61229501.0,13.53,15.54,95.11,141.82,2.6492,2.75,2.855,3.0031,20.17,2.0,3.35,1.13,3.8,2.9,58.1,57.5,127.9,211.0,0.58,186.41,172.36,67.88,42.95,121.28,113.64,94.723,86.25,28.36,37.77,37.51,92.8
2018-08-31,290.31,289.84,290.81,289.29,66140838.0,12.86,15.15,92.73,146.91,2.6269,2.7382,2.8604,3.0191,23.139,2.0,3.38,1.14,3.8,2.7,60.5,59.5,134.7,201.0,0.63,186.65,173.02,67.34,43.17,120.995,113.51,95.14,86.36,28.33,37.8,37.22,92.78
2018-09-04,289.81,289.84,290.21,288.68,57594367.0,13.16,15.45,95.23,142.18,2.6533,2.7719,2.8985,3.0616,24.115,2.0,3.35,1.14,3.8,2.7,60.5,59.5,134.7,201.0,0.59,185.85,172.25,66.77,42.33,120.03,112.93,95.439,85.81,28.47,37.655,37.14,92.04
2018-09-05,289.03,289.41,289.64,287.89,72452437.0,13.91,15.92,97.94,142.22,2.6493,2.7685,2.9022,3.0753,24.681,2.0,3.39,1.15,3.8,2.7,60.5,59.5,134.7,201.0,0.62,183.45,171.79,66.16,41.72,119.71,113.32,95.184,85.72,28.49,37.185,37.09,92.41
2018-09-06,288.16,289.15,289.49,287.0,65909863.0,14.65,16.34,101.36,140.56,2.633,2.7415,2.8731,3.0527,23.6,2.0,3.41,1.14,3.8,2.7,60.5,59.5,134.7,201.0,0.74,181.81,170.63,65.96,41.76,120.15,113.54,95.021,85.79,28.36,36.915,36.405,92.41
2018-09-07,287.6,286.98,288.7,286.71,73524824.0,14.88,16.59,102.38,145.87,2.7025,2.8211,2.9388,3.1014,23.211,2.0,3.36,1.13,3.8,2.7,60.5,59.5,134.7,204.0,0.69,181.11,170.54,65.43,41.55,119.13,113.23,95.365,85.7,28.33,36.79,36.4,92.55
2018-09-10,288.1,288.74,289.04,287.88,50210903.0,14.16,16.17,100.38,144.88,2.7108,2.8228,2.9314,3.081,21.65,2.0,3.35,1.13,3.8,2.7,60.5,59.5,134.7,204.0,0.62,181.72,170.75,65.83,41.14,119.57,113.15,95.15,85.87,28.3,36.905,36.385,92.31
2018-09-11,289.05,287.37,289.55,286.975,50530492.0,13.22,15.54,96.44,147.88,2.7438,2.8671,2.9755,3.1185,22.755,2.0,3.3,1.11,3.8,2.7,60.5,59.5,134.7,204.0,0.61,183.12,171.03,65.89,41.23,118.66,113.22,95.249,85.89,28.33,37.22,36.73,92.23
2018-09-12,289.12,289.06,289.8,288.23,59810758.0,13.14,15.32,97.24,148.75,2.7481,2.862,2.9626,3.1038,21.044,2.0,3.28,1.11,3.8,2.7,60.5,59.5,134.7,204.0,0.55,182.58,170.62,66.17,41.44,118.94,114.17,94.799,86.09,28.07,37.065,36.92,92.69
2018-09-13,290.83,290.32,291.0384,289.995,51034222.0,12.37,14.77,91.06,150.64,2.7565,2.8723,2.97,3.1071,20.94,2.0,3.24,1.1,3.8,2.7,60.5,59.5,134.7,204.0,0.5,184.53,170.66,66.66,42.0,119.12,113.76,94.518,86.25,28.03,37.5,36.935,93.84
2018-09-14,290.88,291.06,291.27,290.0,55079875.0,12.07,14.37,88.07,151.59,2.7777,2.9033,2.9959,3.1309,21.404,2.0,3.19,1.09,3.8,2.7,60.5,59.5,134.7,206.0,0.58,183.99,171.38,66.76,41.96,118.55,113.02,94.927,86.33,28.23,37.47,37.13,93.53
2018-09-17,289.34,290.82,290.86,289.03,68244043.0,13.68,15.28,96.34,150.95,2.7779,2.8879,2.9867,3.1284,20.672,2.0,3.18,1.08,3.8,2.7,60.5,59.5,134.7,206.0,0.64,181.34,169.56,66.82,41.58,118.55,113.61,94.496,86.27,28.11,37.0,37.19,93.19
2018-09-18,290.91,289.58,291.58,289.55,61930407.0,12.79,15.04,92.49,151.37,2.7988,2.9428,3.0551,3.2014,25.214,2.0,3.15,1.08,3.8,2.7,60.5,59.5,134.7,206.0,0.55,182.84,170.27,67.52,41.98,117.31,113.44,94.64,86.26,28.25,37.235,37.435,93.73
2018-09-19,291.22,290.97,291.69,290.825,49080562.0,11.75,14.65,88.18,145.19,2.7907,2.9464,3.0626,3.2098,26.771,2.0,3.15,1.08,3.8,2.7,60.5,59.5,134.7,206.0,0.57,182.7,169.65,67.76,42.56,116.61,113.88,94.537,86.1,28.73,37.14,37.55,93.6
2018-09-20,293.58,292.64,293.94,291.2363,100360646.0,11.8,14.51,87.31,144.84,2.8034,2.9533,3.0626,3.1956,25.502,2.0,3.16,1.06,3.8,2.7,60.5,59.5,134.7,206.0,0.56,184.72,171.22,68.6,43.03,117.15,114.27,93.912,86.22,28.98,37.58,37.56,94.51
2018-09-21,291.99,293.09,293.22,291.81,105479656.0,11.68,14.58,90.2,141.55,2.7999,2.9485,3.0628,3.1998,25.863,2.0,3.17,1.06,3.8,2.7,60.5,59.5,134.7,205.0,0.57,183.71,170.4,68.63,43.23,117.1,113.49,94.22,86.24,28.74,37.305,37.55,94.27
2018-09-24,291.02,291.34,291.5,290.37,53409645.0,12.2,14.77,91.51,138.84,2.8169,2.9675,3.0889,3.2258,26.775,2.0,3.18,1.07,3.8,2.7,60.5,59.5,134.7,205.0,0.63,183.89,169.77,68.32,42.74,116.8,113.47,94.185,86.2,28.42,37.49,38.1,94.46
2018-09-25,290.75,291.53,291.65,290.4833,44370037.0,12.42,14.92,91.07,137.68,2.8391,2.9814,3.0964,3.2258,25.324,2.0,3.17,1.06,3.8,2.7,60.5,59.5,134.7,205.0,0.52,184.14,170.03,68.66,42.91,116.68,113.65,94.133,86.13,28.31,37.445,38.345,94.17
2018-09-26,289.88,290.91,292.24,289.41,79739674.0,12.89,15.15,91.56,140.98,2.8148,2.9444,3.048,3.1814,22.918,2.25,3.18,1.07,3.8,2.7,60.5,59.5,134.7,205.0,0.59,184.27,168.03,68.69,43.0,117.5,113.05,94.193,86.22,27.97,37.305,37.975,94.38
2018-09-27,290.69,290.41,291.91,290.1,59249455.0,12.41,14.89,87.66,142.1,2.8269,2.9563,3.0518,3.1831,22.078,2.25,3.18,1.06,3.8,2.7,60.5,59.5,134.7,205.0,0.61,185.83,168.04,68.55,43.21,117.58,112.05,94.894,86.38,27.87,37.525,37.975,94.86
2018-09-28,290.72,289.99,291.28,289.95,70091385.0,12.12,14.77,87.31,144.43,2.8188,2.9529,3.0612,3.2057,23.831,2.25,3.16,1.06,3.8,2.7,60.5,59.5,134.7,210.0,0.64,185.79,168.55,67.99,42.92,117.27,112.76,95.132,86.44,27.58,37.665,37.87,95.15
2018-10-01,291.73,292.11,292.93,290.98,62078937.0,12.0,14.74,86.97,141.52,2.8189,2.9614,3.0836,3.2343,26.066,2.25,3.09,1.05,3.8,2.7,60.5,59.5,134.7,210.0,0.57,186.17,166.33,68.07,42.93,116.15,112.57,95.298,86.3,27.69,37.845,38.395,95.62
2018-10-02,291.56,291.56,292.355,291.14,47258227.0,12.05,14.84,88.12,137.98,2.8108,2.9512,3.0631,3.2175,24.824,2.25,3.1,1.05,3.8,2.7,60.5,59.5,134.7,210.0,0.54,185.75,164.53,67.72,42.39,116.86,113.87,95.507,86.23,27.69,37.85,38.435,95.51
2018-10-03,291.72,292.74,293.21,291.32,64694594.0,11.61,14.68,85.8,136.33,2.872,3.0449,3.1813,3.3353,30.526,2.25,3.03,1.05,3.8,2.7,60.5,59.5,134.7,210.0,0.56,185.95,165.97,67.6,42.04,114.83,113.42,95.762,86.0,27.95,37.965,38.745,95.33
2018-10-04,289.44,291.18,291.24,287.66,111545910.0,14.22,15.84,99.44,136.73,2.868,3.045,3.187,3.3475,31.493,2.25,3.16,1.05,3.8,2.7,60.5,59.5,134.7,210.0,0.72,182.38,163.64,66.81,40.99,114.02,113.48,95.751,85.68,28.14,37.28,38.585,94.4
2018-10-05,287.82,289.69,290.27,286.22,105951698.0,14.82,16.25,102.63,130.28,2.885,3.0693,3.2328,3.4036,34.368,2.25,3.2,1.05,3.8,2.7,60.5,59.5,134.7,211.0,0.84,180.15,162.16,66.41,40.84,113.04,113.8,95.624,85.3,28.0,36.81,38.58,94.29
2018-10-08,287.82,287.05,288.22,285.5,87742172.0,15.69,16.51,102.74,129.64,2.885,3.0693,3.2328,3.4036,34.368,2.25,3.2,1.05,3.8,2.7,60.5,59.5,134.7,211.0,0.66,179.05,161.82,66.09,40.9,112.66,112.54,95.761,85.11,28.19,36.395,38.55,94.25
2018-10-09,287.4,287.39,288.86,286.77,74338982.0,15.95,16.63,103.92,128.98,2.8851,3.0557,3.2063,3.3685,31.707,2.25,3.31,1.06,3.8,2.7,60.5,59.5,134.7,211.0,0.62,179.63,161.19,65.92,40.75,113.8,112.6,95.668,85.24,28.08,36.525,38.895,94.41
2018-10-10,278.3,286.83,286.91,277.88,214731042.0,22.96,20.7,135.61,127.65,2.8421,3.0027,3.1629,3.3476,31.671,2.25,3.4,1.07,3.8,2.7,60.5,59.5,134.7,211.0,0.74,171.73,156.56,64.52,39.54,113.49,112.88,95.508,84.63,27.21,34.755,37.675,92.18
2018-10-11,272.17,277.08,278.9,270.36,274840491.0,24.98,21.56,129.3,130.85,2.8484,3.0044,3.1498,3.3233,29.73,2.25,3.48,1.08,3.8,2.7,60.5,59.5,134.7,211.0,0.68,169.6,153.57,63.62,39.14,114.87,115.78,95.017,84.7,26.4,34.315,36.4,89.69
2018-10-12,275.95,276.77,277.09,272.37,183186492.0,21.31,19.84,124.81,125.51,2.8528,3.0149,3.1613,3.3347,30.432,2.25,3.44,1.09,3.8,2.7,60.5,59.5,134.7,208.0,0.67,174.32,153.6,63.85,40.29,114.47,115.23,95.221,85.15,26.43,35.415,36.5,91.07
2018-10-15,274.4,275.55,277.04,274.3,102263717.0,21.3,20.29,118.78,128.32,2.855,3.0098,3.1557,3.3364,29.653,2.25,3.41,1.09,3.8,2.7,60.5,59.5,134.7,208.0,0.61,172.21,154.17,63.7,39.86,114.42,116.0,95.059,85.09,26.31,34.835,36.195,90.44
2018-10-16,280.4,276.6,280.82,276.07,118255834.0,17.62,17.96,111.78,132.15,2.8655,3.0236,3.1633,3.3338,29.366,2.25,3.36,1.09,3.8,2.7,60.5,59.5,134.7,208.0,0.63,177.22,158.64,64.79,40.86,114.68,115.8,95.048,85.38,26.75,35.885,36.495,92.92
2018-10-17,280.45,280.44,281.15,277.56,110625987.0,17.4,18.1,109.28,130.65,2.8885,3.058,3.205,3.3722,31.445,2.25,3.36,1.1,3.8,2.7,60.5,59.5,134.7,208.0,0.68,177.29,157.96,64.42,40.36,114.0,115.79,95.575,85.21,27.02,35.72,36.265,93.41
2018-10-18,276.4,279.4,280.07,274.97,134557525.0,20.06,19.86,116.82,125.96,2.8741,3.0272,3.1786,3.3634,29.823,2.25,3.43,1.11,3.8,2.7,60.5,59.5,134.7,208.0,0.73,173.18,155.0,63.38,39.3,113.96,115.92,95.9,84.85,26.57,35.02,36.085,92.35
2018-10-19,276.25,277.13,279.3,275.47,139901634.0,19.89,19.84,114.95,124.94,2.9038,3.0463,3.1921,3.3758,28.408,2.25,3.43,1.11,3.8,2.7,60.5,59.5,134.7,217.0,0.82,173.02,153.36,63.74,39.67,113.71,116.01,95.713,84.9,26.67,35.005,35.765,91.51
2018-10-22,275.01,277.0,277.36,274.41,82415812.0,19.64,19.82,112.15,125.68,2.9082,3.0498,3.1978,3.3881,28.547,2.25,3.44,1.11,3.8,2.7,60.5,59.5,134.7,217.0,0.57,173.91,153.03,63.46,40.1,113.56,115.71,96.013,84.94,26.1,35.295,35.37,90.76
2018-10-23,273.61,270.95,274.87,268.61,146352719.0,20.71,20.28,108.71,126.54,2.879,3.012,3.1676,3.3679,28.435,2.25,3.57,1.14,3.8,2.7,60.5,59.5,134.7,217.0,0.61,173.27,151.66,62.86,39.66,113.92,116.39,95.961,84.86,25.89,35.16,34.445,90.27
2018-10-24,265.32,273.33,273.76,264.7,177806697.0,25.23,22.62,118.58,128.91,2.8305,2.9398,3.1035,3.3305,26.895,2.25,3.6,1.15,3.8,2.7,60.5,59.5,134.7,217.0,0.71,165.34,145.95,61.08,38.38,114.78,116.66,96.434,84.44,25.24,33.585,33.085,87.29
2018-10-25,270.08,267.38,271.81,266.23,138061545.0,24.22,22.44,113.91,125.26,2.8467,2.9596,3.1167,3.3427,26.6,2.25,3.64,1.16,3.8,2.7,60.5,59.5,134.7,217.0,0.66,171.06,149.11,61.85,39.12,114.3,116.4,96.679,84.61,25.63,34.74,33.49,88.42
2018-10-26,265.33,265.92,271.0,262.29,201574596.0,24.16,22.48,110.49,121.7,2.8062,2.9071,3.0755,3.3098,26.522,2.25,3.78,1.17,3.8,2.7,60.5,59.5,134.7,216.0,0.8,166.66,147.48,61.43,38.67,114.99,116.77,96.359,84.23,25.26,34.045,33.24,87.42
2018-10-29,263.86,268.8,270.25,259.85,160749101.0,24.7,23.06,110.39,120.83,2.8164,2.919,3.0849,3.3306,26.455,2.25,3.77,1.17,3.8,2.7,60.5,59.5,134.7,216.0,0.74,163.23,146.67,61.26,38.0,114.73,116.31,96.579,84.15,25.48,33.47,32.62,87.64
2018-10-30,267.77,263.67,268.12,263.12,157115995.0,23.35,22.23,106.08,118.11,2.8507,2.9562,3.1227,3.3637,26.79,2.25,3.8,1.18,3.8,2.7,60.5,59.5,134.7,216.0,0.69,165.92,149.73,62.0,38.74,114.16,115.8,97.011,84.35,25.92,33.845,33.375,88.58
2018-10-31,270.63,270.65,273.23,270.12,128296325.0,21.23,21.15,102.9,117.64,2.8669,2.9749,3.1435,3.3909,27.259,2.25,3.71,1.18,3.8,2.5,58.1,60.8,137.9,216.0,0.65,169.82,150.03,62.46,39.16,113.58,115.15,97.127,84.35,26.28,34.65,33.58,88.7
2018-11-01,273.51,271.6,273.73,270.38,99495037.0,19.34,20.07,99.57,118.28,2.8445,2.9563,3.1303,3.376,28.38,2.25,3.72,1.19,3.8,2.5,58.1,60.8,137.9,216.0,0.51,172.06,153.49,63.26,40.56,113.41,116.63,96.277,84.32,26.4,35.055,33.865,89.82
2018-11-02,271.89,274.75,275.23,269.59,122634107.0,19.51,20.3,102.38,115.73,2.9034,3.033,3.2121,3.454,30.467,2.25,3.63,1.17,3.8,2.5,58.1,60.8,137.9,218.0,0.68,169.38,154.0,63.35,40.82,112.0,116.65,96.542,84.27,26.38,34.37,33.78,89.26
2018-11-05,273.39,272.44,274.01,271.35,65622482.0,19.96,20.2,101.83,118.89,2.9075,3.028,3.2008,3.4282,28.922,2.25,3.63,1.16,3.8,2.5,58.1,60.8,137.9,218.0,0.61,168.96,153.88,63.35,40.93,112.44,116.37,96.279,84.34,26.8,34.335,34.345,90.05
2018-11-06,275.12,273.32,275.3,273.25,60085894.0,19.91,19.58,102.48,119.93,2.9279,3.0554,3.2276,3.4433,29.552,2.25,3.59,1.15,3.8,2.5,58.1,60.8,137.9,218.0,0.67,170.24,154.64,63.61,40.86,112.37,116.04,96.317,84.56,26.94,34.55,34.505,90.51
2018-11-07,281.01,277.56,281.1,277.08,102752099.0,16.36,17.62,95.75,120.56,2.9567,3.0795,3.2355,3.4416,27.47,2.25,3.5,1.13,3.8,2.5,58.1,60.8,137.9,218.0,0.59,175.58,157.41,64.46,41.63,112.52,116.03,95.997,85.05,27.29,35.565,35.07,93.17
2018-11-08,280.5,280.11,281.22,279.22,65584886.0,16.72,17.68,95.4,121.85,2.965,3.0916,3.2373,3.4337,26.825,2.25,3.47,1.14,3.8,2.5,58.1,60.8,137.9,218.0,0.64,174.46,156.99,63.83,40.55,112.51,115.78,96.724,84.84,27.37,35.535,34.31,93.22
2018-11-09,277.76,279.03,279.24,276.18,98812561.0,17.36,18.46,100.55,120.06,2.9241,3.0353,3.1819,3.3842,25.371,2.25,3.61,1.15,3.8,2.5,58.1,60.8,137.9,221.0,0.8,171.52,154.08,63.41,39.8,113.35,114.48,96.905,84.36,27.12,34.92,34.25,92.95
2018-11-12,272.57,277.19,277.46,271.99,99673574.0,20.45,20.23,107.77,121.35,2.9241,3.0353,3.1819,3.3842,25.371,2.25,3.61,1.15,3.8,2.5,58.1,60.8,137.9,221.0,0.73,166.33,151.03,62.37,39.24,114.09,113.66,97.542,83.84,26.58,33.69,33.54,91.69
2018-11-13,272.06,273.09,275.325,271.25,98176610.0,20.02,20.27,105.32,122.06,2.8911,2.984,3.1397,3.3592,24.442,2.25,3.78,1.19,3.8,2.5,58.1,60.8,137.9,221.0,0.7,166.47,150.55,62.64,39.69,114.02,113.7,97.303,83.7,26.73,33.73,32.77,91.05
2018-11-14,270.2,274.16,274.61,268.45,125335931.0,21.25,21.22,111.42,120.68,2.8663,2.9567,3.125,3.3667,25.454,2.25,3.92,1.22,3.8,2.5,58.1,60.8,137.9,221.0,0.81,165.2,149.45,62.69,39.93,114.09,114.64,96.803,83.54,26.37,33.325,32.715,90.32
2018-11-15,273.02,268.78,273.54,267.0102,135101437.0,19.98,20.31,107.38,120.76,2.8539,2.9379,3.1103,3.3592,25.232,2.25,4.04,1.28,3.8,2.5,58.1,60.8,137.9,221.0,0.73,168.09,151.58,62.89,40.82,114.04,114.77,96.927,83.52,26.76,34.16,33.195,91.12
2018-11-16,273.73,271.79,274.75,271.21,126668040.0,18.14,19.35,101.93,118.71,2.7998,2.8782,3.0628,3.3163,25.888,2.25,4.12,1.28,3.8,2.5,58.1,60.8,137.9,225.0,0.74,167.5,151.94,62.96,40.9,114.7,115.62,96.465,83.27,26.79,34.105,33.59,92.04
2018-11-19,269.1,273.05,273.38,268.07,103061706.0,20.1,20.64,107.13,115.79,2.7893,2.8697,3.0628,3.3212,27.144,2.25,4.18,1.3,3.8,2.5,58.1,60.8,137.9,225.0,0.72,162.06,148.86,62.41,40.35,115.02,115.67,96.193,83.01,26.78,32.805,33.58,90.87
2018-11-20,264.12,265.36,267.0,263.15,136021311.0,22.48,22.27,107.61,119.55,2.8037,2.8867,3.0628,3.3147,25.7,2.25,4.25,1.32,3.8,2.5,58.1,60.8,137.9,225.0,0.82,159.16,145.99,61.33,39.48,115.06,115.67,96.836,82.75,26.19,32.1,32.48,90.02
2018-11-21,265.02,265.86,267.15,265.01,75563743.0,20.8,21.32,100.27,119.31,2.8139,2.8901,3.0627,3.3163,24.677,2.25,4.18,1.31,3.8,2.5,58.1,60.8,137.9,225.0,0.73,160.37,148.03,62.19,40.21,115.02,115.86,96.712,83.17,26.21,32.335,32.99,89.51
2018-11-23,263.25,263.18,264.8234,263.07,42807878.0,21.52,21.75,99.29,117.21,2.8094,2.8662,3.039,3.3015,22.542,2.25,4.26,1.31,3.8,2.5,58.1,60.8,137.9,237.0,0.85,159.21,147.89,61.78,39.74,115.14,115.77,96.916,82.71,26.0,32.04,31.955,89.64
2018-11-26,267.5,265.78,267.75,265.34,79981362.0,18.9,20.11,92.17,117.57,2.8302,2.885,3.0535,3.3113,21.911,2.25,4.22,1.31,3.8,2.5,58.1,60.8,137.9,237.0,0.64,162.89,149.81,62.71,40.23,114.88,115.64,97.074,83.1,26.53,32.765,32.435,90.51
2018-11-27,268.4,266.34,268.4,265.66,75502441.0,19.02,19.94,91.54,115.83,2.8329,2.8901,3.0572,3.3187,22.22,2.25,4.26,1.33,3.8,2.5,58.1,60.8,137.9,237.0,0.7,163.44,148.57,62.47,40.51,115.01,114.95,97.369,83.06,26.55,32.83,32.345,91.45
2018-11-28,274.58,269.6,274.58,268.3272,127629633.0,18.49,19.28,93.55,115.96,2.8086,2.8649,3.059,3.3459,24.83,2.25,4.2,1.34,3.8,2.5,58.1,60.8,137.9,237.0,0.62,168.7,152.24,63.36,41.48,114.45,115.38,96.786,83.75,27.06,33.98,32.9,93.65
2018-11-29,273.98,273.71,275.55,272.43,82346420.0,18.79,19.59,93.36,115.49,2.8086,2.8463,3.0298,3.3245,21.91,2.25,4.18,1.35,3.8,2.5,58.1,60.8,137.9,237.0,0.57,168.15,151.83,63.04,41.12,114.9,115.74,96.778,83.77,26.83,33.65,33.115,93.96
2018-11-30,275.65,273.81,276.28,273.45,98204190.0,18.07,18.89,93.59,114.71,2.7865,2.8125,2.9879,3.29,19.938,2.25,4.18,1.37,3.8,2.2,58.6,60.1,136.4,232.0,0.53,169.37,152.62,62.77,41.08,115.33,115.54,97.272,83.6,26.97,33.97,33.055,95.87
2018-12-03,279.3,280.28,280.4,277.505,103017719.0,16.44,17.95,85.87,118.46,2.8211,2.8175,2.9697,3.2535,14.66,2.25,4.09,1.37,3.8,2.2,58.6,60.1,136.4,232.0,0.57,172.33,154.08,63.6,41.91,115.88,116.41,97.04,83.8,27.14,34.72,33.79,95.41
2018-12-04,270.25,278.37,278.85,269.9,177986013.0,20.74,20.75,96.57,117.76,2.7947,2.7871,2.9136,3.1727,11.684,2.25,4.18,1.4,3.8,2.2,58.6,60.1,136.4,232.0,0.69,165.72,147.52,61.95,41.02,117.82,117.12,96.965,83.28,25.96,33.405,32.82,93.28
2018-12-06,269.84,265.92,269.97,262.44,204185411.0,21.19,21.06,93.85,116.68,2.76,2.7533,2.8955,3.1624,13.343,2.25,4.4,1.45,3.8,2.2,58.6,60.1,136.4,232.0,0.85,166.89,147.2,61.37,40.64,118.19,117.14,96.81,82.99,25.6,33.48,32.215,92.93
2018-12-07,263.57,269.46,271.22,262.63,161018923.0,23.23,22.44,96.49,114.3,2.7109,2.6891,2.845,3.1403,13.21,2.25,4.4,1.45,3.8,2.2,58.6,60.1,136.4,208.0,0.77,161.38,144.02,60.75,39.88,118.41,118.09,96.514,82.83,25.11,32.3,32.035,90.56
2018-12-10,264.07,263.37,265.1613,258.62,151445885.0,22.64,22.01,91.78,117.64,2.7292,2.7142,2.8575,3.1293,12.801,2.25,4.46,1.45,3.8,2.2,58.6,60.1,136.4,208.0,0.7,163.07,143.6,60.28,39.46,118.9,117.68,97.219,82.89,24.76,32.745,31.535,90.91
2018-12-11,264.13,267.66,267.87,262.48,121504431.0,21.76,21.72,89.77,116.8,2.7641,2.7411,2.879,3.1261,11.286,2.25,4.39,1.44,3.8,2.2,58.6,60.1,136.4,208.0,0.65,163.61,143.45,60.47,39.76,118.88,117.54,97.388,83.04,24.52,32.785,31.545,91.19
2018-12-12,265.46,267.47,269.0,265.37,97976706.0,21.46,21.59,91.41,116.78,2.7723,2.7681,2.9096,3.1497,13.521,2.25,4.31,1.42,3.8,2.2,58.6,60.1,136.4,208.0,0.62,165.05,144.82,61.36,40.41,118.35,117.79,97.044,83.31,24.66,33.04,31.67,91.97
2018-12-13,265.37,266.52,267.49,264.12,96662717.0,20.65,21.35,93.0,117.03,2.762,2.7545,2.9131,3.1694,14.7,2.25,4.3,1.4,3.8,2.2,58.6,60.1,136.4,208.0,0.75,165.1,142.77,61.25,40.4,118.07,117.53,97.064,83.51,24.48,33.095,31.77,92.06
2018-12-14,260.47,262.96,264.03,259.85,116961071.0,21.63,21.96,96.45,118.6,2.733,2.7306,2.8895,3.1433,15.437,2.25,4.37,1.4,3.8,2.2,58.6,60.1,136.4,217.0,0.79,161.08,140.61,60.46,39.83,118.48,117.06,97.443,83.16,24.24,32.285,31.045,88.96
2018-12-17,255.36,259.4,260.65,253.525,165492257.0,24.52,23.41,101.55,123.96,2.6916,2.6933,2.857,3.1128,16.124,2.25,4.47,1.41,3.8,2.2,58.6,60.1,136.4,217.0,0.97,157.43,137.02,59.98,39.46,119.17,117.87,97.1,82.62,24.0,31.6,30.48,87.19
2018-12-18,255.08,257.2,257.95,253.28,134515094.0,25.58,23.9,103.64,124.23,2.6439,2.646,2.8175,3.0677,17.144,2.25,4.64,1.42,3.8,2.2,58.6,60.1,136.4,217.0,0.69,158.42,136.85,59.39,39.14,119.6,118.15,97.104,82.08,23.91,31.85,29.76,86.43
2018-12-19,251.26,255.17,259.4,249.35,214992763.0,25.58,24.02,105.05,125.38,2.6458,2.6189,2.7548,2.9807,10.693,2.5,4.75,1.43,3.8,2.2,58.6,60.1,136.4,217.0,0.85,154.53,134.0,58.82,38.49,121.18,117.43,97.035,81.34,23.61,31.22,29.41,85.3
2018-12-20,247.17,249.86,251.62,244.65,252053377.0,28.38,25.24,109.65,124.07,2.6706,2.6677,2.8065,3.0484,13.569,2.5,5.08,1.46,3.8,2.2,58.6,60.1,136.4,217.0,0.91,152.29,131.79,58.58,38.79,120.74,119.24,96.276,80.63,23.4,30.66,28.595,84.1
2018-12-21,240.7,246.74,249.71,239.98,255345633.0,30.11,26.23,106.61,122.17,2.6389,2.6386,2.7902,3.0308,14.708,2.5,5.14,1.48,3.8,2.2,58.6,60.1,136.4,228.0,1.13,147.57,128.37,57.56,38.52,120.72,118.72,96.956,80.23,22.79,29.6,28.055,82.68
2018-12-24,234.34,239.04,240.8355,234.27,147311588.0,36.07,28.84,111.88,118.27,2.5593,2.5793,2.7383,2.9934,17.057,2.5,5.3,1.5,3.8,2.2,58.6,60.1,136.4,228.0,0.79,143.5,125.88,56.89,38.16,121.32,120.02,96.553,79.63,22.31,28.81,26.92,80.7
2018-12-26,246.18,235.97,246.18,233.76,218485360.0,30.41,25.69,97.32,116.47,2.615,2.6483,2.8079,3.0645,18.883,2.5,5.3,1.5,3.8,2.2,58.6,60.1,136.4,228.0,0.62,152.46,131.93,58.21,38.92,120.02,119.66,97.05,80.97,23.32,30.55,28.595,84.22
2018-12-27,248.07,242.57,248.29,238.96,186267342.0,29.96,25.89,95.89,115.18,2.5625,2.6166,2.7666,3.056,20.209,2.5,5.31,1.52,3.8,2.2,58.6,60.1,136.4,228.0,0.73,153.05,132.48,58.38,38.87,120.04,120.57,96.481,80.92,23.6,30.77,28.745,85.15
2018-12-28,247.75,249.58,251.4,246.45,153100189.0,28.34,25.32,91.24,117.26,2.5161,2.5547,2.7182,3.0222,19.803,2.5,5.22,1.52,3.8,2.2,58.6,60.1,136.4,238.0,0.44,152.97,132.86,58.69,39.24,121.05,121.06,96.402,81.04,23.59,30.7,28.525,85.25
2018-12-31,249.92,249.56,250.19,247.47,144299370.0,25.42,23.73,87.11,117.8,2.4878,2.5111,2.6842,3.0145,19.233,2.5,5.26,1.53,3.9,1.9,54.9,58.1,126.6,238.0,0.6,154.26,133.9,58.78,39.06,121.51,121.25,96.173,81.1,23.82,30.99,28.675,86.51
2019-01-02,250.18,245.98,251.21,245.95,126925199.0,23.22,22.75,81.66,116.06,2.4676,2.4577,2.6204,2.9518,14.877,2.5,5.27,1.54,3.9,1.9,54.9,58.1,126.6,238.0,0.67,154.88,134.66,58.66,39.16,122.15,121.33,96.819,80.99,24.02,31.01,29.24,85.2
2019-01-03,244.21,248.23,248.57,243.67,144140692.0,25.45,24.11,83.8,112.22,2.3786,2.3579,2.5535,2.9025,17.286,2.5,5.37,1.57,3.9,1.9,54.9,58.1,126.6,238.0,0.73,149.82,132.25,58.13,38.45,123.54,122.43,96.305,81.03,23.48,29.445,28.95,83.47
2019-01-04,252.39,247.59,253.11,247.17,142628834.0,21.38,21.86,84.44,111.44,2.4937,2.5008,2.6677,2.981,17.191,2.5,4.98,1.55,3.9,1.9,54.9,58.1,126.6,225.0,0.59,156.23,137.19,59.91,39.69,122.11,121.44,96.179,82.39,24.26,30.75,29.935,85.96
2019-01-07,254.38,252.69,255.95,251.69,103139100.0,21.4,21.62,82.74,113.56,2.5406,2.5375,2.696,2.9878,15.135,2.5,4.73,1.53,3.9,1.9,54.9,58.1,126.6,225.0,0.6,158.09,139.59,60.14,39.78,121.75,121.86,95.666,83.19,24.29,31.025,30.38,86.29
2019-01-08,256.77,256.82,257.31,254.0,102512587.0,20.47,21.14,82.41,115.3,2.5855,2.5795,2.728,3.0068,13.835,2.5,4.57,1.51,3.9,1.9,54.9,58.1,126.6,225.0,0.63,159.52,141.73,60.53,39.93,121.43,121.53,95.903,83.73,24.31,31.285,30.615,86.96
2019-01-09,257.97,257.56,258.91,256.19,95006554.0,19.98,20.69,86.62,117.01,2.5529,2.5475,2.71,3.0029,15.509,2.5,4.45,1.48,3.9,1.9,54.9,58.1,126.6,225.0,0.59,160.82,142.9,61.21,40.64,121.24,122.31,95.219,83.83,24.43,31.69,31.1,87.35
2019-01-10,258.88,256.26,259.16,255.5,96823923.0,19.5,20.52,86.35,117.72,2.5755,2.5676,2.7421,3.0627,16.455,2.5,4.45,1.48,3.9,1.9,54.9,58.1,126.6,225.0,0.65,161.28,143.64,61.45,40.93,120.46,121.59,95.539,84.16,24.44,31.83,31.19,87.52
2019-01-11,258.98,257.68,259.0098,257.03,73858110.0,18.19,19.74,83.85,119.09,2.5408,2.5288,2.7007,3.0334,15.582,2.5,4.44,1.47,3.9,1.9,54.9,58.1,126.6,218.0,0.77,160.69,143.68,61.03,40.73,120.93,121.8,95.67,83.89,24.5,31.77,31.005,87.81
2019-01-14,257.4,256.86,258.3,256.41,70908227.0,19.07,19.93,83.01,125.2,2.5347,2.5237,2.7024,3.0526,16.541,2.5,4.52,1.47,3.9,1.9,54.9,58.1,126.6,218.0,0.65,159.27,142.25,60.75,40.39,120.48,122.09,95.61,83.62,24.67,31.475,30.93,86.84
2019-01-15,260.35,257.82,260.7,257.81,85208271.0,18.6,19.24,81.39,126.87,2.5347,2.5304,2.7112,3.0734,17.241,2.5,4.46,1.47,3.9,1.9,54.9,58.1,126.6,218.0,0.7,162.38,143.45,61.07,40.67,120.04,121.88,96.039,83.9,24.89,31.95,31.04,88.4
2019-01-16,260.98,260.83,261.9666,260.6,77636710.0,19.04,19.53,83.34,131.66,2.5409,2.537,2.7218,3.0711,17.68,2.5,4.36,1.44,3.9,1.9,54.9,58.1,126.6,218.0,0.6,162.35,144.52,61.24,41.17,120.16,122.27,96.059,84.03,25.42,31.98,31.0,88.24
2019-01-17,262.96,260.01,263.92,259.96,96118435.0,18.06,19.17,82.79,133.02,2.5637,2.5707,2.7504,3.0741,18.464,2.5,4.32,1.43,3.9,1.9,54.9,58.1,126.6,218.0,0.52,163.63,145.83,61.46,41.35,120.19,122.11,96.065,84.26,25.56,32.185,31.285,89.02
2019-01-18,266.46,264.98,266.98,262.998,127900303.0,17.8,18.84,82.49,131.19,2.6139,2.6231,2.7842,3.0974,16.613,2.5,4.22,1.38,3.9,1.9,54.9,58.1,126.6,214.0,0.54,165.25,147.33,62.08,41.55,119.56,121.02,96.336,84.5,26.0,32.675,31.92,90.08
2019-01-22,262.86,264.82,265.06,261.06,115531183.0,20.8,20.69,93.81,122.82,2.5869,2.5773,2.7392,3.0594,15.014,2.5,4.33,1.37,3.9,1.9,54.9,58.1,126.6,214.0,0.64,161.94,145.0,61.12,40.83,120.37,121.45,96.303,83.94,25.7,32.125,31.225,89.46
2019-01-23,263.41,264.01,264.79,260.66,86030287.0,19.52,20.08,88.45,123.88,2.5829,2.5756,2.7409,3.0617,15.382,2.5,4.34,1.35,3.9,1.9,54.9,58.1,126.6,214.0,0.64,162.15,144.6,61.4,41.25,120.32,121.28,96.123,84.11,25.73,32.235,30.905,89.56
2019-01-24,263.55,263.21,264.2,262.08,59204139.0,18.89,19.67,84.89,130.92,2.5642,2.5502,2.7157,3.0339,14.941,2.5,4.4,1.34,3.9,1.9,54.9,58.1,126.6,214.0,0.72,163.2,145.47,61.47,41.65,121.11,121.09,96.601,84.2,25.79,32.505,31.07,88.81
2019-01-25,265.78,265.61,266.7,263.6595,96883358.0,17.42,18.82,83.38,126.11,2.6063,2.5992,2.7585,3.0662,15.001,2.5,4.29,1.32,3.9,1.9,54.9,58.1,126.6,234.0,0.51,165.15,147.34,62.17,42.2,120.53,122.86,95.794,84.41,26.0,32.965,31.465,88.92
2019-01-28,263.76,263.39,263.83,261.79,85613655.0,18.87,19.58,86.44,123.06,2.5897,2.5805,2.744,3.0662,15.221,2.5,4.33,1.32,3.9,1.9,54.9,58.1,126.6,234.0,0.76,163.11,146.55,61.83,41.76,120.41,123.29,95.746,84.28,25.92,32.525,31.15,87.91
2019-01-29,263.41,263.92,264.55,262.48,66136334.0,19.13,19.6,86.84,121.9,2.5726,2.5452,2.7098,3.04,13.519,2.5,4.34,1.31,3.9,1.9,54.9,58.1,126.6,234.0,0.68,161.57,146.2,61.97,41.83,121.02,123.98,95.821,84.23,25.83,32.175,31.245,88.34
2019-01-30,267.58,265.1,268.52,264.25,92473671.0,17.66,18.68,82.39,123.28,2.5081,2.4833,2.6775,3.0315,16.742,2.5,4.3,1.3,3.9,1.9,54.9,58.1,126.6,234.0,0.63,165.68,147.8,62.65,42.74,120.93,124.69,95.34,84.9,25.98,33.175,31.685,89.55
2019-01-31,269.93,267.51,270.47,267.27,104012073.0,16.57,17.88,79.24,126.53,2.4576,2.4365,2.6293,2.9956,16.96,2.5,4.23,1.28,4.0,1.6,55.7,56.5,121.7,234.0,0.53,168.16,149.06,62.68,43.1,121.97,124.75,95.578,85.11,25.94,33.14,31.89,90.67
2019-02-01,270.06,270.15,271.2,269.18,85782524.0,16.14,17.59,80.0,126.03,2.5019,2.5033,2.6842,3.0253,17.619,2.5,4.16,1.27,4.0,1.6,55.7,56.5,121.7,232.0,0.6,167.45,149.18,62.66,42.76,120.96,124.5,95.579,84.68,26.05,33.335,32.445,90.75
2019-02-04,271.96,270.11,272.03,269.36,60744844.0,15.73,17.19,77.36,128.4,2.5364,2.5352,2.7235,3.0545,18.51,2.5,4.11,1.25,4.0,1.6,55.7,56.5,121.7,232.0,0.6,169.53,150.96,62.89,42.83,120.42,123.96,95.852,84.88,26.16,33.87,32.52,90.49
2019-02-05,273.1,272.44,273.44,271.88,79552774.0,15.57,17.07,80.62,123.42,2.5222,2.51,2.6983,3.0314,17.204,2.5,4.02,1.23,4.0,1.6,55.7,56.5,121.7,232.0,0.56,171.03,151.12,63.38,43.42,120.97,124.28,96.067,85.18,26.09,34.155,32.57,90.36
2019-02-06,272.74,272.79,273.34,271.92,58347791.0,15.38,16.9,84.99,123.72,2.5243,2.5033,2.6946,3.0329,16.63,2.5,4.0,1.24,4.0,1.6,55.7,56.5,121.7,232.0,0.64,170.52,150.93,63.06,42.83,121.03,123.44,96.39,85.1,26.06,34.27,32.33,90.77
2019-02-07,270.14,270.94,271.55,268.29,95481961.0,16.37,17.52,85.01,124.45,2.4795,2.463,2.6572,2.9947,17.367,2.5,4.16,1.26,4.0,1.6,55.7,56.5,121.7,232.0,0.7,168.23,149.69,62.22,42.4,121.83,123.74,96.507,84.81,25.8,33.8,31.615,89.77
2019-02-08,270.47,268.75,270.58,267.83,75788861.0,15.72,17.26,82.7,127.72,2.465,2.4445,2.6339,2.9802,16.483,2.5,4.22,1.26,4.0,1.6,55.7,56.5,121.7,226.0,0.61,168.56,149.85,62.02,42.16,122.35,124.21,96.637,84.79,25.67,33.995,31.47,89.94
2019-02-11,270.62,271.2,271.49,270.03,68021423.0,15.97,17.22,82.77,129.19,2.4854,2.4663,2.6536,2.9921,16.616,2.5,4.15,1.26,4.0,1.6,55.7,56.5,121.7,226.0,0.6,168.4,151.1,61.96,42.02,121.87,123.6,97.057,84.83,25.75,33.98,31.62,89.83
2019-02-12,274.1,272.42,274.52,272.34,72270221.0,15.43,16.82,81.63,128.6,2.5059,2.4965,2.6877,3.0247,17.98,2.5,4.05,1.25,4.0,1.6,55.7,56.5,121.7,226.0,0.57,170.89,152.99,62.68,42.37,121.555,123.86,96.709,85.24,26.13,34.43,32.02,91.06
2019-02-13,274.99,275.03,275.93,274.56,65277204.0,15.65,16.96,80.27,127.12,2.5305,2.5235,2.7021,3.0311,16.75,2.5,4.02,1.24,4.0,1.6,55.7,56.5,121.7,226.0,0.57,171.01,153.42,62.69,42.07,121.1,123.37,97.129,85.12,26.2,34.475,32.42,91.26
2019-02-14,274.38,273.78,275.64,272.87,83234396.0,16.22,17.32,81.64,126.89,2.4935,2.4729,2.6536,2.9976,15.394,2.5,4.07,1.26,4.0,1.6,55.7,56.5,121.7,226.0,0.6,171.22,153.77,62.71,42.15,121.79,124.06,96.978,85.13,25.88,34.535,32.535,91.47
2019-02-15,277.37,276.36,277.41,276.13,97088659.0,14.91,16.48,80.45,129.55,2.5141,2.4931,2.6626,2.9936,14.231,2.5,4.02,1.25,4.0,1.6,55.7,56.5,121.7,211.0,0.52,171.94,156.22,63.62,42.09,121.98,124.8,96.904,85.4,26.43,34.81,33.06,92.85
2019-02-19,277.85,276.4813,278.58,276.47,59120804.0,14.88,16.45,78.64,124.68,2.4872,2.4576,2.6339,2.9778,14.261,2.5,4.01,1.25,4.0,1.6,55.7,56.5,121.7,211.0,0.61,172.28,156.65,63.86,42.42,122.29,126.7,96.52,85.43,26.47,34.82,33.16,92.63
2019-02-20,278.41,277.81,278.92,277.25,76610767.0,14.02,15.82,75.59,123.39,2.4975,2.4677,2.6447,2.9952,14.509,2.5,3.98,1.25,4.0,1.6,55.7,56.5,121.7,211.0,0.54,172.25,157.39,64.04,42.66,121.94,126.48,96.454,85.5,26.64,34.86,33.3,92.52
2019-02-21,277.42,277.7,278.1,276.345,64214727.0,14.46,16.16,76.64,122.42,2.5286,2.5134,2.6914,3.0495,16.069,2.5,3.94,1.25,4.0,1.6,55.7,56.5,121.7,211.0,0.66,171.62,156.79,63.91,42.57,120.85,125.05,96.605,85.42,26.5,34.875,32.785,91.71
2019-02-22,279.14,278.11,279.36,277.4029,78114616.0,13.51,15.46,74.98,121.08,2.4933,2.471,2.6518,3.0159,15.443,2.5,3.95,1.25,4.0,1.6,55.7,56.5,121.7,221.0,0.63,172.89,158.15,64.12,43.04,121.57,125.5,96.507,85.59,26.46,35.32,32.88,92.55
2019-02-25,279.52,280.73,281.31,279.43,69030699.0,14.85,16.0,79.35,127.67,2.5058,2.4761,2.6626,3.0271,15.479,2.5,3.88,1.24,4.0,1.6,55.7,56.5,121.7,221.0,0.55,173.52,158.19,64.31,43.52,121.21,125.37,96.413,85.66,26.57,35.49,32.935,92.68
2019-02-26,279.32,279.13,280.3,278.9,56844101.0,15.17,16.3,80.53,125.53,2.4819,2.4451,2.6357,3.0055,15.181,2.5,3.87,1.23,4.0,1.6,55.7,56.5,121.7,221.0,0.6,173.7,157.1,64.62,43.37,121.81,125.58,96.003,85.77,26.49,35.565,32.83,92.35
2019-02-27,279.2,278.52,279.59,277.48,56921570.0,14.7,15.99,80.37,126.44,2.498,2.4803,2.6825,3.0648,18.245,2.5,3.83,1.23,4.0,1.6,55.7,56.5,121.7,221.0,0.54,173.59,157.32,64.36,43.0,120.43,124.69,96.154,85.8,26.59,35.53,32.955,91.92
2019-02-28,278.68,278.96,279.45,278.32,69268293.0,14.78,16.1,80.0,128.85,2.5141,2.5122,2.715,3.0802,19.885,2.5,3.79,1.21,3.8,1.5,54.4,59.1,131.4,221.0,0.63,173.19,156.78,64.27,42.44,120.02,123.99,96.157,85.75,26.52,35.43,32.625,91.65
2019-03-01,280.42,280.44,280.88,278.82,78880548.0,13.57,15.38,79.27,126.97,2.5526,2.5562,2.7531,3.1226,19.826,2.5,3.76,1.2,3.8,1.5,54.4,59.1,131.4,216.0,0.6,174.39,158.24,64.62,42.49,118.66,121.88,96.527,85.61,26.69,35.67,33.225,92.95
2019-03-04,279.4,281.6,281.87,276.84,106494637.0,14.63,16.03,82.34,125.04,2.5405,2.5276,2.7223,3.0891,17.978,2.5,3.78,1.2,3.8,1.5,54.4,59.1,131.4,216.0,0.67,174.42,156.81,64.38,42.55,119.59,121.56,96.682,85.48,26.52,35.535,33.285,91.69
2019-03-05,279.02,279.54,279.76,278.41,59114559.0,14.74,16.15,82.46,126.4,2.5446,2.5277,2.7169,3.081,16.823,2.5,3.81,1.2,3.8,1.5,54.4,59.1,131.4,216.0,0.67,174.55,156.08,64.44,42.97,119.84,121.72,96.866,85.44,26.42,35.43,33.175,91.64
2019-03-06,277.33,279.15,279.16,276.97,75039771.0,15.74,16.74,86.1,125.8,2.5161,2.4991,2.6934,3.0705,17.52,2.5,3.86,1.21,3.8,1.5,54.4,59.1,131.4,216.0,0.7,173.56,153.02,64.28,42.73,120.28,121.61,96.873,85.3,26.25,35.245,32.755,90.3
2019-03-07,275.01,276.83,276.99,274.07,94885089.0,16.59,17.3,88.7,123.14,2.4734,2.4403,2.6393,3.0262,16.387,2.5,3.96,1.22,3.8,1.5,54.4,59.1,131.4,216.0,0.76,171.43,151.68,63.46,41.94,121.06,121.51,97.667,85.24,25.98,34.91,32.56,89.59
2019-03-08,274.46,272.94,274.65,272.42,85795799.0,16.05,17.11,87.24,125.73,2.461,2.4303,2.6285,3.0119,16.14,2.5,4.04,1.23,3.8,1.5,54.4,59.1,131.4,218.0,0.75,171.17,151.64,63.47,41.64,121.57,122.84,97.306,85.1,25.97,34.905,31.95,89.4
2019-03-11,278.44,275.26,278.62,275.23,65098897.0,14.33,16.01,81.23,132.93,2.4752,2.4421,2.6393,3.027,16.203,2.5,3.99,1.22,3.8,1.5,54.4,59.1,131.4,218.0,0.57,174.73,154.29,64.02,42.42,121.21,122.24,97.215,85.38,26.24,35.655,32.45,90.42
2019-03-12,279.49,279.06,280.07,278.85,79667530.0,13.77,15.65,83.06,130.17,2.4506,2.4085,2.6015,2.9912,14.482,2.5,3.96,1.21,3.8,1.5,54.4,59.1,131.4,218.0,0.66,175.69,154.37,63.98,42.64,122.06,122.98,96.935,85.53,26.3,35.865,32.66,91.08
2019-03-13,281.34,280.48,282.38,280.3,80639153.0,13.41,15.33,82.76,132.57,2.4648,2.4304,2.6213,3.0159,15.029,2.5,3.88,1.21,3.8,1.5,54.4,59.1,131.4,218.0,0.52,177.01,154.98,64.53,42.69,121.83,123.84,96.55,85.76,26.48,36.1,32.99,92.06
2019-03-14,281.16,281.37,281.84,280.6662,67518366.0,13.5,15.3,82.56,130.57,2.4607,2.4304,2.6303,3.0455,16.344,2.5,3.86,1.21,3.8,1.5,54.4,59.1,131.4,218.0,0.65,176.71,154.35,64.52,42.46,120.95,122.41,96.785,85.7,26.58,36.175,33.025,91.91
2019-03-15,281.31,280.54,282.21,280.33,81308979.0,12.88,14.98,82.94,128.76,2.4378,2.3951,2.5871,3.0111,14.729,2.5,3.88,1.2,3.8,1.5,54.4,59.1,131.4,212.0,0.57,178.35,154.76,65.22,43.08,121.75,122.97,96.595,85.78,26.63,36.495,32.755,91.99
2019-03-18,282.33,281.55,282.66,281.3,62199806.0,13.1,15.24,85.52,127.1,2.4521,2.4119,2.6033,3.0174,14.909,2.5,3.84,1.19,3.8,1.5,54.4,59.1,131.4,212.0,0.52,178.45,155.75,65.45,43.56,121.68,123.04,96.524,85.75,26.9,36.65,33.21,91.85
2019-03-19,282.4,283.51,284.36,281.41,90268121.0,13.56,15.56,87.36,123.13,2.4686,2.4254,2.6123,3.0222,13.954,2.5,3.82,1.19,3.8,1.5,54.4,59.1,131.4,212.0,0.58,179.05,154.96,65.58,43.58,121.41,123.38,96.383,85.8,26.69,36.725,33.12,92.58
2019-03-20,281.55,282.16,283.5,280.32,84609210.0,13.91,15.79,86.63,120.59,2.3961,2.3277,2.5263,2.9714,12.6,2.5,3.86,1.2,3.8,1.5,54.4,59.1,131.4,212.0,0.58,179.76,153.26,65.61,43.65,122.68,124.18,95.761,86.17,26.14,36.625,33.41,91.94
2019-03-21,284.73,280.64,285.18,280.59,79550375.0,13.63,15.51,83.89,120.67,2.4084,2.3412,2.5369,2.9667,12.649,2.5,3.8,1.18,3.8,1.5,54.4,59.1,131.4,212.0,0.51,182.57,155.27,65.57,43.71,122.95,123.68,96.495,86.15,26.06,37.545,33.645,92.3
2019-03-22,279.25,283.22,283.8034,279.18,122659286.0,16.48,17.37,98.5,117.55,2.3166,2.2419,2.439,2.8739,11.828,2.5,3.94,1.19,3.8,1.5,54.4,59.1,131.4,210.0,0.68,178.56,149.62,64.31,42.43,124.86,123.97,96.651,85.84,25.34,36.66,32.735,90.62
2019-03-25,279.04,278.87,280.1853,277.64,85575197.0,16.33,17.45,97.2,117.6,2.2416,2.1783,2.3983,2.8616,15.255,2.5,4.02,1.19,3.8,1.5,54.4,59.1,131.4,210.0,0.62,178.22,150.28,64.4,42.53,125.06,124.92,96.566,85.81,25.23,36.5,32.75,90.57
2019-03-26,281.12,280.99,282.18,279.56,68125920.0,14.68,16.45,89.85,117.8,2.2662,2.2049,2.423,2.8731,15.474,2.5,4.01,1.18,3.8,1.5,54.4,59.1,131.4,210.0,0.65,179.05,151.86,64.72,42.66,124.97,124.3,96.736,86.02,25.53,36.7,33.22,91.19
2019-03-27,279.65,281.11,281.76,277.93,72224722.0,15.15,16.78,91.34,117.66,2.2,2.1563,2.3665,2.8105,16.252,2.5,4.02,1.19,3.8,1.5,54.4,59.1,131.4,210.0,0.69,177.9,151.27,64.75,42.2,126.12,123.65,96.774,86.08,25.42,36.49,32.985,90.43
2019-03-28,280.71,280.35,281.21,279.07,56238545.0,14.43,16.3,87.95,119.25,2.2359,2.2145,2.3946,2.8226,15.667,2.5,4.02,1.19,3.8,1.5,54.4,59.1,131.4,210.0,0.71,178.31,152.62,64.59,42.48,126.56,121.9,97.202,86.25,25.64,36.64,33.11,90.66
2019-03-29,282.48,282.39,282.84,281.14,82186806.0,13.71,15.8,85.82,120.96,2.26,2.233,2.405,2.8143,13.896,2.5,3.91,1.19,3.8,1.5,54.4,59.1,131.4,203.0,0.65,179.66,153.09,64.86,42.92,126.44,122.01,97.284,86.47,25.71,37.0,33.06,91.75
2019-04-01,285.83,284.7,286.16,284.4,77617945.0,13.4,15.46,84.93,126.77,2.3326,2.3215,2.5009,2.8901,16.628,2.5,3.76,1.19,3.8,1.5,54.4,59.1,131.4,203.0,0.61,182.04,154.76,65.69,43.63,124.37,121.53,97.232,86.07,26.34,37.505,33.495,91.89
2019-04-02,285.97,286.04,286.23,285.09,40070351.0,13.36,15.54,83.28,127.31,2.3024,2.2865,2.4741,2.8769,16.971,2.5,3.77,1.19,3.8,1.5,54.4,59.1,131.4,203.0,0.57,182.73,154.36,65.71,43.49,124.6,121.98,97.361,86.11,26.32,37.635,33.265,91.68
2019-04-03,286.42,287.32,287.76,285.75,68243202.0,13.74,15.63,84.23,125.96,2.3348,2.3268,2.5241,2.9336,18.319,2.5,3.73,1.18,3.8,1.5,54.4,59.1,131.4,203.0,0.52,183.78,155.16,66.22,43.79,123.52,121.8,97.091,86.14,26.4,37.94,32.945,91.56
2019-04-04,287.18,286.78,287.459,286.01,48997505.0,13.58,15.48,82.15,126.23,2.3369,2.3201,2.5151,2.9196,17.614,2.5,3.72,1.17,3.8,1.5,54.4,59.1,131.4,203.0,0.59,183.71,155.92,66.08,44.06,123.87,122.11,97.308,86.27,26.56,37.78,33.22,91.37
2019-04-05,288.57,287.92,288.63,287.6,58621729.0,12.82,15.06,79.1,128.75,2.3393,2.3053,2.4954,2.9032,15.2,2.5,3.68,1.16,3.8,1.5,54.4,59.1,131.4,196.0,0.59,184.66,157.38,66.25,44.4,124.03,121.98,97.395,86.43,26.6,37.96,33.805,92.0
2019-04-08,288.79,288.1,288.91,287.37,53566335.0,13.18,15.28,81.86,129.13,2.3618,2.3272,2.5222,2.9273,15.832,2.5,3.66,1.15,3.8,1.5,54.4,59.1,131.4,196.0,0.68,185.13,157.12,66.29,44.4,123.59,122.51,97.05,86.38,26.63,38.105,33.955,91.98
2019-04-09,287.31,287.72,288.08,286.7,66142316.0,14.28,15.99,88.14,127.66,2.3497,2.3055,2.5006,2.9141,14.892,2.5,3.67,1.15,3.8,1.5,54.4,59.1,131.4,196.0,0.58,184.48,155.2,65.87,44.31,123.98,123.15,97.006,86.32,26.41,37.925,33.54,91.74
2019-04-10,288.29,287.77,288.3899,287.31,52601499.0,13.3,15.38,89.49,127.61,2.3212,2.272,2.4649,2.8923,14.165,2.5,3.66,1.14,3.8,1.5,54.4,59.1,131.4,196.0,0.62,185.47,157.31,66.12,44.52,124.28,123.53,96.946,86.7,26.49,38.19,33.665,91.77
2019-04-11,288.21,288.83,288.84,287.578,55093100.0,13.02,15.25,88.06,126.23,2.354,2.3107,2.497,2.9265,14.094,2.5,3.58,1.12,3.8,1.5,54.4,59.1,131.4,196.0,0.67,185.03,157.11,65.98,44.04,123.55,121.95,97.177,86.83,26.65,38.14,33.69,90.64
2019-04-12,290.16,290.0,290.47,288.261,69727782.0,12.01,14.46,84.98,124.22,2.3914,2.3802,2.5651,2.9769,16.964,2.5,3.49,1.1,3.8,1.5,54.4,59.1,131.4,197.0,0.54,185.83,157.68,66.44,44.36,122.67,121.83,96.972,86.96,27.14,38.405,33.78,89.81
2019-04-15,289.97,290.24,290.35,289.075,49596685.0,12.32,14.53,84.17,127.69,2.3916,2.3719,2.5543,2.9682,16.07,2.5,3.5,1.09,3.8,1.5,54.4,59.1,131.4,197.0,0.57,185.86,157.17,66.47,44.13,122.98,121.6,96.942,86.9,26.97,38.39,33.58,90.17
2019-04-16,290.16,290.95,291.01,289.5,52153197.0,12.18,14.47,83.58,125.81,2.4124,2.4059,2.5904,2.9919,17.595,2.5,3.46,1.09,3.8,1.5,54.4,59.1,131.4,197.0,0.58,186.5,157.54,66.52,44.46,122.21,120.51,97.043,86.85,27.35,38.585,33.8,88.32
2019-04-17,289.45,291.4,291.425,288.99,58268295.0,12.6,14.82,85.55,125.78,2.4002,2.4026,2.594,2.9943,19.174,2.5,3.49,1.09,3.8,1.5,54.4,59.1,131.4,197.0,0.55,187.15,156.1,66.71,44.59,122.26,120.28,97.009,86.64,27.42,38.8,33.755,85.78
2019-04-18,290.02,290.1,290.32,288.66,68708513.0,12.09,14.57,84.41,123.6,2.3802,2.3709,2.5596,2.961,17.735,2.5,3.54,1.1,3.8,1.5,54.4,59.1,131.4,197.0,0.62,187.39,155.64,66.67,44.56,122.9,120.37,97.474,86.68,27.34,38.91,33.595,85.92
2019-04-22,290.27,289.17,290.435,289.07,40160140.0,12.42,14.72,83.27,124.24,2.3866,2.3863,2.5885,2.9919,19.984,2.5,3.54,1.11,3.8,1.5,54.4,59.1,131.4,197.0,0.6,187.92,155.23,66.56,44.27,122.31,120.37,97.287,86.53,27.26,39.0,34.305,85.97
2019-04-23,292.88,290.68,293.14,290.42,52246633.0,12.28,14.54,81.43,124.65,2.3639,2.3593,2.565,2.98,19.904,2.5,3.54,1.11,3.8,1.5,54.4,59.1,131.4,197.0,0.59,190.31,157.57,66.69,44.37,122.57,120.12,97.636,86.83,27.43,39.425,34.25,87.33
2019-04-24,292.23,292.79,293.16,292.07,50392914.0,13.14,15.04,85.17,123.81,2.3178,2.3119,2.5181,2.9343,19.833,2.5,3.55,1.1,3.8,1.5,54.4,59.1,131.4,197.0,0.6,189.71,158.06,66.23,43.77,123.57,120.47,98.173,86.71,27.4,39.44,33.65,87.23
2019-04-25,292.05,292.12,292.78,290.73,57770862.0,13.25,15.21,86.94,124.18,2.3319,2.3299,2.5325,2.9421,19.858,2.5,3.56,1.1,3.8,1.5,54.4,59.1,131.4,197.0,0.57,190.48,156.75,66.18,43.71,123.39,120.57,98.203,86.75,27.45,39.43,33.545,88.13
2019-04-26,293.41,292.1,293.49,291.2401,50916423.0,12.73,14.89,84.12,126.29,2.2821,2.2882,2.4982,2.9233,21.414,2.5,3.59,1.1,3.8,1.5,54.4,59.1,131.4,224.0,0.63,190.65,158.27,66.45,43.88,123.81,121.37,98.006,86.97,27.7,39.28,33.11,89.01
2019-04-29,293.87,293.51,294.45,293.41,57197747.0,13.11,15.23,86.08,125.79,2.2922,2.3116,2.5252,2.9547,23.098,2.5,3.56,1.1,3.8,1.5,54.4,59.1,131.4,224.0,0.61,191.02,159.03,66.72,43.97,123.02,120.83,97.857,86.93,27.98,39.29,33.08,88.85
2019-04-30,294.02,293.49,294.34,291.92,81111733.0,13.12,15.23,88.56,126.47,2.2661,2.2783,2.5018,2.9288,23.368,2.5,3.58,1.11,3.7,2.0,53.6,55.3,129.2,224.0,0.65,189.54,158.29,66.76,43.93,123.65,121.2,97.479,86.94,28.02,39.355,33.055,89.26
2019-05-01,291.81,294.72,294.95,291.8,71671870.0,14.8,16.19,95.75,125.32,2.3044,2.2999,2.4999,2.9038,19.355,2.5,3.53,1.11,3.7,2.0,53.6,55.3,129.2,224.0,0.63,188.93,156.79,66.38,43.6,123.9,120.4,97.686,86.29,27.79,39.255,32.395,89.1
2019-05-02,291.18,291.68,292.7,289.52,65030170.0,14.42,16.03,93.02,124.59,2.3448,2.345,2.5414,2.9296,19.451,2.5,3.55,1.12,3.7,2.0,53.6,55.3,129.2,224.0,0.64,188.11,157.52,66.28,43.7,123.31,119.94,97.832,86.35,27.82,39.05,31.83,89.48
2019-05-03,294.03,292.82,294.34,291.2998,56543653.0,12.87,15.07,86.23,122.22,2.333,2.3234,2.525,2.9186,19.003,2.5,3.54,1.12,3.7,2.0,53.6,55.3,129.2,225.0,0.52,191.11,160.53,66.99,44.22,123.66,120.65,97.52,86.57,28.07,39.42,32.125,90.16
2019-05-06,292.82,289.25,293.31,288.9,107198069.0,15.44,16.4,94.85,123.23,2.2904,2.2633,2.4692,2.8883,17.651,2.5,3.59,1.13,3.7,2.0,53.6,55.3,129.2,225.0,0.63,189.94,160.71,66.23,43.31,124.0,120.81,97.515,86.61,27.88,39.115,32.155,90.62
2019-05-07,287.93,290.15,290.81,285.81,144729908.0,19.32,18.78,111.54,116.88,2.2844,2.2583,2.4566,2.8643,16.817,2.5,3.68,1.14,3.7,2.0,53.6,55.3,129.2,225.0,0.68,186.24,157.53,65.07,42.46,124.95,121.21,97.628,86.09,27.42,38.275,31.875,88.88
2019-05-08,287.53,287.53,289.43,286.87,91568287.0,19.4,18.75,106.48,117.79,2.2966,2.285,2.4835,2.8937,18.486,2.5,3.67,1.14,3.7,2.0,53.6,55.3,129.2,225.0,0.66,185.77,156.76,65.15,42.4,124.41,120.91,97.623,86.12,27.36,38.23,31.875,89.07
2019-05-09,286.66,285.23,287.33,283.3,103471104.0,19.1,18.44,102.92,117.68,2.258,2.2449,2.4423,2.8612,18.024,2.5,3.78,1.16,3.7,2.0,53.6,55.3,129.2,225.0,0.7,184.77,156.19,64.85,41.73,124.92,121.2,97.373,85.99,27.3,37.97,31.875,88.88
2019-05-10,288.1,285.62,288.94,282.3,112429293.0,16.04,16.9,96.01,118.54,2.2661,2.2633,2.4672,2.8867,19.696,2.5,3.82,1.17,3.7,2.0,53.6,55.3,129.2,212.0,0.8,185.0,156.62,65.33,41.98,124.75,121.43,97.33,86.23,27.48,38.09,32.025,88.91
2019-05-13,280.86,282.42,283.49,279.93,127290527.0,20.55,19.79,105.6,119.36,2.1884,2.1831,2.4015,2.8362,21.103,2.5,3.99,1.19,3.7,2.0,53.6,55.3,129.2,212.0,0.79,178.58,151.63,63.81,40.58,125.73,122.67,97.319,85.44,26.68,36.655,31.475,87.24
2019-05-14,283.4,281.99,285.1,281.85,77003230.0,18.06,18.29,97.26,119.95,2.1965,2.1881,2.4104,2.8485,20.975,2.5,3.96,1.18,3.7,2.0,53.6,55.3,129.2,212.0,0.7,180.54,153.54,64.45,41.15,125.36,122.46,97.526,85.63,26.89,37.245,31.86,87.68
2019-05-15,285.06,281.59,285.77,281.36,73956407.0,16.44,17.49,94.53,120.87,2.1596,2.148,2.3732,2.8199,21.162,2.5,4.01,1.18,3.7,2.0,53.6,55.3,129.2,212.0,0.77,183.09,154.04,64.68,41.23,126.13,122.39,97.569,85.71,26.79,37.65,32.025,87.94
2019-05-16,287.7,285.84,289.21,285.76,76749643.0,15.29,16.74,94.23,121.09,2.1922,2.1696,2.3944,2.8338,20.014,2.5,3.92,1.17,3.7,2.0,53.6,55.3,129.2,212.0,0.66,184.93,155.0,65.2,41.03,125.71,121.51,97.855,85.97,27.06,37.995,32.2,88.63
2019-05-17,285.84,285.14,288.6,285.1207,100353024.0,15.96,17.06,99.12,118.69,2.1981,2.1728,2.3909,2.8253,18.863,2.5,3.93,1.18,3.7,2.0,53.6,55.3,129.2,215.0,0.81,183.04,152.84,64.77,40.29,125.99,120.65,97.995,85.94,26.88,37.69,31.875,88.44
2019-05-20,283.95,284.06,285.43,283.12,62877610.0,16.31,17.29,96.83,115.25,2.2208,2.2046,2.4157,2.8369,19.288,2.5,3.89,1.18,3.7,2.0,53.6,55.3,129.2,215.0,0.65,179.95,151.78,64.51,40.12,125.73,120.64,97.933,85.86,26.91,37.035,31.89,88.4
2019-05-21,286.51,285.83,286.93,285.55,46847085.0,14.95,16.42,92.38,117.17,2.2538,2.2264,2.4264,2.8439,16.666,2.5,3.85,1.18,3.7,2.0,53.6,55.3,129.2,215.0,0.57,181.83,153.82,64.94,40.63,125.53,120.36,98.062,86.13,27.19,37.49,32.26,89.23
2019-05-22,285.63,285.45,286.69,285.1,49482472.0,14.75,16.42,89.3,115.42,2.2227,2.1794,2.382,2.8076,15.726,2.5,3.88,1.19,3.7,2.0,53.6,55.3,129.2,215.0,0.72,181.02,152.53,64.68,40.43,126.25,120.24,98.041,86.2,27.03,37.295,31.76,89.74
2019-05-23,282.14,283.16,283.21,280.57,98733847.0,16.92,17.69,94.98,114.71,2.146,2.1141,2.3185,2.7535,16.835,2.5,3.98,1.22,3.7,2.0,53.6,55.3,129.2,215.0,0.8,178.25,149.39,64.09,39.91,127.67,121.17,97.856,85.77,26.65,36.64,30.695,89.43
2019-05-24,282.78,283.74,284.2,282.09,55268095.0,15.85,17.09,90.19,114.12,2.1641,2.1205,2.3202,2.7512,15.4,2.5,3.93,1.22,3.7,2.0,53.6,55.3,129.2,222.0,0.76,178.16,150.79,64.78,39.95,127.78,121.3,97.613,85.65,26.86,36.65,30.81,89.56
2019-05-28,280.15,283.09,284.15,280.13,70029356.0,17.5,17.9,95.08,112.58,2.1244,2.0686,2.2658,2.7045,13.717,2.5,4.0,1.24,3.7,2.0,53.6,55.3,129.2,222.0,0.68,177.49,149.59,64.15,40.09,128.79,120.83,97.952,85.57,26.55,36.545,30.49,88.28
2019-05-29,278.27,278.91,279.36,276.71,104972927.0,17.9,18.24,93.83,111.93,2.109,2.0694,2.2605,2.6926,14.952,2.5,4.14,1.26,3.7,2.0,53.6,55.3,129.2,222.0,0.63,176.03,148.34,63.74,40.35,129.09,120.87,98.144,85.34,26.5,36.33,30.295,87.43
2019-05-30,279.03,279.11,280.04,277.805,62523780.0,17.3,17.96,92.78,112.68,2.0609,2.0198,2.2133,2.64,15.039,2.5,4.12,1.25,3.7,2.0,53.6,55.3,129.2,222.0,0.64,176.77,147.93,63.98,40.57,130.2,121.69,98.142,85.52,26.41,36.555,29.91,87.91
2019-05-31,275.27,276.2,277.12,275.24,86862782.0,18.71,18.83,96.72,112.65,1.9221,1.911,2.1246,2.5685,20.019,2.5,4.33,1.28,3.6,1.8,52.6,56.1,131.3,223.0,0.83,173.95,145.86,63.4,40.71,131.83,123.33,97.75,84.9,26.01,35.945,29.385,87.28
2019-06-03,274.57,275.31,276.5521,273.09,96427952.0,18.86,18.77,96.03,112.32,1.8317,1.8354,2.071,2.5311,23.538,2.5,4.43,1.3,3.6,1.8,52.6,56.1,131.3,223.0,0.67,170.12,146.37,63.77,41.08,132.44,125.11,97.142,84.65,26.18,35.315,29.76,87.49
2019-06-04,280.53,277.12,280.68,276.62,77231889.0,16.97,17.59,88.93,112.74,1.8834,1.8961,2.1296,2.6113,24.224,2.5,4.28,1.28,3.6,1.8,52.6,56.1,131.3,223.0,0.67,174.91,150.16,64.5,41.17,130.93,125.15,97.072,85.5,26.89,36.495,30.275,88.94
2019-06-05,282.96,282.33,282.99,280.32,71169717.0,16.09,17.13,86.72,112.91,1.8569,1.8763,2.1348,2.6465,27.583,2.5,4.24,1.28,3.6,1.8,52.6,56.1,131.3,223.0,0.64,176.21,150.19,64.48,40.84,130.19,125.47,97.32,85.7,27.06,36.97,29.94,89.61
2019-06-06,284.8,283.29,285.55,282.57,69430381.0,15.93,16.92,84.84,113.89,1.8787,1.8828,2.1174,2.6135,23.67,2.5,4.2,1.28,3.6,1.8,52.6,56.1,131.3,223.0,0.66,177.61,149.8,64.74,40.86,130.61,125.88,97.044,85.88,27.16,37.4,30.495,90.07
2019-06-07,287.65,285.93,288.85,285.74,74272199.0,16.3,17.15,86.0,114.67,1.8494,1.8529,2.0809,2.572,22.751,2.5,4.07,1.27,3.6,1.8,52.6,56.1,131.3,226.0,0.51,181.04,150.86,65.56,41.18,131.74,126.59,96.544,86.1,27.12,38.095,30.635,91.01
2019-06-10,288.97,289.37,290.82,288.8734,60799053.0,15.94,16.88,83.86,114.38,1.9036,1.9155,2.1484,2.6288,24.272,2.5,3.93,1.25,3.6,1.8,52.6,56.1,131.3,226.0,0.57,183.15,151.75,65.74,41.61,130.5,125.33,96.761,86.23,27.35,38.485,30.725,91.28
2019-06-11,288.9,290.99,291.4,288.1805,58641325.0,15.99,16.99,84.95,113.81,1.9297,1.9155,2.1431,2.6149,21.14,2.5,3.89,1.24,3.6,1.8,52.6,56.1,131.3,226.0,0.65,183.4,151.3,66.07,42.08,130.58,125.18,96.686,86.35,27.36,38.485,30.785,91.13
2019-06-12,288.39,288.64,289.26,287.815,47096312.0,15.91,17.05,86.2,114.66,1.8786,1.8708,2.1205,2.6156,23.982,2.5,3.96,1.26,3.6,1.8,52.6,56.1,131.3,226.0,0.77,182.34,151.47,65.58,41.63,130.68,125.83,97.0,86.15,27.09,38.27,30.35,91.57
2019-06-13,289.58,289.4,289.98,288.62,48945156.0,15.82,16.86,84.73,113.33,1.8357,1.8378,2.0945,2.6002,25.474,2.5,3.95,1.26,3.6,1.8,52.6,56.1,131.3,226.0,0.63,183.42,153.07,65.64,41.56,131.13,126.6,97.013,86.35,27.18,38.385,30.705,91.46
2019-06-14,289.26,289.26,289.93,288.41,52324716.0,15.28,16.6,82.57,113.16,1.8405,1.8326,2.0804,2.5856,23.579,2.5,3.95,1.26,3.6,1.8,52.6,56.1,131.3,217.0,0.63,182.64,151.73,65.16,41.1,131.46,126.56,97.572,86.29,27.24,38.05,30.505,91.25
2019-06-17,289.37,289.52,290.22,289.18,39205709.0,15.35,16.61,83.48,115.3,1.8687,1.8556,2.0942,2.5827,21.933,2.5,3.92,1.26,3.6,1.8,52.6,56.1,131.3,217.0,0.72,183.74,152.24,63.83,40.95,131.69,126.48,97.558,86.16,26.99,38.08,30.76,91.66
2019-06-18,292.4,291.39,293.57,290.99,85434823.0,15.15,16.5,87.37,116.21,1.8643,1.8324,2.0595,2.5488,19.119,2.5,3.87,1.24,3.6,1.8,52.6,56.1,131.3,217.0,0.55,186.41,154.01,64.68,41.94,132.35,127.12,97.644,86.76,27.35,38.77,31.185,92.44
2019-06-19,293.06,292.55,293.65,291.47,78674377.0,14.33,16.1,84.58,115.93,1.7351,1.7581,2.0233,2.5351,28.206,2.5,3.84,1.23,3.6,1.8,52.6,56.1,131.3,217.0,0.61,187.11,154.56,65.08,42.29,132.54,127.89,97.117,87.17,27.3,38.91,31.15,93.27
2019-06-20,295.86,296.04,296.3093,293.1255,116570017.0,14.75,16.14,81.21,119.23,1.7775,1.781,2.0284,2.5401,24.472,2.5,3.54,1.19,3.6,1.8,52.6,56.1,131.3,217.0,0.52,188.85,155.29,65.65,42.91,132.89,131.11,96.629,87.61,27.42,39.48,31.84,93.68
2019-06-21,294.0,294.13,295.52,293.76,83309466.0,15.4,16.67,83.14,118.46,1.7678,1.7906,2.054,2.5841,28.204,2.5,3.61,1.17,3.6,1.8,52.6,56.1,131.3,234.0,0.53,188.57,153.95,65.37,42.77,131.43,131.98,96.22,87.33,27.22,39.155,31.78,93.73
2019-06-24,293.64,294.23,294.58,293.47,47582730.0,15.26,16.47,82.59,117.09,1.7324,1.7475,2.0143,2.5443,27.983,2.5,3.62,1.16,3.6,1.8,52.6,56.1,131.3,234.0,0.59,188.16,152.08,65.51,42.71,132.41,133.94,95.98,87.32,27.11,39.23,31.495,93.24
2019-06-25,290.76,293.7,293.73,290.64,82028656.0,16.28,17.12,85.16,116.83,1.7318,1.7243,1.985,2.5192,24.904,2.5,3.78,1.17,3.6,1.8,52.6,56.1,131.3,234.0,0.63,184.93,151.15,65.12,42.27,132.82,134.2,96.14,86.95,27.02,38.51,31.245,92.86
2019-06-26,290.47,291.75,292.31,290.345,51584902.0,16.21,17.05,85.39,117.16,1.7689,1.7952,2.0468,2.5695,27.389,2.5,3.74,1.16,3.6,1.8,52.6,56.1,131.3,234.0,0.67,185.79,150.8,65.2,42.67,131.97,132.97,96.214,86.91,26.97,38.925,31.725,91.69
2019-06-27,291.5,291.31,292.06,290.89,40355239.0,15.82,16.76,86.52,117.5,1.7449,1.7697,2.014,2.5292,26.508,2.5,3.81,1.16,3.6,1.8,52.6,56.1,131.3,234.0,0.58,186.5,153.63,65.36,42.97,132.9,132.84,96.194,87.15,27.21,39.025,31.49,92.33
2019-06-28,293.0,292.58,293.55,292.01,59350929.0,15.08,16.06,85.78,118.12,1.7549,1.7664,2.0051,2.5291,24.82,2.5,3.77,1.15,3.6,1.8,52.6,56.1,131.3,226.0,0.55,186.74,155.5,65.73,42.91,132.81,133.2,96.13,87.18,27.6,39.02,31.855,92.64
2019-07-01,295.66,296.68,296.92,294.33,79117620.0,14.06,15.43,79.58,119.86,1.7872,1.7894,2.024,2.5478,23.48,2.5,3.67,1.13,3.6,1.8,52.6,56.1,131.3,226.0,0.65,189.26,156.1,66.04,43.42,132.24,130.62,96.844,86.82,27.93,39.64,31.885,93.1
2019-07-02,296.43,295.61,296.49,294.68,61504544.0,12.93,14.72,78.22,122.14,1.7613,1.7434,1.974,2.5013,20.871,2.5,3.76,1.13,3.6,1.8,52.6,56.1,131.3,226.0,0.66,190.01,155.15,66.23,43.31,133.26,133.41,96.726,87.01,27.86,39.745,31.375,93.6
2019-07-03,298.8,297.18,298.82,297.02,40898896.0,12.57,14.53,80.04,120.82,1.7596,1.7336,1.9498,2.4666,18.414,2.5,3.71,1.13,3.6,1.8,52.6,56.1,131.3,226.0,0.64,191.44,156.26,66.68,43.23,134.21,133.63,96.768,87.34,28.08,40.05,31.5,94.4
2019-07-05,298.46,297.44,298.64,296.01,51677326.0,13.28,14.98,79.78,126.66,1.8593,1.8308,2.0338,2.5419,16.846,2.5,3.66,1.12,3.6,1.8,52.6,56.1,131.3,215.0,0.61,191.05,156.68,66.17,42.93,132.43,132.14,97.286,86.99,28.16,39.975,31.545,93.75
2019-07-08,296.82,297.01,298.2579,296.22,45841772.0,13.96,15.48,83.66,121.42,1.89,1.8556,2.0476,2.529,15.551,2.5,3.68,1.12,3.6,1.8,52.6,56.1,131.3,215.0,0.63,189.71,155.19,65.79,42.67,132.61,131.29,97.384,86.82,28.02,39.67,31.59,93.05
2019-07-09,297.19,295.54,297.52,295.48,41101279.0,14.09,15.57,82.31,120.44,1.9066,1.8789,2.0648,2.5404,15.411,2.5,3.74,1.13,3.6,1.8,52.6,56.1,131.3,215.0,0.58,190.66,155.4,65.51,42.54,132.56,131.75,97.489,86.72,28.07,39.81,31.615,93.14
2019-07-10,298.61,298.37,299.66,297.78,58595558.0,13.03,15.19,85.97,120.66,1.8277,1.8259,2.0613,2.5758,23.157,2.5,3.72,1.13,3.6,1.8,52.6,56.1,131.3,215.0,0.51,192.56,155.67,65.74,42.9,131.83,133.83,97.104,86.96,27.97,40.125,32.02,93.46
2019-07-11,299.31,299.32,299.58,298.2,50889481.0,12.93,14.98,88.2,122.45,1.8625,1.8923,2.1378,2.6593,27.12,2.5,3.73,1.12,3.6,1.8,52.6,56.1,131.3,215.0,0.61,192.42,154.91,65.72,42.82,130.07,132.7,97.05,86.79,28.13,40.275,32.085,93.48
2019-07-12,300.65,299.85,300.73,299.51,40354410.0,12.39,14.8,86.14,123.65,1.8471,1.8709,2.1219,2.6467,27.273,2.5,3.71,1.12,3.6,1.8,52.6,56.1,131.3,211.0,0.55,193.53,156.11,65.8,42.85,130.22,133.53,96.81,86.93,28.32,40.57,32.22,92.44
2019-07-15,300.75,301.13,301.13,300.19,33910261.0,12.68,15.04,86.2,126.22,1.829,1.8444,2.0887,2.6106,25.765,2.5,3.71,1.12,3.6,1.8,52.6,56.1,131.3,211.0,0.59,194.15,155.29,65.86,43.01,130.97,133.53,96.933,86.99,28.16,40.705,31.93,92.64
2019-07-16,299.71,300.65,300.88,299.44,40567964.0,12.86,15.22,88.25,125.15,1.8498,1.8677,2.1026,2.6121,25.075,2.5,3.71,1.12,3.6,1.8,52.6,56.1,131.3,211.0,0.62,193.15,155.24,65.59,42.95,130.58,132.4,97.395,86.81,28.09,40.325,31.59,92.18
2019-07-17,297.74,299.75,299.93,297.74,44102443.0,13.97,15.82,90.35,123.98,1.8111,1.8129,2.0451,2.5568,22.991,2.5,3.77,1.13,3.6,1.8,52.6,56.1,131.3,211.0,0.67,192.2,154.13,65.5,42.82,131.99,134.58,97.223,86.7,27.85,40.22,31.23,92.2
2019-07-18,298.83,297.19,299.25,296.7,51701687.0,13.53,15.54,84.04,125.42,1.7559,1.7665,2.0242,2.564,26.625,2.5,3.86,1.13,3.6,1.8,52.6,56.1,131.3,211.0,0.6,192.42,154.71,65.7,43.08,132.0,136.48,96.794,86.74,28.06,40.52,31.235,92.72
2019-07-19,297.17,300.04,300.07,296.96,71081238.0,14.45,15.93,86.77,125.5,1.8183,1.8147,2.0552,2.5792,23.074,2.5,3.84,1.12,3.6,1.8,52.6,56.1,131.3,202.0,0.6,191.01,153.82,65.51,42.86,131.69,134.47,97.151,86.59,27.94,40.345,31.38,91.76
2019-07-22,297.9,297.61,298.5,297.04,43687404.0,13.53,15.47,81.22,125.36,1.8123,1.8031,2.0464,2.5712,23.203,2.5,3.79,1.11,3.6,1.8,52.6,56.1,131.3,202.0,0.71,192.53,153.68,65.58,42.87,131.94,134.45,97.257,86.88,28.0,40.81,31.525,91.57
2019-07-23,300.03,299.14,300.03,298.22,44657973.0,12.61,14.93,78.99,124.65,1.8374,1.8331,2.0812,2.6156,24.168,2.5,3.75,1.1,3.6,1.8,52.6,56.1,131.3,202.0,0.61,193.79,154.7,65.99,42.92,131.22,133.69,97.705,87.03,28.29,41.035,31.61,92.14
2019-07-24,301.44,299.19,301.44,299.09,47213232.0,12.07,14.56,83.89,123.08,1.8179,1.8098,2.0428,2.5726,22.286,2.5,3.72,1.09,3.6,1.8,52.6,56.1,131.3,202.0,0.66,195.15,157.26,66.04,42.99,131.79,134.37,97.729,87.1,28.58,41.375,31.745,92.19
2019-07-25,300.0,300.94,301.0,299.11,55394092.0,12.74,15.05,84.3,121.88,1.8639,1.8585,2.081,2.6083,21.307,2.5,3.67,1.08,3.6,1.8,52.6,56.1,131.3,202.0,0.68,193.3,155.36,65.37,42.61,131.16,133.42,97.818,86.98,28.38,41.205,31.385,91.74
2019-07-26,302.01,300.76,302.23,300.62,45084077.0,12.16,14.69,83.11,123.27,1.8519,1.8469,2.0703,2.5922,21.439,2.5,3.64,1.08,3.6,1.8,52.6,56.1,131.3,206.0,0.6,195.29,157.2,65.5,42.7,131.47,133.64,98.01,87.17,28.69,41.295,31.225,92.07
2019-07-29,301.46,301.88,301.93,300.85,38126462.0,12.83,15.0,88.16,125.1,1.8579,1.8469,2.065,2.5907,20.108,2.5,3.67,1.07,3.6,1.8,52.6,56.1,131.3,206.0,0.71,194.62,156.15,65.64,42.62,131.51,134.53,98.044,87.04,28.47,41.27,31.1,92.45
2019-07-30,300.72,299.91,301.17,299.49,45849045.0,13.94,15.7,91.58,121.94,1.8459,1.842,2.058,2.5798,21.004,2.5,3.71,1.08,3.6,1.8,52.6,56.1,131.3,206.0,0.73,193.78,157.84,64.88,42.29,131.83,134.98,98.05,87.08,28.39,41.005,31.45,92.05
2019-07-31,297.43,300.99,301.2,295.2,104245162.0,16.12,16.91,96.28,121.71,1.8721,1.8272,2.0144,2.5249,14.03,2.25,3.71,1.08,3.7,1.8,51.0,54.4,135.8,206.0,0.62,191.1,156.56,64.45,41.77,132.89,133.21,98.516,86.93,28.25,40.385,31.35,91.14
2019-08-01,294.84,297.6,300.87,293.96,142646576.0,17.87,17.99,105.47,117.07,1.734,1.6829,1.8935,2.442,15.751,2.25,3.88,1.11,3.7,1.8,51.0,54.4,135.8,206.0,0.75,190.15,154.29,64.27,40.95,135.26,136.41,98.369,86.52,27.61,40.18,30.64,91.26
2019-08-02,292.62,293.85,294.12,290.9,116749695.0,17.61,17.89,102.69,117.25,1.7118,1.6582,1.8452,2.382,13.136,2.25,3.97,1.13,3.7,1.8,51.0,54.4,135.8,208.0,0.87,187.35,152.58,63.7,40.55,136.51,135.89,98.074,86.39,27.6,39.525,30.2,91.05
2019-08-05,283.82,288.09,288.21,281.72,178745449.0,24.59,21.9,114.4,113.3,1.5733,1.518,1.7075,2.2543,13.224,2.25,4.37,1.19,3.7,1.8,51.0,54.4,135.8,208.0,0.84,180.73,148.0,62.11,39.05,138.87,137.79,97.522,85.49,26.68,37.875,29.3,88.91
2019-08-06,287.8,285.91,288.04,284.28,120711682.0,20.17,19.69,107.45,114.2,1.583,1.513,1.7023,2.233,11.522,2.25,4.31,1.19,3.7,1.8,51.0,54.4,135.8,208.0,0.78,183.26,149.36,62.53,39.61,139.98,138.91,97.63,86.04,27.11,38.505,29.265,90.06
2019-08-07,287.97,284.4,288.82,282.04,140572265.0,19.49,19.5,104.27,113.96,1.6069,1.5503,1.7342,2.2522,12.526,2.25,4.4,1.22,3.7,1.8,51.0,54.4,135.8,208.0,0.78,184.25,149.32,62.77,39.79,140.03,141.02,97.544,86.03,26.75,38.745,29.045,90.09
2019-08-08,293.62,289.62,293.62,289.01,87713904.0,16.91,17.86,98.66,117.71,1.6188,1.5453,1.7172,2.2243,9.435,2.25,4.16,1.19,3.7,1.8,51.0,54.4,135.8,208.0,0.62,188.26,152.54,63.38,40.28,140.33,141.73,97.618,86.37,27.26,39.695,29.88,91.29
2019-08-09,291.62,292.58,293.24,289.65,93729958.0,17.97,18.56,101.52,116.34,1.6466,1.5792,1.7447,2.2586,9.406,2.25,4.15,1.2,3.7,1.8,51.0,54.4,135.8,212.0,0.68,186.49,150.62,62.94,39.87,140.05,141.26,97.491,86.25,27.17,39.245,29.55,91.4
2019-08-12,288.07,289.96,291.6052,287.02,65527632.0,21.09,20.5,110.31,115.15,1.5837,1.4927,1.6454,2.1325,5.771,2.25,4.24,1.21,3.7,1.8,51.0,54.4,135.8,212.0,0.78,184.35,148.67,62.44,39.39,142.97,142.63,97.38,85.95,26.65,38.73,29.175,90.51
2019-08-13,292.55,287.74,294.15,287.36,94792972.0,17.52,18.53,102.21,117.58,1.6666,1.584,1.7035,2.1633,3.286,2.25,4.09,1.21,3.7,1.8,51.0,54.4,135.8,212.0,0.66,188.39,150.27,63.03,39.89,142.48,141.78,97.812,86.33,26.98,39.7,29.47,91.69
2019-08-14,283.9,288.07,292.4644,283.76,135622053.0,22.1,21.3,113.99,113.48,1.5771,1.4892,1.5792,2.018,0.01,2.25,4.39,1.23,3.7,1.8,51.0,54.4,135.8,212.0,0.84,182.76,146.07,61.3,38.74,145.69,142.75,97.987,85.56,25.98,38.48,28.315,89.14
2019-08-15,284.65,284.88,285.64,282.39,101929845.0,21.18,21.07,112.26,112.52,1.4957,1.424,1.5269,1.9729,2.31,2.25,4.44,1.24,3.7,1.8,51.0,54.4,135.8,212.0,0.98,182.55,145.49,61.51,39.0,147.31,143.7,98.144,85.81,26.11,38.41,28.14,89.45
2019-08-16,288.85,286.48,289.33,284.7138,85825286.0,18.47,19.7,110.32,115.84,1.4763,1.4169,1.5538,2.0348,7.343,2.25,4.37,1.24,3.7,1.8,51.0,54.4,135.8,207.0,0.67,185.48,148.63,62.25,39.54,146.13,142.78,98.142,86.1,26.57,39.14,28.51,90.55
2019-08-19,292.33,292.19,293.08,291.44,53640153.0,16.88,18.36,101.22,116.48,1.5453,1.477,1.6063,2.0874,5.9,2.25,4.18,1.22,3.7,1.8,51.0,54.4,135.8,207.0,0.55,188.43,150.13,62.63,39.7,144.04,141.11,98.347,86.35,26.84,39.735,29.14,91.42
2019-08-20,290.09,291.77,292.36,289.95,51652752.0,17.5,18.87,104.77,114.78,1.5123,1.4329,1.5555,2.0375,3.945,2.25,4.22,1.22,3.7,1.8,51.0,54.4,135.8,207.0,0.69,186.97,149.15,62.42,39.78,145.53,142.21,98.19,86.42,26.48,39.535,28.895,90.64
2019-08-21,292.45,292.48,292.86,291.72,49723430.0,15.8,17.72,98.03,114.48,1.5733,1.4735,1.5893,2.0723,0.983,2.25,3.97,1.19,3.7,1.8,51.0,54.4,135.8,207.0,0.6,188.63,150.38,62.86,40.16,144.56,141.76,98.295,86.79,26.6,40.0,29.08,91.31
2019-08-22,292.36,293.23,293.93,290.4,51739292.0,16.68,18.23,100.94,114.46,1.6121,1.5011,1.6131,2.1047,-0.103,2.25,3.93,1.18,3.7,1.8,51.0,54.4,135.8,207.0,0.74,188.02,150.03,62.74,39.64,143.6,141.4,98.17,86.95,26.78,39.905,28.95,90.86
2019-08-23,284.85,290.92,292.76,283.47,149318151.0,19.87,20.36,111.37,112.62,1.5332,1.4173,1.5351,2.0252,-0.02,2.25,4.07,1.19,3.7,1.8,51.0,54.4,135.8,213.0,0.88,182.07,145.43,61.96,39.05,145.96,144.17,97.64,86.55,26.1,38.585,27.98,88.76
2019-08-26,288.0,287.27,288.0,285.58,72620598.0,19.32,19.82,106.27,113.07,1.5391,1.4171,1.5351,2.0354,-0.61,2.25,4.0,1.19,3.7,1.8,51.0,54.4,135.8,213.0,0.58,184.82,147.03,62.47,39.26,145.37,144.19,98.081,86.98,26.35,39.12,28.1,89.69
2019-08-27,286.87,289.54,289.95,286.03,68262998.0,20.31,20.64,106.49,111.76,1.5223,1.3778,1.4711,1.9501,-5.331,2.25,4.01,1.19,3.7,1.8,51.0,54.4,135.8,213.0,0.64,184.43,144.85,62.42,39.33,147.61,145.57,97.999,86.94,26.19,39.06,27.925,89.16
2019-08-28,288.89,286.14,289.07,285.25,59852324.0,19.35,20.05,103.95,113.65,1.5,1.3792,1.4794,1.9714,-2.656,2.25,3.99,1.2,3.7,1.8,51.0,54.4,135.8,213.0,0.64,185.09,146.54,62.42,39.44,147.8,145.16,98.21,87.15,26.43,39.095,28.325,89.81
2019-08-29,292.58,291.72,293.16,290.61,57998913.0,17.88,19.03,99.8,115.02,1.52,1.3963,1.4945,1.964,-2.945,2.25,3.92,1.19,3.7,1.8,51.0,54.4,135.8,213.0,0.66,187.92,149.11,62.96,39.88,147.24,144.12,98.507,87.24,26.83,39.775,28.74,90.49
2019-08-30,292.45,294.22,294.2399,291.42,62961780.0,18.98,19.54,102.66,115.37,1.504,1.3865,1.4961,1.9626,-1.391,2.25,3.93,1.2,3.7,1.8,51.0,54.4,135.8,215.0,0.68,187.47,148.84,63.21,40.19,147.28,143.75,98.916,87.16,26.92,39.765,28.74,90.6
2019-09-03,290.74,290.57,291.58,289.27,69231875.0,19.66,20.12,102.19,114.68,1.452,1.3295,1.4573,1.9526,0.335,2.25,3.96,1.21,3.7,1.8,51.0,54.4,135.8,215.0,0.73,185.65,146.66,63.09,39.94,147.21,145.75,99.0,86.54,26.64,39.28,28.6,90.07
2019-09-04,294.04,293.14,294.055,292.31,47003957.0,17.33,18.81,97.3,115.99,1.4319,1.3182,1.4657,1.9699,3.178,2.25,4.06,1.22,3.7,1.8,51.0,54.4,135.8,215.0,0.68,188.33,147.84,63.98,40.61,147.43,146.66,98.451,86.72,26.9,39.95,29.0,90.13
2019-09-05,297.82,296.79,298.83,294.001,83356779.0,16.27,18.08,95.51,118.58,1.526,1.426,1.5586,2.0495,2.849,2.25,3.88,1.2,3.7,1.8,51.0,54.4,135.8,215.0,0.53,191.78,150.59,64.32,41.07,144.76,143.14,98.414,87.06,27.45,40.785,29.36,91.02
2019-09-06,298.05,298.17,298.76,297.42,49584290.0,15.0,17.46,94.4,118.87,1.5402,1.4328,1.5602,2.025,1.391,2.25,3.85,1.19,3.7,1.8,51.0,54.4,135.8,207.0,0.56,191.59,149.9,64.53,41.25,145.79,141.92,98.394,87.14,27.44,40.75,29.515,91.27
2019-09-09,298.2,299.14,299.24,297.16,51260290.0,15.27,17.55,94.5,118.79,1.5928,1.4987,1.6438,2.1281,4.895,2.25,3.72,1.18,3.7,1.8,51.0,54.4,135.8,207.0,0.59,191.19,151.91,64.72,41.38,143.2,141.39,98.281,87.23,27.86,40.445,30.105,90.43
2019-09-10,298.13,297.36,298.2,295.97,57947101.0,15.2,17.41,94.12,119.01,1.676,1.5913,1.7316,2.2163,5.151,2.25,3.68,1.18,3.7,1.8,51.0,54.4,135.8,207.0,0.65,190.64,153.85,64.83,41.41,140.69,140.18,98.326,87.28,27.96,40.24,30.46,90.69
2019-09-11,300.25,298.47,300.34,297.75,68821066.0,14.61,17.1,97.79,119.95,1.6742,1.5932,1.7385,2.2213,6.228,2.25,3.72,1.18,3.7,1.8,51.0,54.4,135.8,207.0,0.54,192.43,157.0,65.19,41.7,140.44,141.03,98.645,87.27,28.12,40.66,30.49,91.59
2019-09-12,301.29,301.25,302.46,300.41,72908745.0,14.22,16.81,95.94,119.95,1.7192,1.6349,1.7715,2.2557,5.025,2.25,3.65,1.17,3.7,1.8,51.0,54.4,135.8,207.0,0.55,193.23,157.04,65.57,42.0,139.52,141.32,98.309,87.32,28.27,40.88,30.3,91.56
2019-09-13,301.09,301.78,302.17,300.68,62104838.0,13.74,16.67,98.93,118.4,1.7999,1.7507,1.8958,2.3708,9.178,2.25,3.61,1.16,3.7,1.8,51.0,54.4,135.8,205.0,0.62,192.54,157.31,65.94,42.24,136.54,140.15,98.257,87.16,28.49,40.58,30.54,91.51
2019-09-16,300.16,299.84,301.1378,299.45,58191175.0,14.67,17.2,101.73,119.16,1.7593,1.6991,1.8467,2.3183,8.327,2.25,3.56,1.16,3.7,1.8,51.0,54.4,135.8,205.0,0.68,191.68,157.9,65.35,41.91,138.28,141.32,98.61,87.47,28.39,40.48,31.565,91.31
2019-09-17,300.92,299.94,301.02,299.75,42904427.0,14.44,17.23,101.67,117.94,1.7248,1.6576,1.8013,2.268,7.239,2.25,3.6,1.16,3.7,1.8,51.0,54.4,135.8,205.0,0.56,192.6,157.49,65.57,41.91,139.03,141.6,98.261,87.52,28.42,40.645,31.125,91.45
2019-09-18,301.1,300.49,301.22,298.24,74192091.0,13.95,16.86,99.09,118.09,1.7621,1.6762,1.7961,2.242,2.99,2.0,3.56,1.14,3.7,1.8,51.0,54.4,135.8,205.0,0.7,192.52,156.52,65.49,41.74,139.62,140.71,98.561,87.47,28.52,40.64,30.975,91.44
2019-09-19,301.08,301.53,302.63,300.7103,78099215.0,14.05,16.79,97.3,118.77,1.7378,1.6597,1.784,2.2277,4.207,2.0,3.55,1.14,3.7,1.8,51.0,54.4,135.8,205.0,0.67,192.84,155.76,65.71,41.57,140.04,141.28,98.272,87.37,28.39,40.73,30.895,91.87
2019-09-20,298.28,300.36,300.67,297.41,97455979.0,15.32,17.71,101.03,117.5,1.683,1.6002,1.7215,2.1616,3.23,2.0,3.59,1.14,3.7,1.8,51.0,54.4,135.8,211.0,0.65,190.8,155.43,65.56,41.61,141.89,142.95,98.513,87.48,28.08,40.13,30.64,92.0
2019-09-23,298.21,297.55,299.0,297.27,47541321.0,14.91,17.43,97.6,118.78,1.6812,1.6021,1.7267,2.1729,4.139,2.0,3.6,1.13,3.7,1.8,51.0,54.4,135.8,211.0,0.65,190.5,155.31,65.39,41.65,141.86,143.75,98.599,87.44,28.13,40.255,30.65,91.51
2019-09-24,295.87,299.41,299.84,294.81,97367568.0,17.05,18.55,104.96,118.01,1.6256,1.5273,1.6456,2.1036,1.579,2.0,3.7,1.14,3.7,1.8,51.0,54.4,135.8,211.0,0.7,187.97,152.43,65.14,41.21,143.57,144.51,98.337,87.32,27.86,39.865,30.165,90.67
2019-09-25,297.62,295.96,298.11,294.33,73434081.0,15.96,18.0,99.68,117.98,1.6795,1.6074,1.7372,2.1863,5.396,2.0,3.7,1.15,3.7,1.8,51.0,54.4,135.8,211.0,0.67,190.08,154.1,64.95,41.18,141.47,141.83,99.037,87.23,28.09,40.34,30.215,90.23
2019-09-26,297.0,297.63,297.86,295.45,58722357.0,16.07,18.12,100.31,117.51,1.6555,1.5799,1.6921,2.1419,3.464,2.0,3.73,1.15,3.7,1.8,51.0,54.4,135.8,211.0,0.74,189.38,152.38,65.19,41.17,142.38,141.79,99.132,87.17,27.96,40.385,29.82,89.73
2019-09-27,295.4,297.83,297.9465,293.69,84781110.0,17.22,18.75,103.2,116.61,1.6315,1.562,1.6801,2.1286,4.828,2.0,3.77,1.15,3.7,1.8,51.0,54.4,135.8,215.0,0.72,187.03,151.16,64.97,40.64,142.73,141.06,99.109,87.07,28.07,39.845,29.815,89.33
2019-09-30,296.77,295.97,297.55,295.92,52562761.0,16.24,17.96,97.62,117.67,1.6217,1.544,1.6646,2.1105,3.884,2.0,3.73,1.15,3.5,1.7,48.1,53.2,126.3,215.0,0.67,188.81,151.34,65.21,40.87,143.08,138.87,99.377,87.17,28.0,40.265,29.6,90.13
2019-10-01,293.24,297.74,298.455,293.0,89900420.0,18.56,19.35,102.74,114.01,1.5459,1.4902,1.6353,2.0925,8.736,2.0,3.86,1.16,3.5,1.7,48.1,53.2,126.3,215.0,0.73,187.27,148.37,64.57,40.58,143.26,139.63,99.128,86.62,27.41,39.89,28.915,89.25
2019-10-02,288.06,291.5,291.51,286.64,124523974.0,20.56,20.74,103.81,111.47,1.478,1.4316,1.5992,2.0876,11.916,2.0,4.09,1.19,3.5,1.7,48.1,53.2,126.3,215.0,0.84,184.05,147.25,63.25,40.27,143.61,141.26,99.019,86.11,26.85,39.14,28.205,87.95
2019-10-03,290.42,287.81,290.45,284.82,85906799.0,19.12,19.78,98.2,112.44,1.3901,1.3473,1.5341,2.0321,14.207,2.0,4.2,1.21,3.5,1.7,48.1,53.2,126.3,215.0,0.77,186.07,147.74,63.67,40.79,144.92,141.9,98.864,86.16,26.96,39.62,28.51,88.74
2019-10-04,294.35,291.14,294.63,290.82,66700681.0,17.04,18.59,95.19,114.54,1.4036,1.347,1.529,2.0151,11.93,2.0,4.19,1.2,3.5,1.7,48.1,53.2,126.3,209.0,0.65,188.81,149.14,64.17,40.97,145.99,141.9,98.808,86.43,27.46,40.275,28.69,90.13
2019-10-07,293.08,293.47,295.26,292.77,60656561.0,17.86,18.91,97.04,118.76,1.4617,1.3908,1.558,2.0484,9.222,2.0,4.09,1.19,3.5,1.7,48.1,53.2,126.3,209.0,0.7,188.24,148.88,64.09,40.63,144.78,140.69,98.967,86.36,27.32,40.105,28.435,89.83
2019-10-08,288.53,291.04,291.85,288.49,101575470.0,20.28,20.39,102.27,118.42,1.4194,1.3517,1.5289,2.0293,10.544,2.0,4.18,1.21,3.5,1.7,48.1,53.2,126.3,209.0,0.65,185.42,146.46,63.49,40.34,145.17,141.92,99.133,86.04,26.78,39.37,27.95,88.12
2019-10-09,291.27,290.75,292.3,288.6559,65707329.0,18.64,19.51,101.25,119.95,1.4657,1.4037,1.5836,2.0841,11.598,2.0,4.13,1.2,3.5,1.7,48.1,53.2,126.3,209.0,0.59,187.23,147.13,63.95,40.65,144.35,142.05,99.118,86.3,27.03,39.955,28.205,88.76
2019-10-10,293.24,291.18,294.21,291.0,57255974.0,17.57,18.79,99.66,120.85,1.5424,1.4885,1.6681,2.1615,12.171,2.0,4.07,1.19,3.5,1.7,48.1,53.2,126.3,209.0,0.58,188.68,147.72,64.4,41.07,142.2,140.81,98.701,86.41,27.31,40.23,28.56,89.2
2019-10-11,296.28,296.27,298.74,296.1448,101228577.0,15.58,17.55,97.7,122.4,1.5914,1.5542,1.729,2.1941,12.947,2.0,3.9,1.15,3.5,1.7,48.1,53.2,126.3,215.0,0.56,191.11,150.22,65.55,41.73,140.44,140.03,98.301,86.77,27.65,40.785,28.945,89.94
2019-10-14,295.95,295.93,296.67,295.57,40546668.0,14.57,17.12,94.43,124.85,1.5914,1.5542,1.729,2.1941,12.947,2.0,3.9,1.15,3.5,1.7,48.1,53.2,126.3,215.0,0.61,191.09,149.67,65.28,41.55,141.46,140.59,98.454,86.83,27.69,40.76,28.93,89.9
2019-10-15,298.88,297.1,299.7,296.97,47832356.0,13.54,16.48,93.98,127.17,1.618,1.5971,1.771,2.2348,14.684,2.0,3.73,1.14,3.5,1.7,48.1,53.2,126.3,215.0,0.55,193.52,151.39,66.04,41.92,139.75,139.61,98.288,87.02,28.09,41.21,29.05,91.54
2019-10-16,298.4,298.37,299.16,297.92,50563596.0,13.68,16.48,93.16,125.53,1.5835,1.5608,1.7395,2.2248,15.198,2.0,3.79,1.14,3.5,1.7,48.1,53.2,126.3,215.0,0.63,193.04,151.55,66.14,42.04,139.92,140.41,98.002,86.95,28.02,40.925,28.645,91.42
2019-10-17,299.28,299.68,300.24,298.515,46784885.0,13.79,16.44,90.27,128.01,1.5999,1.5757,1.7518,2.2341,14.778,2.0,3.8,1.13,3.5,1.7,48.1,53.2,126.3,215.0,0.65,193.55,153.34,66.3,42.2,139.58,140.61,97.607,87.07,28.04,40.845,28.665,92.1
2019-10-18,297.97,298.69,299.395,296.99,64338028.0,14.25,16.65,91.2,126.24,1.5736,1.5675,1.7536,2.2492,17.589,2.0,3.83,1.12,3.5,1.7,48.1,53.2,126.3,210.0,0.69,191.69,152.61,66.27,41.98,139.58,140.46,97.282,87.09,28.11,40.455,28.515,91.76
2019-10-21,299.99,299.42,300.21,298.935,39460901.0,14.0,16.28,87.29,128.44,1.621,1.6106,1.7993,2.2913,17.799,2.0,3.7,1.1,3.5,1.7,48.1,53.2,126.3,210.0,0.61,193.39,154.04,66.63,42.36,138.53,139.79,97.328,87.12,28.5,40.89,29.025,91.66
2019-10-22,299.01,300.58,300.9,298.91,49126038.0,14.46,16.55,89.32,125.79,1.5944,1.5858,1.7607,2.2521,16.218,2.0,3.77,1.1,3.5,1.7,48.1,53.2,126.3,210.0,0.61,191.85,154.21,66.47,42.39,139.34,140.2,97.526,87.14,28.42,40.34,29.4,91.86
2019-10-23,299.88,298.73,299.94,298.495,34991829.0,14.01,16.29,87.59,127.92,1.5817,1.5908,1.7642,2.2543,17.858,2.0,3.75,1.1,3.5,1.7,48.1,53.2,126.3,210.0,0.69,192.22,154.4,66.83,42.4,139.48,140.53,97.491,87.22,28.54,40.375,29.645,92.43
2019-10-24,300.37,300.91,301.07,299.4601,35857459.0,13.71,16.25,86.55,125.22,1.5777,1.5832,1.766,2.2622,18.635,2.0,3.72,1.1,3.5,1.7,48.1,53.2,126.3,210.0,0.68,194.09,154.18,66.95,42.4,139.2,141.53,97.631,87.32,28.5,40.965,29.52,91.96
2019-10-25,301.6,299.74,302.2,299.6806,45205412.0,12.65,15.71,83.82,125.7,1.6176,1.6192,1.7943,2.287,17.07,2.0,3.6,1.08,3.5,1.7,48.1,53.2,126.3,215.0,0.56,195.64,155.0,67.02,42.7,138.52,141.86,97.831,87.39,28.64,41.46,29.76,92.06
2019-10-28,303.3,302.94,303.85,302.91,42146965.0,13.11,15.99,86.48,125.26,1.6435,1.6618,1.842,2.3339,19.644,2.0,3.54,1.06,3.5,1.7,48.1,53.2,126.3,215.0,0.51,197.57,156.34,67.32,42.95,137.26,140.64,97.764,87.38,28.79,41.985,29.59,93.01
2019-10-29,303.21,303.0,304.23,302.86,44284921.0,13.2,16.09,87.75,127.29,1.6415,1.6618,1.8385,2.3347,19.096,2.0,3.63,1.07,3.5,1.7,48.1,53.2,126.3,215.0,0.55,196.04,156.85,67.3,42.73,137.35,140.25,97.69,87.22,28.86,41.605,29.71,94.33
2019-10-30,304.14,303.43,304.55,301.99,49643928.0,12.33,15.69,86.47,129.64,1.5976,1.6061,1.7715,2.2521,16.99,1.75,3.74,1.09,3.5,1.7,48.1,53.2,126.3,215.0,0.6,196.99,156.33,67.58,42.92,139.36,141.02,97.646,87.11,28.84,41.86,29.105,94.86
2019-10-31,303.33,304.13,304.13,301.73,69053791.0,13.22,16.05,88.92,130.71,1.5239,1.5195,1.691,2.1791,16.308,1.75,3.92,1.1,3.6,1.8,48.1,54.8,126.1,215.0,0.71,197.08,155.45,67.42,42.58,141.24,142.43,97.352,86.81,28.7,41.835,28.98,94.75
2019-11-01,306.14,304.92,306.19,304.74,71141515.0,12.3,15.42,85.69,126.88,1.552,1.5424,1.7103,2.1897,15.423,1.75,3.85,1.1,3.6,1.8,48.1,54.8,126.1,214.0,0.53,198.87,158.1,68.02,43.22,140.56,142.56,97.239,86.82,29.12,42.335,29.64,94.87
2019-11-04,307.37,307.85,308.0,306.96,60606916.0,12.83,15.62,88.75,129.74,1.5822,1.5932,1.777,2.263,19.078,1.75,3.61,1.08,3.6,1.8,48.1,54.8,126.1,214.0,0.54,200.1,158.95,68.37,43.65,138.71,142.15,97.505,87.0,29.37,42.555,30.605,94.58
2019-11-05,307.03,307.59,307.9195,306.71,42933219.0,13.1,15.91,90.98,126.78,1.6245,1.664,1.8584,2.3384,22.782,1.75,3.7,1.07,3.6,1.8,48.1,54.8,126.1,214.0,0.58,200.21,159.15,68.24,43.9,137.15,139.85,97.983,86.91,29.48,42.505,30.645,93.91
2019-11-06,307.1,307.03,307.4,306.06,46487108.0,12.62,15.83,89.59,125.2,1.6086,1.6311,1.8283,2.3156,21.569,1.75,3.75,1.07,3.6,1.8,48.1,54.8,126.1,214.0,0.63,199.76,158.23,68.21,43.76,137.98,140.45,97.952,86.81,29.63,42.485,30.02,94.23
2019-11-07,308.18,308.57,309.65,307.66,54272274.0,12.73,15.8,90.15,124.68,1.6672,1.7302,1.9173,2.3974,24.398,1.75,3.63,1.05,3.6,1.8,48.1,54.8,126.1,214.0,0.54,200.43,158.65,68.42,44.08,135.48,138.27,98.143,86.77,29.85,42.82,30.47,94.44
2019-11-08,308.94,307.8,309.0036,307.03,49068797.0,12.07,15.53,89.06,123.3,1.6742,1.7456,1.9417,2.4243,26.134,1.75,3.69,1.05,3.6,1.8,48.1,54.8,126.1,227.0,0.59,201.23,159.08,68.38,43.68,134.91,137.39,98.353,86.85,29.84,43.06,30.345,95.13
2019-11-11,308.35,307.42,308.54,307.27,35934909.0,12.69,15.6,89.56,123.85,1.6742,1.7456,1.9417,2.4243,26.134,1.75,3.69,1.05,3.6,1.8,48.1,54.8,126.1,227.0,0.61,200.96,158.78,68.29,43.37,135.0,137.06,98.2,86.8,29.76,43.08,30.175,94.74
2019-11-12,309.0,308.75,309.99,308.15,46484624.0,12.68,15.49,90.35,123.18,1.6623,1.7391,1.9347,2.4162,27.04,1.75,3.62,1.04,3.6,1.8,48.1,54.8,126.1,227.0,0.59,201.54,158.83,68.32,43.09,135.62,137.43,98.309,86.82,29.8,43.225,30.02,95.31
2019-11-13,309.1,307.91,309.54,307.66,54459018.0,13.0,15.62,93.5,124.61,1.636,1.6911,1.886,2.3648,24.391,1.75,3.77,1.05,3.6,1.8,48.1,54.8,126.1,227.0,0.58,201.59,158.15,68.08,42.76,136.5,137.98,98.373,86.73,29.61,43.32,29.89,95.42
2019-11-14,309.55,308.79,309.64,308.09,52001874.0,13.05,15.6,93.45,126.28,1.5914,1.6284,1.8186,2.2997,22.49,1.75,3.82,1.06,3.6,1.8,48.1,54.8,126.1,227.0,0.47,201.43,158.1,67.89,42.79,137.91,138.56,98.163,86.68,29.67,43.27,29.81,95.43
2019-11-15,311.79,311.02,311.84,310.26,62706192.0,12.05,14.99,93.35,124.95,1.6101,1.6468,1.8308,2.3047,21.856,1.75,3.79,1.06,3.6,1.8,48.1,54.8,126.1,229.0,0.49,202.91,158.92,68.32,43.13,137.76,138.21,97.999,86.94,29.75,43.62,30.04,97.46
2019-11-18,312.02,311.53,312.28,311.03,49327980.0,12.46,15.17,93.99,126.59,1.598,1.6353,1.8153,2.299,21.52,1.75,3.81,1.06,3.6,1.8,48.1,54.8,126.1,229.0,0.55,203.07,158.52,68.4,43.06,138.01,138.62,97.794,86.83,29.81,43.75,29.675,97.13
2019-11-19,311.93,312.68,312.69,311.22,67927818.0,12.86,15.5,95.95,127.46,1.5961,1.6204,1.7826,2.2513,18.444,1.75,3.92,1.07,3.6,1.8,48.1,54.8,126.1,229.0,0.58,203.37,159.11,68.31,43.15,139.16,138.69,97.856,86.52,29.87,43.835,29.235,97.79
2019-11-20,310.77,311.28,311.85,309.06,79696276.0,12.78,15.64,95.36,125.64,1.5757,1.589,1.7449,2.209,16.505,1.75,3.97,1.08,3.6,1.8,48.1,54.8,126.1,229.0,0.64,202.15,158.51,67.88,42.96,140.6,138.76,97.934,86.34,29.73,43.57,29.53,97.66
2019-11-21,310.27,310.89,311.01,309.39,54664690.0,13.13,15.82,96.09,124.87,1.6046,1.6189,1.7723,2.2315,16.36,1.75,3.96,1.09,3.6,1.8,48.1,54.8,126.1,229.0,0.59,201.7,157.73,67.79,42.87,139.72,138.0,97.993,86.36,29.7,43.35,30.015,97.91
2019-11-22,310.96,311.09,311.24,309.85,44850228.0,12.34,15.4,94.4,125.53,1.6277,1.624,1.7706,2.2209,14.081,1.75,3.91,1.08,3.6,1.8,48.1,54.8,126.1,221.0,0.58,201.83,158.22,67.98,42.87,139.9,137.74,98.27,86.69,29.92,43.295,29.915,98.26
2019-11-25,313.37,311.98,313.37,311.98,48762676.0,11.87,14.99,90.24,128.65,1.6134,1.6108,1.7551,2.2013,13.759,1.75,3.76,1.06,3.6,1.8,48.1,54.8,126.1,221.0,0.63,204.22,161.58,68.52,43.3,140.31,137.08,98.323,86.92,30.11,43.925,29.945,99.41
2019-11-26,314.08,313.41,314.28,313.06,37727953.0,11.54,14.85,89.88,130.28,1.5819,1.5959,1.7414,2.179,15.553,1.75,3.81,1.06,3.6,1.8,48.1,54.8,126.1,221.0,0.57,204.61,161.69,68.48,43.17,141.13,137.74,98.252,87.02,30.08,43.965,29.67,99.33
2019-11-27,315.48,314.61,315.48,314.37,44793179.0,11.75,14.96,90.2,130.37,1.6259,1.6292,1.7654,2.1901,13.755,1.75,3.73,1.05,3.6,1.8,48.1,54.8,126.1,221.0,0.58,206.04,162.83,68.66,43.22,140.72,137.01,98.37,87.13,30.2,44.21,29.745,99.84
2019-11-29,314.31,314.86,315.13,314.06,36592740.0,12.62,15.51,91.05,129.83,1.6119,1.6259,1.7758,2.2054,15.988,1.75,3.7,1.05,3.6,1.8,48.1,54.8,126.1,231.0,0.59,205.1,161.77,68.18,42.54,140.42,137.86,98.273,86.94,30.15,44.08,29.445,99.49
2019-12-02,311.64,314.59,314.66,311.17,76110027.0,14.91,16.84,98.91,126.35,1.6,1.6424,1.8189,2.266,21.291,1.75,3.75,1.05,3.6,1.8,48.1,54.8,126.1,231.0,0.66,203.0,160.19,67.83,42.53,138.31,137.79,97.856,86.54,29.96,43.45,29.445,99.05
2019-12-03,309.55,308.65,309.64,307.13,75172709.0,15.96,17.63,102.65,122.78,1.538,1.5424,1.7157,2.1636,17.365,1.75,3.91,1.06,3.6,1.8,48.1,54.8,126.1,231.0,0.7,201.41,159.68,67.58,42.31,141.21,139.11,97.737,86.42,29.54,43.065,29.005,98.83
2019-12-04,311.46,310.7,312.12,310.32,49190402.0,14.8,16.98,98.72,123.31,1.5721,1.5998,1.774,2.2271,19.588,1.75,3.78,1.05,3.6,1.8,48.1,54.8,126.1,231.0,0.54,202.43,160.78,68.2,42.63,139.8,138.92,97.648,86.68,29.82,43.24,29.44,99.75
2019-12-05,312.02,312.23,312.25,310.58,40781669.0,14.52,16.78,98.12,123.64,1.5923,1.6327,1.8103,2.2596,21.395,1.75,3.72,1.03,3.6,1.8,48.1,54.8,126.1,231.0,0.65,202.83,160.94,68.07,42.82,139.12,139.0,97.41,86.81,29.96,43.4,29.3,99.75
2019-12-06,314.87,314.12,315.31,314.11,48956767.0,13.62,16.21,96.52,131.48,1.6149,1.6626,1.8363,2.2774,21.74,1.75,3.6,1.02,3.6,1.8,48.1,54.8,126.1,247.0,0.54,205.0,162.82,68.69,43.07,138.35,137.62,97.7,86.93,30.36,43.88,29.86,100.41
2019-12-09,313.88,314.44,315.18,313.8,34904315.0,15.86,17.3,101.89,136.56,1.613,1.6561,1.819,2.2546,20.195,1.75,3.5,1.01,3.6,1.8,48.1,54.8,126.1,247.0,0.64,204.07,162.51,68.33,42.9,138.65,137.58,97.644,86.93,30.29,43.65,29.825,99.71
2019-12-10,313.53,313.82,314.55,312.81,53107133.0,15.68,17.13,101.03,135.0,1.6517,1.6859,1.8416,2.2645,18.789,1.75,3.51,1.01,3.6,1.8,48.1,54.8,126.1,247.0,0.76,203.9,162.61,68.36,43.05,138.66,137.97,97.413,87.14,30.3,43.685,29.885,99.93
2019-12-11,314.42,314.03,314.7,313.4393,53521450.0,14.99,16.91,104.82,134.37,1.6133,1.6381,1.7914,2.2263,17.194,1.75,3.53,1.02,3.6,1.8,48.1,54.8,126.1,247.0,0.52,204.98,162.56,68.72,43.68,139.75,138.92,97.078,87.32,30.23,43.98,29.835,100.02
2019-12-12,317.13,314.43,317.99,314.17,96585802.0,13.94,16.09,101.3,132.68,1.6582,1.7258,1.8922,2.3103,22.993,1.75,3.39,0.99,3.6,1.8,48.1,54.8,126.1,247.0,0.45,206.51,163.96,69.18,44.44,137.45,138.43,97.397,87.52,30.82,44.45,30.385,100.95
2019-12-13,317.32,316.87,318.67,316.02,81546487.0,12.63,15.28,96.61,144.51,1.6037,1.6532,1.8226,2.2524,21.275,1.75,3.38,0.99,3.6,1.8,48.1,54.8,126.1,236.0,0.55,207.19,163.33,69.66,44.42,139.04,139.05,97.172,87.61,30.71,44.745,30.155,100.88
2019-12-16,319.5,319.22,320.15,317.2542,82836128.0,12.14,14.98,94.21,143.85,1.6263,1.7014,1.8713,2.2866,23.889,1.75,3.26,0.97,3.6,1.8,48.1,54.8,126.1,236.0,0.61,209.27,163.88,69.62,43.86,137.79,139.04,97.019,87.78,30.82,45.145,30.56,101.97
2019-12-17,319.57,319.92,320.25,319.48,61131769.0,12.29,15.15,98.56,137.48,1.6224,1.7065,1.8801,2.306,25.361,1.75,3.26,0.96,3.6,1.8,48.1,54.8,126.1,236.0,0.53,209.39,164.7,69.22,44.26,137.6,139.01,97.222,88.05,30.94,45.04,30.58,101.86
2019-12-18,319.59,320.0,320.25,319.53,48199955.0,12.58,15.2,99.2,144.56,1.6287,1.7332,1.9169,2.3472,28.409,1.75,3.22,0.96,3.6,1.8,48.1,54.8,126.1,236.0,0.49,209.55,165.02,69.13,44.5,136.47,139.02,97.4,88.21,30.81,45.035,30.695,102.0
2019-12-19,320.9,319.8,320.98,319.5246,85388424.0,12.5,15.14,97.25,150.14,1.6268,1.7317,1.9204,2.3538,28.952,1.75,3.26,0.95,3.6,1.8,48.1,54.8,126.1,236.0,0.54,210.86,165.73,69.13,44.52,136.47,139.38,97.379,87.85,30.8,45.36,30.685,102.4
2019-12-20,320.73,320.46,321.9742,319.3873,149338215.0,12.51,15.32,99.29,147.17,1.6294,1.7304,1.9171,2.3421,28.561,1.75,3.24,0.95,3.6,1.8,48.1,54.8,126.1,230.0,0.46,211.71,165.97,69.18,44.61,136.65,139.52,97.69,87.72,30.68,45.475,30.68,102.7
2019-12-23,321.22,321.59,321.65,321.06,53015641.0,12.61,15.5,99.82,143.91,1.6523,1.7488,1.9294,2.3567,27.301,1.75,3.17,0.95,3.6,1.8,48.1,54.8,126.1,230.0,0.54,211.81,166.3,69.29,44.67,136.45,139.95,97.658,87.76,30.61,45.605,30.995,103.11
2019-12-24,321.23,321.47,321.52,320.9,20270007.0,12.67,15.52,98.83,143.87,1.621,1.709,1.8996,2.329,27.463,1.75,3.26,0.95,3.6,1.8,48.1,54.8,126.1,230.0,0.52,211.92,166.68,69.22,44.57,136.84,141.27,97.654,87.83,30.68,45.62,30.98,102.98
2019-12-26,322.94,321.65,322.95,321.64,31024188.0,12.65,15.52,97.46,143.07,1.631,1.7189,1.8944,2.3218,25.944,1.75,3.24,0.95,3.6,1.8,48.1,54.8,126.1,230.0,0.43,213.79,166.68,69.52,44.89,137.17,142.38,97.534,87.96,30.85,45.96,30.97,102.91
2019-12-27,322.86,323.74,323.8,322.28,42554820.0,13.43,15.95,99.63,140.29,1.5812,1.678,1.8752,2.316,29.007,1.75,3.3,0.94,3.6,1.8,48.1,54.8,126.1,231.0,0.6,213.61,165.86,69.64,45.07,137.32,142.33,96.919,87.92,30.77,45.955,30.84,102.94
2019-12-30,321.08,322.95,323.1,320.55,49782730.0,14.82,16.68,100.02,133.56,1.5653,1.6699,1.8788,2.3297,30.754,1.75,3.3,0.94,3.6,1.8,48.1,54.8,126.1,231.0,0.59,212.21,165.44,69.12,44.77,136.82,142.63,96.74,87.86,30.68,45.69,29.85,101.66
2019-12-31,321.86,320.53,322.13,320.15,57106998.0,13.78,15.87,94.1,139.52,1.5691,1.691,1.9175,2.3896,34.442,1.75,3.36,0.93,3.6,2.3,47.9,55.7,128.2,231.0,0.56,212.61,165.67,69.44,44.87,135.48,142.9,96.389,87.94,30.78,45.835,30.02,101.86
2020-01-02,324.87,323.54,324.89,322.53,59253833.0,12.47,15.19,89.67,137.7,1.569,1.6665,1.8771,2.3312,30.612,1.75,3.31,0.95,3.6,2.3,47.9,55.7,128.2,231.0,0.54,216.16,165.78,70.14,45.78,137.015,143.95,96.846,88.31,31.08,46.695,30.29,102.13
2020-01-03,322.41,321.16,323.64,321.1,77783121.0,14.02,16.01,93.79,133.46,1.5246,1.5896,1.7881,2.2444,25.748,1.75,3.35,0.96,3.6,2.3,47.9,55.7,128.2,224.0,0.57,214.18,165.13,69.27,44.93,139.12,145.86,96.838,88.22,30.75,46.17,30.2,101.24
2020-01-06,323.64,320.49,323.73,320.36,55761948.0,13.85,15.92,92.66,132.51,1.5445,1.6058,1.809,2.2858,26.246,1.75,3.29,0.98,3.6,2.3,47.9,55.7,128.2,224.0,0.54,215.56,165.35,69.54,44.82,138.33,147.39,96.671,88.13,30.73,46.28,30.435,101.87
2020-01-07,322.73,323.02,323.54,322.24,42854811.0,13.79,15.86,91.07,129.78,1.5404,1.6122,1.8177,2.3052,27.332,1.75,3.32,0.98,3.6,2.3,47.9,55.7,128.2,224.0,0.44,215.53,164.8,69.35,44.79,137.645,147.97,97.005,88.05,30.53,46.26,30.355,101.67
2020-01-08,324.45,322.94,325.78,322.67,68434153.0,13.45,15.4,90.21,136.42,1.5806,1.6629,1.8738,2.3625,28.542,1.75,3.29,0.97,3.6,2.3,47.9,55.7,128.2,224.0,0.47,217.15,165.31,69.55,45.05,136.74,146.86,97.299,88.13,30.73,46.755,29.855,102.33
2020-01-09,326.65,326.16,326.73,325.52,48569601.0,12.54,14.95,87.81,133.47,1.5785,1.653,1.8545,2.3297,27.201,1.75,3.31,0.96,3.6,2.3,47.9,55.7,128.2,224.0,0.49,218.99,165.51,69.71,45.35,137.22,146.03,97.45,88.36,30.92,47.285,30.075,102.77
2020-01-10,325.71,327.2899,327.46,325.2,53057389.0,12.56,14.95,88.33,128.15,1.5702,1.6315,1.8196,2.2786,24.74,1.75,3.27,0.96,3.6,2.3,47.9,55.7,128.2,207.0,0.54,218.43,164.89,69.45,45.59,138.44,146.91,97.356,88.39,30.69,47.175,29.905,102.8
2020-01-13,327.95,326.39,327.96,325.92,47262010.0,12.32,14.64,88.48,131.27,1.5843,1.6495,1.8459,2.3015,25.752,1.75,3.15,0.95,3.6,2.3,47.9,55.7,128.2,207.0,0.47,220.95,165.96,69.81,46.3,138.02,145.82,97.345,88.39,30.9,47.765,29.915,102.44
2020-01-14,327.45,327.47,328.62,326.844,63036384.0,12.39,14.64,86.87,130.82,1.57,1.6199,1.8109,2.27,23.682,1.75,3.22,0.96,3.6,2.3,47.9,55.7,128.2,207.0,0.47,220.08,166.57,69.88,46.04,138.73,145.69,97.372,88.38,30.84,47.54,29.92,103.06
2020-01-15,328.19,327.35,329.02,327.26,72056598.0,12.42,14.63,91.15,135.53,1.5536,1.5985,1.783,2.2359,22.729,1.75,3.22,0.96,3.6,2.3,47.9,55.7,128.2,207.0,0.44,220.17,167.37,69.88,45.68,139.65,146.54,97.229,88.4,30.67,47.595,29.7,103.95
2020-01-16,330.92,329.7,330.92,329.45,54050328.0,12.32,14.45,90.38,133.13,1.5657,1.6247,1.8074,2.2578,23.962,1.75,3.19,0.95,3.6,2.3,47.9,55.7,128.2,207.0,0.47,222.28,169.53,70.17,45.97,139.21,146.31,97.32,88.43,30.94,48.235,29.75,104.49
2020-01-17,331.95,331.7,332.18,330.8539,95846017.0,12.1,14.41,91.75,134.62,1.5592,1.6195,1.8215,2.2807,26.017,1.75,3.2,0.93,3.6,2.3,47.9,55.7,128.2,221.0,0.48,223.38,169.07,70.38,46.23,138.02,146.58,97.606,88.36,31.03,48.56,29.56,104.49
2020-01-21,331.3,330.9,332.18,330.82,77742415.0,12.85,14.87,92.98,132.7,1.5304,1.575,1.7743,2.2358,23.974,1.75,3.2,0.93,3.6,2.3,47.9,55.7,128.2,221.0,0.59,223.28,167.67,69.82,45.06,139.47,146.74,97.531,88.17,30.77,48.54,29.03,104.6
2020-01-22,331.34,332.24,332.95,331.17,48914899.0,12.91,14.98,91.11,129.93,1.5283,1.5749,1.7691,2.2217,23.875,1.75,3.32,0.93,3.6,2.3,47.9,55.7,128.2,221.0,0.52,223.87,167.56,69.96,45.43,139.96,146.79,97.527,88.33,30.86,48.715,28.75,104.73
2020-01-23,331.72,330.63,332.1682,329.41,51962994.0,12.98,14.99,92.54,131.76,1.5137,1.5469,1.7325,2.1782,21.672,1.75,3.4,0.95,3.6,2.3,47.9,55.7,128.2,221.0,0.54,224.59,167.45,69.79,44.96,140.94,147.12,97.693,88.06,30.78,48.945,28.64,104.2
2020-01-24,328.77,332.44,332.53,327.36,87578442.0,14.56,16.07,98.43,127.02,1.4947,1.5038,1.6839,2.1324,18.544,1.75,3.56,0.95,3.6,2.3,47.9,55.7,128.2,210.0,0.7,222.7,165.39,69.49,44.6,142.08,147.98,97.853,87.69,30.39,48.715,28.31,102.46
2020-01-27,323.5,323.03,325.12,322.66,84062463.0,18.23,18.16,107.39,127.21,1.4409,1.4414,1.608,2.0567,16.305,1.75,3.85,0.99,3.6,2.3,47.9,55.7,128.2,210.0,0.64,218.1,163.51,68.05,43.06,144.29,148.99,97.956,87.1,29.92,47.555,27.525,101.68
2020-01-28,326.89,325.06,327.85,323.6038,63833953.0,16.28,17.03,102.11,125.61,1.4625,1.4791,1.6562,2.1118,18.972,1.75,3.71,0.99,3.6,2.3,47.9,55.7,128.2,210.0,0.55,221.45,164.87,68.69,43.42,143.16,147.66,98.018,87.85,30.27,48.465,27.65,102.18
2020-01-29,326.62,328.38,328.63,326.4,54040889.0,16.39,17.03,99.07,125.15,1.4128,1.4058,1.5839,2.0392,16.518,1.75,3.71,0.99,3.6,2.3,47.9,55.7,128.2,210.0,0.5,221.81,163.93,68.7,43.63,144.56,148.46,97.991,87.8,30.22,48.59,27.36,101.9
2020-01-30,327.68,324.36,327.91,323.54,75491844.0,15.49,16.59,96.49,129.95,1.4128,1.4058,1.5856,2.0506,16.885,1.75,3.82,1.0,3.6,2.3,47.9,55.7,128.2,210.0,0.61,222.6,163.93,68.64,42.98,144.58,148.47,97.867,87.89,30.6,49.01,27.58,101.16
2020-01-31,321.73,327.0,327.17,320.73,113845576.0,18.84,18.63,105.6,135.73,1.3132,1.3134,1.5068,1.9996,18.763,1.75,3.9,1.02,3.6,2.5,51.4,56.0,130.4,207.0,0.74,219.07,160.53,67.48,42.11,145.9,149.33,97.39,87.53,29.96,47.665,26.72,99.14
2020-02-03,324.12,323.35,326.16,323.22,69242293.0,17.97,18.04,102.95,127.7,1.353,1.3474,1.5272,2.0069,16.82,1.75,3.83,1.02,3.6,2.5,51.4,56.0,130.4,207.0,0.5,222.38,162.32,67.64,42.58,145.54,148.36,97.8,87.15,30.17,48.295,26.37,100.04
2020-02-04,329.06,328.07,330.01,327.72,62573190.0,16.05,16.7,96.18,128.65,1.409,1.419,1.5991,2.0769,18.413,1.75,3.72,0.99,3.6,2.5,51.4,56.0,130.4,207.0,0.46,227.47,164.77,68.77,43.68,143.58,146.43,97.961,87.67,30.46,49.56,26.465,101.8
2020-02-05,332.86,332.27,333.09,330.67,65951146.0,15.15,16.11,92.82,129.78,1.4431,1.4631,1.6508,2.1385,20.571,1.75,3.6,0.97,3.6,2.5,51.4,56.0,130.4,207.0,0.51,228.22,167.31,69.43,43.93,142.01,146.61,98.301,88.03,31.07,49.85,27.46,103.76
2020-02-06,333.98,333.91,334.19,332.8,50359688.0,14.96,15.89,93.61,134.48,1.4452,1.4615,1.6422,2.1089,19.494,1.75,3.56,0.96,3.6,2.5,51.4,56.0,130.4,207.0,0.47,230.19,166.93,69.62,43.97,142.65,147.4,98.496,88.1,31.03,50.305,27.18,103.85
2020-02-07,332.2,332.82,333.9941,331.6,64139443.0,15.47,16.29,96.01,132.21,1.4011,1.4044,1.5834,2.0484,17.829,1.75,3.54,0.96,3.6,2.5,51.4,56.0,130.4,202.0,0.56,229.2,164.88,68.96,43.36,144.43,147.79,98.684,87.97,30.92,49.845,26.99,103.04
2020-02-10,334.68,331.23,334.75,331.19,42070006.0,15.04,16.13,96.81,133.29,1.3931,1.388,1.5696,2.0389,17.253,1.75,3.58,0.97,3.6,2.5,51.4,56.0,130.4,202.0,0.46,231.97,165.81,69.1,43.6,144.83,148.17,98.832,88.09,31.01,50.52,26.855,103.59
2020-02-11,335.26,336.16,337.02,334.684,54864533.0,15.18,16.14,96.96,132.95,1.4234,1.4207,1.6006,2.0659,17.513,1.75,3.52,0.97,3.6,2.5,51.4,56.0,130.4,202.0,0.45,232.01,166.96,69.57,44.17,144.1,147.66,98.721,88.15,31.12,50.35,27.155,104.21
2020-02-12,337.42,336.83,337.65,336.43,43992662.0,13.74,15.36,96.65,133.2,1.4437,1.4503,1.6333,2.089,18.758,1.75,3.46,0.95,3.6,2.5,51.4,56.0,130.4,202.0,0.48,234.27,168.11,69.81,44.77,143.37,147.54,99.049,88.38,31.14,50.895,27.52,104.34
2020-02-13,337.06,335.8621,338.12,335.56,54501922.0,14.15,15.68,99.17,133.04,1.4438,1.4437,1.6173,2.0706,16.94,1.75,3.41,0.96,3.6,2.5,51.4,56.0,130.4,202.0,0.55,233.97,168.55,69.32,44.18,143.92,148.38,99.067,88.41,31.13,50.76,27.435,103.85
2020-02-14,337.6,337.51,337.73,336.2,64582210.0,13.68,15.5,98.17,132.67,1.4279,1.4159,1.5848,2.0391,15.29,1.75,3.44,0.96,3.6,2.5,51.4,56.0,130.4,209.0,0.58,234.64,167.9,69.2,44.2,144.55,149.0,99.124,88.4,31.17,50.98,27.29,103.93
2020-02-18,336.73,336.51,337.6677,335.21,57342526.0,14.83,16.1,101.02,137.66,1.4116,1.3979,1.561,2.0111,14.534,1.75,3.41,0.96,3.6,2.5,51.4,56.0,130.4,209.0,0.51,234.73,167.54,68.76,43.91,145.54,150.91,99.44,88.22,30.9,50.79,27.065,103.56
2020-02-19,338.34,337.79,339.08,337.48,48814692.0,14.38,15.82,95.92,141.81,1.4219,1.4078,1.5661,2.0139,14.019,1.75,3.44,0.96,3.6,2.5,51.4,56.0,130.4,209.0,0.45,236.98,168.4,68.99,44.23,145.53,151.79,99.705,88.26,31.13,51.395,27.425,104.04
2020-02-20,336.95,337.7423,338.64,333.6817,74163362.0,15.56,16.6,99.48,137.12,1.3892,1.3635,1.5152,1.9606,12.194,1.75,3.49,0.97,3.6,2.5,51.4,56.0,130.4,209.0,0.51,234.78,168.81,68.58,43.54,146.67,152.41,99.865,88.41,31.07,50.86,27.395,103.37
2020-02-21,333.48,335.47,335.81,332.58,113788208.0,17.08,17.61,104.86,135.14,1.3543,1.3224,1.4713,1.9147,11.282,1.75,3.59,0.99,3.6,2.5,51.4,56.0,130.4,218.0,0.73,230.27,167.1,68.26,43.29,148.04,154.7,99.262,88.33,30.77,49.72,27.07,103.43
2020-02-24,322.42,323.14,333.5623,321.24,161088409.0,25.03,21.92,112.72,130.48,1.2476,1.2096,1.3705,1.8347,11.679,1.75,3.94,1.05,3.6,2.5,51.4,56.0,130.4,218.0,0.7,221.39,162.07,65.53,41.67,150.25,156.09,99.359,87.38,29.77,47.665,25.82,100.17
2020-02-25,312.65,323.94,324.61,311.69,218913168.0,27.85,23.86,121.01,130.79,1.2248,1.1835,1.3521,1.8254,12.691,1.75,4.17,1.07,3.6,2.5,51.4,56.0,130.4,218.0,0.8,215.37,156.31,64.45,41.34,151.05,153.3,98.968,86.77,28.76,46.14,24.68,97.13
2020-02-26,311.5,314.18,318.11,310.7,194773819.0,27.56,23.7,113.44,130.65,1.1647,1.159,1.3371,1.8241,16.835,1.75,4.25,1.08,3.6,2.5,51.4,56.0,130.4,218.0,0.65,216.48,154.5,64.53,41.67,150.25,153.97,98.996,86.86,28.55,46.35,23.935,97.12
2020-02-27,297.51,305.46,311.5637,297.51,284353459.0,39.16,29.92,118.0,128.93,1.0615,1.0686,1.2607,1.7577,19.521,1.75,4.61,1.16,3.6,2.5,51.4,56.0,130.4,218.0,0.86,205.64,149.06,62.62,40.67,151.88,154.0,98.508,85.69,27.33,43.85,22.655,93.82
2020-02-28,296.26,288.7,297.892,285.54,385764020.0,40.11,29.85,125.73,115.74,0.913,0.9356,1.1486,1.6752,22.962,1.75,5.0,1.22,3.6,2.5,51.4,56.0,130.4,215.0,0.85,205.8,146.33,62.24,40.52,155.31,148.38,98.132,86.04,26.59,44.185,22.635,92.61
2020-03-02,309.09,298.21,309.16,294.46,238703625.0,33.42,27.7,114.69,126.84,0.9029,0.9419,1.1632,1.7213,25.642,1.75,4.87,1.26,3.6,2.5,51.4,56.0,130.4,215.0,0.76,216.42,151.03,63.04,41.4,153.94,149.2,97.36,86.31,27.95,46.74,23.55,96.95
2020-03-03,300.24,309.5,313.84,297.57,300139149.0,36.82,30.17,116.72,123.06,0.6991,0.7431,0.999,1.6145,29.396,1.25,4.77,1.26,3.6,2.5,51.4,56.0,130.4,215.0,0.73,209.48,147.95,62.53,41.12,156.33,153.89,97.153,85.94,26.9,44.965,22.83,94.54
2020-03-04,312.86,306.12,313.1,303.33,176613448.0,31.99,27.51,113.97,127.38,0.6926,0.7825,1.0522,1.7014,35.368,1.25,4.64,1.24,3.6,2.5,51.4,56.0,130.4,215.0,0.64,218.22,152.16,64.4,41.85,154.67,154.16,97.336,87.12,27.79,46.895,23.37,99.99
2020-03-05,302.46,304.98,308.47,300.01,186366809.0,39.62,32.57,119.66,123.61,0.5973,0.6779,0.912,1.5407,30.878,1.25,4.94,1.28,3.6,2.5,51.4,56.0,130.4,215.0,0.78,211.59,147.32,62.69,40.97,158.52,157.49,96.82,86.02,26.45,45.415,22.515,97.67
2020-03-06,297.46,293.15,298.78,290.23,228667168.0,41.94,35.46,127.16,126.08,0.5062,0.6093,0.7623,1.2874,24.621,1.25,5.5,1.44,3.6,2.5,51.4,56.0,130.4,208.0,0.89,208.02,144.4,61.75,40.13,166.77,157.55,95.951,85.05,25.55,44.455,21.25,97.15
2020-03-09,274.23,275.3,284.19,273.45,309417349.0,54.46,43.05,137.19,121.57,0.381,0.4772,0.5407,0.9953,15.54,1.25,6.42,1.71,3.6,2.5,51.4,56.0,130.4,208.0,1.12,193.57,130.36,56.96,37.39,171.29,157.81,94.895,81.39,22.81,41.08,16.97,92.1
2020-03-10,288.42,284.64,288.52,273.5,276444058.0,47.3,39.44,138.82,121.38,0.5342,0.6672,0.803,1.2799,26.084,1.25,6.26,1.72,3.6,2.5,51.4,56.0,130.4,208.0,0.75,204.11,134.43,59.06,39.29,162.51,154.48,96.414,82.64,24.15,43.82,17.775,95.26
2020-03-11,274.36,280.7,281.94,270.88,256416563.0,53.9,44.37,146.93,121.72,0.5195,0.7034,0.8695,1.3919,34.209,1.25,6.46,1.83,3.6,2.5,51.4,56.0,130.4,208.0,1.02,195.22,125.88,56.05,37.46,156.53,153.93,96.507,80.84,22.84,41.75,16.835,91.62
2020-03-12,248.11,256.0,266.66,247.68,392220669.0,75.47,57.24,155.05,115.79,0.481,0.6035,0.8042,1.4399,31.65,1.25,7.26,2.09,3.6,2.5,51.4,56.0,130.4,208.0,1.28,177.32,111.97,49.89,33.71,157.5,147.79,97.468,77.61,20.37,37.675,14.735,84.78
2020-03-13,269.32,263.09,271.4754,248.5237,329566100.0,57.83,48.31,171.28,132.37,0.4903,0.7168,0.9603,1.5293,46.205,1.25,7.27,2.16,3.6,2.5,51.4,56.0,130.4,273.0,1.0,192.34,119.47,52.91,36.14,153.94,143.28,98.749,80.05,23.05,42.095,16.095,90.66
2020-03-16,239.85,241.18,256.9,237.36,297240027.0,82.69,67.7,207.59,114.66,0.3599,0.4905,0.7182,1.2841,35.235,0.25,8.27,2.42,3.6,2.5,51.4,56.0,130.4,273.0,1.1,169.3,103.62,47.45,31.63,163.91,141.64,98.069,75.65,19.89,36.28,13.905,81.72
2020-03-17,252.8,245.04,256.17,237.07,262070471.0,75.91,65.27,194.43,116.67,0.4925,0.7434,1.0784,1.6844,57.388,0.25,8.46,2.55,3.6,2.5,51.4,56.0,130.4,273.0,0.86,182.14,108.37,49.76,33.81,152.98,143.56,99.575,76.36,20.97,38.75,14.0,86.85
2020-03-18,240.0,236.25,248.37,228.02,327597131.0,76.45,72.98,181.33,113.54,0.5337,0.7879,1.1915,1.7875,65.181,0.25,9.04,2.85,3.6,2.5,51.4,56.0,130.4,273.0,0.98,176.6,99.97,46.91,30.89,144.35,140.7,101.16,72.99,19.19,37.29,11.99,83.97
2020-03-19,240.51,239.25,247.38,232.22,289322037.0,72.0,69.47,181.76,115.44,0.4507,0.6872,1.1404,1.7848,68.331,0.25,9.76,3.29,3.6,2.5,51.4,56.0,130.4,273.0,0.88,177.66,103.87,47.64,31.13,148.28,138.04,102.755,71.35,19.61,37.425,12.805,82.25
2020-03-20,228.8,242.53,244.47,228.5,347158794.0,66.04,65.59,187.18,118.12,0.3134,0.4585,0.8454,1.4169,52.955,0.25,10.13,3.63,3.6,2.5,51.4,56.0,130.4,2914.0,0.83,170.7,101.4,47.05,31.36,159.43,140.11,102.817,69.75,18.91,35.71,12.93,79.09
2020-03-23,222.95,228.19,229.6833,218.26,326025169.0,61.59,56.64,167.93,117.05,0.3123,0.411,0.7863,1.3509,46.402,0.25,11.0,3.73,3.6,2.5,51.4,56.0,130.4,2914.0,0.62,170.46,99.9,46.5,30.61,166.0,146.3,102.487,68.63,17.66,35.2,11.785,74.62
2020-03-24,243.15,234.42,244.1,233.8,235494475.0,61.67,52.11,171.91,117.75,0.3715,0.5225,0.8466,1.3954,46.71,0.25,10.79,3.53,3.6,2.5,51.4,56.0,130.4,2914.0,0.63,183.66,109.04,50.44,32.91,162.91,153.4,102.039,71.46,19.85,38.805,13.675,80.37
2020-03-25,246.79,244.87,256.35,239.75,299430255.0,63.95,53.85,171.89,116.6,0.3299,0.5254,0.8673,1.4448,53.148,0.25,10.25,3.24,3.6,2.5,51.4,56.0,130.4,2914.0,0.65,182.3,109.97,52.08,34.07,162.54,151.3,101.05,73.47,20.39,38.755,14.32,81.44
2020-03-26,261.2,249.52,262.8,249.05,257632816.0,61.0,49.79,169.58,118.97,0.2927,0.5254,0.8447,1.431,54.58,0.25,9.59,3.02,3.6,2.5,51.4,56.0,130.4,2914.0,0.58,191.9,116.81,54.41,35.36,163.34,153.24,99.352,76.83,21.67,41.155,15.195,86.85
2020-03-27,253.42,253.27,260.81,251.05,224341217.0,65.54,55.75,168.71,117.41,0.2418,0.3942,0.6746,1.2635,42.698,0.25,9.21,2.95,3.6,2.5,51.4,56.0,130.4,5946.0,0.7,185.3,112.56,52.86,33.35,167.7,152.25,98.365,77.03,21.01,39.295,14.165,84.99
2020-03-30,261.65,255.7,262.43,253.53,170961866.0,57.08,51.26,157.66,122.18,0.2281,0.4131,0.7264,1.3366,49.441,0.25,9.02,2.84,3.6,2.5,51.4,56.0,130.4,5946.0,0.68,192.04,115.04,53.93,33.9,166.32,152.92,99.181,77.69,21.41,40.95,14.31,88.97
2020-03-31,257.75,260.56,263.33,256.22,194881060.0,53.54,48.32,152.92,125.49,0.2455,0.3799,0.6695,1.3214,41.967,0.25,8.8,2.72,4.4,1.5,49.0,52.9,118.8,5946.0,0.7,190.4,114.46,53.46,34.13,164.97,148.05,99.048,77.07,20.82,40.185,14.53,88.58
2020-04-01,246.15,247.98,257.6591,243.9,189554623.0,57.06,51.17,156.99,115.48,0.2061,0.3515,0.5832,1.2191,36.964,0.25,9.09,2.78,4.4,1.5,49.0,52.9,118.8,5946.0,0.86,182.31,106.66,51.09,32.67,167.04,149.45,99.673,74.58,19.55,38.27,13.81,85.21
2020-04-02,251.83,245.19,252.68,244.59,177660430.0,50.91,47.3,147.33,118.43,0.2255,0.3814,0.597,1.2394,36.56,0.25,9.19,2.79,4.4,1.5,49.0,52.9,118.8,5946.0,0.82,186.01,107.67,52.09,33.77,168.1,151.9,100.18,75.16,20.04,39.165,15.075,87.57
2020-04-03,248.19,250.76,253.32,245.22,135561171.0,46.8,44.84,143.52,120.57,0.2289,0.3844,0.5948,1.2094,36.195,0.25,9.42,2.83,4.4,1.5,49.0,52.9,118.8,6137.0,0.83,183.37,104.62,50.9,33.13,168.5,152.65,100.576,73.55,19.64,38.56,14.915,86.78
2020-04-06,264.86,257.84,267.0,248.1698,188061238.0,45.24,43.09,143.3,121.01,0.2622,0.4397,0.6698,1.2785,40.32,0.25,9.26,2.74,4.4,1.5,49.0,52.9,118.8,6137.0,0.69,196.48,112.63,53.6,34.94,168.06,156.88,100.685,75.34,21.05,41.85,15.705,91.33
2020-04-07,265.13,274.21,275.03,264.89,201427189.0,46.7,43.42,134.45,118.48,0.2601,0.4571,0.7122,1.2945,44.613,0.25,8.83,2.63,4.4,1.5,49.0,52.9,118.8,6137.0,0.65,196.4,112.92,53.9,35.12,166.3,156.04,99.9,75.34,21.26,41.475,16.04,90.58
2020-04-08,274.03,267.96,276.0,265.2542,153774487.0,43.35,41.59,141.37,119.3,0.252,0.4714,0.7722,1.3765,51.824,0.25,8.71,2.53,4.4,1.5,49.0,52.9,118.8,6137.0,0.65,200.57,118.07,54.34,35.48,165.09,154.65,100.119,77.3,22.19,42.59,17.11,94.31
2020-04-09,278.2,277.58,281.2,275.47,190282705.0,41.67,40.61,137.75,120.85,0.2254,0.4045,0.7191,1.3435,49.32,0.25,7.85,2.33,4.4,1.5,49.0,52.9,118.8,6137.0,0.65,200.86,123.72,55.57,35.35,165.39,158.69,99.517,82.36,23.38,42.6,16.955,94.83
2020-04-13,275.66,277.14,277.51,271.41,114839053.0,41.17,39.97,138.68,119.6,0.2452,0.449,0.7713,1.4071,52.013,0.25,7.47,2.13,4.4,1.5,49.0,52.9,118.8,6137.0,0.65,203.03,120.37,55.04,35.4,163.88,161.41,99.348,81.18,22.53,42.695,16.9,94.0
2020-04-14,283.79,280.98,284.9,275.5106,134143350.0,37.76,36.46,131.78,122.33,0.219,0.4203,0.752,1.4017,52.697,0.25,7.17,2.04,4.4,1.5,49.0,52.9,118.8,6137.0,0.58,211.86,122.81,56.02,36.21,163.84,162.68,98.887,81.52,22.63,44.485,16.82,97.12
2020-04-15,277.76,277.57,283.9407,275.46,121775006.0,40.84,39.28,135.93,122.42,0.1969,0.3377,0.6316,1.2655,43.077,0.25,7.4,2.09,4.4,1.5,49.0,52.9,118.8,6137.0,0.7,209.43,117.8,54.27,35.28,168.18,161.85,99.461,80.76,21.65,43.515,16.03,96.62
2020-04-16,279.1,279.15,280.03,275.76,131798325.0,40.11,39.21,129.55,122.33,0.2066,0.3567,0.6267,1.2234,41.407,0.25,7.29,2.1,4.4,1.5,49.0,52.9,118.8,6137.0,0.59,213.25,116.91,54.3,35.47,170.09,161.71,100.025,80.68,21.27,44.045,15.345,98.73
2020-04-17,286.64,285.38,287.3,282.4,146684784.0,38.15,37.28,127.15,126.43,0.2019,0.3596,0.6417,1.2601,43.383,0.25,7.05,2.06,4.4,1.5,49.0,52.9,118.8,4201.0,0.6,215.29,122.06,55.74,36.26,167.81,158.57,99.782,81.09,22.39,44.63,16.975,100.78
2020-04-20,281.59,282.61,286.7912,281.35,100109285.0,43.83,40.97,132.04,125.34,0.2016,0.3421,0.6053,1.2164,39.968,0.25,7.2,2.09,4.4,1.5,49.0,52.9,118.8,4201.0,0.55,212.74,120.62,54.91,35.8,169.16,159.7,99.955,79.87,22.0,43.915,16.445,99.98
2020-04-21,273.04,276.73,278.04,272.02,126385698.0,45.41,43.28,132.22,123.71,0.2034,0.3356,0.5691,1.1626,36.363,0.25,7.68,2.14,4.4,1.5,49.0,52.9,118.8,4201.0,0.69,204.89,117.74,53.84,34.81,171.29,158.61,100.258,78.41,21.29,42.075,16.155,96.94
2020-04-22,279.1,278.35,281.0,276.91,93524584.0,41.98,40.92,124.1,126.19,0.2133,0.3673,0.619,1.2146,40.173,0.25,7.61,2.11,4.4,1.5,49.0,52.9,118.8,4201.0,0.66,210.97,119.17,54.75,35.76,169.54,161.73,100.388,79.1,21.52,43.695,16.73,98.42
2020-04-23,279.08,280.49,283.94,278.75,104709693.0,41.38,40.86,121.86,125.22,0.2191,0.3689,0.6015,1.1804,37.837,0.25,7.62,2.08,4.4,1.5,49.0,52.9,118.8,4201.0,0.59,210.52,120.34,54.58,35.63,170.44,163.34,100.433,79.06,21.43,43.395,17.27,98.96
2020-04-24,282.97,280.73,283.7,278.5,85165953.0,35.93,37.81,119.88,126.51,0.2245,0.3734,0.6008,1.1696,37.222,0.25,7.75,2.09,4.4,1.5,49.0,52.9,118.8,3446.0,0.6,213.84,122.41,55.21,35.58,170.84,162.64,100.38,78.32,21.74,44.315,17.31,100.29
2020-04-27,287.05,285.12,288.27,284.62,77896608.0,33.29,35.33,120.56,129.29,0.2223,0.4037,0.6605,1.2557,43.619,0.25,7.74,2.07,4.4,1.5,49.0,52.9,118.8,3446.0,0.58,215.56,127.26,55.94,36.3,167.66,161.56,100.041,78.64,22.48,44.695,17.685,101.58
2020-04-28,285.73,291.02,291.4,285.4,105269985.0,33.57,35.37,117.79,129.23,0.2112,0.375,0.6129,1.2042,39.784,0.25,7.73,2.07,4.4,1.5,49.0,52.9,118.8,3446.0,0.56,211.5,129.11,56.36,36.37,169.59,160.84,99.865,78.88,22.72,44.1,18.09,99.53
2020-04-29,293.21,291.53,294.88,290.41,118745579.0,31.23,33.33,115.98,132.6,0.2014,0.3671,0.6269,1.2499,42.355,0.25,7.58,2.04,4.4,1.5,49.0,52.9,118.8,3446.0,0.53,219.0,135.46,57.77,37.43,168.71,161.73,99.565,80.27,23.38,45.91,19.43,100.19
2020-04-30,290.48,291.71,293.3239,288.59,122901701.0,34.15,35.05,118.53,130.38,0.1956,0.3624,0.6393,1.2848,44.174,0.25,7.44,2.02,14.8,0.3,41.8,41.7,85.7,3446.0,0.68,218.91,130.31,56.57,36.64,166.74,158.8,99.016,80.43,22.79,45.705,19.0,99.73
2020-05-01,282.79,285.31,290.6572,281.52,125180028.0,37.19,37.97,122.15,129.97,0.19,0.3497,0.6118,1.2486,41.984,0.25,7.45,2.06,14.8,0.3,41.8,41.7,85.7,2796.0,0.82,212.74,125.14,55.34,35.32,167.95,159.78,99.079,78.68,22.06,44.45,17.925,97.83
2020-05-04,283.57,280.74,283.9,279.13,80873213.0,35.97,37.0,121.25,131.29,0.1822,0.3639,0.6336,1.2765,44.754,0.25,7.53,2.07,14.8,0.3,41.8,41.7,85.7,2796.0,0.69,215.22,125.68,55.32,35.7,167.16,160.34,99.484,78.57,21.86,45.04,18.545,97.78
2020-05-05,286.19,286.64,289.25,283.7134,79569938.0,33.61,35.52,118.87,128.26,0.1882,0.375,0.6619,1.332,47.177,0.25,7.37,2.06,14.8,0.3,41.8,41.7,85.7,2796.0,0.59,217.66,126.65,55.42,35.9,166.09,161.02,99.709,79.25,21.79,45.66,18.56,99.9
2020-05-06,284.25,288.04,288.46,283.78,73632628.0,34.12,35.68,119.16,128.59,0.1784,0.3718,0.703,1.3937,52.268,0.25,7.36,2.07,14.8,0.3,41.8,41.7,85.7,2796.0,0.59,219.0,125.72,55.06,35.79,163.41,158.95,100.091,78.8,21.32,46.015,18.075,98.91
2020-05-07,287.68,287.75,289.78,287.13,75250412.0,31.44,34.01,115.83,130.67,0.1388,0.3054,0.6409,1.329,50.005,0.25,7.35,2.1,14.8,0.3,41.8,41.7,85.7,2796.0,0.59,221.82,127.44,55.89,36.08,166.14,161.39,99.889,79.0,21.82,46.705,18.545,98.9
2020-05-08,292.44,291.09,292.95,289.86,76622128.0,27.98,31.64,115.65,132.21,0.1568,0.3338,0.6831,1.3828,52.231,0.25,7.25,2.12,14.8,0.3,41.8,41.7,85.7,2335.0,0.53,224.86,132.36,56.84,36.84,163.98,160.42,99.734,79.75,22.29,47.39,19.39,99.41
2020-05-11,292.5,290.34,294.0,289.88,79514231.0,27.57,30.39,118.71,129.1,0.1747,0.3512,0.7099,1.416,53.122,0.25,7.22,2.13,14.8,0.3,41.8,41.7,85.7,2335.0,0.5,226.87,131.7,56.79,36.6,162.7,159.42,100.236,79.39,21.86,47.705,19.05,101.12
2020-05-12,286.67,293.79,294.24,286.52,95870786.0,33.04,34.26,130.75,125.97,0.1589,0.3242,0.6651,1.3698,50.229,0.25,7.16,2.11,14.8,0.3,41.8,41.7,85.7,2335.0,0.6,222.12,126.97,56.07,36.46,164.37,160.04,99.933,79.29,21.29,46.72,18.715,99.58
2020-05-13,281.6,286.06,287.19,278.965,144721099.0,35.28,36.51,142.75,123.43,0.1589,0.3162,0.6525,1.3451,48.958,0.25,7.35,2.11,14.8,0.3,41.8,41.7,85.7,2335.0,0.72,219.34,122.72,55.64,36.39,165.52,161.58,100.242,78.87,20.66,45.915,17.865,98.5
2020-05-14,284.97,278.95,285.11,272.99,121977890.0,32.61,34.9,137.05,124.35,0.147,0.3051,0.6218,1.2909,47.28,0.25,7.5,2.12,14.8,0.3,41.8,41.7,85.7,2335.0,0.64,221.83,123.12,55.11,36.53,167.14,163.01,100.466,78.6,21.19,46.5,18.065,99.58
2020-05-15,286.28,282.37,286.33,281.34,111146276.0,31.89,34.51,133.02,124.47,0.1451,0.3082,0.6428,1.3266,49.372,0.25,7.57,2.08,14.8,0.3,41.8,41.7,85.7,2176.0,0.57,223.27,125.08,55.16,36.03,166.71,163.93,100.402,78.71,21.05,46.735,17.995,100.42
2020-05-18,295.0,293.05,296.75,292.7,120320229.0,29.3,31.77,125.9,129.23,0.1772,0.3702,0.7257,1.4365,54.244,0.25,7.18,1.98,14.8,0.3,41.8,41.7,85.7,2176.0,0.47,227.43,132.68,57.39,37.44,163.05,162.69,99.665,80.1,22.13,47.88,19.465,101.25
2020-05-19,291.97,294.35,296.205,291.95,95189316.0,30.53,32.81,125.6,127.48,0.1652,0.332,0.6882,1.4089,52.1,0.25,7.11,1.93,14.8,0.3,41.8,41.7,85.7,2176.0,0.46,226.86,130.06,56.6,37.14,163.66,164.26,99.371,80.2,21.59,47.705,18.92,100.03
2020-05-20,296.93,295.82,297.87,295.57,85861691.0,27.99,31.11,120.04,125.95,0.1633,0.3383,0.6801,1.3978,51.282,0.25,6.91,1.87,14.8,0.3,41.8,41.7,85.7,2176.0,0.49,231.39,134.0,57.78,37.63,164.15,164.65,99.124,81.05,22.07,48.75,19.675,100.15
2020-05-21,294.88,296.79,297.67,293.6886,78293925.0,29.53,32.38,122.08,124.53,0.1653,0.3383,0.672,1.386,50.061,0.25,6.81,1.85,14.8,0.3,41.8,41.7,85.7,2176.0,0.55,228.87,134.24,57.11,37.2,164.56,162.25,99.37,81.03,22.0,48.07,19.36,99.41
2020-05-22,295.44,294.57,295.63,293.22,63958200.0,28.16,31.54,118.38,125.78,0.1676,0.3334,0.6591,1.3705,48.739,0.25,6.8,1.86,14.8,0.3,41.8,41.7,85.7,1921.0,0.57,229.66,134.89,56.95,36.43,165.55,163.21,99.863,81.23,21.92,48.245,19.24,99.62
2020-05-26,299.08,301.93,302.19,295.4646,88951442.0,28.01,30.85,113.59,129.11,0.1717,0.3478,0.6965,1.4446,52.275,0.25,6.47,1.8,14.8,0.3,41.8,41.7,85.7,1921.0,0.5,229.04,138.78,58.58,37.23,163.33,160.89,98.908,81.84,23.06,48.195,19.775,99.44
2020-05-27,303.53,302.12,303.57,296.87,104817449.0,27.62,30.19,109.82,129.96,0.1799,0.3478,0.6819,1.4399,49.609,0.25,6.43,1.78,14.8,0.3,41.8,41.7,85.7,1921.0,0.51,230.29,143.09,59.29,37.35,163.03,161.18,99.062,82.01,24.06,48.47,20.03,100.47
2020-05-28,302.97,304.65,306.84,302.24,90767807.0,28.59,31.21,108.99,130.78,0.1701,0.3384,0.69,1.4519,51.406,0.25,6.31,1.75,14.8,0.3,41.8,41.7,85.7,1921.0,0.54,229.99,139.7,59.85,37.09,162.43,161.72,98.383,82.09,23.68,48.375,19.47,101.78
2020-05-29,304.32,302.46,304.96,299.47,119265702.0,27.51,30.27,105.6,131.72,0.1603,0.3036,0.6526,1.4064,48.644,0.25,6.37,1.74,14.8,0.3,41.8,41.7,85.7,1639.0,0.58,233.36,138.9,59.64,37.73,163.59,162.91,98.344,82.42,23.41,48.985,19.38,103.01
2020-06-01,305.55,303.62,306.205,303.06,56779836.0,28.23,30.92,106.47,132.09,0.1564,0.3052,0.6591,1.4506,49.879,0.25,6.27,1.71,14.8,0.3,41.8,41.7,85.7,1639.0,0.46,234.06,140.23,60.97,38.6,162.28,163.66,97.83,82.72,23.68,48.97,19.72,101.99
2020-06-02,308.08,306.55,308.13,305.1,74267162.0,26.84,29.93,104.83,132.61,0.1623,0.3179,0.6852,1.4873,51.894,0.25,6.04,1.67,14.8,0.3,41.8,41.7,85.7,1639.0,0.47,235.63,141.39,61.54,39.52,161.69,162.6,97.673,83.54,23.87,49.43,20.27,102.58
2020-06-03,312.18,310.24,313.22,309.94,92567574.0,25.66,28.91,106.85,131.5,0.19,0.3655,0.7458,1.5305,55.39,0.25,5.62,1.6,14.8,0.3,41.8,41.7,85.7,1639.0,0.4,236.69,144.8,63.01,40.44,159.54,159.6,97.276,83.93,24.76,49.815,20.865,102.38
2020-06-04,311.36,311.11,313.0,309.08,75794363.0,25.81,28.85,109.88,130.77,0.194,0.4084,0.8234,1.6318,62.548,0.25,5.68,1.56,14.8,0.3,41.8,41.7,85.7,1639.0,0.43,235.03,144.59,62.74,39.87,157.23,161.28,96.677,83.67,25.3,49.405,20.87,101.57
2020-06-05,319.34,317.23,321.275,317.16,150524674.0,24.52,27.42,107.59,129.87,0.2062,0.463,0.8951,1.6656,68.104,0.25,5.36,1.46,14.8,0.3,41.8,41.7,85.7,1575.0,0.41,239.69,150.18,63.82,40.92,156.11,158.01,96.937,84.46,26.24,50.705,22.42,103.21
2020-06-08,323.2,320.22,323.41,319.63,73641217.0,25.81,28.08,110.05,129.11,0.2261,0.4471,0.8752,1.6417,64.707,0.25,5.36,1.44,14.8,0.3,41.8,41.7,85.7,1575.0,0.37,241.55,153.09,64.65,41.17,156.71,159.72,96.618,84.56,26.74,50.96,23.43,103.92
2020-06-09,320.79,320.3,323.2849,319.36,77479228.0,27.57,29.67,111.0,124.93,0.2024,0.4009,0.8253,1.5758,61.895,0.25,5.59,1.48,14.8,0.3,41.8,41.7,85.7,1575.0,0.4,243.3,150.26,63.81,40.89,158.49,161.26,96.324,83.9,26.17,51.2,22.55,102.84
2020-06-10,319.0,321.42,322.39,318.2209,95000766.0,27.57,29.57,116.53,127.74,0.1667,0.315,0.7263,1.5063,55.363,0.25,5.74,1.51,14.8,0.3,41.8,41.7,85.7,1575.0,0.45,246.22,146.18,63.67,41.19,160.84,163.57,95.959,83.78,25.19,52.055,21.44,102.68
2020-06-11,300.61,311.46,312.15,300.01,209243560.0,40.79,40.43,146.84,131.29,0.1967,0.323,0.669,1.4019,46.637,0.25,6.2,1.61,14.8,0.3,41.8,41.7,85.7,1575.0,0.7,234.02,135.03,60.26,39.04,163.88,162.39,96.733,81.63,23.13,49.07,19.42,96.97
2020-06-12,304.21,308.24,309.08,298.6,194678879.0,36.09,38.05,151.6,133.54,0.193,0.3279,0.7034,1.4568,50.847,0.25,6.11,1.59,14.8,0.3,41.8,41.7,85.7,1473.0,0.71,235.88,138.27,61.3,39.87,162.3,162.62,97.319,82.44,23.83,49.705,19.91,97.6
2020-06-15,307.05,298.02,308.28,296.74,135782724.0,34.4,36.43,141.83,137.33,0.189,0.3423,0.7215,1.4608,52.683,0.25,6.01,1.57,14.8,0.3,41.8,41.7,85.7,1473.0,0.51,238.75,140.99,60.69,39.28,162.39,162.33,96.706,83.24,24.16,50.185,19.97,97.82
2020-06-16,312.96,315.48,315.64,307.67,137627502.0,33.67,35.8,143.24,133.85,0.1992,0.3439,0.7528,1.5431,54.967,0.25,5.53,1.44,14.8,0.3,41.8,41.7,85.7,1473.0,0.45,242.85,144.38,61.44,39.53,159.9,162.25,96.958,83.58,24.54,51.255,20.545,100.23
2020-06-17,311.66,314.07,314.39,310.86,83398944.0,33.47,35.72,139.94,135.49,0.1952,0.344,0.738,1.5295,53.877,0.25,5.61,1.45,14.8,0.3,41.8,41.7,85.7,1473.0,0.51,243.62,141.77,61.67,39.91,160.56,162.56,97.158,83.19,24.17,51.245,19.845,100.13
2020-06-18,311.78,310.005,312.3,309.51,80828658.0,32.94,35.14,135.29,134.9,0.1933,0.3328,0.7084,1.4816,51.108,0.25,5.77,1.47,14.8,0.3,41.8,41.7,85.7,1473.0,0.5,244.28,141.72,61.34,39.93,162.26,162.24,97.421,83.16,24.14,51.475,20.09,99.79
2020-06-19,308.64,314.17,314.38,306.53,135549624.0,35.12,36.68,138.35,125.38,0.1855,0.3266,0.6937,1.4582,50.211,0.25,5.78,1.46,14.8,0.3,41.8,41.7,85.7,1467.0,0.57,244.24,140.99,61.04,39.92,162.39,164.03,97.623,82.88,23.98,51.12,19.785,100.75
2020-06-22,310.62,307.99,311.05,306.75,74649389.0,31.77,33.75,133.98,135.54,0.1917,0.3394,0.7085,1.4642,51.316,0.25,5.75,1.47,14.8,0.3,41.8,41.7,85.7,1467.0,0.47,246.74,142.4,61.77,40.41,162.41,165.09,97.039,82.82,23.71,51.94,19.625,99.94
2020-06-23,312.05,313.49,314.5,311.6101,68471246.0,31.37,33.06,130.73,135.2,0.1857,0.3299,0.7118,1.4917,52.005,0.25,5.75,1.47,14.8,0.3,41.8,41.7,85.7,1467.0,0.45,248.84,143.0,62.11,40.8,161.3,166.48,96.646,82.94,23.82,52.315,19.645,100.37
2020-06-24,304.09,309.84,310.51,302.1,132813492.0,33.84,35.39,136.89,134.05,0.1876,0.3155,0.679,1.4291,48.939,0.25,5.94,1.51,14.8,0.3,41.8,41.7,85.7,1467.0,0.63,243.71,138.36,60.52,40.26,163.03,165.9,97.148,82.09,22.98,51.135,18.555,97.75
2020-06-25,307.35,303.47,307.64,301.28,89467968.0,32.22,34.09,127.2,131.92,0.1857,0.332,0.6856,1.4344,49.793,0.25,6.05,1.52,14.8,0.3,41.8,41.7,85.7,1467.0,0.54,246.03,140.45,61.38,40.43,163.5,165.8,97.429,82.12,23.59,51.79,18.91,98.71
2020-06-26,300.05,306.16,306.39,299.42,127961017.0,34.73,35.8,128.63,137.47,0.1661,0.302,0.6413,1.3701,47.165,0.25,6.15,1.53,14.8,0.3,41.8,41.7,85.7,1446.0,0.74,240.22,136.67,60.49,39.94,165.25,166.54,97.433,81.34,22.58,50.77,18.255,97.51
2020-06-29,304.46,301.41,304.61,298.93,79773260.0,31.78,33.91,121.32,135.75,0.1485,0.2736,0.6234,1.3734,47.096,0.25,6.3,1.53,14.8,0.3,41.8,41.7,85.7,1446.0,0.55,242.84,141.14,60.98,40.12,164.73,166.63,97.536,80.88,22.83,51.325,18.5,98.39
2020-06-30,308.36,303.99,310.2,303.82,113394772.0,30.43,32.52,120.76,148.27,0.1485,0.2878,0.6561,1.4107,50.366,0.25,6.26,1.5,11.0,0.6,52.6,57.3,98.3,1446.0,0.52,247.6,143.18,60.87,39.99,163.93,167.37,97.391,81.62,23.14,52.245,18.925,100.07
2020-07-01,310.52,309.57,311.89,309.07,72396542.0,28.62,31.68,120.83,142.44,0.1603,0.3115,0.6758,1.4232,50.959,0.25,6.14,1.47,11.0,0.6,52.6,57.3,98.3,1446.0,0.46,250.49,141.82,61.1,40.44,163.42,166.62,97.196,81.53,22.94,52.33,18.465,100.84
2020-07-02,312.23,314.24,315.7,311.51,69344217.0,27.68,30.87,115.47,146.34,0.1526,0.2958,0.6693,1.4272,51.469,0.25,6.0,1.44,11.0,0.6,52.6,57.3,98.3,1446.0,0.51,252.19,142.4,61.77,41.36,163.59,166.98,97.317,82.13,22.97,52.635,18.67,101.6
2020-07-06,317.05,316.37,317.68,315.56,61713828.0,27.94,30.98,116.57,140.98,0.1566,0.3022,0.6759,1.4392,51.531,0.25,5.9,1.4,11.0,0.6,52.6,57.3,98.3,1446.0,0.42,258.39,143.43,62.78,43.14,162.92,167.98,96.725,82.72,23.41,53.555,18.725,102.63
2020-07-07,313.78,315.38,317.52,313.37,82909963.0,29.43,32.07,118.12,138.34,0.1567,0.2864,0.6397,1.3748,47.913,0.25,5.89,1.41,11.0,0.6,52.6,57.3,98.3,1446.0,0.45,256.61,140.89,61.86,42.42,165.21,169.04,96.881,82.17,22.93,52.995,18.13,101.74
2020-07-08,316.18,314.61,316.3,312.7,54638596.0,28.08,31.19,113.34,144.46,0.1587,0.3007,0.6644,1.3996,50.174,0.25,5.89,1.42,11.0,0.6,52.6,57.3,98.3,1446.0,0.4,259.99,141.94,62.38,43.52,164.55,170.09,96.428,82.39,23.17,53.86,18.115,101.75
2020-07-09,314.38,316.84,317.1,310.68,83354158.0,29.26,32.06,115.11,138.84,0.1508,0.2832,0.6135,1.3134,45.877,0.25,5.97,1.43,11.0,0.6,52.6,57.3,98.3,1446.0,0.44,262.18,139.07,61.67,43.52,167.17,169.63,96.7,82.21,22.68,54.055,17.22,100.95
2020-07-10,317.59,314.31,317.88,312.76,57550365.0,27.29,31.02,109.71,135.68,0.1529,0.3055,0.6447,1.3359,48.582,0.25,5.97,1.43,11.0,0.6,52.6,57.3,98.3,1468.0,0.46,263.97,141.31,62.33,43.24,166.33,169.19,96.652,82.49,23.46,54.04,17.77,100.71
2020-07-13,314.84,320.13,322.71,314.13,102997484.0,32.19,34.54,123.3,128.52,0.1509,0.2849,0.6184,1.3077,46.151,0.25,5.82,1.41,11.0,0.6,52.6,57.3,98.3,1468.0,0.41,258.54,139.52,61.93,42.95,166.88,169.4,96.464,82.04,23.56,52.92,17.675,101.28
2020-07-14,318.92,313.3,319.76,312.0,93656951.0,29.52,32.56,112.75,131.1,0.157,0.2897,0.6233,1.3109,46.239,0.25,5.85,1.41,11.0,0.6,52.6,57.3,98.3,1468.0,0.43,260.37,141.83,62.84,43.01,167.12,170.19,96.259,82.74,23.68,53.53,18.295,103.29
2020-07-15,321.85,322.41,323.04,319.265,87196524.0,27.76,31.56,113.71,146.53,0.155,0.2881,0.6299,1.3321,47.291,0.25,5.63,1.38,11.0,0.6,52.6,57.3,98.3,1468.0,0.38,260.9,147.03,63.55,43.14,166.34,170.34,96.081,83.21,24.15,53.82,18.69,104.63
2020-07-16,320.79,319.79,321.28,319.09,54622520.0,28.0,31.55,115.62,142.44,0.145,0.2754,0.6168,1.3083,46.775,0.25,5.58,1.38,11.0,0.6,52.6,57.3,98.3,1468.0,0.47,259.12,146.16,63.14,42.53,167.13,168.73,96.346,83.29,24.15,53.155,18.605,104.46
2020-07-17,321.72,321.88,322.57,319.735,62774911.0,25.68,30.37,117.97,140.81,0.1451,0.2834,0.6266,1.3289,47.951,0.25,5.56,1.36,11.0,0.6,52.6,57.3,98.3,1393.0,0.46,259.42,146.59,63.51,42.77,166.78,170.12,95.942,83.52,23.95,53.415,18.345,105.89
2020-07-20,324.32,321.43,325.13,320.62,56308849.0,24.46,29.1,112.51,145.9,0.1472,0.2787,0.6102,1.3116,45.903,0.25,5.3,1.33,11.0,0.6,52.6,57.3,98.3,1393.0,0.45,266.78,145.96,63.82,43.32,167.19,170.94,95.832,84.02,23.84,54.78,18.04,105.87
2020-07-21,325.01,326.45,326.93,323.94,57498967.0,24.84,29.47,115.46,134.84,0.1411,0.2643,0.6004,1.309,45.52,0.25,5.06,1.3,11.0,0.6,52.6,57.3,98.3,1393.0,0.39,264.0,148.03,63.95,43.72,167.29,173.0,95.117,84.41,24.31,54.23,19.13,105.8
2020-07-22,326.86,324.62,327.2,324.5,57792915.0,24.32,29.05,112.84,140.39,0.1492,0.2739,0.5971,1.293,44.38,0.25,5.0,1.29,11.0,0.6,52.6,57.3,98.3,1393.0,0.49,264.93,148.11,64.12,43.53,167.79,175.63,94.988,84.58,24.31,54.665,18.895,106.75
2020-07-23,322.96,326.47,327.23,321.48,75737989.0,26.08,30.25,116.7,140.74,0.1513,0.2707,0.5774,1.2311,42.207,0.25,5.04,1.3,11.0,0.6,52.6,57.3,98.3,1393.0,0.53,258.01,148.26,63.61,43.18,169.75,177.18,94.692,84.52,24.33,53.245,18.86,106.27
2020-07-24,320.88,320.95,321.99,319.246,73766597.0,25.84,30.56,117.22,139.4,0.1473,0.2756,0.5888,1.2293,43.947,0.25,5.04,1.31,11.0,0.6,52.6,57.3,98.3,1260.0,0.6,255.56,146.08,63.26,43.14,169.74,178.7,94.435,84.6,24.27,52.6,18.755,105.1
2020-07-27,323.22,321.63,323.41,320.775,48292970.0,24.74,30.0,112.71,139.61,0.1514,0.2852,0.6151,1.2601,46.164,0.25,5.02,1.31,11.0,0.6,52.6,57.3,98.3,1260.0,0.44,260.12,147.6,64.09,43.81,169.11,182.23,93.668,84.8,24.07,53.43,18.775,105.89
2020-07-28,321.17,322.43,323.64,320.85,57494979.0,25.44,30.1,113.88,139.64,0.1387,0.2642,0.579,1.2168,43.638,0.25,5.05,1.32,11.0,0.6,52.6,57.3,98.3,1260.0,0.5,256.81,146.13,63.68,43.45,170.28,183.75,93.696,84.58,24.01,52.805,18.455,105.77
2020-07-29,325.12,322.12,325.73,322.075,48454159.0,24.1,29.29,110.95,140.86,0.1309,0.2516,0.5741,1.2362,43.927,0.25,4.94,1.32,11.0,0.6,52.6,57.3,98.3,1260.0,0.51,259.77,149.35,64.35,44.15,169.99,185.13,93.453,85.05,24.46,53.57,18.84,106.88
2020-07-30,323.96,321.9,324.41,319.64,61861714.0,24.76,29.76,112.16,138.99,0.1172,0.2311,0.5462,1.2068,42.317,0.25,4.91,1.33,11.0,0.6,52.6,57.3,98.3,1260.0,0.55,261.13,148.76,63.4,43.59,171.11,183.76,93.021,85.23,24.02,53.87,18.1,106.14
2020-07-31,326.52,325.9,326.63,321.33,85210755.0,24.46,29.71,112.04,141.56,0.1054,0.2044,0.5282,1.1925,41.888,0.25,4.88,1.33,10.2,1.0,53.8,56.7,91.7,1044.0,0.54,265.79,147.36,62.05,43.29,171.0,185.43,93.349,85.39,24.03,55.215,18.015,105.53
2020-08-03,328.79,328.32,329.62,327.73,53077948.0,24.28,29.66,111.02,141.77,0.1093,0.2185,0.5543,1.2318,44.111,0.25,4.71,1.31,10.2,1.0,53.8,56.7,91.7,1044.0,0.44,269.38,149.76,63.26,43.59,169.95,185.64,93.542,85.07,24.1,56.575,18.08,106.62
2020-08-04,330.06,327.86,330.06,327.86,41917893.0,23.76,29.09,109.0,141.64,0.1073,0.1902,0.5069,1.1857,39.569,0.25,4.81,1.31,10.2,1.0,53.8,56.7,91.7,1044.0,0.42,270.38,150.79,63.61,44.17,171.57,189.59,93.382,85.04,24.0,56.72,18.52,106.15
2020-08-05,332.11,331.47,332.39,331.18,42866354.0,22.99,28.6,105.67,139.59,0.1171,0.2232,0.5477,1.2217,43.028,0.25,4.72,1.28,10.2,1.0,53.8,56.7,91.7,1044.0,0.41,271.05,153.79,63.82,44.65,170.07,191.35,92.868,85.19,24.33,56.93,18.715,106.64
2020-08-06,334.33,331.4799,334.46,331.13,43679447.0,22.65,28.2,105.84,141.75,0.1151,0.2137,0.5362,1.1981,41.717,0.25,4.76,1.27,10.2,1.0,53.8,56.7,91.7,1044.0,0.42,274.64,153.73,63.89,44.79,171.02,193.89,92.788,85.38,24.32,57.73,18.565,106.07
2020-08-07,334.57,333.28,334.88,332.3,57308270.0,22.21,28.28,108.18,139.75,0.129,0.231,0.564,1.2336,43.31,0.25,4.79,1.26,10.2,1.0,53.8,56.7,91.7,884.0,0.51,271.47,156.17,63.63,43.87,169.88,190.81,93.435,85.17,24.84,56.87,18.59,106.41
2020-08-10,335.57,335.06,335.77,332.955,44282089.0,22.13,28.05,111.13,137.5,0.131,0.2358,0.5755,1.2538,44.259,0.25,4.83,1.26,10.2,1.0,53.8,56.7,91.7,884.0,0.41,270.31,157.79,63.84,43.98,169.12,190.15,93.582,85.21,25.02,56.71,19.165,106.05
2020-08-11,332.8,336.85,337.54,332.01,69601087.0,24.03,29.17,118.34,136.39,0.1489,0.2754,0.6415,1.329,48.868,0.25,4.75,1.24,10.2,1.0,53.8,56.7,91.7,884.0,0.45,265.19,156.88,64.07,43.86,167.105,179.94,93.628,84.44,25.31,55.69,19.1,105.38
2020-08-12,337.44,335.44,338.28,332.8377,53826128.0,22.28,28.12,115.73,137.01,0.1609,0.3039,0.6747,1.3738,51.186,0.25,4.8,1.24,10.2,1.0,53.8,56.7,91.7,884.0,0.47,271.86,157.52,65.49,44.45,165.59,179.1,93.443,84.46,25.24,56.955,19.29,107.15
2020-08-13,336.83,336.61,338.2514,335.83,41816146.0,22.13,28.17,115.18,136.11,0.1629,0.3215,0.7208,1.4277,55.587,0.25,4.86,1.26,10.2,1.0,53.8,56.7,91.7,884.0,0.46,272.48,157.19,65.2,44.32,163.82,183.33,93.335,84.23,25.08,56.98,18.915,107.01
2020-08-14,336.84,336.41,337.42,335.62,47260390.0,22.05,28.37,114.35,136.82,0.145,0.2945,0.7094,1.4471,56.232,0.25,4.98,1.28,10.2,1.0,53.8,56.7,91.7,927.0,0.54,272.16,157.09,64.8,44.24,163.18,182.54,93.096,84.08,25.18,56.94,19.095,106.8
2020-08-17,337.91,337.94,338.34,336.8517,35480974.0,21.35,27.45,110.35,137.45,0.1511,0.2882,0.6882,1.4341,53.513,0.25,5.03,1.29,10.2,1.0,53.8,56.7,91.7,927.0,0.49,275.32,157.9,65.29,44.8,163.59,186.5,92.851,84.58,24.76,57.32,18.985,107.43
2020-08-18,338.64,338.34,339.1,336.61,38733908.0,21.51,27.35,112.59,138.08,0.1431,0.277,0.6687,1.3955,52.365,0.25,5.01,1.31,10.2,1.0,53.8,56.7,91.7,927.0,0.46,277.97,156.39,65.25,44.75,164.76,188.18,92.271,84.71,24.6,57.535,18.745,107.4
2020-08-19,337.23,339.05,339.61,336.62,68054244.0,22.54,28.11,114.72,138.2,0.1391,0.2834,0.6801,1.4238,53.701,0.25,4.99,1.3,10.2,1.0,53.8,56.7,91.7,927.0,0.43,276.1,156.4,64.96,44.2,163.73,182.24,92.887,84.47,24.59,57.465,18.53,107.05
2020-08-20,338.28,335.36,338.8,335.22,42207826.0,22.72,28.13,112.99,144.05,0.1411,0.2723,0.6509,1.3833,50.576,0.25,5.02,1.31,10.2,1.0,53.8,56.7,91.7,927.0,0.46,279.93,155.76,64.75,44.06,165.21,183.5,92.793,84.75,24.36,58.23,18.13,106.71
2020-08-21,339.48,337.92,339.72,337.55,55106628.0,22.54,28.17,111.25,146.73,0.1432,0.2643,0.6282,1.3407,48.301,0.25,5.01,1.31,10.2,1.0,53.8,56.7,91.7,876.0,0.45,281.87,154.61,64.42,44.28,166.2,182.03,93.247,84.74,24.31,58.97,18.015,106.82
2020-08-24,342.92,342.12,343.0,339.4504,48588662.0,22.37,28.1,108.25,147.23,0.1513,0.2819,0.6542,1.3559,49.879,0.25,4.92,1.3,10.2,1.0,53.8,56.7,91.7,876.0,0.42,283.63,156.23,65.27,44.77,165.93,181.0,93.298,85.13,24.89,59.48,18.51,106.33
2020-08-25,344.12,343.53,344.21,342.27,38463381.0,22.03,27.91,103.88,146.53,0.1493,0.2931,0.6835,1.3935,53.006,0.25,4.79,1.3,10.2,1.0,53.8,56.7,91.7,876.0,0.42,285.86,156.4,65.31,45.22,164.66,181.22,93.019,85.22,24.96,59.78,18.25,107.05
2020-08-26,347.57,344.76,347.86,344.17,50790237.0,23.27,28.7,105.8,142.09,0.1504,0.2852,0.6884,1.4135,53.596,0.25,4.8,1.31,10.2,1.0,53.8,56.7,91.7,876.0,0.39,291.96,155.42,65.69,45.34,164.03,183.36,93.006,85.21,24.84,60.995,17.865,106.92
2020-08-27,348.33,348.51,349.9,346.53,58034142.0,24.47,29.93,114.74,145.07,0.1583,0.313,0.7522,1.5096,59.195,0.25,4.77,1.3,10.2,1.0,53.8,56.7,91.7,876.0,0.38,291.05,155.8,65.02,44.96,161.24,181.24,93.001,85.08,25.26,61.045,17.9,107.76
2020-08-28,350.58,349.44,350.72,348.15,48588940.0,22.96,29.62,111.56,145.73,0.127,0.2689,0.7211,1.501,59.22,0.25,4.75,1.3,10.2,1.0,53.8,56.7,91.7,881.0,0.42,292.53,157.12,65.48,45.55,161.12,184.39,92.371,85.15,25.36,61.58,18.22,108.0
2020-08-31,349.31,350.35,351.3,349.06,66099183.0,26.41,31.85,119.01,144.67,0.1309,0.2673,0.7048,1.4747,57.194,0.25,4.77,1.29,8.4,1.3,55.4,57.1,86.3,881.0,0.45,294.88,155.43,64.98,44.54,162.19,184.83,92.144,85.03,25.06,61.775,17.825,108.26
2020-09-01,352.6,350.21,352.71,349.24,54999325.0,26.12,32.1,120.1,142.28,0.1309,0.2532,0.6689,1.42,53.408,0.25,4.75,1.28,8.4,1.3,55.4,57.1,86.3,881.0,0.4,299.92,157.21,65.05,45.3,163.86,185.05,92.338,85.15,25.13,62.955,17.705,107.29
2020-09-02,357.7,354.67,358.75,353.43,69540035.0,26.57,32.67,122.01,141.1,0.1329,0.2516,0.6477,1.3788,51.291,0.25,4.71,1.26,8.4,1.3,55.4,57.1,86.3,881.0,0.4,302.76,158.46,65.92,45.18,165.42,182.62,92.847,85.25,25.49,63.515,17.62,109.44
2020-09-03,345.39,355.87,356.38,342.59,148011129.0,33.6,37.63,132.91,144.66,0.127,0.2484,0.6347,1.3616,50.58,0.25,4.8,1.28,8.4,1.3,55.4,57.1,86.3,881.0,0.58,287.41,153.78,64.43,44.32,165.89,181.14,92.739,84.72,25.1,59.895,17.49,106.46
2020-09-04,342.57,346.13,347.83,334.87,139156281.0,30.75,34.75,122.14,133.28,0.1428,0.2991,0.718,1.4714,57.127,0.25,4.88,1.29,8.4,1.3,55.4,57.1,86.3,892.0,0.67,283.58,152.8,64.52,44.34,162.74,181.64,92.719,84.49,25.29,59.06,17.435,105.7
2020-09-08,333.21,336.71,342.64,332.88,114465322.0,31.46,34.31,123.56,132.51,0.1408,0.2674,0.6788,1.4213,53.395,0.25,4.99,1.31,8.4,1.3,55.4,57.1,86.3,892.0,0.57,269.95,149.86,63.73,43.57,163.74,181.29,93.445,84.02,24.64,56.39,16.8,103.96
2020-09-09,339.79,337.55,342.46,336.61,91462290.0,28.81,32.12,121.54,133.2,0.1468,0.2817,0.7001,1.457,55.124,0.25,4.94,1.3,8.4,1.3,55.4,57.1,86.3,892.0,0.62,277.88,152.13,64.92,44.22,163.3,183.05,93.255,84.68,24.89,58.23,16.915,105.8
2020-09-10,333.89,341.82,342.53,332.85,90569548.0,29.71,32.92,120.58,130.16,0.1389,0.2674,0.6772,1.4187,53.627,0.25,4.93,1.31,8.4,1.3,55.4,57.1,86.3,892.0,0.54,272.34,150.15,64.16,43.51,164.13,182.46,93.336,84.28,24.54,56.915,16.295,104.18
2020-09-11,334.06,335.82,336.97,331.0,84680194.0,26.87,31.13,113.95,125.42,0.127,0.2516,0.6658,1.4116,53.477,0.25,4.96,1.31,8.4,1.3,55.4,57.1,86.3,861.0,0.67,270.45,149.15,64.8,43.93,164.48,182.45,93.333,84.45,24.71,56.48,16.31,104.59
2020-09-14,338.46,337.49,340.38,334.2208,65605686.0,25.85,30.48,111.27,130.95,0.137,0.2643,0.6723,1.4116,53.332,0.25,4.94,1.29,8.4,1.3,55.4,57.1,86.3,861.0,0.49,275.16,153.08,65.15,44.64,164.47,183.89,93.052,84.36,25.05,57.665,16.435,106.09
2020-09-15,340.17,341.12,342.02,338.4683,52920862.0,25.59,30.27,108.97,132.95,0.139,0.2722,0.6789,1.431,53.586,0.25,4.9,1.29,8.4,1.3,55.4,57.1,86.3,861.0,0.46,279.06,153.37,65.57,45.11,164.07,183.45,93.05,84.59,24.71,58.235,16.315,106.23
2020-09-16,338.82,341.51,343.06,338.52,82211256.0,26.04,30.57,103.48,136.06,0.137,0.2818,0.6969,1.459,55.588,0.25,4.85,1.28,8.4,1.3,55.4,57.1,86.3,861.0,0.51,274.61,154.82,65.57,45.05,163.58,183.97,93.214,84.59,24.99,57.335,16.97,106.05
2020-09-17,335.84,333.56,337.6996,332.991,91523339.0,26.46,30.75,100.37,139.41,0.135,0.277,0.6887,1.4388,54.968,0.25,4.88,1.28,8.4,1.3,55.4,57.1,86.3,861.0,0.58,270.32,153.69,65.66,44.87,164.08,182.96,92.97,84.5,24.73,56.86,16.995,105.7
2020-09-18,330.65,335.37,335.49,327.97,105877942.0,25.83,30.46,101.19,132.09,0.1391,0.2819,0.6937,1.4532,55.258,0.25,4.9,1.28,8.4,1.3,55.4,57.1,86.3,859.0,0.63,266.87,153.29,65.13,44.52,163.57,183.2,92.926,84.29,24.68,55.88,16.805,105.54
2020-09-21,326.97,325.7,327.13,321.73,99450829.0,27.78,31.64,108.74,130.64,0.1371,0.2659,0.6658,1.4148,52.47,0.25,5.15,1.3,8.4,1.3,55.4,57.1,86.3,859.0,0.49,267.51,147.92,63.48,44.11,164.4,179.52,93.656,83.61,23.93,56.22,15.985,103.18
2020-09-22,330.3,328.57,330.9,325.86,63612107.0,26.86,31.67,104.69,130.08,0.1351,0.2659,0.6708,1.4233,53.364,0.25,5.17,1.3,8.4,1.3,55.4,57.1,86.3,859.0,0.55,272.48,149.06,63.46,43.78,164.27,178.65,93.988,83.9,23.73,57.11,15.82,102.96
2020-09-23,322.64,330.9,331.2,322.1,93112240.0,28.58,33.28,107.35,129.84,0.1387,0.2707,0.6724,1.4168,52.981,0.25,5.19,1.32,8.4,1.3,55.4,57.1,86.3,859.0,0.51,264.16,144.07,62.93,43.1,164.49,174.79,94.389,83.05,23.2,55.33,15.105,101.9
2020-09-24,323.5,321.22,326.797,319.8,76681332.0,28.51,33.06,102.26,129.17,0.1328,0.2752,0.6659,1.4077,53.109,0.25,5.33,1.36,8.4,1.3,55.4,57.1,86.3,859.0,0.63,265.39,144.07,62.87,42.9,165.12,175.44,94.354,83.1,23.25,55.64,15.1,101.39
2020-09-25,328.73,322.58,329.58,321.64,71069426.0,26.38,32.03,99.64,129.26,0.1289,0.2673,0.6544,1.4007,52.356,0.25,5.37,1.4,8.4,1.3,55.4,57.1,86.3,795.0,0.56,271.56,146.41,63.08,42.94,165.12,174.94,94.642,82.95,23.49,56.97,15.09,103.02
2020-09-28,334.19,333.22,334.96,332.15,64584614.0,26.19,31.74,101.85,126.69,0.125,0.2579,0.6528,1.4149,52.585,0.25,5.28,1.38,8.4,1.3,55.4,57.1,86.3,795.0,0.45,277.2,150.02,64.03,43.42,164.65,176.7,94.278,83.49,24.05,58.06,15.445,103.95
2020-09-29,332.37,333.97,334.77,331.6209,51531594.0,26.27,31.09,96.93,123.93,0.123,0.2547,0.6495,1.4149,52.258,0.25,5.24,1.37,8.4,1.3,55.4,57.1,86.3,795.0,0.49,275.95,149.34,63.96,43.39,164.84,178.19,93.891,83.56,23.75,57.865,15.02,103.82
2020-09-30,334.89,333.09,338.29,332.88,104081136.0,26.37,31.64,101.58,120.94,0.127,0.2768,0.684,1.4552,55.313,0.25,5.17,1.36,7.8,1.4,55.5,57.1,101.3,795.0,0.45,277.84,149.79,63.65,44.09,163.26,177.12,93.886,83.9,24.07,58.35,14.975,105.48
2020-10-01,337.04,337.69,338.74,335.01,88698745.0,26.7,31.72,101.0,117.78,0.127,0.2721,0.6774,1.4552,54.656,0.25,5.1,1.35,7.8,1.4,55.5,57.1,101.3,795.0,0.5,282.25,152.18,64.02,44.5,163.36,178.7,93.711,83.83,24.11,58.965,14.515,105.12
2020-10-02,333.84,331.7,337.0126,331.19,89431112.0,27.63,32.39,102.72,119.12,0.1289,0.2863,0.7005,1.4868,56.57,0.25,5.1,1.34,7.8,1.4,55.5,57.1,101.3,785.0,0.54,274.31,152.85,63.89,43.99,162.75,178.54,93.844,83.83,24.3,57.47,14.655,104.16
2020-10-05,339.76,336.06,339.96,336.01,45713108.0,27.96,31.28,103.22,119.53,0.1447,0.3354,0.7817,1.5892,63.107,0.25,4.92,1.31,7.8,1.4,55.5,57.1,101.3,785.0,0.49,280.16,157.07,64.86,44.58,159.57,179.41,93.513,84.46,24.7,58.73,15.095,106.3
2020-10-06,334.93,339.91,342.17,334.38,90128883.0,29.48,31.88,106.14,120.05,0.1467,0.3117,0.7353,1.5366,58.461,0.25,4.81,1.29,7.8,1.4,55.5,57.1,101.3,785.0,0.46,275.16,156.62,64.17,44.66,160.43,177.3,93.686,84.27,24.45,57.82,14.87,104.89
2020-10-07,340.76,338.12,341.63,338.09,56999597.0,28.06,30.7,104.19,120.6,0.1507,0.3419,0.7868,1.5859,63.014,0.25,4.79,1.28,7.8,1.4,55.5,57.1,101.3,785.0,0.42,279.92,160.04,64.72,45.15,159.26,177.22,93.63,84.57,24.86,58.88,15.08,106.87
2020-10-08,343.78,342.85,343.85,341.86,45242476.0,26.36,29.49,104.8,121.81,0.1508,0.3372,0.7852,1.5866,63.244,0.25,4.74,1.28,7.8,1.4,55.5,57.1,101.3,785.0,0.39,281.41,161.86,65.17,45.52,160.12,177.85,93.605,84.76,25.2,59.185,15.645,107.39
2020-10-09,346.85,345.56,347.35,344.89,59528606.0,25.0,28.28,109.22,121.93,0.1529,0.3374,0.7737,1.5717,61.847,0.25,4.69,1.26,7.8,1.4,55.5,57.1,101.3,839.0,0.44,285.71,162.7,65.68,45.83,160.09,181.08,93.057,84.95,25.23,60.09,15.395,108.36
2020-10-12,352.43,349.59,354.02,349.06,80388533.0,25.07,27.98,109.68,123.94,0.1529,0.3374,0.7737,1.5717,61.482,0.25,4.69,1.26,7.8,1.4,55.5,57.1,101.3,839.0,0.41,294.53,163.79,66.06,46.23,160.6,180.56,93.065,85.38,25.51,61.73,15.435,109.1
2020-10-13,350.13,352.28,352.4651,349.09,73255513.0,26.07,28.35,110.97,122.54,0.139,0.304,0.7272,1.5107,58.625,0.25,4.6,1.26,7.8,1.4,55.5,57.1,101.3,839.0,0.39,294.52,162.7,65.32,46.04,161.75,177.72,93.531,85.0,25.02,61.335,15.195,108.27
2020-10-14,347.93,350.75,351.93,347.14,57958749.0,26.4,28.24,116.93,122.6,0.139,0.304,0.7256,1.5054,58.26,0.25,4.65,1.26,7.8,1.4,55.5,57.1,101.3,839.0,0.47,292.06,161.09,65.21,45.73,162.12,178.27,93.382,84.79,24.78,61.01,15.26,107.64
2020-10-15,347.5,343.71,348.02,343.13,60357659.0,26.97,28.72,117.59,123.47,0.139,0.3136,0.7322,1.5134,59.124,0.25,4.75,1.26,7.8,1.4,55.5,57.1,101.3,839.0,0.46,290.1,162.75,64.44,45.4,161.84,178.92,93.856,84.73,24.97,60.735,15.445,106.86
2020-10-16,347.29,348.96,350.75,347.1,89501868.0,27.41,29.21,115.92,123.7,0.1431,0.3217,0.7456,1.5287,60.053,0.25,4.71,1.25,7.8,1.4,55.5,57.1,101.3,804.0,0.45,288.51,162.35,64.74,45.56,161.39,178.3,93.682,84.63,24.99,60.56,15.095,107.92
2020-10-19,342.01,348.65,349.33,341.04,68425614.0,29.18,30.4,119.76,124.75,0.1451,0.3345,0.769,1.5597,61.982,0.25,4.68,1.24,7.8,1.4,55.5,57.1,101.3,804.0,0.43,283.8,160.41,64.5,45.43,160.78,178.39,93.427,84.33,24.61,59.45,14.775,106.21
2020-10-20,343.38,343.46,346.88,342.64,60051880.0,29.35,30.11,119.59,125.31,0.1431,0.3345,0.7857,1.5915,64.055,0.25,4.66,1.24,7.8,1.4,55.5,57.1,101.3,804.0,0.52,284.41,160.76,64.82,45.93,159.25,179.25,93.067,84.63,24.81,59.655,14.95,106.35
2020-10-21,342.73,343.33,348.6847,342.4,63574979.0,28.65,29.61,117.47,124.38,0.1472,0.3554,0.8226,1.6354,67.133,0.25,4.67,1.24,7.8,1.4,55.5,57.1,101.3,804.0,0.5,284.19,159.38,64.51,46.06,158.7,180.6,92.611,84.62,24.68,59.565,14.665,105.82
2020-10-22,344.61,342.96,345.24,340.65,55399292.0,28.11,29.3,118.6,124.94,0.1533,0.3747,0.8562,1.6756,70.091,0.25,4.69,1.23,7.8,1.4,55.5,57.1,101.3,804.0,0.48,284.18,162.13,64.56,46.05,157.05,178.83,92.951,84.77,25.17,59.285,15.27,107.42
2020-10-23,345.78,345.93,345.99,343.13,49143931.0,27.55,28.99,118.94,126.7,0.1554,0.3765,0.8429,1.641,68.547,0.25,4.68,1.23,7.8,1.4,55.5,57.1,101.3,776.0,0.53,284.74,163.07,64.98,46.32,158.01,178.64,92.768,84.87,25.25,59.22,15.195,107.82
2020-10-26,339.39,342.13,342.98,335.62,91473002.0,32.46,32.07,133.08,126.05,0.1494,0.3509,0.801,1.5909,64.96,0.25,4.83,1.23,7.8,1.4,55.5,57.1,101.3,776.0,0.59,280.47,159.55,63.81,45.72,159.48,178.55,93.045,84.12,24.68,57.935,14.65,106.62
2020-10-27,338.22,339.76,340.12,337.99,65994108.0,33.35,32.72,135.32,127.58,0.1453,0.3301,0.7676,1.553,62.022,0.25,4.88,1.23,7.8,1.4,55.5,57.1,101.3,776.0,0.48,282.66,158.18,63.31,45.92,160.55,179.02,92.94,84.16,24.23,58.225,14.46,105.89
2020-10-28,326.66,332.1,338.2483,326.13,127094307.0,40.28,37.75,152.01,129.3,0.1466,0.3301,0.771,1.5537,62.047,0.25,5.1,1.25,7.8,1.4,55.5,57.1,101.3,776.0,0.65,271.64,153.31,61.42,44.77,160.7,176.13,93.405,83.46,23.61,55.755,13.855,102.53
2020-10-29,329.98,326.91,333.395,325.09,90597689.0,37.59,35.84,147.84,128.05,0.1466,0.3701,0.823,1.6019,67.051,0.25,5.07,1.25,7.8,1.4,55.5,57.1,101.3,776.0,0.52,276.39,155.14,61.71,45.22,159.14,175.4,93.955,83.7,23.79,56.685,14.28,101.69
2020-10-30,326.54,328.28,329.69,322.6,120448685.0,38.02,36.27,145.24,129.01,0.1525,0.3844,0.8737,1.6598,71.734,0.25,5.09,1.25,7.8,1.4,55.5,57.1,101.3,773.0,0.77,269.38,153.09,61.39,44.71,157.57,176.2,94.038,83.88,23.86,55.43,14.36,101.66
2020-11-02,330.2,330.2,332.36,327.24,86068299.0,37.13,35.06,142.65,133.86,0.1545,0.3749,0.8434,1.6163,68.304,0.25,5.01,1.26,7.8,1.4,55.5,57.1,101.3,773.0,0.62,269.98,155.82,62.19,45.28,158.58,177.91,94.129,83.72,24.31,55.57,14.85,103.49
2020-11-03,336.03,333.69,338.25,330.2935,93294192.0,35.55,33.52,136.28,136.44,0.1663,0.3956,0.8993,1.68,72.704,0.25,4.84,1.24,7.8,1.4,55.5,57.1,101.3,773.0,0.45,274.65,160.24,63.82,45.48,157.66,178.92,93.553,84.44,24.85,56.55,14.765,105.0
2020-11-04,343.54,340.86,347.94,339.59,126959700.0,29.57,29.98,122.12,133.32,0.1447,0.3275,0.7629,1.541,61.424,0.25,4.57,1.22,7.8,1.4,55.5,57.1,101.3,773.0,0.45,286.91,160.42,64.52,46.91,161.08,178.82,93.407,85.23,24.56,58.75,14.785,109.66
2020-11-05,350.24,349.24,352.19,348.86,82039749.0,27.58,29.05,117.68,127.65,0.1447,0.3259,0.7629,1.5236,61.425,0.25,4.36,1.19,7.8,1.4,55.5,57.1,101.3,773.0,0.44,294.39,164.91,66.07,47.71,161.36,182.93,92.525,85.53,25.16,60.575,14.785,109.88
2020-11-06,350.16,349.93,351.51,347.65,74972973.0,24.86,27.37,112.92,124.56,0.1527,0.361,0.8185,1.6,66.374,0.25,4.42,1.17,7.8,1.4,55.5,57.1,101.3,737.0,0.41,294.61,163.62,66.21,47.93,159.41,183.19,92.229,85.23,24.96,60.79,14.465,109.92
2020-11-09,354.56,363.97,364.38,354.06,172304203.0,25.75,26.88,116.78,127.41,0.1706,0.428,0.9235,1.7089,74.891,0.25,4.01,1.1,7.8,1.4,55.5,57.1,101.3,737.0,0.37,288.59,169.55,68.14,48.26,156.06,175.08,92.725,85.88,27.01,60.35,16.53,110.95
2020-11-10,354.04,353.49,355.18,350.51,85552022.0,24.8,26.49,116.05,126.3,0.1807,0.4538,0.9595,1.7415,77.482,0.25,4.12,1.11,7.8,1.4,55.5,57.1,101.3,737.0,0.52,283.42,172.7,68.75,47.71,155.16,175.66,92.749,85.76,27.15,59.225,17.065,111.27
2020-11-11,356.67,356.4,357.56,355.06,58649048.0,23.45,25.62,118.32,129.47,0.1807,0.4538,0.9753,1.7415,79.058,0.25,4.12,1.11,7.8,1.4,55.5,57.1,101.3,737.0,0.46,289.76,172.63,69.33,48.02,155.72,174.9,93.043,85.73,27.04,60.63,16.89,111.13
2020-11-12,353.21,355.58,356.7182,351.26,68118563.0,25.35,27.22,121.57,131.42,0.1768,0.3916,0.8815,1.6385,70.273,0.25,4.35,1.15,7.8,1.4,55.5,57.1,101.3,737.0,0.52,288.4,169.98,68.32,47.66,158.37,175.96,92.963,85.15,26.59,60.09,16.345,110.72
2020-11-13,358.1,355.27,358.9,354.71,62959429.0,23.1,25.69,114.39,129.33,0.179,0.4062,0.8963,1.6469,71.324,0.25,4.35,1.14,7.8,1.4,55.5,57.1,101.3,738.0,0.5,290.93,173.5,69.37,48.33,158.16,177.16,92.755,85.44,27.03,60.6,16.94,112.12
2020-11-16,362.57,360.98,362.78,359.59,74541138.0,22.45,25.35,115.0,129.56,0.1771,0.4063,0.9061,1.6628,72.702,0.25,4.27,1.12,7.8,1.4,55.5,57.1,101.3,738.0,0.43,293.2,177.63,70.09,48.93,157.78,177.15,92.642,85.92,27.63,61.185,18.055,111.93
2020-11-17,360.62,359.97,361.92,358.34,66111009.0,22.71,25.38,116.25,128.91,0.1692,0.3792,0.857,1.6059,68.585,0.25,4.24,1.12,7.8,1.4,55.5,57.1,101.3,738.0,0.49,292.27,178.46,70.02,48.88,158.81,176.5,92.416,85.95,27.59,60.845,18.24,111.2
2020-11-18,356.28,360.91,361.5,356.24,70591299.0,23.84,26.39,117.9,133.59,0.1732,0.3952,0.8701,1.6,69.484,0.25,4.17,1.1,7.8,1.4,55.5,57.1,101.3,738.0,0.42,290.11,175.96,69.65,48.71,159.27,175.49,92.316,85.79,27.33,60.195,17.71,109.13
2020-11-19,357.78,355.6,358.18,354.15,59940947.0,23.11,25.8,114.15,133.55,0.1612,0.3729,0.8293,1.5453,66.401,0.25,4.22,1.09,7.8,1.4,55.5,57.1,101.3,738.0,0.46,292.38,177.31,70.14,48.79,160.09,175.16,92.294,86.08,27.42,60.68,18.0,109.05
2020-11-20,355.33,357.5,357.72,355.25,70411890.0,23.7,26.06,113.99,133.54,0.1573,0.3715,0.8243,1.5196,66.295,0.25,4.22,1.1,7.8,1.4,55.5,57.1,101.3,793.0,0.4,290.38,177.5,70.35,49.06,161.51,175.69,92.392,85.92,27.18,60.055,17.905,108.8
2020-11-23,357.46,357.28,358.82,354.865,63230608.0,22.66,25.43,109.85,134.26,0.1594,0.3844,0.8537,1.5531,68.823,0.25,4.18,1.09,7.8,1.4,55.5,57.1,101.3,793.0,0.42,290.39,180.82,70.26,49.19,160.77,172.23,92.505,86.05,27.69,60.04,19.17,108.52
2020-11-24,363.22,360.21,363.81,359.29,62415877.0,21.64,24.84,104.56,134.19,0.1602,0.3955,0.8799,1.6052,71.577,0.25,4.06,1.07,7.8,1.4,55.5,57.1,101.3,793.0,0.38,294.47,184.22,71.31,49.85,159.17,169.59,92.226,86.31,28.66,60.875,20.155,108.84
2020-11-25,362.66,363.13,363.16,361.48,45330890.0,21.25,24.42,103.46,133.9,0.1583,0.394,0.8816,1.6237,71.937,0.25,4.09,1.07,7.8,1.4,55.5,57.1,101.3,793.0,0.4,296.28,183.59,71.22,49.57,158.68,169.51,91.994,86.27,28.56,61.005,19.685,108.44
2020-11-27,363.67,363.84,364.18,362.58,28514072.0,20.84,24.43,106.12,132.43,0.1524,0.364,0.8373,1.5699,68.132,0.25,4.1,1.06,7.8,1.4,55.5,57.1,101.3,737.0,0.41,299.01,184.37,71.71,50.04,160.22,167.79,91.79,86.41,28.47,61.33,19.455,109.44
2020-11-30,362.06,362.83,363.12,359.17,83872709.0,20.57,24.33,106.12,133.95,0.1485,0.3608,0.8389,1.5673,68.846,0.25,4.12,1.04,6.7,1.2,57.3,56.1,92.9,737.0,0.43,299.62,181.02,70.15,48.73,160.02,166.67,91.869,86.32,27.88,61.74,18.38,109.74
2020-12-01,366.02,365.57,367.68,364.93,74504969.0,20.77,24.49,108.43,132.6,0.1662,0.4161,0.926,1.6682,75.591,0.25,3.97,1.01,6.7,1.2,57.3,56.1,92.9,737.0,0.37,303.46,182.7,71.8,49.69,157.5,170.18,91.313,86.2,28.31,62.53,18.465,110.66
2020-12-02,366.79,364.82,366.96,364.2,45927000.0,21.17,24.54,107.52,134.61,0.1584,0.4146,0.936,1.6856,77.364,0.25,3.92,1.0,6.7,1.2,57.3,56.1,92.9,737.0,0.4,303.85,182.89,71.81,49.76,156.25,171.46,91.118,86.44,28.62,62.435,19.065,111.49
2020-12-03,366.69,366.68,368.19,365.5,62881998.0,21.28,24.56,107.89,132.46,0.1486,0.394,0.9063,1.6529,75.175,0.25,3.85,0.99,6.7,1.2,57.3,56.1,92.9,737.0,0.35,304.28,183.92,71.93,50.33,157.51,172.81,90.714,86.49,28.63,62.395,19.265,111.35
2020-12-04,369.85,367.32,369.85,367.22,50749859.0,20.79,24.29,103.72,133.08,0.1507,0.4162,0.9659,1.7344,81.488,0.25,3.77,1.0,6.7,1.2,57.3,56.1,92.9,873.0,0.39,305.52,188.2,72.54,50.85,155.2,172.32,90.701,86.85,28.98,63.02,20.315,112.54
2020-12-07,369.09,369.02,369.62,367.72,48944269.0,21.3,24.52,104.42,132.44,0.1408,0.3861,0.9228,1.6796,77.803,0.25,3.75,1.0,6.7,1.2,57.3,56.1,92.9,873.0,0.37,307.25,188.38,71.95,50.85,156.6,174.89,90.792,86.81,28.78,63.2,19.84,111.85
2020-12-08,370.17,367.72,370.78,367.67,42458859.0,20.68,23.87,102.82,134.9,0.1508,0.3925,0.9179,1.6622,76.315,0.25,3.77,1.02,6.7,1.2,57.3,56.1,92.9,873.0,0.38,308.29,190.8,72.2,50.87,157.34,175.5,90.965,86.74,28.77,63.405,20.135,112.7
2020-12-09,366.85,370.88,371.05,365.95,74098312.0,22.27,24.73,113.93,135.75,0.1488,0.4036,0.9361,1.6843,78.331,0.25,3.78,1.04,6.7,1.2,57.3,56.1,92.9,873.0,0.42,301.31,189.41,72.3,50.43,156.82,172.5,91.087,86.61,28.7,62.19,20.18,112.31
2020-12-10,366.73,365.37,367.86,364.43,57735353.0,22.52,25.05,114.66,135.71,0.1369,0.3861,0.9063,1.627,76.146,0.25,3.79,1.03,6.7,1.2,57.3,56.1,92.9,873.0,0.4,302.52,191.24,72.4,51.08,158.21,172.17,90.824,86.77,28.75,62.28,20.8,112.12
2020-12-11,366.3,364.9,366.7402,363.26,57698614.0,23.31,26.05,120.77,139.92,0.115,0.3655,0.8964,1.627,77.178,0.25,3.84,1.05,6.7,1.2,57.3,56.1,92.9,886.0,0.5,301.85,190.3,72.18,50.72,158.77,172.49,90.976,86.68,28.46,62.15,20.56,111.68
2020-12-14,364.66,368.64,369.8,364.47,69216174.0,24.72,27.11,127.68,139.29,0.115,0.3575,0.8931,1.629,77.612,0.25,3.82,1.04,6.7,1.2,57.3,56.1,92.9,886.0,0.42,304.04,189.93,71.53,49.94,158.33,171.54,90.711,86.7,28.13,62.375,19.84,110.84
2020-12-15,369.59,367.4,369.59,365.92,64071099.0,22.89,25.87,119.11,138.95,0.113,0.3639,0.908,1.6502,78.902,0.25,3.79,1.03,6.7,1.2,57.3,56.1,92.9,886.0,0.43,307.29,194.68,72.26,50.48,157.8,173.94,90.473,86.97,28.61,63.415,20.23,112.04
2020-12-16,370.17,369.82,371.16,368.8676,58420517.0,22.5,25.47,111.85,144.79,0.115,0.367,0.9163,1.6555,79.531,0.25,3.79,1.02,6.7,1.2,57.3,56.1,92.9,886.0,0.42,308.98,193.98,72.54,50.72,157.38,174.9,90.45,86.84,28.66,63.845,20.13,111.71
2020-12-17,372.24,371.94,372.46,371.05,64119472.0,21.93,25.15,110.21,147.07,0.121,0.3782,0.9329,1.6803,80.99,0.25,3.78,1.0,6.7,1.2,57.3,56.1,92.9,886.0,0.37,311.0,196.29,73.05,51.05,156.8,176.74,89.822,86.61,28.74,64.35,20.035,112.91
2020-12-18,369.18,370.97,371.15,367.02,136542328.0,21.57,25.17,110.3,147.02,0.121,0.3814,0.9462,1.6918,82.325,0.25,3.76,1.0,6.7,1.2,57.3,56.1,92.9,815.0,0.46,310.06,195.34,72.67,50.99,156.33,176.44,90.016,86.68,28.49,64.125,19.7,113.0
2020-12-21,367.86,364.97,378.46,362.03,96386745.0,25.16,27.58,121.61,146.53,0.121,0.3798,0.9346,1.673,80.962,0.25,3.85,1.01,6.7,1.2,57.3,56.1,92.9,815.0,0.47,308.92,195.24,71.74,50.24,156.95,175.88,90.043,86.37,28.72,64.04,19.065,111.41
2020-12-22,367.24,368.21,368.3317,366.03,48388462.0,24.23,27.25,120.57,146.27,0.1129,0.3622,0.9164,1.6482,79.743,0.25,3.85,1.01,6.7,1.2,57.3,56.1,92.9,815.0,0.37,309.76,197.46,71.56,49.84,157.76,174.49,90.654,86.48,28.44,64.595,18.745,111.07
2020-12-23,367.57,368.28,369.62,367.2172,46201402.0,23.31,26.26,118.31,147.39,0.1169,0.3702,0.943,1.681,81.796,0.25,3.78,0.99,6.7,1.2,57.3,56.1,92.9,815.0,0.41,308.2,199.14,72.33,50.35,156.67,175.65,90.413,86.87,28.91,64.105,19.16,111.15
2020-12-24,369.0,368.08,369.03,367.45,26457853.0,21.53,25.37,115.26,148.27,0.1189,0.3622,0.9231,1.6602,80.01,0.25,3.76,1.0,6.7,1.2,57.3,56.1,92.9,815.0,0.54,309.56,199.01,72.36,50.13,157.29,176.35,90.323,87.05,28.95,64.53,19.06,111.47
2020-12-28,372.17,371.74,372.59,371.07,39000402.0,21.7,25.15,114.4,145.3,0.1189,0.3542,0.9231,1.6589,79.808,0.25,3.61,0.98,6.7,1.2,57.3,56.1,92.9,815.0,0.44,312.68,198.27,72.95,50.27,157.36,175.71,90.337,87.16,29.09,65.26,18.94,111.75
2020-12-29,371.46,373.81,374.0,370.83,53680451.0,23.08,26.24,116.27,142.74,0.125,0.3782,0.9364,1.675,80.749,0.25,3.59,0.97,6.7,1.2,57.3,56.1,92.9,815.0,0.45,312.96,194.43,73.42,51.02,157.16,176.35,89.994,87.05,28.99,64.95,18.815,112.28
2020-12-30,371.99,372.34,373.1,371.57,49455259.0,22.77,25.44,112.04,143.03,0.1211,0.3671,0.9231,1.6556,79.615,0.25,3.58,0.96,6.7,1.2,57.3,56.1,92.9,815.0,0.47,312.97,196.41,73.52,51.7,157.5,177.7,89.68,87.23,29.12,64.915,19.11,112.26
2020-12-31,373.88,371.78,374.66,371.232,78520702.0,22.75,25.28,111.86,147.83,0.1211,0.3608,0.9132,1.6449,79.014,0.25,3.6,0.96,6.7,1.4,60.2,57.5,87.1,815.0,0.56,313.74,196.06,72.96,51.67,157.73,178.36,89.937,87.3,29.48,65.01,18.95,113.44
2021-01-04,368.79,375.31,375.45,364.82,110210810.0,26.97,28.26,124.65,143.84,0.1132,0.3497,0.9132,1.6556,79.606,0.25,3.65,0.98,6.7,1.4,60.2,57.5,87.1,815.0,0.47,309.31,193.5,73.34,52.0,157.54,182.33,89.869,87.12,29.08,63.95,18.98,112.95
2021-01-05,371.33,368.1,372.5,368.05,66426229.0,25.34,27.25,120.07,145.5,0.1211,0.3766,0.9549,1.7081,83.156,0.25,3.62,0.99,6.7,1.4,60.2,57.5,87.1,815.0,0.45,311.86,196.49,74.1,53.25,156.37,182.87,89.436,87.15,29.21,64.365,19.83,113.77
2021-01-06,373.55,369.71,376.98,369.12,107997675.0,25.07,26.79,119.9,147.06,0.1369,0.4258,1.0355,1.814,89.469,0.25,3.52,0.98,6.7,1.4,60.2,57.5,87.1,815.0,0.39,307.54,204.53,74.95,52.8,153.16,179.9,89.53,86.99,30.5,63.255,20.435,115.33
2021-01-07,379.1,376.1,379.9,375.91,68766812.0,22.37,25.02,109.38,145.92,0.1369,0.4592,1.0795,1.8527,93.667,0.25,3.5,0.96,6.7,1.4,60.2,57.5,87.1,815.0,0.38,314.98,208.17,75.03,53.3,151.81,179.48,89.826,87.24,30.94,64.96,20.735,116.83
2021-01-08,381.26,380.59,381.49,377.1,71677208.0,21.56,24.9,111.0,139.25,0.1329,0.4833,1.1153,1.8733,97.64,0.25,3.48,0.95,6.7,1.4,60.2,57.5,87.1,890.0,0.44,319.03,207.72,75.73,54.71,151.32,173.34,90.098,87.37,30.92,65.38,20.71,117.39
2021-01-11,378.69,377.85,380.58,377.7189,51176719.0,24.08,26.7,118.8,134.7,0.1449,0.5058,1.146,1.8832,99.717,0.25,3.53,0.95,6.7,1.4,60.2,57.5,87.1,890.0,0.41,314.42,207.54,74.74,53.97,151.07,173.0,90.465,86.9,31.02,64.84,21.035,117.94
2021-01-12,378.77,378.89,379.86,376.36,52547716.0,23.33,26.2,115.79,139.99,0.1449,0.4994,1.1291,1.8719,98.214,0.25,3.56,0.95,6.7,1.4,60.2,57.5,87.1,890.0,0.34,313.92,211.26,75.08,54.5,150.95,174.12,90.093,87.01,31.34,64.53,21.77,116.66
2021-01-13,379.79,378.69,380.86,377.85,45303619.0,22.21,25.55,117.76,139.93,0.143,0.4691,1.0832,1.8155,93.625,0.25,3.54,0.93,6.7,1.4,60.2,57.5,87.1,890.0,0.34,316.04,209.75,74.98,54.62,152.65,173.37,90.355,87.27,31.32,64.94,21.6,116.98
2021-01-14,378.46,380.59,381.13,378.1,49989113.0,23.25,26.32,122.78,138.06,0.139,0.4836,1.1292,1.8719,98.621,0.25,3.47,0.93,6.7,1.4,60.2,57.5,87.1,890.0,0.36,314.35,213.94,75.58,55.13,151.22,173.28,90.239,87.25,31.46,64.37,22.24,116.61
2021-01-15,375.7,376.72,377.58,373.7,107159962.0,24.34,27.26,124.25,136.7,0.133,0.4501,1.0835,1.8331,94.643,0.25,3.5,0.94,6.7,1.4,60.2,57.5,87.1,844.0,0.45,311.86,210.75,74.4,54.35,151.82,171.13,90.772,87.11,30.94,63.71,21.375,116.97
2021-01-19,378.65,378.34,379.23,376.75,51233300.0,23.24,26.69,120.71,141.32,0.131,0.4454,1.0886,1.8338,95.559,0.25,3.48,0.92,6.7,1.4,60.2,57.5,87.1,844.0,0.37,316.41,213.45,74.94,55.25,152.31,172.58,90.498,87.36,31.02,64.54,21.805,117.85
2021-01-20,383.89,381.11,384.79,380.69,61836062.0,21.58,25.72,114.17,146.66,0.127,0.4406,1.0802,1.8296,95.116,0.25,3.45,0.93,6.7,1.4,60.2,57.5,87.1,844.0,0.4,323.77,214.39,75.45,56.22,152.46,175.39,90.475,87.52,30.89,65.82,21.885,118.5
2021-01-21,384.24,384.49,384.95,383.25,47955809.0,21.32,25.7,112.59,144.2,0.1189,0.4454,1.1058,1.8692,97.877,0.25,3.43,0.94,6.7,1.4,60.2,57.5,87.1,844.0,0.4,326.36,212.53,75.51,56.32,151.39,175.28,90.131,87.47,30.56,66.67,21.145,117.94
2021-01-22,382.88,382.25,384.1256,381.835,52136931.0,21.91,25.99,111.79,145.55,0.1209,0.4311,1.0855,1.8466,96.052,0.25,3.48,0.95,6.7,1.4,60.2,57.5,87.1,799.0,0.4,325.42,215.0,75.15,55.83,151.88,173.9,90.238,87.3,30.34,66.415,21.035,117.59
2021-01-25,384.39,383.67,384.77,378.46,70401971.0,23.19,26.88,116.63,145.56,0.1149,0.4022,1.0295,1.792,91.063,0.25,3.5,0.96,6.7,1.4,60.2,57.5,87.1,799.0,0.38,328.11,214.79,75.06,56.25,153.67,174.05,90.391,87.32,30.12,66.97,20.82,118.36
2021-01-26,383.79,385.41,385.85,383.54,42665281.0,23.02,26.89,115.31,143.31,0.1211,0.4087,1.0347,1.7906,91.162,0.25,3.52,0.96,6.7,1.4,60.2,57.5,87.1,799.0,0.4,328.59,213.3,75.17,55.84,153.38,173.62,90.17,87.19,29.88,67.015,20.375,117.92
2021-01-27,374.41,380.22,380.32,372.01,123351078.0,37.21,35.73,157.69,137.93,0.1191,0.4114,1.0161,1.774,89.5,0.25,3.62,0.98,6.7,1.4,60.2,57.5,87.1,799.0,0.4,319.43,209.39,73.45,54.29,153.77,172.52,90.647,86.94,29.0,65.75,20.1,114.34
2021-01-28,377.63,376.36,381.93,375.89,94198104.0,30.21,31.77,133.22,145.84,0.1172,0.4272,1.0449,1.8046,92.554,0.25,3.55,0.97,6.7,1.4,60.2,57.5,87.1,799.0,0.4,321.32,208.72,73.92,54.67,152.92,172.68,90.455,87.2,29.54,66.02,20.335,116.01
2021-01-29,370.07,375.63,376.67,368.27,126765121.0,33.09,33.88,137.33,134.3,0.1093,0.4193,1.0655,1.8291,95.222,0.25,3.62,0.97,6.7,1.4,60.2,57.5,87.1,803.0,0.58,314.56,205.56,72.39,53.31,152.0,172.61,90.584,86.97,28.95,64.465,19.66,115.03
2021-02-01,376.23,373.72,377.34,370.376,75817597.0,30.24,32.53,129.44,141.63,0.1073,0.4241,1.0792,1.8538,96.396,0.25,3.56,0.97,6.7,1.4,60.2,57.5,87.1,803.0,0.42,322.42,210.61,73.25,54.75,152.0,174.23,90.98,86.93,29.33,66.08,19.8,115.47
2021-02-02,381.55,379.65,383.22,376.3181,64450662.0,25.56,29.36,119.1,141.15,0.1132,0.4399,1.0963,1.8694,98.109,0.25,3.5,0.96,6.7,1.4,60.2,57.5,87.1,803.0,0.4,327.68,213.61,73.99,55.46,151.02,172.11,91.197,87.14,30.04,66.975,20.015,115.8
2021-02-03,381.85,382.435,383.7,380.48,52427090.0,22.91,27.57,111.03,136.59,0.1171,0.4622,1.1374,1.9252,101.833,0.25,3.42,0.95,6.7,1.4,60.2,57.5,87.1,803.0,0.43,326.38,214.25,74.17,55.74,149.68,171.85,91.171,87.21,30.21,66.745,20.87,114.98
2021-02-04,386.19,382.96,386.24,381.9655,47142555.0,21.77,26.79,108.47,136.01,0.1112,0.4575,1.1392,1.9383,102.406,0.25,3.39,0.94,6.7,1.4,60.2,57.5,87.1,803.0,0.41,330.24,218.62,74.25,55.76,149.28,168.15,91.529,87.39,30.88,67.81,21.1,115.46
2021-02-05,387.71,388.2,388.47,386.1444,48669773.0,20.87,26.52,107.64,135.09,0.1013,0.4624,1.1635,1.9711,105.631,0.25,3.33,0.93,6.7,1.4,60.2,57.5,87.1,812.0,0.42,331.36,221.65,74.71,56.24,148.03,169.81,91.042,87.52,30.89,67.66,21.28,115.67
2021-02-08,390.51,389.27,390.56,388.35,38365185.0,21.24,26.65,106.61,136.65,0.1111,0.4784,1.1705,1.9529,105.737,0.25,3.27,0.91,6.7,1.4,60.2,57.5,87.1,812.0,0.39,333.58,227.31,75.23,56.34,148.68,171.52,90.934,87.78,31.29,68.37,22.17,115.81
2021-02-09,390.25,389.61,390.89,389.17,35551059.0,21.63,27.11,108.14,140.06,0.1151,0.4737,1.1568,1.9478,103.773,0.25,3.28,0.92,6.7,1.4,60.2,57.5,87.1,812.0,0.36,333.51,228.38,75.64,56.94,148.79,172.08,90.439,87.62,31.3,68.29,21.935,115.98
2021-02-10,390.08,392.12,392.28,387.5,59154370.0,21.99,27.49,114.93,139.33,0.1071,0.4498,1.1225,1.9074,101.335,0.25,3.27,0.92,6.7,1.4,60.2,57.5,87.1,812.0,0.37,332.75,226.88,75.38,57.14,149.78,172.71,90.371,87.6,31.3,68.19,22.355,116.19
2021-02-11,390.71,391.24,391.69,388.1,42913288.0,21.25,27.22,116.22,137.6,0.1091,0.4626,1.1632,1.95,105.21,0.25,3.26,0.92,6.7,1.4,60.2,57.5,87.1,812.0,0.38,334.58,226.62,75.89,57.75,148.96,171.21,90.417,87.64,31.2,68.94,22.01,116.41
2021-02-12,392.64,389.85,392.9,389.77,50593270.0,19.97,26.5,118.59,137.66,0.109,0.4916,1.2082,2.0086,109.52,0.25,3.23,0.92,6.7,1.4,60.2,57.5,87.1,802.0,0.45,336.45,227.26,76.31,57.8,147.11,170.69,90.48,87.78,31.52,69.295,22.335,117.28
2021-02-16,392.3,393.96,394.17,391.53,50972366.0,21.46,27.55,124.66,140.17,0.119,0.5737,1.3141,2.0918,119.11,0.25,3.15,0.9,6.7,1.4,60.2,57.5,87.1,802.0,0.42,335.54,225.83,76.86,57.94,144.87,168.24,90.509,87.64,32.06,69.07,22.895,116.12
2021-02-17,392.39,390.42,392.66,389.33,52806681.0,21.5,27.52,122.83,144.45,0.1029,0.5464,1.2703,2.0371,116.335,0.25,3.19,0.89,6.7,1.4,60.2,57.5,87.1,802.0,0.39,333.93,224.06,76.41,57.96,145.79,166.33,90.951,87.61,32.22,68.46,23.235,116.54
2021-02-18,390.72,389.59,391.515,387.74,59712773.0,22.49,27.86,121.05,142.55,0.1049,0.5529,1.2956,2.0817,118.668,0.25,3.21,0.88,6.7,1.4,60.2,57.5,87.1,802.0,0.51,332.47,220.59,76.03,57.16,145.2,166.32,90.592,87.49,32.03,68.125,22.71,115.81
2021-02-19,390.03,392.07,392.38,389.55,83240971.0,22.05,27.09,117.45,141.53,0.1048,0.5758,1.3364,2.1335,122.547,0.25,3.19,0.89,6.7,1.4,60.2,57.5,87.1,702.0,0.43,331.02,225.19,76.25,57.53,143.27,167.01,90.364,87.5,32.41,68.025,23.09,114.41
2021-02-22,387.03,387.06,389.62,386.74,67414170.0,23.45,27.81,117.06,138.82,0.1109,0.5986,1.3653,2.1733,124.869,0.25,3.19,0.91,6.7,1.4,60.2,57.5,87.1,702.0,0.43,322.44,223.73,76.06,55.84,142.18,169.51,90.01,87.23,32.71,66.525,23.89,114.14
2021-02-23,387.5,384.66,388.945,380.2,107284127.0,23.11,27.12,112.78,136.64,0.1108,0.5663,1.3416,2.18,122.667,0.25,3.22,0.92,6.7,1.4,60.2,57.5,87.1,702.0,0.44,321.48,221.76,76.13,56.09,141.77,169.12,90.169,87.44,32.91,66.34,24.285,113.95
2021-02-24,391.77,386.33,392.23,385.27,72433946.0,21.34,25.89,109.6,138.52,0.123,0.6004,1.3756,2.2325,124.867,0.25,3.17,0.91,6.7,1.4,60.2,57.5,87.1,702.0,0.35,324.13,227.0,76.37,55.73,140.84,169.0,90.176,87.53,33.55,67.355,25.145,114.74
2021-02-25,382.33,390.41,391.88,380.7789,146670499.0,28.89,30.24,127.83,142.07,0.172,0.8198,1.5199,2.2734,134.198,0.25,3.19,0.91,6.7,1.4,60.2,57.5,87.1,702.0,0.47,312.83,218.61,75.07,54.46,138.54,165.82,90.134,86.7,32.94,65.0,24.66,113.59
2021-02-26,380.36,384.35,385.58,378.23,152701639.0,27.95,29.6,124.96,136.23,0.127,0.7313,1.4049,2.1513,127.209,0.25,3.26,0.9,6.7,1.4,60.2,57.5,87.1,704.0,0.63,314.14,218.31,74.01,53.73,143.12,161.81,90.879,86.44,32.31,65.345,24.075,112.61
2021-03-01,389.58,385.59,390.92,380.572,105348798.0,23.35,26.78,114.94,141.33,0.1191,0.6961,1.417,2.1906,129.394,0.25,3.2,0.9,6.7,1.4,60.2,57.5,87.1,704.0,0.38,323.59,226.07,75.4,55.17,141.06,161.53,91.039,87.1,33.32,67.45,24.7,114.08
2021-03-02,386.54,389.82,390.07,386.0,79595332.0,24.1,27.16,114.92,141.68,0.1211,0.6594,1.3914,2.1913,126.639,0.25,3.22,0.9,6.7,1.4,60.2,57.5,87.1,704.0,0.44,318.4,221.72,75.32,54.63,141.07,162.41,90.785,86.97,33.2,66.38,24.565,113.75
2021-03-03,381.42,385.79,386.83,381.31,119940211.0,26.67,28.79,121.23,140.53,0.1407,0.7316,1.4808,2.2759,133.609,0.25,3.21,0.91,6.7,1.4,60.2,57.5,87.1,704.0,0.48,309.16,219.32,74.86,54.52,139.54,160.62,90.947,86.69,33.46,64.71,24.925,112.31
2021-03-04,376.7,381.22,384.0,371.88,183433020.0,28.57,30.08,124.62,137.19,0.1447,0.7898,1.564,2.3205,141.737,0.25,3.26,0.92,6.7,1.4,60.2,57.5,87.1,704.0,0.54,304.1,213.19,74.15,53.25,138.64,159.04,91.631,86.36,33.08,63.28,25.52,110.8
2021-03-05,383.63,380.46,384.76,372.64,152039624.0,24.66,27.89,116.21,135.9,0.1369,0.7983,1.5661,2.2974,142.332,0.25,3.29,0.96,6.7,1.4,60.2,57.5,87.1,693.0,0.6,308.68,217.71,74.63,53.83,138.91,159.14,91.977,86.62,33.71,64.475,26.475,113.02
2021-03-08,381.72,384.66,387.68,381.42,123149245.0,25.47,28.13,114.62,137.01,0.1626,0.8536,1.5907,2.3159,142.58,0.25,3.3,0.98,6.7,1.4,60.2,57.5,87.1,693.0,0.46,299.94,218.74,74.37,52.38,137.83,157.49,92.313,85.99,34.14,62.915,26.525,112.74
2021-03-09,387.17,385.85,389.91,381.7299,113633556.0,24.03,27.28,108.71,134.45,0.1607,0.8051,1.5263,2.2335,136.365,0.25,3.34,1.0,6.7,1.4,60.2,57.5,87.1,693.0,0.42,311.77,223.34,75.37,53.53,139.74,160.84,91.958,86.11,33.83,65.055,26.06,113.4
2021-03-10,389.58,389.69,391.4,388.1702,109899410.0,22.56,26.68,114.68,138.57,0.1528,0.7891,1.5178,2.2381,136.099,0.25,3.34,0.99,6.7,1.4,60.2,57.5,87.1,693.0,0.42,310.88,227.22,75.69,53.29,140.02,161.66,91.823,86.38,34.52,64.795,26.72,113.66
2021-03-11,393.53,392.23,395.65,391.74,86245040.0,21.91,26.09,112.87,139.61,0.1389,0.786,1.537,2.2945,139.209,0.25,3.26,0.98,6.7,1.4,60.2,57.5,87.1,693.0,0.44,318.04,232.22,76.09,54.97,139.01,161.52,91.42,86.7,34.42,66.18,26.73,114.35
2021-03-12,394.06,392.07,394.21,391.2,64653565.0,20.69,25.74,111.73,140.29,0.147,0.8401,1.6247,2.3776,147.373,0.25,3.26,0.98,6.7,1.4,60.2,57.5,87.1,699.0,0.44,315.46,233.59,76.28,53.99,136.06,161.49,91.679,86.46,34.77,65.705,26.785,114.6
2021-03-15,396.41,394.33,396.685,392.03,73592302.0,20.03,24.89,110.49,141.26,0.151,0.8272,1.6055,2.3573,145.052,0.25,3.26,0.98,6.7,1.4,60.2,57.5,87.1,699.0,0.38,318.83,234.42,76.34,54.12,136.86,162.2,91.833,86.47,34.57,66.405,26.48,115.39
2021-03-16,395.91,397.07,397.83,395.08,73722506.0,19.79,24.71,113.73,142.56,0.149,0.829,1.6179,2.3785,146.489,0.25,3.27,0.97,6.7,1.4,60.2,57.5,87.1,699.0,0.43,320.58,230.5,76.47,54.35,136.31,162.35,91.865,86.27,34.21,66.905,25.725,115.32
2021-03-17,397.26,394.53,398.12,393.3,97959265.0,19.23,23.88,109.9,143.19,0.133,0.7983,1.6427,2.418,150.764,0.25,3.32,0.97,6.7,1.4,60.2,57.5,87.1,699.0,0.44,321.9,232.31,76.92,54.42,135.29,163.51,91.442,86.39,34.44,66.85,25.925,114.9
2021-03-18,391.48,394.475,396.72,390.75,115349101.0,21.58,25.28,117.8,148.11,0.1531,0.8636,1.7082,2.4483,154.724,0.25,3.37,0.96,6.7,1.4,60.2,57.5,87.1,699.0,0.47,312.04,225.24,76.22,53.42,133.92,162.56,91.862,85.73,34.62,64.995,24.76,114.66
2021-03-19,389.48,389.88,391.569,387.15,113624490.0,20.95,24.99,115.95,141.47,0.1492,0.8806,1.721,2.4333,156.781,0.25,3.37,0.95,6.7,1.4,60.2,57.5,87.1,627.0,0.51,313.14,226.94,76.43,54.08,134.75,163.24,91.919,86.06,34.22,64.8,24.765,115.07
2021-03-22,392.59,390.03,394.07,389.97,73778646.0,18.88,22.94,108.63,146.14,0.1472,0.8628,1.6946,2.3984,154.333,0.25,3.3,0.96,6.7,1.4,60.2,57.5,87.1,627.0,0.39,318.61,225.23,76.5,53.92,136.26,163.0,91.742,86.37,33.63,65.935,24.27,115.67
2021-03-23,389.5,391.91,393.46,388.66,90686552.0,20.3,23.8,111.69,143.44,0.1452,0.8156,1.6206,2.3264,147.335,0.25,3.3,0.97,6.7,1.4,60.2,57.5,87.1,627.0,0.44,317.22,217.06,75.44,52.89,137.49,161.81,92.336,86.46,33.16,65.525,23.915,114.5
2021-03-24,387.52,391.0,392.75,387.47,97588644.0,21.2,24.4,110.67,143.7,0.1465,0.8076,1.6084,2.3095,145.798,0.25,3.26,0.97,6.7,1.4,60.2,57.5,87.1,627.0,0.57,311.87,212.04,75.06,51.68,138.23,162.37,92.528,86.51,33.28,64.73,24.515,114.37
2021-03-25,389.7,385.98,390.55,383.9,116128622.0,19.81,23.37,104.75,140.86,0.1367,0.8347,1.6332,2.3568,149.057,0.25,3.29,0.99,6.7,1.4,60.2,57.5,87.1,627.0,0.58,311.33,216.66,75.62,51.92,137.14,161.78,92.848,86.66,33.84,64.69,24.605,114.85
2021-03-26,395.98,390.93,396.41,390.29,114409114.0,18.86,22.32,103.26,145.46,0.1387,0.8652,1.676,2.3781,153.338,0.25,3.25,0.96,6.7,1.4,60.2,57.5,87.1,658.0,0.58,316.0,220.61,76.6,53.27,136.66,162.24,92.766,86.92,34.37,66.335,25.215,117.02
2021-03-29,395.78,394.4,396.75,392.81,108107626.0,20.74,23.2,105.84,143.67,0.1407,0.8877,1.7081,2.405,156.351,0.25,3.2,0.95,6.7,1.4,60.2,57.5,87.1,658.0,0.51,315.91,214.4,76.3,52.9,135.5,160.31,92.944,86.97,34.07,65.99,24.915,117.57
2021-03-30,394.73,394.42,395.45,393.02,76262249.0,19.61,22.31,101.9,142.2,0.1465,0.8957,1.7029,2.3687,155.246,0.25,3.19,0.94,6.7,1.4,60.2,57.5,87.1,658.0,0.48,314.32,218.01,76.2,53.07,136.21,157.57,93.297,86.76,34.31,65.365,24.7,116.51
2021-03-31,396.33,395.34,398.0,395.31,112734214.0,19.4,22.15,100.04,140.93,0.1603,0.9393,1.7404,2.4106,157.624,0.25,3.1,0.91,6.1,2.6,63.8,62.0,114.9,658.0,0.42,319.13,220.94,75.87,53.34,135.45,159.96,93.232,87.18,34.05,66.405,24.53,116.74
2021-04-01,400.61,398.4,400.67,398.18,99682876.0,17.33,20.97,98.97,136.29,0.1585,0.9009,1.6699,2.3322,150.55,0.25,3.05,0.89,6.1,2.6,63.8,62.0,114.9,658.0,0.42,324.57,223.74,76.86,53.86,137.51,161.98,92.929,87.07,34.47,67.74,25.155,116.39
2021-04-05,406.36,403.46,406.94,403.38,91684764.0,17.91,20.96,99.24,139.63,0.1664,0.922,1.7003,2.3463,153.184,0.25,2.95,0.89,6.1,2.6,63.8,62.0,114.9,658.0,0.41,331.05,224.97,77.98,54.07,136.91,161.92,92.595,87.11,34.74,69.14,24.555,117.2
2021-04-06,406.12,405.76,407.24,405.4,62020953.0,18.12,21.16,99.06,142.44,0.1566,0.8721,1.656,2.323,149.743,0.25,2.93,0.9,6.1,2.6,63.8,62.0,114.9,658.0,0.41,330.82,224.31,77.15,54.37,137.84,163.22,92.335,87.26,34.67,68.845,24.49,116.75
2021-04-07,406.59,405.94,406.96,405.45,55836280.0,17.16,20.66,97.09,140.6,0.1527,0.8689,1.6739,2.3612,151.922,0.25,2.9,0.89,6.1,2.6,63.8,62.0,114.9,658.0,0.47,331.62,220.69,77.31,53.57,136.88,162.76,92.455,87.23,34.84,69.21,24.575,116.49
2021-04-08,408.52,407.93,408.58,406.93,57863114.0,16.95,20.59,100.72,139.04,0.1488,0.8351,1.6192,2.3068,146.84,0.25,2.92,0.89,6.1,2.6,63.8,62.0,114.9,658.0,0.45,335.08,222.56,77.75,54.01,138.01,164.51,92.059,87.26,34.85,70.21,24.255,116.67
2021-04-09,411.49,408.39,411.67,408.26,61104559.0,16.69,20.74,102.06,132.88,0.1548,0.8627,1.6585,2.3293,150.166,0.25,2.92,0.89,6.1,2.6,63.8,62.0,114.9,571.0,0.5,337.11,222.59,77.99,53.55,137.51,163.27,92.163,87.2,35.15,70.885,24.095,117.95
2021-04-12,411.64,410.85,411.93,410.2,56704899.0,16.91,20.82,102.08,134.29,0.1668,0.8805,1.6657,2.3332,149.491,0.25,2.92,0.88,6.1,2.6,63.8,62.0,114.9,571.0,0.48,336.67,221.72,77.56,53.23,137.45,162.28,92.138,87.11,35.3,70.545,23.905,118.07
2021-04-13,412.86,411.53,413.529,411.12,56550988.0,16.65,20.78,100.44,134.72,0.1589,0.8354,1.6145,2.2939,145.359,0.25,3.01,0.89,6.1,2.6,63.8,62.0,114.9,571.0,0.44,340.6,221.14,78.01,53.45,138.48,163.43,91.852,87.17,34.97,71.21,23.93,118.56
2021-04-14,411.45,412.83,413.96,410.87,61659907.0,16.99,21.06,107.47,137.67,0.161,0.8548,1.6323,2.3116,146.936,0.25,2.95,0.88,6.1,2.6,63.8,62.0,114.9,571.0,0.43,336.51,223.32,78.07,53.72,138.04,162.72,91.69,87.13,35.18,70.455,24.595,118.55
2021-04-15,415.87,413.74,416.16,413.69,60229842.0,16.57,20.76,108.66,139.29,0.159,0.8177,1.5759,2.2694,141.293,0.25,2.96,0.88,6.1,2.6,63.8,62.0,114.9,571.0,0.48,341.61,224.29,78.72,54.21,140.35,165.35,91.671,87.48,35.15,71.665,24.395,120.58
2021-04-16,417.26,417.25,417.91,415.73,82037278.0,16.25,20.53,107.8,138.33,0.1612,0.8307,1.5798,2.2649,141.666,0.25,2.93,0.89,6.1,2.6,63.8,62.0,114.9,566.0,0.44,342.01,224.65,79.29,54.35,139.26,166.35,91.556,87.3,35.4,71.65,24.2,121.48
2021-04-19,415.21,416.26,416.74,413.79,78498496.0,17.29,21.37,111.9,137.15,0.1572,0.8292,1.6047,2.2963,144.346,0.25,2.96,0.91,6.1,2.6,63.8,62.0,114.9,566.0,0.45,338.88,221.73,79.15,54.15,138.86,165.89,91.069,87.16,35.3,71.055,24.175,121.51
2021-04-20,412.17,413.91,415.0859,410.59,81851828.0,18.68,22.35,116.37,134.87,0.1492,0.792,1.5589,2.2512,140.774,0.25,3.02,0.92,6.1,2.6,63.8,62.0,114.9,566.0,0.48,336.41,217.19,77.73,53.71,139.5,166.48,91.241,87.01,34.64,70.425,23.535,121.98
2021-04-21,416.07,411.51,416.29,411.36,66792983.0,17.5,21.49,112.9,139.43,0.1472,0.7968,1.5555,2.2505,140.631,0.25,2.98,0.91,6.1,2.6,63.8,62.0,114.9,566.0,0.43,339.29,222.5,78.53,54.04,139.78,168.13,91.155,87.3,35.12,71.135,23.835,123.42
2021-04-22,412.27,415.89,416.78,411.13,97582788.0,18.71,22.52,116.05,138.09,0.1472,0.7904,1.538,2.218,138.678,0.25,3.01,0.91,6.1,2.6,63.8,62.0,114.9,566.0,0.52,335.2,221.58,78.27,53.85,140.39,167.04,91.333,87.14,34.73,70.3,23.555,122.87
2021-04-23,416.74,412.87,418.25,412.79,73276195.0,17.33,21.57,108.36,140.09,0.1575,0.8164,1.5577,2.2339,139.825,0.25,2.98,0.9,6.1,2.6,63.8,62.0,114.9,574.0,0.55,339.42,225.76,79.07,54.63,140.06,166.4,90.859,87.37,35.38,71.35,23.77,123.68
2021-04-26,417.61,417.44,418.22,416.8111,52182392.0,17.64,21.54,104.01,139.09,0.1677,0.8294,1.5667,2.24,139.697,0.25,2.91,0.89,6.1,2.6,63.8,62.0,114.9,574.0,0.43,341.63,228.11,79.13,54.7,139.86,166.84,90.807,87.33,35.52,71.715,23.93,123.26
2021-04-27,417.52,417.93,418.14,416.3,51303056.0,17.56,21.32,103.39,139.13,0.1798,0.8813,1.6216,2.2942,143.988,0.25,2.93,0.88,6.1,2.6,63.8,62.0,114.9,574.0,0.5,340.15,228.45,78.87,54.67,138.64,166.42,90.909,87.21,35.8,71.54,24.22,122.55
2021-04-28,417.4,417.81,419.01,416.9,51238854.0,17.28,21.13,104.78,139.37,0.1641,0.8508,1.6094,2.2889,144.326,0.25,2.94,0.88,6.1,2.6,63.8,62.0,114.9,574.0,0.43,339.0,228.84,79.07,55.08,138.73,166.91,90.609,87.38,35.94,70.875,25.055,122.18
2021-04-29,420.06,420.32,420.72,416.44,78544329.0,17.61,21.31,105.46,139.3,0.1622,0.8636,1.6343,2.2982,146.825,0.25,2.93,0.88,6.1,2.6,63.8,62.0,114.9,574.0,0.47,340.22,227.99,79.1,54.95,138.32,166.22,90.614,87.48,36.58,70.815,25.335,121.69
2021-04-30,417.3,417.63,418.54,416.34,85527030.0,18.61,22.07,109.22,146.32,0.1584,0.8461,1.6259,2.2967,146.156,0.25,2.91,0.88,6.1,4.2,60.8,63.3,117.5,517.0,0.59,337.99,224.89,78.11,53.98,138.64,165.66,91.28,87.44,36.26,69.85,24.695,121.33
2021-05-03,418.2,419.43,419.84,417.665,68128289.0,18.31,21.74,108.32,143.75,0.1585,0.8237,1.5976,2.2837,143.324,0.25,2.86,0.89,6.1,4.2,60.8,63.3,117.5,517.0,0.51,336.19,225.99,78.97,53.98,138.52,167.81,90.945,87.18,36.44,69.655,25.375,122.71
2021-05-04,415.62,416.07,416.6,411.67,101591166.0,19.48,22.67,111.22,139.23,0.1585,0.8173,1.5924,2.2615,142.996,0.25,2.92,0.89,6.1,4.2,60.8,63.3,117.5,517.0,0.56,330.14,223.29,77.8,53.37,139.46,166.58,91.288,87.13,36.73,68.405,25.39,122.84
2021-05-05,415.75,417.38,417.63,414.94,60162209.0,19.15,22.26,109.51,142.12,0.1506,0.7932,1.566,2.2425,141.334,0.25,2.9,0.89,6.1,4.2,60.8,63.3,117.5,517.0,0.46,329.03,222.4,78.86,53.62,139.69,167.27,91.308,87.3,37.03,68.24,26.21,123.06
2021-05-06,419.07,415.83,419.21,413.675,74321368.0,18.39,21.88,108.39,144.47,0.1527,0.8045,1.5696,2.2417,141.103,0.25,2.91,0.88,6.1,4.2,60.8,63.3,117.5,517.0,0.57,331.51,222.59,79.51,54.13,139.92,170.06,90.951,87.27,37.58,68.925,26.345,123.22
2021-05-07,422.12,419.89,422.815,419.16,67733790.0,16.69,20.79,107.03,145.76,0.1448,0.7741,1.5771,2.2769,142.826,0.25,2.89,0.87,6.1,4.2,60.8,63.3,117.5,494.0,0.51,334.2,225.39,80.41,54.69,139.23,171.59,90.233,87.33,37.78,69.515,26.815,124.07
2021-05-10,417.94,422.5,422.74,417.81,81852446.0,19.66,22.4,114.1,142.72,0.1528,0.7837,1.602,2.3256,144.524,0.25,2.88,0.88,6.1,4.2,60.8,63.3,117.5,494.0,0.59,325.76,219.66,79.98,53.71,137.82,172.11,90.212,87.13,37.75,67.76,26.825,124.23
2021-05-11,414.21,413.1,415.27,410.06,116887975.0,21.84,24.23,122.47,140.12,0.1588,0.7998,1.6217,2.3451,146.092,0.25,3.0,0.88,6.1,4.2,60.8,63.3,117.5,494.0,0.57,325.31,218.96,78.93,53.56,137.04,172.14,90.141,87.04,37.08,67.555,26.135,122.89
2021-05-12,405.41,411.23,412.59,404.0,134811046.0,27.59,28.18,146.28,142.6,0.1629,0.8628,1.6916,2.4113,152.474,0.25,3.02,0.87,6.1,4.2,60.8,63.3,117.5,494.0,0.63,316.89,211.85,77.67,52.08,135.6,170.43,90.713,86.62,36.7,65.655,26.26,121.73
2021-05-13,410.28,407.07,412.35,407.02,106393963.0,23.13,25.26,130.01,139.26,0.1529,0.8273,1.6574,2.3955,150.043,0.25,3.05,0.87,6.1,4.2,60.8,63.3,117.5,494.0,0.63,319.34,215.75,78.25,52.01,135.81,171.13,90.752,86.93,37.29,66.525,25.94,122.83
2021-05-14,416.58,413.21,417.49,413.18,82201629.0,18.81,22.26,117.56,139.05,0.147,0.8129,1.6284,2.3401,147.736,0.25,3.03,0.86,6.1,4.2,60.8,63.3,117.5,467.0,0.54,326.39,221.02,79.56,52.95,137.08,172.69,90.321,87.21,37.88,67.99,26.745,123.45
2021-05-17,415.52,415.39,416.39,413.36,65129221.0,19.72,23.14,120.7,138.35,0.1531,0.8355,1.6488,2.3626,149.174,0.25,3.0,0.86,6.1,4.2,60.8,63.3,117.5,467.0,0.55,324.41,221.32,79.41,52.9,136.79,174.7,90.164,87.05,37.95,67.49,27.365,123.22
2021-05-18,411.94,415.8,416.06,411.77,59810238.0,21.34,24.22,123.93,139.46,0.1491,0.8178,1.6369,2.3597,148.379,0.25,3.03,0.87,6.1,4.2,60.8,63.3,117.5,467.0,0.48,322.22,219.64,79.58,53.61,136.44,175.04,89.75,86.84,37.42,66.95,26.73,123.26
2021-05-19,410.86,406.92,411.05,405.33,106467052.0,22.18,25.27,130.17,143.75,0.1552,0.8567,1.671,2.3691,150.983,0.25,3.08,0.87,6.1,4.2,60.8,63.3,117.5,467.0,0.58,322.59,217.95,78.88,53.45,136.11,175.16,90.191,86.61,37.19,67.185,26.065,123.05
2021-05-20,415.28,411.8,416.625,411.67,78022218.0,20.67,23.81,126.34,142.96,0.1451,0.8114,1.625,2.3306,147.783,0.25,3.11,0.86,6.1,4.2,60.8,63.3,117.5,467.0,0.48,328.83,219.4,79.92,53.76,137.23,175.96,89.808,86.98,37.21,68.47,26.025,124.34
2021-05-21,414.94,416.87,418.2,414.45,76578662.0,20.15,23.49,124.22,144.51,0.1533,0.8212,1.6216,2.3176,146.624,0.25,3.07,0.86,6.1,4.2,60.8,63.3,117.5,441.0,0.53,327.01,219.97,80.03,53.14,137.67,176.04,90.017,87.11,37.58,68.095,26.08,124.36
2021-05-24,419.17,417.34,420.32,417.08,51376702.0,18.4,22.23,116.12,144.64,0.1493,0.8034,1.6012,2.2989,144.781,0.25,3.03,0.85,6.1,4.2,60.8,63.3,117.5,441.0,0.41,332.51,221.4,80.52,53.58,138.18,176.35,89.844,87.21,37.76,69.305,26.34,124.48
2021-05-25,418.24,420.33,420.71,417.62,57451396.0,18.84,22.4,113.55,144.6,0.1412,0.771,1.5588,2.2477,141.55,0.25,3.05,0.85,6.1,4.2,60.8,63.3,117.5,441.0,0.49,332.97,219.26,80.54,54.11,139.46,177.95,89.639,87.22,37.38,69.325,25.805,124.11
2021-05-26,419.07,418.87,419.61,417.76,43088618.0,17.36,21.3,106.29,149.82,0.1485,0.7824,1.5757,2.2561,142.52,0.25,3.03,0.85,6.1,4.2,60.8,63.3,117.5,441.0,0.44,334.13,223.35,80.49,54.51,139.22,177.64,90.042,87.25,37.49,69.32,26.035,123.39
2021-05-27,419.29,420.17,420.72,418.9851,56707677.0,16.74,20.31,103.88,149.35,0.1446,0.8155,1.6062,2.2825,145.969,0.25,3.02,0.85,6.1,4.2,60.8,63.3,117.5,441.0,0.41,332.88,225.65,80.64,54.52,138.655,177.71,89.971,87.21,37.92,68.955,26.055,123.12
2021-05-28,420.04,420.97,421.25,419.79,58520164.0,16.76,20.48,105.41,155.31,0.1407,0.7995,1.5943,2.2824,145.167,0.25,2.96,0.84,6.1,4.2,60.8,63.3,117.5,427.0,0.45,333.93,225.5,80.83,54.87,138.44,178.38,90.031,87.18,37.99,69.2,26.105,123.6
2021-06-01,419.67,422.57,422.72,419.2,54216625.0,17.9,21.34,113.04,149.04,0.1466,0.8044,1.6062,2.2867,145.767,0.25,3.01,0.85,6.1,4.2,60.8,63.3,117.5,427.0,0.42,332.82,228.06,81.12,56.0,138.21,177.9,89.831,87.15,38.22,68.86,27.11,121.57
2021-06-02,420.33,420.37,421.23,419.29,49097061.0,17.48,21.42,112.57,148.59,0.1446,0.7932,1.5875,2.2717,144.087,0.25,2.98,0.85,6.1,4.2,60.8,63.3,117.5,427.0,0.37,333.47,228.33,81.39,56.09,138.53,178.77,89.909,87.26,38.28,69.335,27.615,121.33
2021-06-03,418.77,417.85,419.99,416.28,58138763.0,18.04,21.82,114.31,145.21,0.1545,0.8397,1.625,2.296,146.455,0.25,2.95,0.85,6.1,4.2,60.8,63.3,117.5,427.0,0.41,330.0,226.42,80.99,55.49,138.01,175.27,90.512,87.08,38.37,68.69,27.69,121.7
2021-06-04,422.6,420.75,422.92,418.8422,55938789.0,16.42,20.62,108.16,147.76,0.1448,0.7788,1.5534,2.2313,140.276,0.25,2.97,0.85,6.1,4.2,60.8,63.3,117.5,420.0,0.44,335.6,227.4,81.68,55.99,139.9,177.16,90.136,87.27,38.47,70.01,27.875,122.09
2021-06-07,422.19,422.59,422.78,421.19,51555032.0,16.42,20.55,108.03,151.29,0.1547,0.7933,1.5687,2.2468,141.205,0.25,2.92,0.85,6.1,4.2,60.8,63.3,117.5,420.0,0.43,336.6,230.45,81.95,55.71,139.47,177.87,89.95,87.3,38.22,69.995,27.755,122.53
2021-06-08,422.28,423.11,423.21,420.32,47134279.0,17.07,20.85,109.62,150.7,0.1508,0.7724,1.5331,2.2151,137.635,0.25,2.92,0.85,6.1,4.2,60.8,63.3,117.5,420.0,0.35,336.76,232.89,81.91,55.44,140.45,177.32,90.076,87.36,38.12,70.0,27.995,122.15
2021-06-09,421.65,423.18,423.26,421.41,48436342.0,17.89,21.28,120.97,150.71,0.1548,0.75,1.4908,2.1684,133.232,0.25,2.91,0.85,6.1,4.2,60.8,63.3,117.5,420.0,0.36,336.84,231.34,81.69,55.28,141.69,176.98,90.12,87.43,37.76,70.05,27.82,123.33
2021-06-10,423.61,422.96,424.63,421.55,51020147.0,16.1,20.08,116.76,154.81,0.1429,0.7115,1.4318,2.127,128.299,0.25,2.91,0.85,6.1,4.2,60.8,63.3,117.5,420.0,0.43,340.35,229.28,80.81,55.48,142.54,177.74,90.075,87.59,37.32,70.565,27.785,125.44
2021-06-11,424.31,424.2,424.43,422.82,45570828.0,15.65,19.64,116.12,159.28,0.1469,0.7387,1.4518,2.1379,130.291,0.25,2.9,0.84,6.1,4.2,60.8,63.3,117.5,428.0,0.48,341.24,231.7,81.0,55.29,142.31,175.74,90.555,87.62,37.56,70.985,27.69,124.55
2021-06-14,425.26,424.43,425.37,423.1,42358478.0,16.39,20.14,119.8,160.64,0.157,0.7822,1.494,2.1822,133.3,0.25,2.84,0.83,6.1,4.2,60.8,63.3,117.5,428.0,0.36,344.51,231.02,81.14,55.44,141.22,174.71,90.522,87.54,37.17,71.705,27.57,124.66
2021-06-15,424.48,425.42,425.46,423.54,51508508.0,17.02,20.68,122.9,161.35,0.163,0.7806,1.4922,2.1864,132.722,0.25,2.86,0.83,6.1,4.2,60.8,63.3,117.5,428.0,0.45,342.26,230.36,81.24,55.06,141.05,174.05,90.536,87.53,37.24,71.265,28.095,124.7
2021-06-16,422.11,424.63,424.87,419.92,80386082.0,18.15,21.26,121.57,155.97,0.2052,0.8954,1.5754,2.2073,136.418,0.25,2.8,0.81,6.1,4.2,60.8,63.3,117.5,428.0,0.55,341.01,229.87,80.74,54.31,140.93,171.11,91.129,87.41,37.2,70.88,27.945,124.22
2021-06-17,421.97,421.67,423.02,419.32,90949659.0,17.75,20.98,120.63,161.01,0.2093,0.8809,1.504,2.0927,129.068,0.25,2.84,0.82,6.1,4.2,60.8,63.3,117.5,428.0,0.49,345.34,227.29,80.18,54.61,143.04,165.85,91.889,87.47,36.1,71.7,26.995,125.17
2021-06-18,414.92,417.09,417.8281,414.7,118676302.0,20.7,22.93,128.83,150.78,0.2541,0.8746,1.4381,2.0127,118.195,0.25,2.86,0.82,6.1,4.2,60.8,63.3,117.5,422.0,0.56,342.63,222.13,78.52,54.23,145.73,164.93,92.225,87.43,35.23,71.045,26.195,123.74
2021-06-21,420.86,416.8,421.06,415.93,72822028.0,17.89,21.12,121.25,158.36,0.2543,0.8877,1.4886,2.1097,123.032,0.25,2.81,0.82,6.1,4.2,60.8,63.3,117.5,422.0,0.42,344.36,226.88,79.55,54.46,143.29,166.95,91.899,87.6,35.91,71.675,27.035,124.74
2021-06-22,423.11,420.85,424.0,420.08,57700303.0,16.66,20.07,114.01,160.51,0.2281,0.8552,1.4632,2.0859,123.107,0.25,2.85,0.82,6.1,4.2,60.8,63.3,117.5,422.0,0.47,347.57,227.91,79.56,54.21,143.64,166.25,91.756,87.66,35.97,72.325,27.215,125.01
2021-06-23,422.6,423.19,424.05,422.51,49445414.0,16.32,19.7,110.48,154.85,0.2622,0.8813,1.4852,2.1083,122.105,0.25,2.8,0.82,6.1,4.2,60.8,63.3,117.5,422.0,0.39,347.74,228.66,79.05,54.54,143.27,166.14,91.802,87.57,36.04,72.245,27.29,124.49
2021-06-24,425.1,424.89,425.55,424.62,45110288.0,15.97,19.26,107.87,161.04,0.2681,0.9134,1.4919,2.0981,122.19,0.25,2.78,0.82,6.1,4.2,60.8,63.3,117.5,422.0,0.4,349.89,231.89,79.81,55.04,143.5,166.04,91.814,87.84,36.49,72.7,27.525,125.13
2021-06-25,426.61,425.9,427.0943,425.55,58129525.0,15.62,19.0,105.91,170.55,0.2661,0.9215,1.5241,2.1487,125.432,0.25,2.75,0.81,6.1,4.2,60.8,63.3,117.5,369.0,0.48,349.46,232.28,79.98,55.5,142.01,166.59,91.851,87.93,36.93,72.615,27.67,125.7
2021-06-28,427.47,427.17,427.65,425.89,53159581.0,15.76,19.02,106.32,162.09,0.2543,0.8958,1.4765,2.0946,122.025,0.25,2.72,0.81,6.1,4.2,60.8,63.3,117.5,369.0,0.42,353.71,230.44,79.47,55.55,143.47,166.58,91.887,87.92,36.66,73.375,26.735,125.89
2021-06-29,427.7,427.88,428.56,427.13,35970515.0,16.02,19.49,107.01,163.84,0.2504,0.8894,1.4697,2.0837,121.737,0.25,2.72,0.81,6.1,4.2,60.8,63.3,117.5,369.0,0.43,354.99,229.34,79.49,55.51,143.71,164.83,92.049,88.03,36.53,73.91,26.605,126.03
2021-06-30,428.06,427.21,428.78,427.18,64827858.0,15.83,19.51,106.73,161.85,0.2486,0.8894,1.468,2.0857,121.743,0.25,2.68,0.8,5.9,5.4,61.3,61.4,128.9,369.0,0.4,354.43,229.37,78.88,55.15,144.35,165.63,92.436,88.04,36.69,73.83,26.935,125.95
2021-07-01,430.43,428.87,430.6,428.8,53441027.0,15.48,19.45,108.72,155.65,0.2527,0.8926,1.4578,2.0607,120.116,0.25,2.65,0.81,5.9,5.4,61.3,61.4,128.9,369.0,0.44,354.57,231.39,79.07,54.84,144.17,166.2,92.597,87.92,36.98,73.955,27.405,127.07
2021-07-02,433.72,431.67,434.1,430.5218,57697668.0,15.07,19.3,106.11,157.94,0.2336,0.8573,1.4238,2.0404,118.823,0.25,2.67,0.82,5.9,5.4,61.3,61.4,128.9,371.0,0.51,358.64,229.19,79.34,54.78,145.04,167.29,92.226,88.06,36.94,74.93,27.345,128.29
2021-07-06,432.93,433.78,434.01,430.01,68710419.0,16.44,20.26,112.24,153.75,0.2179,0.7965,1.3481,1.9739,112.821,0.25,2.62,0.82,5.9,5.4,61.3,61.4,128.9,371.0,0.51,360.19,225.86,78.82,53.82,146.74,168.12,92.546,88.01,36.36,75.215,26.455,128.17
2021-07-07,434.46,433.66,434.76,431.51,63549456.0,16.2,20.41,112.7,152.15,0.2141,0.7788,1.3163,1.9378,110.019,0.25,2.63,0.83,5.9,5.4,61.3,61.4,128.9,371.0,0.52,360.95,223.76,79.25,53.76,148.04,168.76,92.644,88.04,36.41,75.625,26.025,128.98
2021-07-08,430.92,428.78,431.73,427.52,97595232.0,19.0,21.98,120.03,152.82,0.1944,0.742,1.2928,1.9266,109.647,0.25,2.71,0.85,5.9,5.4,61.3,61.4,128.9,371.0,0.59,358.77,221.7,78.23,52.64,148.62,168.65,92.417,87.85,35.68,74.91,25.875,128.27
2021-07-09,435.52,432.53,435.84,430.714,76238584.0,16.18,20.44,112.62,155.7,0.2126,0.785,1.3595,1.9889,114.293,0.25,2.69,0.85,5.9,5.4,61.3,61.4,128.9,332.0,0.53,361.01,226.38,79.56,53.55,146.53,169.21,92.13,88.0,36.71,75.6,26.425,128.71
2021-07-12,437.08,435.43,437.35,434.97,52889585.0,16.17,20.46,111.59,157.93,0.2267,0.7946,1.3645,1.9975,113.58,0.25,2.66,0.84,5.9,5.4,61.3,61.4,128.9,332.0,0.49,362.42,226.57,79.9,53.6,146.34,169.0,92.261,87.97,37.07,75.66,26.385,128.96
2021-07-13,435.59,436.24,437.84,435.31,52911312.0,17.12,21.13,116.4,154.4,0.2528,0.846,1.4166,2.0469,116.183,0.25,2.67,0.84,5.9,5.4,61.3,61.4,128.9,332.0,0.48,362.42,222.3,79.48,53.65,145.22,169.22,92.752,87.71,36.67,75.97,26.185,128.84
2021-07-14,436.24,437.4,437.92,434.91,64130352.0,16.33,20.62,117.66,154.31,0.223,0.7945,1.3459,1.971,112.09,0.25,2.75,0.84,5.9,5.4,61.3,61.4,128.9,332.0,0.49,363.07,218.87,79.66,53.88,146.87,171.04,92.41,87.85,36.5,76.53,25.405,128.72
2021-07-15,434.75,434.81,435.53,432.72,55126358.0,17.01,21.09,121.03,154.15,0.2231,0.7752,1.2989,1.9206,107.18,0.25,2.82,0.85,5.9,5.4,61.3,61.4,128.9,332.0,0.59,360.52,217.63,78.9,54.01,148.49,171.07,92.624,87.79,36.62,75.9,25.05,128.27
2021-07-16,431.34,436.01,436.06,430.92,75874662.0,18.45,22.07,128.89,151.94,0.2215,0.7734,1.2903,1.9192,106.679,0.25,2.82,0.86,5.9,5.4,61.3,61.4,128.9,387.0,0.69,357.6,214.95,78.32,53.59,148.21,169.41,92.687,87.67,36.12,75.15,24.34,128.62
2021-07-19,424.97,426.19,431.4089,421.97,147987000.0,22.5,24.9,139.54,155.74,0.2156,0.7043,1.1888,1.8197,97.121,0.25,3.04,0.89,5.9,5.4,61.3,61.4,128.9,387.0,0.53,354.67,211.73,76.9,52.69,151.46,169.61,92.891,87.08,35.11,74.115,23.48,127.27
2021-07-20,431.06,425.68,432.42,424.83,99608174.0,19.73,23.2,131.3,154.5,0.1996,0.685,1.2218,1.8771,101.824,0.25,3.01,0.89,5.9,5.4,61.3,61.4,128.9,387.0,0.44,358.79,218.3,77.46,52.86,150.0,169.39,92.973,87.52,35.98,75.215,23.795,128.82
2021-07-21,434.55,432.34,434.7,431.0111,64724389.0,17.91,21.87,122.53,155.34,0.2078,0.7362,1.2884,1.9387,107.86,0.25,2.93,0.87,5.9,5.4,61.3,61.4,128.9,387.0,0.46,361.56,222.06,78.64,53.2,148.1,168.76,92.754,87.73,36.6,75.94,24.625,129.03
2021-07-22,435.46,434.74,435.72,433.69,47878539.0,17.69,21.86,118.82,152.63,0.1998,0.7185,1.2783,1.9165,107.646,0.25,2.92,0.87,5.9,5.4,61.3,61.4,128.9,387.0,0.57,363.95,218.53,78.67,53.3,149.5,169.09,92.822,87.78,36.2,76.5,24.35,129.98
2021-07-23,439.94,437.52,440.3,436.79,63766637.0,17.2,21.65,114.92,159.44,0.1981,0.7118,1.2763,1.9151,107.42,0.25,2.89,0.86,5.9,5.4,61.3,61.4,128.9,380.0,0.61,368.2,219.55,79.22,52.51,148.5,168.56,92.912,87.95,36.26,77.26,24.26,131.48
2021-07-26,441.02,439.31,441.03,439.26,43719187.0,17.58,21.74,114.86,153.2,0.1941,0.7214,1.2896,1.9418,109.348,0.25,2.89,0.86,5.9,5.4,61.3,61.4,128.9,380.0,0.54,368.49,220.19,79.33,51.51,148.06,168.16,92.649,87.82,36.47,77.22,24.86,130.63
2021-07-27,439.01,439.91,439.94,435.99,67397137.0,19.36,23.0,121.11,151.04,0.2035,0.6987,1.2411,1.8936,103.362,0.25,2.96,0.86,5.9,5.4,61.3,61.4,128.9,380.0,0.59,364.43,217.62,79.01,50.47,149.64,168.44,92.432,87.7,36.46,76.49,24.63,131.24
2021-07-28,438.83,439.68,440.3,437.31,52472360.0,18.31,22.35,117.08,152.23,0.2016,0.7111,1.2327,1.8801,102.913,0.25,2.94,0.85,5.9,5.4,61.3,61.4,128.9,380.0,0.52,365.83,220.82,79.35,51.84,149.65,169.29,92.322,87.77,36.41,76.395,24.855,131.71
2021-07-29,440.65,439.815,441.8,439.81,47435342.0,17.7,21.88,114.04,149.96,0.2035,0.7351,1.2693,1.9195,106.181,0.25,2.98,0.85,5.9,5.4,61.3,61.4,128.9,380.0,0.48,366.48,222.52,79.9,52.1,148.82,171.17,91.864,87.96,36.81,76.75,25.095,132.03
2021-07-30,438.51,437.91,440.06,437.77,68951202.0,18.24,22.18,116.18,153.71,0.1839,0.6904,1.2223,1.8922,103.444,0.25,2.94,0.86,5.9,5.4,61.3,61.4,128.9,380.0,0.56,364.57,221.05,79.49,51.6,149.52,169.82,92.174,87.84,36.52,76.7,24.695,132.15
2021-08-02,437.59,440.34,440.93,437.21,58783297.0,19.46,23.05,122.85,153.3,0.1722,0.6537,1.1773,1.8498,100.315,0.25,2.98,0.87,5.9,5.4,61.3,61.4,128.9,380.0,0.51,364.6,219.95,79.89,51.97,150.67,169.61,92.048,87.34,36.53,76.425,24.51,132.33
2021-08-03,441.15,438.44,441.28,436.1,58053896.0,18.04,22.18,117.55,152.56,0.1703,0.6473,1.1722,1.8408,99.996,0.25,3.06,0.88,5.9,5.4,61.3,61.4,128.9,380.0,0.47,366.81,220.86,80.46,52.19,150.75,169.49,92.081,87.44,36.94,76.915,24.93,134.17
2021-08-04,438.98,439.78,441.1243,438.73,46732212.0,17.97,22.17,116.21,151.4,0.1802,0.6761,1.182,1.8389,99.956,0.25,3.09,0.88,5.9,5.4,61.3,61.4,128.9,380.0,0.52,367.34,218.11,80.22,52.46,151.06,169.53,92.27,87.28,36.63,77.07,24.255,133.6
2021-08-05,441.76,440.22,441.85,439.88,38969659.0,17.28,21.52,113.35,148.27,0.198,0.7241,1.2235,1.8612,102.152,0.25,3.04,0.88,5.9,5.4,61.3,61.4,128.9,380.0,0.52,369.67,222.03,80.61,52.38,150.29,168.86,92.244,87.48,37.11,77.495,24.53,133.05
2021-08-06,442.49,442.1,442.94,441.8,46930008.0,16.15,20.87,112.0,148.27,0.2083,0.7677,1.2969,1.9454,108.466,0.25,3.01,0.88,5.9,5.4,61.3,61.4,128.9,361.0,0.55,368.05,223.39,80.31,51.94,147.78,164.64,92.8,87.38,37.86,77.43,24.755,132.94
2021-08-09,442.13,442.46,442.795,441.31,41222585.0,16.72,21.27,115.09,148.27,0.2203,0.7952,1.3237,1.9703,110.146,0.25,3.01,0.89,5.9,5.4,61.3,61.4,128.9,361.0,0.49,368.73,222.16,80.27,52.11,147.25,161.72,92.945,87.18,37.96,77.18,24.405,133.45
2021-08-10,442.68,442.61,443.44,441.88,43339275.0,16.79,21.21,114.15,148.27,0.2383,0.8259,1.349,1.9988,110.865,0.25,3.05,0.89,5.9,5.4,61.3,61.4,128.9,361.0,0.43,366.84,222.6,80.45,52.18,146.57,161.77,93.055,86.98,38.36,76.625,24.835,133.14
2021-08-11,443.78,443.82,443.882,442.62,44034340.0,16.06,20.67,118.05,154.32,0.2186,0.8083,1.3303,1.9988,110.778,0.25,3.09,0.89,5.9,5.4,61.3,61.4,128.9,361.0,0.52,366.21,223.69,81.0,52.32,146.48,164.0,92.922,87.12,38.8,76.635,25.03,131.82
2021-08-12,445.11,443.62,445.2572,442.66,38942418.0,15.59,20.25,117.72,157.18,0.2227,0.8229,1.359,1.9988,113.43,0.25,3.07,0.88,5.9,5.4,61.3,61.4,128.9,361.0,0.53,367.53,223.16,80.93,51.86,146.24,164.04,93.035,87.27,38.87,77.075,25.005,132.86
2021-08-13,445.92,445.59,445.94,445.07,39470251.0,15.45,20.26,117.81,159.66,0.2071,0.7731,1.2767,1.9291,106.564,0.25,3.09,0.88,5.9,5.4,61.3,61.4,128.9,368.0,0.57,368.82,221.13,81.42,51.73,148.55,166.39,92.518,87.46,38.58,77.495,24.71,133.69
2021-08-16,446.97,444.53,447.11,442.87,73930864.0,16.12,20.64,117.69,152.54,0.2092,0.7618,1.265,1.927,105.182,0.25,3.05,0.89,5.9,5.4,61.3,61.4,128.9,368.0,0.54,368.98,219.07,81.0,51.26,148.91,167.22,92.628,87.49,38.48,77.845,24.255,135.21
2021-08-17,444.04,444.24,444.96,440.85,92673933.0,17.91,21.7,120.53,149.05,0.2133,0.7668,1.2617,1.9189,104.434,0.25,3.09,0.9,5.9,5.4,61.3,61.4,128.9,368.0,0.58,365.73,216.4,80.24,50.32,148.85,166.97,93.13,87.29,38.21,77.2,24.005,136.81
2021-08-18,439.18,442.96,444.625,438.92,89351931.0,21.57,23.8,128.41,148.54,0.2155,0.7685,1.2583,1.8972,104.087,0.25,3.09,0.9,5.9,5.4,61.3,61.4,128.9,368.0,0.52,362.21,214.51,79.93,50.4,149.35,167.1,93.136,87.09,37.74,76.135,23.505,134.73
2021-08-19,439.86,436.27,441.14,436.12,92812246.0,21.67,24.2,130.41,151.19,0.2196,0.7669,1.2433,1.8709,102.169,0.25,3.14,0.91,5.9,5.4,61.3,61.4,128.9,368.0,0.61,363.96,211.94,79.14,49.54,150.45,166.61,93.568,87.08,37.46,76.88,22.895,135.34
2021-08-20,443.36,440.23,443.71,439.71,72008712.0,18.56,22.41,120.51,153.51,0.2241,0.7817,1.255,1.8688,102.69,0.25,3.12,0.91,5.9,5.4,61.3,61.4,128.9,358.0,0.57,367.73,215.52,79.45,49.5,150.55,166.7,93.496,87.29,37.69,77.87,22.945,136.11
2021-08-23,447.26,445.16,448.23,443.4355,54973038.0,17.15,21.2,113.33,159.02,0.2242,0.7688,1.2517,1.8708,102.544,0.25,3.07,0.9,5.9,5.4,61.3,61.4,128.9,358.0,0.41,373.23,219.62,80.19,50.25,150.45,168.73,92.958,87.56,38.0,78.875,23.805,136.16
2021-08-24,447.97,447.97,448.54,447.42,38744714.0,17.22,21.22,111.09,157.13,0.2223,0.7965,1.2935,1.9161,106.92,0.25,3.02,0.89,5.9,5.4,61.3,61.4,128.9,358.0,0.39,374.37,221.78,80.36,51.39,149.28,168.65,92.893,87.68,38.23,78.785,24.2,135.68
2021-08-25,448.91,448.17,449.457,447.77,40529711.0,16.79,20.79,108.84,159.51,0.2386,0.8178,1.339,1.9482,109.841,0.25,2.97,0.88,5.9,5.4,61.3,61.4,128.9,358.0,0.42,374.8,222.56,80.39,51.45,148.04,167.48,92.825,87.77,38.68,78.74,24.385,135.31
2021-08-26,446.26,448.61,448.86,446.16,57829572.0,18.84,21.86,116.6,157.25,0.2406,0.8492,1.3491,1.9468,110.464,0.25,2.96,0.88,5.9,5.4,61.3,61.4,128.9,358.0,0.55,372.42,220.2,79.97,50.96,148.45,167.67,93.062,87.72,38.49,78.245,24.015,134.78
2021-08-27,450.25,447.12,450.65,447.06,77235113.0,16.39,20.61,109.62,162.43,0.2151,0.7995,1.307,1.9167,108.804,0.25,2.94,0.88,5.9,5.4,61.3,61.4,128.9,353.0,0.49,376.04,226.41,80.7,51.59,149.46,170.19,92.686,87.96,39.0,79.0,24.655,134.63
2021-08-30,452.23,450.97,453.07,450.71,48357355.0,16.19,20.4,107.9,157.99,0.2014,0.7676,1.2785,1.8964,107.516,0.25,2.88,0.88,5.9,5.4,61.3,61.4,128.9,353.0,0.42,380.26,225.48,80.68,51.7,149.85,169.35,92.653,88.07,38.45,79.85,24.365,135.39
2021-08-31,451.56,452.13,452.49,450.92,59300213.0,16.48,20.42,105.81,155.91,0.2093,0.7771,1.3088,1.9324,109.748,0.25,2.88,0.87,5.1,5.3,59.8,61.5,115.2,353.0,0.46,379.95,225.92,80.64,52.41,148.83,169.69,92.626,88.09,38.4,79.43,24.2,135.21
2021-09-01,451.8,452.56,453.11,451.545,48721378.0,16.11,20.08,105.2,154.75,0.2094,0.7724,1.2936,1.9133,108.39,0.25,2.87,0.88,5.1,5.3,59.8,61.5,115.2,353.0,0.45,380.58,227.44,81.37,53.08,148.89,169.7,92.449,87.89,38.18,79.45,23.845,135.25
2021-09-02,453.19,453.32,454.05,451.91,42830867.0,16.41,20.13,105.7,156.98,0.2056,0.7644,1.2835,1.897,107.596,0.25,2.83,0.88,5.1,5.3,59.8,61.5,115.2,353.0,0.42,380.4,229.02,81.7,52.84,149.54,169.25,92.225,88.0,38.31,79.365,24.45,136.7
2021-09-03,453.08,451.98,453.63,451.55,47234364.0,16.41,20.32,105.48,162.27,0.2061,0.7836,1.3223,1.942,111.43,0.25,2.79,0.88,5.1,5.3,59.8,61.5,115.2,337.0,0.5,381.57,227.96,82.07,53.12,148.18,171.06,92.035,88.01,38.07,79.68,24.31,136.85
2021-09-07,451.46,452.71,452.81,450.7423,51671534.0,18.14,21.53,111.01,154.76,0.2201,0.8222,1.3732,1.9868,115.115,0.25,2.79,0.88,5.1,5.3,59.8,61.5,115.2,337.0,0.43,382.11,226.39,82.13,53.43,146.93,167.71,92.512,87.78,37.84,79.7,24.165,136.05
2021-09-08,450.91,450.89,451.67,448.86,56181907.0,17.96,21.59,115.06,153.39,0.2162,0.8094,1.3376,1.9557,111.94,0.25,2.82,0.88,5.1,5.3,59.8,61.5,115.2,337.0,0.42,380.78,223.92,81.48,52.65,147.93,167.29,92.653,87.88,37.75,79.395,23.855,135.99
2021-09-09,448.98,450.7,452.57,448.72,57970407.0,18.8,22.06,117.03,149.97,0.2124,0.7885,1.2971,1.8977,108.272,0.25,2.81,0.87,5.1,5.3,59.8,61.5,115.2,337.0,0.47,379.47,223.81,81.34,52.55,149.72,168.03,92.479,87.96,37.86,79.095,23.905,134.42
2021-09-10,445.44,451.04,451.49,445.31,89948174.0,20.95,23.31,124.98,151.16,0.2127,0.816,1.3411,1.9337,112.635,0.25,2.79,0.86,5.1,5.3,59.8,61.5,115.2,344.0,0.53,376.59,221.62,81.16,52.49,148.4,167.18,92.582,87.83,37.58,78.315,23.895,133.19
2021-09-13,446.58,448.64,448.92,444.11,83738649.0,19.37,22.47,118.01,148.5,0.2129,0.8047,1.3259,1.9044,111.1,0.25,2.76,0.86,5.1,5.3,59.8,61.5,115.2,344.0,0.46,376.33,222.88,81.8,52.63,149.3,167.74,92.675,88.05,38.01,78.34,24.58,132.37
2021-09-14,444.17,448.12,448.34,443.22,78197140.0,19.46,22.55,120.37,146.73,0.207,0.7854,1.2836,1.8592,107.465,0.25,2.79,0.86,5.1,5.3,59.8,61.5,115.2,344.0,0.55,375.26,220.04,81.46,52.19,151.11,168.82,92.623,88.01,37.5,78.24,24.225,132.35
2021-09-15,447.88,444.62,448.41,443.44,78792222.0,18.18,21.76,112.48,154.33,0.2111,0.7967,1.2988,1.8592,108.572,0.25,2.77,0.86,5.1,5.3,59.8,61.5,115.2,344.0,0.49,378.05,222.03,81.7,52.18,150.58,167.83,92.548,88.14,37.86,78.925,25.13,133.21
2021-09-16,447.17,447.32,448.36,444.02,77786735.0,18.69,21.81,112.11,152.88,0.2193,0.8404,1.3378,1.8834,111.451,0.25,2.75,0.86,5.1,5.3,59.8,61.5,115.2,344.0,0.49,378.31,222.19,81.57,51.59,149.89,164.03,92.932,88.11,37.75,78.97,24.845,132.87
2021-09-17,441.4,444.92,445.37,441.02,118425037.0,20.81,23.22,118.9,149.52,0.2217,0.86,1.3616,1.8989,113.593,0.25,2.74,0.85,5.1,5.3,59.8,61.5,115.2,367.0,0.56,373.83,222.48,80.5,51.37,149.17,163.77,93.195,88.0,37.58,77.74,24.66,133.0
2021-09-20,434.04,434.88,436.56,428.86,166445534.0,25.71,26.4,138.93,141.57,0.2158,0.8243,1.3107,1.8471,109.297,0.25,2.9,0.87,5.1,5.3,59.8,61.5,115.2,367.0,0.54,365.7,217.19,79.01,49.99,151.02,164.94,93.276,87.69,36.55,76.19,23.62,131.15
2021-09-21,433.63,436.53,437.91,433.07,92526112.0,24.36,25.47,130.76,139.98,0.2139,0.8292,1.3226,1.8558,110.471,0.25,2.87,0.86,5.1,5.3,59.8,61.5,115.2,367.0,0.44,366.15,217.52,79.79,50.36,150.89,166.04,93.204,87.84,36.5,76.22,23.675,131.35
2021-09-22,437.86,436.05,440.03,433.747,102350143.0,20.87,23.05,117.62,144.12,0.2363,0.8504,1.3006,1.8078,106.232,0.25,2.8,0.86,5.1,5.3,59.8,61.5,115.2,367.0,0.48,369.57,220.9,80.19,50.99,151.79,165.42,93.462,88.0,37.11,77.265,24.405,131.57
2021-09-23,443.18,439.85,444.89,439.6,76395981.0,18.63,21.37,108.31,146.87,0.2608,0.9482,1.4301,1.9398,116.732,0.25,2.75,0.84,5.1,5.3,59.8,61.5,115.2,367.0,0.43,372.98,224.81,81.06,51.39,148.36,163.51,93.085,88.04,38.02,78.3,25.26,132.52
2021-09-24,443.91,441.44,444.67,441.21,62094837.0,17.75,20.82,103.07,145.67,0.2695,0.9469,1.4509,1.9833,118.105,0.25,2.77,0.82,5.1,5.3,59.8,61.5,115.2,374.0,0.57,373.33,223.05,80.3,50.78,146.91,163.3,93.327,87.91,38.22,78.355,25.45,131.98
2021-09-27,442.64,442.81,444.05,441.9,61371108.0,18.76,21.4,107.73,144.66,0.2779,0.9847,1.4871,1.9944,120.72,0.25,2.76,0.82,5.1,5.3,59.8,61.5,115.2,374.0,0.43,370.35,226.44,80.25,51.11,146.37,163.64,93.383,87.83,38.74,77.595,26.355,130.1
2021-09-28,433.72,439.69,440.04,432.94,130436306.0,23.25,24.03,121.06,140.08,0.301,1.0196,1.5374,2.086,123.251,0.25,2.85,0.83,5.1,5.3,59.8,61.5,115.2,374.0,0.55,359.87,221.29,78.5,50.45,144.09,162.05,93.766,87.43,38.1,75.295,26.445,127.87
2021-09-29,434.45,435.19,437.04,433.85,82329213.0,22.56,23.72,119.04,137.99,0.2892,0.9906,1.5167,2.0604,122.354,0.25,2.81,0.83,5.1,5.3,59.8,61.5,115.2,374.0,0.51,359.28,220.82,78.32,49.98,144.34,161.32,94.338,87.59,38.13,75.2,26.445,128.88
2021-09-30,429.14,436.02,436.77,428.78,140505979.0,23.14,23.87,118.01,135.55,0.2755,0.9649,1.4873,2.0449,120.787,0.25,2.89,0.84,4.7,5.4,60.8,61.6,109.8,374.0,0.58,357.96,218.75,78.01,50.38,144.32,164.22,94.23,87.49,37.53,74.66,26.045,127.3
2021-10-01,434.24,430.98,436.0329,427.23,129240106.0,21.15,23.05,113.14,135.05,0.2638,0.928,1.4616,2.0287,119.582,0.25,2.93,0.84,4.7,5.4,60.8,61.6,109.8,314.0,0.56,360.18,222.28,78.2,50.33,145.35,164.59,94.035,87.41,38.15,75.785,26.92,127.33
2021-10-04,428.64,433.0,433.96,426.36,128569957.0,22.96,24.11,117.17,130.87,0.2776,0.9441,1.4789,2.0442,119.733,0.25,2.93,0.85,4.7,5.4,60.8,61.6,109.8,314.0,0.59,352.62,220.26,77.38,49.59,144.98,165.36,93.776,87.1,37.82,74.03,27.36,125.39
2021-10-05,433.1,430.24,435.49,429.39,90682520.0,21.3,23.11,110.75,131.68,0.2836,0.9732,1.5258,2.0953,123.821,0.25,2.93,0.84,4.7,5.4,60.8,61.6,109.8,314.0,0.45,357.38,221.02,77.91,49.94,143.58,164.59,93.975,87.06,38.56,75.085,27.52,126.14
2021-10-06,434.9,429.27,435.1199,427.54,113032245.0,21.0,22.84,110.92,131.51,0.2935,0.9813,1.5206,2.0789,122.509,0.25,3.0,0.86,4.7,5.4,60.8,61.6,109.8,314.0,0.48,359.67,219.87,77.39,49.66,144.39,165.03,94.266,87.01,38.6,75.575,27.23,125.91
2021-10-07,438.66,438.39,441.68,438.2,72437499.0,19.54,22.12,107.43,133.32,0.3055,1.0218,1.5729,2.1263,126.347,0.25,2.93,0.85,4.7,5.4,60.8,61.6,109.8,314.0,0.52,362.97,223.26,77.99,50.63,142.88,164.16,94.217,87.02,38.83,76.265,27.44,127.58
2021-10-08,437.86,439.48,439.89,437.19,74557404.0,18.77,21.88,107.27,134.46,0.3178,1.0595,1.6118,2.164,129.003,0.25,2.95,0.86,4.7,5.4,60.8,61.6,109.8,290.0,0.55,361.16,221.58,77.98,50.82,141.88,164.23,94.067,86.76,39.02,75.98,28.285,126.94
2021-10-11,434.69,437.16,440.26,434.62,65233285.0,20.0,22.39,110.29,134.7,0.3178,1.0595,1.6118,2.164,129.003,0.25,2.95,0.86,4.7,5.4,60.8,61.6,109.8,290.0,0.5,358.39,220.31,77.73,50.72,141.52,163.92,94.316,86.49,38.63,75.56,28.18,125.95
2021-10-12,433.62,435.67,436.1,432.78,71181163.0,19.85,22.33,109.12,134.1,0.3379,1.071,1.5769,2.0954,123.699,0.25,3.0,0.87,4.7,5.4,60.8,61.6,109.8,290.0,0.41,357.14,221.52,77.77,50.46,143.94,164.66,94.516,86.65,38.51,75.17,28.205,125.34
2021-10-13,435.18,434.71,436.05,431.54,72973979.0,18.64,21.54,108.72,135.77,0.358,1.0695,1.5368,2.0287,117.677,0.25,3.01,0.86,4.7,5.4,60.8,61.6,109.8,290.0,0.48,360.0,222.57,78.54,51.16,145.34,167.59,94.08,86.88,38.29,75.63,28.18,125.54
2021-10-14,442.5,439.08,442.66,438.58,70236825.0,16.86,20.37,107.97,143.78,0.3602,1.05,1.5107,2.0146,114.857,0.25,2.95,0.86,4.7,5.4,60.8,61.6,109.8,290.0,0.45,366.63,225.87,79.32,51.32,145.88,168.0,93.956,87.37,38.93,77.335,28.525,127.34
2021-10-15,445.87,444.75,446.26,444.09,66260210.0,16.3,20.3,106.76,147.27,0.3949,1.1255,1.5703,2.0414,117.337,0.25,2.89,0.85,4.7,5.4,60.8,61.6,109.8,290.0,0.48,368.94,225.16,79.98,51.94,145.03,165.33,93.937,87.22,39.51,77.955,28.665,127.97
2021-10-18,447.19,443.97,447.55,443.27,62213228.0,16.31,20.29,104.37,143.77,0.4254,1.17,1.6002,2.0336,117.276,0.25,2.84,0.85,4.7,5.4,60.8,61.6,109.8,290.0,0.42,372.65,225.03,79.64,51.81,145.71,164.92,93.953,87.18,39.52,78.615,28.685,127.1
2021-10-19,450.64,448.92,450.71,448.27,46996827.0,15.7,19.98,103.06,141.01,0.3953,1.1619,1.6372,2.0847,123.787,0.25,2.85,0.85,4.7,5.4,60.8,61.6,109.8,290.0,0.4,375.47,225.87,80.12,52.5,143.7,165.45,93.734,87.24,39.91,79.395,29.01,128.77
2021-10-20,452.41,451.13,452.732,451.01,49571569.0,15.49,19.87,101.84,141.23,0.3854,1.1653,1.6567,2.1343,126.729,0.25,2.85,0.85,4.7,5.4,60.8,61.6,109.8,290.0,0.42,374.98,227.37,80.4,52.49,142.73,166.9,93.558,87.27,40.23,79.175,29.245,130.61
2021-10-21,453.59,451.77,453.829,451.31,41305438.0,15.01,19.48,102.14,140.94,0.4545,1.2397,1.7011,2.1474,124.453,0.25,2.81,0.85,4.7,5.4,60.8,61.6,109.8,290.0,0.44,377.27,227.95,80.02,52.15,142.56,166.75,93.77,87.05,40.06,79.48,28.705,131.14
2021-10-22,453.12,453.13,454.67,451.05,58845088.0,15.43,20.01,106.08,139.34,0.4534,1.1957,1.6324,2.0683,117.496,0.25,2.85,0.86,4.7,5.4,60.8,61.6,109.8,268.0,0.53,374.1,227.41,80.5,52.04,144.13,167.77,93.642,86.84,40.62,79.205,28.975,131.67
2021-10-25,455.55,454.28,455.9,452.39,45214507.0,15.24,19.56,102.36,140.94,0.4353,1.1711,1.6307,2.0812,119.342,0.25,2.85,0.86,4.7,5.4,60.8,61.6,109.8,268.0,0.41,377.93,229.57,80.34,52.31,143.91,168.93,93.813,86.99,40.57,79.465,29.4,131.83
2021-10-26,455.96,457.2,458.49,455.56,56075116.0,15.98,20.11,103.25,141.3,0.4396,1.1745,1.6079,2.0407,116.216,0.25,2.87,0.85,4.7,5.4,60.8,61.6,109.8,268.0,0.43,379.12,227.84,80.5,52.04,145.1,167.68,93.949,87.01,40.6,79.69,29.57,132.48
2021-10-27,453.94,456.45,457.16,453.86,72437997.0,16.98,20.89,109.61,140.6,0.5029,1.15,1.5413,1.9507,103.642,0.25,2.89,0.85,4.7,5.4,60.8,61.6,109.8,268.0,0.51,380.0,223.65,80.18,51.62,147.74,168.12,93.802,86.94,39.93,79.62,28.72,131.43
2021-10-28,458.32,455.46,458.4,455.45,51437944.0,16.53,20.48,106.28,144.73,0.4891,1.1847,1.58,1.9811,108.689,0.25,2.86,0.85,4.7,5.4,60.8,61.6,109.8,268.0,0.36,384.22,228.11,80.96,51.67,147.24,168.08,93.345,87.16,40.42,80.42,28.925,132.53
2021-10-29,459.25,455.87,459.56,455.56,70162424.0,16.26,20.37,105.17,148.09,0.497,1.1831,1.5521,1.9328,105.118,0.25,2.87,0.87,4.7,5.4,60.8,61.6,109.8,262.0,0.46,386.11,228.05,80.49,50.92,147.69,166.65,94.123,86.93,40.26,80.765,28.735,133.82
2021-11-01,460.04,460.3,460.7021,458.2,48433642.0,16.41,20.39,106.66,145.81,0.4992,1.1767,1.5557,1.9576,105.262,0.25,2.86,0.88,4.7,5.4,60.8,61.6,109.8,262.0,0.4,387.43,233.96,81.27,51.32,146.44,167.52,93.879,86.56,40.28,80.645,29.23,133.66
2021-11-02,461.9,460.22,462.23,460.08,48908417.0,16.03,20.1,105.44,146.68,0.4499,1.1476,1.5488,1.9589,109.489,0.25,2.94,0.87,4.7,5.4,60.8,61.6,109.8,262.0,0.37,389.05,234.45,81.1,50.86,147.09,167.16,94.09,86.77,40.38,81.355,28.955,134.5
2021-11-03,464.72,461.3,465.15,460.83,52509825.0,15.1,19.5,102.25,149.77,0.4659,1.1881,1.6034,2.0203,113.158,0.25,2.91,0.85,4.7,5.4,60.8,61.6,109.8,262.0,0.39,393.18,238.64,81.76,51.1,145.57,165.77,93.864,86.94,40.53,81.83,28.715,135.29
2021-11-04,466.91,465.36,467.0,464.99,52847087.0,15.44,19.7,104.46,151.67,0.4244,1.1105,1.5262,1.9631,109.777,0.25,2.92,0.86,4.7,5.4,60.8,61.6,109.8,262.0,0.39,398.22,238.55,81.71,50.98,147.1,167.65,94.347,87.17,40.0,83.11,28.755,134.36
2021-11-05,468.53,469.28,470.65,466.92,66390563.0,16.48,20.49,110.21,148.83,0.4008,1.0555,1.4513,1.887,104.457,0.25,2.84,0.86,4.7,5.4,60.8,61.6,109.8,251.0,0.44,398.6,241.81,81.83,50.92,149.3,169.84,94.32,87.5,40.02,83.54,29.13,132.86
2021-11-08,468.93,469.7,470.23,468.2031,50405194.0,17.22,20.98,111.49,149.24,0.4426,1.1169,1.4897,1.8816,104.313,0.25,2.76,0.86,4.7,5.4,60.8,61.6,109.8,251.0,0.36,398.06,242.56,81.82,51.39,149.02,170.45,94.049,87.39,40.24,83.99,29.395,133.65
2021-11-09,467.38,469.32,469.57,465.88,51149147.0,17.78,21.41,110.55,144.09,0.4208,1.0813,1.4358,1.8178,101.102,0.25,2.82,0.87,4.7,5.4,60.8,61.6,109.8,251.0,0.44,395.32,241.15,81.64,51.19,150.96,171.29,93.955,87.46,40.02,83.645,29.515,133.16
2021-11-10,463.62,465.58,467.38,462.04,69429653.0,18.73,22.0,117.19,144.89,0.5129,1.216,1.5493,1.904,103.215,0.25,2.8,0.87,4.7,5.4,60.8,61.6,109.8,251.0,0.48,389.51,237.35,80.65,50.98,148.2,173.15,94.85,86.97,39.95,82.265,28.735,133.54
2021-11-11,463.77,465.21,465.29,463.75,34848495.0,17.66,21.38,114.66,144.03,0.5129,1.216,1.5493,1.8997,103.044,0.25,2.8,0.87,4.7,5.4,60.8,61.6,109.8,251.0,0.44,390.59,239.26,80.94,51.86,147.98,174.12,95.178,86.82,40.06,82.65,28.845,133.15
2021-11-12,467.27,465.12,467.86,464.11,53466654.0,16.29,20.69,112.11,144.37,0.5115,1.2211,1.5613,1.9308,104.381,0.25,2.84,0.88,4.7,5.4,60.8,61.6,109.8,250.0,0.47,394.7,239.5,81.38,52.0,147.33,174.45,95.128,86.85,40.15,83.655,28.775,133.81
2021-11-15,467.43,468.64,468.81,466.23,46980500.0,16.49,20.87,110.66,142.38,0.5157,1.2522,1.6145,1.9959,109.481,0.25,2.85,0.89,4.7,5.4,60.8,61.6,109.8,250.0,0.42,394.61,238.55,81.23,51.83,145.48,174.18,95.407,86.75,40.15,83.57,29.015,132.98
2021-11-16,469.28,467.15,470.485,467.07,48857502.0,16.37,20.9,109.58,139.56,0.5179,1.2653,1.6335,2.0285,111.361,0.25,2.91,0.9,4.7,5.4,60.8,61.6,109.8,250.0,0.44,397.42,238.99,81.05,51.9,145.11,172.92,95.915,86.79,40.11,84.45,29.06,133.54
2021-11-17,468.14,469.0,469.19,467.48,47858289.0,17.11,21.58,111.53,141.96,0.4979,1.231,1.5889,1.9755,108.49,0.25,2.96,0.91,4.7,5.4,60.8,61.6,109.8,250.0,0.45,397.63,235.86,80.95,51.63,146.26,174.5,95.828,86.7,39.65,84.195,28.615,133.73
2021-11-18,469.73,469.24,470.01,466.34,50625607.0,17.59,21.9,112.15,144.8,0.5021,1.2196,1.5855,1.9685,107.932,0.25,2.98,0.91,4.7,5.4,60.8,61.6,109.8,250.0,0.45,401.75,234.86,81.03,51.0,146.81,173.94,95.544,86.63,39.45,85.035,28.445,133.78
2021-11-19,468.89,469.61,470.94,468.5,57315573.0,17.91,21.92,113.74,148.44,0.5067,1.2214,1.5462,1.91,103.544,0.25,3.01,0.92,4.7,5.4,60.8,61.6,109.8,223.0,0.42,403.99,232.72,80.34,50.92,148.36,172.61,96.031,86.56,39.02,85.655,27.335,132.97
2021-11-22,467.57,470.89,473.54,467.35,72761954.0,19.17,22.63,118.62,147.44,0.5842,1.3168,1.6236,1.9615,103.321,0.25,2.95,0.91,4.7,5.4,60.8,61.6,109.8,223.0,0.4,399.3,231.73,79.87,50.51,146.62,168.74,96.548,86.23,39.57,84.7,27.82,132.37
2021-11-23,468.19,467.22,469.095,464.45,73206538.0,19.38,22.45,115.03,146.99,0.6142,1.3391,1.6651,2.0229,104.504,0.25,3.07,0.93,4.7,5.4,60.8,61.6,109.8,223.0,0.53,397.48,231.33,79.79,50.46,144.5,167.28,96.491,86.11,40.19,84.505,28.675,132.51
2021-11-24,469.44,466.06,469.57,465.19,61858813.0,18.58,21.9,110.48,148.15,0.6398,1.3424,1.6341,1.9594,98.841,0.25,3.11,0.94,4.7,5.4,60.8,61.6,109.8,223.0,0.5,398.76,231.58,79.26,50.39,146.82,167.12,96.875,86.09,40.1,85.12,28.955,132.46
2021-11-26,458.97,462.34,463.9,457.77,112669636.0,28.62,29.17,149.74,148.27,0.498,1.1597,1.4731,1.8213,96.75,0.25,3.41,0.98,4.7,5.4,60.8,61.6,109.8,222.0,0.56,391.2,222.85,77.13,48.7,150.53,166.85,96.089,85.47,38.77,82.995,27.79,131.97
2021-11-29,464.6,464.07,466.56,461.73,86268818.0,22.96,25.04,131.24,149.93,0.4843,1.15,1.4987,1.8545,101.049,0.25,3.3,0.99,4.7,5.4,60.8,61.6,109.8,222.0,0.42,399.69,222.71,77.52,48.89,149.32,166.62,96.341,86.0,38.89,85.07,27.95,132.33
2021-11-30,455.56,462.0,464.03,455.3,148559598.0,27.19,28.13,142.55,150.55,0.565,1.1596,1.4443,1.7911,87.338,0.25,3.37,0.99,4.2,6.8,60.8,67.5,111.9,222.0,0.48,393.82,218.17,76.84,48.84,151.59,165.5,95.994,85.64,37.96,84.36,27.295,129.73
2021-12-01,450.5,461.64,464.67,450.29,132485835.0,31.12,30.79,155.02,155.21,0.5513,1.1354,1.4037,1.7393,84.648,0.25,3.33,1.01,4.2,6.8,60.8,67.5,111.9,222.0,0.52,387.12,213.26,76.4,49.02,152.34,166.16,96.028,85.37,37.54,83.205,27.005,129.5
2021-12-02,457.4,450.73,459.07,450.31,127637758.0,27.95,29.15,147.31,151.38,0.6126,1.2063,1.4443,1.7625,82.575,0.25,3.25,1.01,4.2,6.8,60.8,67.5,111.9,222.0,0.62,389.91,219.21,77.35,49.62,152.53,165.24,96.156,86.0,38.66,83.97,27.79,130.13
2021-12-03,453.42,459.17,460.3,448.92,137331647.0,30.67,31.78,156.1,149.64,0.5873,1.132,1.343,1.6727,74.974,0.25,3.26,1.0,4.2,6.8,60.8,67.5,111.9,207.0,0.74,383.13,214.71,77.03,48.92,154.35,166.63,96.117,86.0,38.03,82.565,27.57,130.37
2021-12-06,458.79,456.13,460.79,453.56,98977532.0,27.18,28.88,138.88,151.64,0.6312,1.2062,1.4342,1.7704,79.905,0.25,3.1,0.97,4.2,6.8,60.8,67.5,111.9,207.0,0.54,386.2,219.02,77.77,49.3,152.23,166.22,96.328,86.38,38.61,83.35,27.98,131.11
2021-12-07,468.28,464.41,468.88,458.6546,95484688.0,21.89,24.96,117.92,151.66,0.6892,1.2549,1.4733,1.8025,77.815,0.25,2.9,0.95,4.2,6.8,60.8,67.5,111.9,207.0,0.43,397.83,224.1,79.41,50.08,151.0,166.81,96.369,86.84,39.3,86.26,28.635,132.8
2021-12-08,469.52,468.7,470.0,466.83,72238777.0,19.9,23.63,114.29,151.2,0.6815,1.2744,1.5212,1.8928,83.776,0.25,2.94,0.95,4.2,6.8,60.8,67.5,111.9,207.0,0.45,399.61,225.63,79.56,50.28,148.39,166.9,95.894,86.82,39.09,86.655,28.63,133.8
2021-12-09,466.35,468.15,469.6291,466.14,61272568.0,21.58,24.66,121.79,149.66,0.6877,1.2679,1.499,1.8763,80.728,0.25,2.99,0.96,4.2,6.8,60.8,67.5,111.9,207.0,0.53,393.73,220.52,78.9,50.04,149.22,165.88,96.271,86.43,39.01,85.72,28.41,134.11
2021-12-10,470.74,469.23,470.9,466.51,77159757.0,18.69,23.18,113.85,147.34,0.6543,1.25,1.4837,1.8777,82.535,0.25,3.02,0.96,4.2,6.8,60.8,67.5,111.9,227.0,0.61,398.01,219.91,79.07,50.08,148.86,166.58,96.097,86.63,39.05,87.44,28.62,134.58
2021-12-13,466.57,470.19,470.56,466.27,87724680.0,20.31,24.32,121.07,146.07,0.6324,1.2044,1.4156,1.7998,77.915,0.25,3.04,0.97,4.2,6.8,60.8,67.5,111.9,227.0,0.56,392.26,216.04,76.99,48.59,151.06,167.0,96.317,86.63,38.63,86.14,27.825,135.85
2021-12-14,463.36,463.09,465.74,460.25,97264128.0,21.89,25.35,126.57,137.76,0.6568,1.2353,1.4411,1.828,78.232,0.25,3.09,0.98,4.2,6.8,60.8,67.5,111.9,227.0,0.6,388.2,214.18,76.58,48.48,150.7,165.44,96.571,86.48,38.86,84.725,27.71,135.3
2021-12-15,470.6,463.42,470.86,460.74,116899251.0,19.29,23.3,118.61,141.75,0.6631,1.2451,1.4565,1.8599,78.736,0.25,3.06,0.98,4.2,6.8,60.8,67.5,111.9,227.0,0.59,397.05,217.58,77.62,48.34,149.25,166.15,96.511,86.81,38.97,86.97,27.575,138.07
2021-12-16,466.45,472.57,472.87,464.8,116568626.0,20.57,24.37,128.97,140.29,0.6128,1.1637,1.4106,1.8524,79.168,0.25,3.05,0.98,4.2,6.8,60.8,67.5,111.9,227.0,0.55,386.84,213.18,77.63,48.4,149.14,168.16,96.042,86.45,39.46,84.505,27.75,138.89
2021-12-17,459.87,461.55,464.74,458.06,135636510.0,21.57,25.38,136.06,134.94,0.6376,1.1749,1.4021,1.8064,76.042,0.25,3.08,0.98,4.2,6.8,60.8,67.5,111.9,215.0,0.59,384.91,215.14,76.65,48.16,150.83,167.8,96.565,86.37,38.59,83.94,27.185,137.92
2021-12-20,454.98,454.48,455.4,451.14,107134822.0,22.87,26.31,138.67,131.71,0.6317,1.1668,1.4225,1.8511,78.672,0.25,3.1,1.0,4.2,6.8,60.8,67.5,111.9,215.0,0.47,380.69,212.12,76.48,47.44,149.7,167.09,96.551,86.22,37.66,82.785,26.505,136.56
2021-12-21,463.06,458.61,463.21,456.31,69806260.0,21.01,25.0,131.41,136.33,0.6665,1.2156,1.4617,1.8627,79.119,0.25,2.99,0.98,4.2,6.8,60.8,67.5,111.9,215.0,0.49,389.21,218.18,77.33,48.24,149.13,167.02,96.491,86.68,38.44,84.88,27.26,137.13
2021-12-22,467.69,462.79,467.81,462.58,58890223.0,18.63,23.56,122.7,142.04,0.6606,1.2156,1.4515,1.849,78.479,0.25,2.92,0.97,4.2,6.8,60.8,67.5,111.9,215.0,0.47,393.95,220.28,78.05,48.47,149.82,168.59,96.076,86.91,38.62,85.99,27.435,138.73
2021-12-23,470.6,468.75,472.19,468.64,56439745.0,17.96,23.24,120.46,150.26,0.6881,1.2417,1.4927,1.9052,80.044,0.25,2.83,0.96,4.2,6.8,60.8,67.5,111.9,215.0,0.49,396.92,222.04,78.51,48.72,148.52,168.97,96.019,87.16,38.82,86.47,27.45,139.3
2021-12-27,477.26,472.06,477.31,472.01,56808619.0,17.68,22.74,115.92,151.87,0.6987,1.2467,1.4756,1.8839,77.072,0.25,2.71,0.94,4.2,6.8,60.8,67.5,111.9,215.0,0.45,403.48,224.12,79.12,48.94,148.88,169.37,96.093,87.25,39.22,88.325,28.05,140.77
2021-12-28,476.87,477.72,478.81,476.06,47274585.0,17.54,22.33,114.83,153.21,0.75,1.245,1.4807,1.8997,72.481,0.25,2.75,0.93,4.2,6.8,60.8,67.5,111.9,215.0,0.46,401.61,222.75,79.15,48.78,148.29,168.64,96.202,87.21,39.24,87.865,28.03,140.4
2021-12-29,477.48,476.98,478.56,475.92,54502964.0,16.95,21.83,109.5,156.24,0.7461,1.2969,1.5496,1.961,79.764,0.25,2.76,0.93,4.2,6.8,60.8,67.5,111.9,215.0,0.55,401.55,222.99,79.12,48.56,146.67,168.59,95.929,87.07,39.19,87.94,27.85,141.2
2021-12-30,476.16,477.93,479.0,475.67,55329041.0,17.33,21.88,110.84,155.27,0.7244,1.2629,1.5083,1.917,77.798,0.25,2.81,0.93,4.2,6.8,60.8,67.5,111.9,215.0,0.49,400.35,222.93,78.75,49.09,147.9,169.8,95.968,87.03,39.12,87.36,27.68,141.49
2021-12-31,474.96,475.64,476.86,474.67,65237431.0,17.22,21.88,109.67,154.38,0.7322,1.263,1.5101,1.9032,77.396,0.25,2.83,0.92,3.9,7.0,58.3,61.4,115.2,227.0,0.55,397.85,222.45,78.68,48.85,148.19,170.96,95.67,87.01,39.05,86.935,27.75,140.89
2022-01-03,477.71,476.3,477.85,473.85,72668233.0,16.6,21.53,108.45,151.49,0.7678,1.354,1.628,2.024,85.618,0.25,2.78,0.93,3.9,7.0,58.3,61.4,115.2,227.0,0.43,401.68,225.32,79.19,49.2,144.3,168.33,96.213,86.97,39.53,87.76,28.61,139.44
2022-01-04,477.55,479.22,479.98,475.58,71178678.0,16.91,21.62,109.31,150.36,0.7599,1.3573,1.6473,2.065,88.71,0.25,2.85,0.92,3.9,7.0,58.3,61.4,115.2,227.0,0.47,396.47,224.98,79.64,49.03,143.7,169.57,96.262,86.75,40.57,86.83,29.6,137.6
2022-01-05,468.38,477.16,477.98,468.2801,104538940.0,19.73,23.47,119.31,143.41,0.8256,1.4293,1.7052,2.0947,87.359,0.25,2.86,0.91,3.9,7.0,58.3,61.4,115.2,227.0,0.57,384.29,217.36,78.94,48.23,142.92,169.06,96.171,86.08,40.1,84.16,29.595,136.62
2022-01-06,467.94,467.89,470.82,465.43,86858900.0,19.61,23.5,117.82,140.77,0.8656,1.4687,1.7211,2.0758,85.149,0.25,2.93,0.92,3.9,7.0,58.3,61.4,115.2,227.0,0.6,384.02,218.6,78.54,48.45,143.29,166.99,96.32,86.09,40.69,83.735,30.255,135.04
2022-01-07,466.09,467.95,469.2,464.65,85111593.0,18.76,22.87,113.86,139.14,0.8621,1.4987,1.762,2.1159,89.59,0.25,2.98,0.92,3.9,7.0,58.3,61.4,115.2,247.0,0.59,379.86,216.07,78.77,48.89,142.26,167.75,95.719,85.87,41.17,82.965,30.67,134.35
2022-01-10,465.51,462.7,465.74,456.5973,119361989.0,19.4,22.68,113.02,139.24,0.8944,1.5186,1.7603,2.089,86.194,0.25,3.02,0.94,3.9,7.0,58.3,61.4,115.2,247.0,0.56,380.11,215.32,78.04,48.89,142.61,168.26,95.991,85.94,41.03,82.98,30.575,135.73
2022-01-11,469.75,465.23,469.85,462.05,74303062.0,18.41,21.98,111.61,138.09,0.8825,1.499,1.7357,2.0622,84.915,0.25,2.93,0.94,3.9,7.0,58.3,61.4,115.2,247.0,0.44,385.82,217.61,78.89,50.02,143.56,170.29,95.624,86.34,41.39,83.975,31.615,136.81
2022-01-12,471.02,471.59,473.2,468.94,67605444.0,17.62,21.58,113.94,135.73,0.9189,1.5189,1.7428,2.0861,81.986,0.25,2.86,0.94,3.9,7.0,58.3,61.4,115.2,247.0,0.49,387.35,215.99,79.66,50.85,143.01,170.74,94.915,86.48,41.42,84.37,31.675,136.42
2022-01-13,464.53,472.19,472.88,463.44,91173121.0,20.31,23.41,123.44,133.13,0.8929,1.4728,1.7041,2.0427,80.712,0.25,2.93,0.96,3.9,7.0,58.3,61.4,115.2,247.0,0.6,377.66,214.01,79.08,50.13,144.28,170.16,94.79,86.17,41.26,82.185,31.515,134.3
2022-01-14,464.72,461.19,465.09,459.9,95890948.0,19.19,22.82,117.57,133.85,0.9668,1.5577,1.7841,2.1219,81.499,0.25,2.93,0.96,3.9,7.0,58.3,61.4,115.2,245.0,0.64,380.01,214.31,79.0,50.11,142.1,169.67,95.165,86.09,40.83,82.88,32.255,134.07
2022-01-18,456.49,459.74,459.96,455.31,109872376.0,22.79,25.12,127.95,129.72,1.0425,1.6578,1.8735,2.1879,82.693,0.25,2.95,0.96,3.9,7.0,58.3,61.4,115.2,245.0,0.52,370.55,207.83,77.84,49.22,140.1,169.39,95.732,85.67,39.92,80.89,32.385,132.19
2022-01-19,451.75,458.13,459.6124,451.46,109357569.0,23.85,25.81,129.85,134.73,1.0572,1.648,1.8646,2.176,80.338,0.25,2.95,0.97,3.9,7.0,58.3,61.4,115.2,245.0,0.55,366.48,204.45,77.77,49.43,141.07,172.08,95.51,85.59,39.25,79.76,32.15,131.65
2022-01-20,446.75,453.75,458.74,444.5,122379696.0,25.59,27.25,135.6,127.58,1.0249,1.5865,1.804,2.1169,77.5,0.25,2.98,0.98,3.9,7.0,58.3,61.4,115.2,245.0,0.62,361.72,200.75,77.39,49.72,141.94,171.65,95.735,85.43,39.0,78.73,31.855,130.79
2022-01-21,437.98,445.56,448.06,437.95,202271241.0,28.85,29.95,149.5,136.18,1.0014,1.5571,1.7581,2.071,75.047,0.25,3.12,1.0,3.9,7.0,58.3,61.4,115.2,238.0,0.82,351.69,196.99,76.34,49.0,143.63,171.09,95.642,85.44,38.2,77.165,31.225,129.47
2022-01-24,439.84,432.03,440.38,420.76,252496719.0,29.9,30.82,154.38,136.06,0.971,1.5472,1.7706,2.1118,79.549,0.25,3.21,1.02,3.9,7.0,58.3,61.4,115.2,238.0,0.67,353.3,201.53,75.58,48.31,142.45,172.03,95.918,85.35,38.31,77.565,31.435,129.04
2022-01-25,434.47,433.06,439.72,427.15,167997325.0,31.16,31.76,150.8,133.9,1.0174,1.5541,1.7689,2.1118,74.755,0.25,3.24,1.01,3.9,7.0,58.3,61.4,115.2,238.0,0.61,345.11,198.84,75.12,48.22,142.22,172.58,95.948,85.1,38.47,75.77,32.655,128.21
2022-01-26,433.38,440.72,444.04,428.86,186391088.0,31.96,31.95,148.55,133.38,1.1504,1.6844,1.8637,2.1649,70.738,0.25,3.15,1.0,3.9,7.0,58.3,61.4,115.2,238.0,0.56,344.57,195.97,74.83,47.61,140.5,169.79,96.478,84.81,38.57,76.215,32.6,127.54
2022-01-27,431.24,438.26,441.59,429.45,149878307.0,30.49,30.87,141.14,132.22,1.1882,1.6583,1.7994,2.0928,60.904,0.25,3.32,1.04,3.9,7.0,58.3,61.4,115.2,238.0,0.7,341.1,191.52,74.48,47.06,143.08,167.6,97.255,84.44,38.22,75.69,32.955,127.87
2022-01-28,441.95,432.68,442.0,427.82,164457370.0,27.66,28.82,132.44,132.96,1.1623,1.6127,1.7694,2.0733,60.314,0.25,3.45,1.06,3.9,7.0,58.3,61.4,115.2,231.0,0.72,351.8,195.25,74.73,47.29,143.13,167.1,97.27,84.68,38.72,79.0,32.815,130.48
2022-01-31,449.91,441.24,450.28,439.81,152251425.0,24.83,26.85,125.06,131.44,1.1787,1.6094,1.7767,2.1075,59.603,0.25,3.42,1.06,4.0,7.5,57.4,59.8,111.1,231.0,0.53,363.05,201.24,75.82,48.84,142.39,168.09,96.54,84.7,39.06,80.985,32.96,131.23
2022-02-01,452.95,450.68,453.63,446.9384,123155382.0,21.96,24.76,117.99,133.0,1.1651,1.6177,1.7875,2.109,62.039,0.25,3.32,1.05,4.0,7.5,57.4,59.8,111.1,231.0,0.53,365.52,203.36,76.54,49.14,141.72,168.23,96.385,84.73,39.6,81.195,34.135,131.58
2022-02-02,457.35,455.5,458.12,453.05,117360953.0,22.09,25.14,119.61,132.05,1.1535,1.6079,1.7751,2.1083,61.959,0.25,3.26,1.05,4.0,7.5,57.4,59.8,111.1,231.0,0.52,368.49,201.34,77.11,49.06,142.2,168.84,95.936,84.86,39.87,81.855,34.245,133.35
2022-02-03,446.6,450.95,452.97,445.71,118024442.0,24.35,26.67,125.11,132.75,1.1959,1.6704,1.8306,2.1517,63.274,0.25,3.33,1.06,4.0,7.5,57.4,59.8,111.1,231.0,0.75,353.55,197.53,75.89,48.54,141.09,168.6,95.379,84.1,39.43,79.48,33.92,132.78
2022-02-04,448.7,446.35,452.78,443.83,118454352.0,23.22,26.25,124.89,129.29,1.3099,1.7682,1.9085,2.2101,59.251,0.25,3.42,1.08,4.0,7.5,57.4,59.8,111.1,210.0,0.61,358.01,198.38,76.07,48.66,139.01,168.86,95.485,83.77,40.1,79.8,34.45,132.3
2022-02-07,447.26,449.51,450.99,445.85,84472859.0,22.86,25.69,124.13,126.25,1.2903,1.765,1.9159,2.2169,62.148,0.25,3.45,1.07,4.0,7.5,57.4,59.8,111.1,210.0,0.53,355.13,199.36,76.2,48.56,139.1,170.11,95.399,83.71,40.22,79.27,34.89,132.07
2022-02-08,450.94,446.73,451.92,445.22,81012036.0,21.44,24.54,118.86,127.72,1.3414,1.8167,1.9632,2.2571,61.771,0.25,3.43,1.07,4.0,7.5,57.4,59.8,111.1,210.0,0.58,359.12,202.76,76.59,49.03,138.17,170.63,95.643,83.62,40.78,80.25,34.14,133.15
2022-02-09,457.54,455.22,457.88,455.005,92589929.0,19.96,23.49,119.32,129.78,1.3644,1.8168,1.9415,2.2449,57.312,0.25,3.34,1.05,4.0,7.5,57.4,59.8,111.1,210.0,0.44,366.73,206.61,77.83,49.8,138.43,171.21,95.494,84.06,41.04,82.03,34.425,134.18
2022-02-10,449.32,451.34,457.71,447.2,140103712.0,23.91,26.07,129.1,128.11,1.5786,1.9507,2.0294,2.3163,44.46,0.25,3.35,1.06,4.0,7.5,57.4,59.8,111.1,210.0,0.49,358.43,203.44,76.84,49.47,136.23,170.56,95.553,82.95,40.68,79.885,34.21,132.08
2022-02-11,440.46,449.41,451.605,438.94,153214597.0,27.36,28.83,141.17,126.81,1.4997,1.8542,1.9371,2.2385,42.547,0.25,3.67,1.08,4.0,7.5,57.4,59.8,111.1,234.0,0.64,347.06,201.38,75.68,48.72,138.25,173.81,96.082,82.66,40.11,77.445,35.205,130.25
2022-02-14,439.02,439.92,441.6,435.34,123006262.0,28.33,29.44,140.59,128.12,1.5744,1.9114,1.9875,2.2861,40.699,0.25,3.57,1.09,4.0,7.5,57.4,59.8,111.1,234.0,0.66,347.49,200.68,75.19,48.38,136.53,174.74,96.374,82.52,39.66,77.42,34.375,128.92
2022-02-15,446.1,443.73,446.28,443.18,88659503.0,25.7,27.28,129.05,129.76,1.5774,1.9401,2.0434,2.3572,46.19,0.25,3.52,1.08,4.0,7.5,57.4,59.8,111.1,234.0,0.5,356.13,206.06,76.57,49.43,134.98,173.08,95.989,82.66,40.2,79.455,34.015,130.37
2022-02-16,446.6,443.93,448.055,441.94,84863585.0,24.29,26.26,122.58,132.75,1.5208,1.9185,2.0382,2.3454,51.324,0.25,3.54,1.12,4.0,7.5,57.4,59.8,111.1,234.0,0.59,356.04,206.49,76.86,49.79,135.78,174.86,95.701,83.12,40.23,79.375,34.29,130.57
2022-02-17,437.06,443.22,446.5652,436.42,102259108.0,28.11,29.32,134.49,131.31,1.4662,1.8399,1.9615,2.2941,48.907,0.25,3.63,1.15,4.0,7.5,57.4,59.8,111.1,234.0,0.68,345.45,201.2,75.62,49.21,136.79,177.25,95.8,82.77,39.23,77.0,34.235,128.47
2022-02-18,434.23,437.33,438.66,431.82,132642896.0,27.75,29.22,133.64,128.36,1.4654,1.8205,1.9286,2.2399,45.486,0.25,3.65,1.18,4.0,7.5,57.4,59.8,111.1,225.0,0.73,341.51,199.47,75.3,48.72,138.23,177.12,96.043,82.89,39.22,76.22,34.025,127.51
2022-02-22,429.57,431.89,435.5,425.86,124391830.0,28.81,29.11,130.69,128.33,1.5491,1.8626,1.939,2.2371,38.369,0.25,3.61,1.19,4.0,7.5,57.4,59.8,111.1,225.0,0.55,338.08,196.66,74.42,48.03,138.59,177.49,96.025,82.7,39.02,75.515,33.475,127.19
2022-02-23,421.95,432.66,433.26,421.35,132578005.0,31.02,30.88,131.24,126.88,1.6016,1.9032,1.9912,2.2941,38.362,0.25,3.59,1.21,4.0,7.5,57.4,59.8,111.1,225.0,0.66,329.42,192.98,73.81,47.47,136.68,178.29,96.19,82.55,38.34,73.625,33.82,126.55
2022-02-24,428.3,411.02,428.76,410.64,213942946.0,30.32,30.05,128.5,130.48,1.5797,1.8619,1.9633,2.2782,37.77,0.25,3.72,1.24,4.0,7.5,57.4,59.8,111.1,225.0,0.67,340.49,198.04,72.82,46.49,136.77,177.14,97.137,83.14,37.88,76.14,33.555,127.06
2022-02-25,437.75,429.61,437.84,427.86,121804459.0,27.59,28.04,117.76,132.51,1.5697,1.8651,1.9617,2.2738,38.798,0.25,3.53,1.21,4.0,7.5,57.4,59.8,111.1,209.0,0.57,345.77,202.5,74.64,47.35,136.87,176.55,96.615,83.61,39.1,77.175,34.44,130.95
2022-02-28,436.63,432.03,438.2,430.7,145615029.0,30.15,29.65,123.64,137.36,1.4323,1.7177,1.825,2.1611,38.873,0.25,3.59,1.22,3.8,7.9,58.1,57.1,105.7,209.0,0.49,346.8,203.32,73.22,46.73,139.87,178.38,96.707,83.67,38.52,77.035,35.29,129.96
2022-03-01,429.98,435.04,437.17,427.11,137785908.0,33.32,32.59,132.8,134.42,1.3407,1.594,1.7275,2.1046,38.286,0.25,3.71,1.24,3.8,7.9,58.1,57.1,105.7,209.0,0.5,341.49,199.49,71.62,46.11,141.3,181.62,97.409,83.13,37.1,75.495,35.645,129.24
2022-03-02,437.89,432.37,439.72,431.57,117726525.0,30.74,30.97,124.92,136.11,1.512,1.7552,1.8767,2.2485,35.873,0.25,3.55,1.24,3.8,7.9,58.1,57.1,105.7,209.0,0.55,347.22,204.24,72.52,46.19,136.47,179.73,97.385,83.33,38.06,77.13,36.46,131.19
2022-03-03,435.71,440.47,441.11,433.8,105501715.0,30.48,30.8,122.36,133.28,1.53,1.7322,1.8405,2.2199,30.646,0.25,3.58,1.25,3.8,7.9,58.1,57.1,105.7,209.0,0.59,342.26,201.82,71.09,45.54,137.86,180.8,97.785,83.08,37.94,76.21,36.56,131.86
2022-03-04,432.17,431.75,433.37,427.88,114083256.0,31.98,32.34,127.85,134.98,1.4759,1.6372,1.7307,2.1554,24.885,0.25,3.76,1.3,3.8,7.9,58.1,57.1,105.7,222.0,0.67,337.3,198.66,69.03,44.62,140.24,183.68,98.648,82.54,37.23,74.875,37.615,132.52
2022-03-07,419.43,431.55,432.3018,419.36,137896560.0,36.45,35.74,133.66,136.69,1.5503,1.704,1.7734,2.1857,21.912,0.25,3.87,1.37,3.8,7.9,58.1,57.1,105.7,222.0,0.57,324.86,193.72,66.84,42.95,139.17,186.41,99.293,81.82,35.87,72.135,38.17,130.21
2022-03-08,416.25,419.62,427.21,415.12,164772744.0,35.13,35.0,139.71,135.25,1.5987,1.7761,1.8456,2.227,24.28,0.25,3.92,1.42,3.8,7.9,58.1,57.1,105.7,222.0,0.52,323.35,194.79,67.42,43.09,137.77,191.51,99.062,81.53,35.66,71.785,38.77,127.55
2022-03-09,427.41,425.14,429.51,422.82,116990765.0,32.45,33.06,130.86,134.12,1.6798,1.8783,1.9531,2.3352,26.927,0.25,3.84,1.38,3.8,7.9,58.1,57.1,105.7,222.0,0.54,334.99,200.28,70.24,44.31,136.42,185.82,97.968,82.21,36.97,74.625,37.585,129.96
2022-03-10,425.48,422.52,426.43,420.44,93972655.0,30.23,31.52,125.47,130.94,1.6963,1.923,1.9864,2.367,28.953,0.25,3.89,1.41,3.8,7.9,58.1,57.1,105.7,222.0,0.6,331.27,199.92,69.4,43.48,134.46,186.4,98.507,81.52,36.66,73.32,38.735,129.91
2022-03-11,420.07,428.12,428.77,419.53,95636277.0,30.75,32.34,125.58,130.7,1.748,1.9463,1.9917,2.3537,23.959,0.25,3.94,1.43,3.8,7.9,58.1,57.1,105.7,217.0,0.66,324.4,196.73,68.65,42.57,134.91,185.09,99.124,80.93,36.4,72.03,38.425,128.94
2022-03-14,417.0,420.89,424.55,415.79,95729188.0,31.77,33.32,126.26,131.81,1.8609,2.0899,2.133,2.471,26.802,0.25,4.08,1.45,3.8,7.9,58.1,57.1,105.7,217.0,0.63,318.17,192.71,69.28,41.54,131.76,182.3,98.999,79.97,36.86,70.695,37.275,129.85
2022-03-15,426.17,419.77,426.84,418.42,106219117.0,29.83,31.96,122.18,130.66,1.8491,2.1051,2.1437,2.4779,29.031,0.25,4.11,1.43,3.8,7.9,58.1,57.1,105.7,217.0,0.7,328.15,195.78,69.94,41.6,131.53,178.89,99.097,80.57,37.38,73.07,35.91,132.44
2022-03-16,435.62,429.89,435.68,424.8,144954805.0,26.67,28.96,115.1,132.0,1.9379,2.181,2.1849,2.4528,24.076,0.5,3.86,1.36,3.8,7.9,58.1,57.1,105.7,217.0,0.56,340.32,201.94,72.45,44.95,132.82,180.01,98.618,81.7,38.43,75.445,35.745,134.03
2022-03-17,441.07,433.59,441.07,433.19,102676870.0,25.67,28.22,109.25,134.93,1.9138,2.144,2.1706,2.4688,25.066,0.5,3.69,1.27,3.8,7.9,58.1,57.1,105.7,217.0,0.56,344.44,205.11,73.06,44.72,131.83,180.89,97.974,82.26,38.91,75.98,36.975,136.15
2022-03-18,444.52,438.0,444.86,437.22,106345544.0,23.87,26.55,106.74,136.64,1.9362,2.1428,2.1494,2.4202,20.498,0.5,3.7,1.27,3.8,7.9,58.1,57.1,105.7,207.0,0.45,351.49,207.27,73.77,45.36,133.44,179.3,98.233,82.53,39.0,77.535,36.94,136.99
2022-03-21,444.39,444.34,446.46,440.68,88349763.0,23.53,26.38,108.96,135.73,2.1153,2.3209,2.2896,2.5173,16.99,0.5,3.53,1.25,3.8,7.9,58.1,57.1,105.7,207.0,0.46,350.08,205.44,73.31,44.66,130.35,180.67,98.498,81.58,38.81,77.245,38.065,136.46
2022-03-22,449.59,445.86,450.58,445.86,74650394.0,22.94,25.85,108.22,139.72,2.1641,2.3996,2.3825,2.6011,21.212,0.5,3.52,1.21,3.8,7.9,58.1,57.1,105.7,207.0,0.49,356.96,207.5,74.0,45.47,128.68,179.36,98.493,82.0,39.44,78.355,37.785,136.49
2022-03-23,443.8,446.91,448.49,443.71,79426098.0,23.57,26.41,108.77,136.71,2.0961,2.3179,2.2917,2.4842,18.926,0.5,3.58,1.23,3.8,7.9,58.1,57.1,105.7,207.0,0.48,351.83,203.9,73.04,45.17,131.5,181.81,98.622,81.74,38.71,77.15,38.435,134.04
2022-03-24,450.49,445.94,450.5,444.76,64736892.0,21.67,25.3,106.05,138.39,2.1387,2.3985,2.3718,2.5383,23.094,0.5,3.52,1.23,3.8,7.9,58.1,57.1,105.7,207.0,0.47,359.65,205.84,73.72,45.41,130.47,183.13,98.789,81.91,39.02,79.155,38.53,135.64
2022-03-25,452.69,451.16,452.98,448.43,77101324.0,20.81,24.72,109.21,140.26,2.2696,2.5456,2.4731,2.5846,19.719,0.5,3.41,1.21,3.8,7.9,58.1,57.1,105.7,214.0,0.5,359.35,206.12,73.76,45.05,128.66,182.38,98.789,81.32,39.52,79.11,39.375,136.27
2022-03-28,455.91,452.06,455.91,450.06,68529767.0,19.63,24.18,108.29,138.87,2.3277,2.5564,2.4585,2.5399,12.453,0.5,3.42,1.2,3.8,7.9,58.1,57.1,105.7,214.0,0.45,364.91,206.19,73.52,45.2,129.76,179.06,99.091,81.83,39.41,80.05,38.4,137.26
2022-03-29,461.55,460.02,462.07,457.18,86581542.0,18.9,23.19,104.35,140.0,2.3646,2.4983,2.3944,2.5012,2.367,0.5,3.26,1.16,3.8,7.9,58.1,57.1,105.7,214.0,0.41,371.19,211.71,75.15,45.97,130.74,179.14,98.404,82.84,39.5,81.75,38.3,138.07
2022-03-30,458.7,460.34,461.195,456.465,79666942.0,19.33,23.57,107.41,139.28,2.3063,2.4382,2.3488,2.4743,3.647,0.5,3.24,1.16,3.8,7.9,58.1,57.1,105.7,214.0,0.42,367.09,207.46,74.84,45.84,131.76,180.58,97.792,82.59,39.22,80.66,38.745,138.34
2022-03-31,451.64,457.89,458.76,451.16,121699948.0,20.56,24.46,111.45,140.73,2.3345,2.4599,2.338,2.4476,-0.061,0.5,3.25,1.16,3.7,8.5,57.2,58.0,107.6,214.0,0.55,362.54,205.27,73.6,45.15,132.08,180.65,98.312,82.29,38.32,79.465,38.22,136.99
2022-04-01,452.92,453.31,453.46,449.14,89048773.0,19.63,24.21,112.22,145.51,2.4564,2.5587,2.3822,2.4317,-8.031,0.5,3.2,1.15,3.7,8.5,57.2,58.0,107.6,215.0,0.59,361.85,207.57,74.29,45.9,132.38,179.5,98.632,81.95,38.22,79.23,38.53,138.07
2022-04-04,456.8,453.13,456.91,452.26,59601000.0,18.57,23.03,107.11,146.48,2.4221,2.5503,2.3951,2.456,-3.105,0.5,3.13,1.11,3.7,8.5,57.2,58.0,107.6,215.0,0.48,369.3,207.91,74.59,46.71,131.46,180.37,99.0,82.57,38.05,80.735,38.58,136.92
2022-04-05,451.03,455.22,457.83,449.82,74214501.0,21.03,24.9,116.27,141.33,2.5139,2.6955,2.5469,2.5729,2.499,0.5,3.09,1.09,3.7,8.5,57.2,58.0,107.6,215.0,0.58,361.1,202.99,73.58,45.85,128.49,179.24,99.472,81.5,37.81,79.035,37.975,137.21
2022-04-06,446.52,446.89,448.93,443.47,106897970.0,22.1,25.8,114.84,144.27,2.4714,2.682,2.5975,2.626,12.199,0.5,3.27,1.13,3.7,8.5,57.2,58.0,107.6,215.0,0.6,353.26,200.11,72.7,45.25,127.45,179.66,99.599,80.86,37.55,77.165,38.2,139.3
2022-04-07,448.77,445.59,450.69,443.53,78097214.0,21.55,25.23,113.33,139.55,2.4595,2.7076,2.6578,2.679,19.222,0.5,3.34,1.13,3.7,8.5,57.2,58.0,107.6,215.0,0.6,354.1,199.46,72.86,44.89,126.49,180.34,99.751,80.73,37.51,77.285,38.7,141.98
2022-04-08,447.57,447.97,450.63,445.94,79272711.0,21.16,25.17,112.14,141.51,2.5115,2.7538,2.7,2.7182,17.821,0.5,3.38,1.16,3.7,8.5,57.2,58.0,107.6,213.0,0.57,349.15,197.87,72.89,44.93,125.12,181.47,99.796,80.24,37.89,76.205,39.765,142.83
2022-04-11,439.92,444.11,445.0,439.39,89770538.0,24.37,27.0,117.35,137.91,2.4975,2.7881,2.7801,2.8084,27.437,0.5,3.52,1.19,3.7,8.5,57.2,58.0,107.6,213.0,0.55,340.89,196.54,72.12,44.37,123.14,182.37,99.932,79.69,37.72,74.285,38.57,139.99
2022-04-12,438.29,443.08,445.75,436.6501,84363635.0,24.26,27.17,117.26,137.62,2.4054,2.6893,2.7213,2.8092,31.178,0.5,3.58,1.22,3.7,8.5,57.2,58.0,107.6,213.0,0.52,339.45,197.16,71.58,44.23,122.97,183.77,100.292,80.3,37.31,73.955,39.21,138.63
2022-04-13,443.31,438.03,444.11,437.84,74070394.0,21.82,25.54,113.76,139.86,2.3481,2.652,2.6987,2.8109,34.446,0.5,3.54,1.23,3.7,8.5,57.2,58.0,107.6,213.0,0.51,346.35,200.91,72.35,44.81,123.22,184.65,99.875,80.78,37.31,75.145,39.795,139.31
2022-04-14,437.79,443.55,444.7301,437.68,97869451.0,22.7,26.03,114.75,134.39,2.4539,2.7872,2.8275,2.9147,36.941,0.5,3.49,1.21,3.7,8.5,57.2,58.0,107.6,213.0,0.5,338.43,198.96,72.02,44.23,120.75,184.04,100.321,80.24,36.89,73.32,39.925,138.64
2022-04-18,437.97,436.81,439.75,435.61,66002498.0,22.17,25.75,110.9,130.94,2.448,2.789,2.8527,2.9407,39.854,0.5,3.52,1.23,3.7,8.5,57.2,58.0,107.6,213.0,0.45,338.69,197.62,71.6,44.08,120.15,184.61,100.781,80.11,37.11,73.56,40.51,137.11
2022-04-19,445.04,437.86,445.8,437.68,77821013.0,21.37,25.06,106.06,130.94,2.5915,2.9165,2.9361,2.9949,33.632,0.5,3.45,1.25,3.7,8.5,57.2,58.0,107.6,213.0,0.51,346.26,201.56,71.94,43.86,119.25,181.82,100.961,80.04,37.62,74.94,40.18,138.42
2022-04-20,444.71,446.92,447.57,443.48,65224449.0,20.32,24.15,103.03,134.18,2.5753,2.8615,2.832,2.872,25.048,0.5,3.47,1.25,3.7,8.5,57.2,58.0,107.6,213.0,0.61,341.21,202.33,72.42,43.6,121.65,182.71,100.39,80.29,37.88,74.87,40.335,140.28
2022-04-21,438.06,448.54,450.01,437.1,85417327.0,22.68,26.11,110.93,132.72,2.6822,2.9741,2.9095,2.9278,22.312,0.5,3.45,1.28,3.7,8.5,57.2,58.0,107.6,213.0,0.72,334.15,197.8,71.64,42.76,120.75,182.06,100.578,79.74,37.28,73.6,39.055,138.73
2022-04-22,426.04,436.91,438.0825,425.44,132471772.0,28.21,29.87,122.37,136.22,2.6672,2.9314,2.8987,2.9444,22.521,0.5,3.55,1.32,3.7,8.5,57.2,58.0,107.6,210.0,0.87,325.4,192.68,70.47,42.38,119.99,180.29,101.22,79.26,36.17,71.54,38.1,133.67
2022-04-25,428.51,423.67,428.69,418.84,119647748.0,27.02,29.07,116.98,133.42,2.6257,2.859,2.8198,2.8884,18.775,0.5,3.65,1.32,3.7,8.5,57.2,58.0,107.6,210.0,0.63,329.58,193.85,70.13,42.07,121.19,177.05,101.752,79.93,36.23,72.615,36.84,134.57
2022-04-26,416.1,425.83,426.04,416.07,103996312.0,33.52,33.14,127.5,137.43,2.4773,2.7335,2.7205,2.8274,23.904,0.5,3.75,1.32,3.7,8.5,57.2,58.0,107.6,210.0,0.72,317.14,187.74,68.17,41.15,122.41,177.32,102.303,79.46,35.32,69.91,36.89,132.2
2022-04-27,417.27,417.24,422.92,415.01,122029990.0,31.6,32.2,123.71,138.09,2.591,2.83,2.8318,2.9212,23.681,0.5,3.75,1.33,3.7,8.5,57.2,58.0,107.6,210.0,0.68,316.76,186.96,68.48,41.63,120.84,175.98,102.954,79.07,35.29,70.945,37.43,131.91
2022-04-28,427.81,422.29,429.64,417.6,105449088.0,29.99,31.15,119.75,136.35,2.6173,2.8395,2.8224,2.8928,20.11,0.5,3.76,1.35,3.7,8.5,57.2,58.0,107.6,210.0,0.71,328.01,190.45,69.45,42.23,121.02,176.93,103.623,79.51,35.74,73.785,38.565,133.73
2022-04-29,412.0,423.59,425.87,411.21,145491088.0,33.4,33.18,121.98,136.69,2.7146,2.9549,2.9336,2.9972,21.284,0.5,3.79,1.35,3.7,8.5,57.2,58.0,107.6,219.0,0.78,313.25,184.95,68.64,42.38,119.45,176.91,102.959,78.53,34.51,70.71,37.575,130.29
2022-05-02,414.48,412.07,415.92,405.02,158312526.0,32.34,33.01,124.48,131.4,2.7312,3.0045,2.9807,3.0327,24.547,0.5,3.88,1.38,3.7,8.5,57.2,58.0,107.6,219.0,0.65,318.48,186.89,68.47,42.32,117.18,173.63,103.744,78.23,34.52,71.785,38.175,129.48
2022-05-03,416.38,415.01,418.93,413.36,100028190.0,29.25,30.81,117.55,129.0,2.7824,3.0217,2.9712,3.0088,18.472,0.5,3.84,1.36,3.7,8.5,57.2,58.0,107.6,219.0,0.54,318.82,188.49,68.98,42.63,117.97,174.09,103.465,78.64,34.97,71.91,39.245,129.89
2022-05-04,429.06,417.08,429.66,413.7099,144247895.0,25.42,28.09,106.62,127.75,2.6421,2.9126,2.9344,3.0345,28.821,1.0,3.9,1.34,3.7,8.5,57.2,58.0,107.6,219.0,0.58,329.6,193.52,70.19,43.09,118.62,175.8,102.587,79.44,36.04,74.435,40.875,132.77
2022-05-05,413.81,424.55,425.0,409.44,172929106.0,31.2,32.68,119.18,128.65,2.7034,3.0083,3.0365,3.1192,32.289,1.0,3.92,1.34,3.7,8.5,57.2,58.0,107.6,219.0,0.63,313.0,185.67,67.93,41.5,115.37,175.13,103.752,78.03,34.99,70.855,40.26,130.19
2022-05-06,411.34,411.1,414.8,405.73,151770811.0,30.19,32.31,116.78,126.21,2.7308,3.0773,3.1265,3.2254,38.54,1.0,4.02,1.34,3.7,8.5,57.2,58.0,107.6,204.0,0.72,309.25,182.58,67.27,40.93,113.67,175.42,103.66,77.59,34.74,70.285,41.46,129.78
2022-05-09,398.17,405.1,406.41,396.5,155586067.0,34.75,35.05,125.93,127.05,2.5938,2.9471,3.0338,3.1504,43.793,1.0,4.37,1.39,3.7,8.5,57.2,58.0,107.6,204.0,0.78,297.15,174.9,65.24,39.75,114.67,172.88,103.651,76.77,33.91,67.565,38.03,126.42
2022-05-10,399.09,404.49,406.08,394.82,132497200.0,32.99,33.97,120.98,125.86,2.6124,2.9148,2.9908,3.1231,37.436,1.0,4.37,1.39,3.7,8.5,57.2,58.0,107.6,204.0,0.68,300.76,174.95,65.73,39.94,115.71,171.42,103.92,77.21,33.61,68.595,38.375,126.87
2022-05-11,392.75,398.07,404.04,391.96,142360992.0,32.56,33.63,125.89,124.51,2.6371,2.8961,2.9207,3.0456,27.739,1.0,4.41,1.39,3.7,8.5,57.2,58.0,107.6,204.0,0.82,291.84,170.6,65.34,39.66,117.94,172.82,103.846,76.75,33.3,66.43,38.89,126.03
2022-05-12,392.34,389.37,395.8,385.15,125090753.0,31.77,33.08,122.11,119.91,2.5592,2.8212,2.8479,3.0154,28.432,1.0,4.58,1.41,3.7,8.5,57.2,58.0,107.6,204.0,0.81,291.15,172.6,65.18,39.4,117.72,170.17,104.851,76.72,33.05,65.745,39.055,127.25
2022-05-13,401.72,396.71,403.18,395.61,104174421.0,28.87,30.7,113.89,122.09,2.578,2.8656,2.9185,3.0786,33.231,1.0,4.52,1.41,3.7,8.5,57.2,58.0,107.6,225.0,0.66,301.94,178.07,66.99,40.49,115.98,168.79,104.563,76.81,33.53,67.93,40.39,128.6
2022-05-16,400.09,399.98,403.97,397.6,78622444.0,27.47,29.51,108.26,117.53,2.5698,2.8264,2.8822,3.0984,30.626,1.0,4.59,1.43,3.7,8.5,57.2,58.0,107.6,225.0,0.64,298.44,177.22,67.05,40.33,115.86,170.4,104.187,76.7,33.25,67.33,41.455,129.55
2022-05-17,408.32,406.53,408.57,402.5824,83029710.0,26.1,28.37,101.2,117.68,2.7003,2.9633,2.986,3.1778,27.951,1.0,4.48,1.42,3.7,8.5,57.2,58.0,107.6,225.0,0.69,306.17,182.64,68.3,41.32,114.46,169.33,103.36,76.63,34.14,69.28,41.935,131.33
2022-05-18,391.86,403.5,403.8,390.55,117674545.0,30.96,32.8,114.96,123.46,2.6694,2.8914,2.884,3.0647,21.048,1.0,4.72,1.47,3.7,8.5,57.2,58.0,107.6,225.0,0.83,291.14,176.24,66.67,40.33,116.9,169.42,103.81,76.0,33.2,66.11,40.86,127.94
2022-05-19,389.46,388.62,394.14,387.11,98510715.0,29.35,30.79,104.89,122.66,2.6073,2.8401,2.837,3.0491,22.345,1.0,4.79,1.48,3.7,8.5,57.2,58.0,107.6,225.0,0.8,289.58,176.53,67.31,40.97,117.18,171.91,102.724,76.51,32.98,65.385,40.71,128.22
2022-05-20,389.63,393.25,397.03,380.54,131432197.0,29.43,31.14,107.8,122.32,2.5807,2.7992,2.7811,2.9859,19.425,1.0,4.82,1.49,3.7,8.5,57.2,58.0,107.6,211.0,0.8,288.68,176.08,67.77,41.14,118.51,172.03,103.15,76.46,32.92,65.53,40.885,129.78
2022-05-23,396.92,392.83,397.73,390.38,76414878.0,28.48,30.29,102.68,120.55,2.6204,2.8677,2.8514,3.0524,22.478,1.0,4.75,1.47,3.7,8.5,57.2,58.0,107.6,211.0,0.59,293.48,178.21,68.92,41.45,116.56,172.83,102.076,76.76,33.99,67.035,41.965,130.92
2022-05-24,393.89,392.56,395.15,386.96,91448831.0,29.45,30.74,104.29,122.96,2.4787,2.7412,2.7506,2.9667,26.566,1.0,4.81,1.46,3.7,8.5,57.2,58.0,107.6,211.0,0.77,287.24,175.57,68.81,40.73,118.86,174.13,101.857,77.22,33.92,66.04,42.125,131.31
2022-05-25,397.37,392.31,399.45,391.89,91472866.0,28.37,29.73,98.79,118.85,2.4919,2.7191,2.7452,2.9691,24.72,1.0,4.6,1.4,3.7,8.5,57.2,58.0,107.6,211.0,0.63,291.26,178.73,68.83,40.93,119.33,173.08,102.056,78.39,34.19,66.81,42.995,131.27
2022-05-26,405.31,398.67,407.04,398.45,82168339.0,27.5,29.28,96.25,122.28,2.4758,2.7091,2.7469,2.9819,26.507,1.0,4.3,1.36,3.7,8.5,57.2,58.0,107.6,211.0,0.63,299.33,182.72,69.59,41.57,118.79,172.76,101.829,79.48,34.98,68.415,43.47,131.83
2022-05-27,415.26,407.91,415.3801,407.7,84768710.0,25.72,28.02,93.66,121.25,2.4758,2.7175,2.7378,2.9635,25.798,1.0,4.12,1.34,3.7,8.5,57.2,58.0,107.6,200.0,0.49,309.1,187.64,70.43,42.05,119.08,172.85,101.668,80.19,35.57,70.73,44.265,134.02
2022-05-31,412.93,413.55,416.46,410.03,95936980.0,26.19,27.99,93.1,119.1,2.5565,2.8173,2.8441,3.0451,28.353,1.0,4.06,1.3,3.6,8.6,55.9,56.9,103.2,200.0,0.64,308.28,185.31,70.01,42.64,116.56,171.14,101.752,79.5,35.47,70.225,43.6,132.23
2022-06-01,409.59,415.17,416.24,406.93,86585813.0,25.69,27.72,91.39,119.3,2.6416,2.916,2.9058,3.0566,25.815,1.0,4.01,1.31,3.6,8.6,55.9,56.9,103.2,200.0,0.67,306.0,184.26,69.27,42.34,116.22,172.23,102.498,78.9,34.9,70.015,44.31,130.33
2022-06-02,417.39,409.42,417.44,407.04,79609633.0,24.72,27.06,91.08,121.4,2.6296,2.9094,2.9076,3.0747,27.198,1.0,3.99,1.3,3.6,8.6,55.9,56.9,103.2,200.0,0.62,314.38,188.76,70.71,43.07,116.28,174.35,101.824,79.23,35.38,71.71,44.17,131.36
2022-06-03,410.54,412.4,414.04,409.51,71874281.0,24.79,27.33,90.5,122.25,2.6525,2.9337,2.9332,3.0862,27.466,1.0,4.08,1.31,3.6,8.6,55.9,56.9,103.2,214.0,0.77,306.2,187.06,69.7,42.37,116.03,172.58,102.14,78.64,34.87,69.995,44.755,129.82
2022-06-06,411.79,414.78,416.609,410.5523,57508858.0,25.07,27.22,89.53,122.36,2.7262,3.0334,3.0399,3.1959,30.757,1.0,4.06,1.3,3.6,8.6,55.9,56.9,103.2,214.0,0.6,307.22,187.87,69.98,42.6,113.89,171.82,102.437,78.05,34.97,70.0,44.705,129.84
2022-06-07,415.74,408.1,416.22,407.61,59272373.0,24.02,26.52,87.82,120.66,2.7265,2.9854,2.9736,3.1236,24.097,1.0,4.17,1.31,3.6,8.6,55.9,56.9,103.2,214.0,0.59,309.87,190.9,70.19,42.73,115.12,172.94,102.318,78.23,35.24,70.835,46.04,131.53
2022-06-08,411.22,413.93,415.82,410.38,64349966.0,23.96,26.54,92.68,119.13,2.7739,3.0303,3.0215,3.1714,24.55,1.0,4.2,1.3,3.6,8.6,55.9,56.9,103.2,214.0,0.57,307.64,187.95,69.21,42.96,114.1,172.78,102.542,77.56,34.62,70.035,46.14,130.49
2022-06-09,401.44,409.34,411.74,401.44,86289796.0,26.09,28.01,98.82,120.66,2.8113,3.0633,3.0418,3.163,22.644,1.0,4.28,1.32,3.6,8.6,55.9,56.9,103.2,214.0,0.69,299.4,183.57,66.29,41.59,114.48,172.23,103.223,76.94,33.75,68.165,45.12,127.54
2022-06-10,389.8,394.88,395.7777,389.75,132893864.0,27.75,29.72,99.75,121.64,3.0632,3.2585,3.1555,3.1935,8.819,1.0,4.38,1.36,3.6,8.6,55.9,56.9,103.2,213.0,0.89,288.84,178.59,64.69,41.13,113.77,174.54,104.148,75.63,32.53,65.545,44.355,125.49
2022-06-13,375.0,379.85,381.81,373.3,170004861.0,34.02,34.24,113.72,124.14,3.3541,3.482,3.3598,3.3476,-0.269,1.0,4.8,1.41,3.6,8.6,55.9,56.9,103.2,213.0,0.84,275.41,170.2,62.55,39.69,110.2,169.93,105.078,73.1,31.56,62.64,42.04,121.69
2022-06-14,373.87,376.85,377.94,370.59,104011831.0,32.69,33.28,111.01,125.16,3.4267,3.587,3.4733,3.4243,3.611,1.0,4.77,1.42,3.6,8.6,55.9,56.9,103.2,213.0,0.83,275.91,169.38,61.96,40.24,108.81,168.57,105.518,73.58,31.29,63.035,42.12,120.53
2022-06-15,379.2,377.36,383.9,372.12,125666797.0,29.62,30.78,105.37,118.36,3.1908,3.3664,3.2839,3.3283,8.474,1.75,4.77,1.4,3.6,8.6,55.9,56.9,103.2,213.0,0.7,282.8,171.86,63.12,40.77,110.84,170.77,105.158,75.01,31.64,64.365,41.19,121.75
2022-06-16,366.65,370.51,370.94,364.0799,134473288.0,32.95,33.49,114.36,122.48,3.0933,3.2843,3.1952,3.2474,9.559,1.75,5.08,1.44,3.6,8.6,55.9,56.9,103.2,213.0,0.86,271.39,163.9,61.73,39.52,111.72,172.69,103.631,73.82,30.84,61.745,38.87,119.96
2022-06-17,365.86,365.51,369.38,362.17,111113904.0,31.13,32.36,110.06,121.15,3.1785,3.3418,3.2256,3.2795,4.055,1.75,5.02,1.44,3.6,8.6,55.9,56.9,103.2,215.0,0.72,274.69,165.18,61.48,39.67,112.08,171.27,104.7,74.05,30.93,62.31,36.745,119.89
2022-06-21,375.07,371.89,376.525,371.81,76811861.0,30.19,31.25,104.37,121.38,3.1963,3.3634,3.2749,3.3372,7.228,1.75,4.95,1.43,3.6,8.6,55.9,56.9,103.2,215.0,0.48,281.08,168.14,62.41,40.31,110.18,170.63,104.435,74.0,31.38,63.73,38.22,122.6
2022-06-22,374.39,370.62,378.72,370.18,90059424.0,28.95,30.24,99.66,119.22,3.0559,3.2301,3.1561,3.2492,9.386,1.75,5.21,1.49,3.6,8.6,55.9,56.9,103.2,215.0,0.63,280.67,167.82,61.99,39.59,113.21,171.31,104.197,73.98,31.31,63.46,36.69,124.3
2022-06-23,378.06,376.64,378.83,372.89,79292135.0,29.05,30.19,98.31,121.11,3.0145,3.1464,3.087,3.1996,6.4,1.75,5.25,1.49,3.6,8.6,55.9,56.9,103.2,215.0,0.67,284.85,169.83,61.92,39.71,114.14,170.26,104.431,74.51,31.19,64.41,35.33,127.09
2022-06-24,390.08,381.4,390.09,381.365,98050333.0,27.23,28.95,91.34,120.43,3.0632,3.1857,3.1301,3.2571,5.87,1.75,5.07,1.48,3.6,8.6,55.9,56.9,103.2,212.0,0.51,294.61,175.09,63.77,40.65,112.56,170.09,104.185,75.04,32.34,66.725,35.795,129.2
2022-06-27,388.59,391.05,391.36,387.44,66009617.0,26.95,28.18,87.58,119.98,3.1212,3.2545,3.1997,3.3119,7.425,1.75,5.02,1.48,3.6,8.6,55.9,56.9,103.2,212.0,0.62,292.45,175.74,63.5,40.7,111.6,169.9,103.939,74.58,32.23,66.275,36.845,129.68
2022-06-28,380.65,390.23,393.16,380.53,86689824.0,28.36,29.15,90.62,120.46,3.1096,3.233,3.1715,3.2788,5.788,1.75,5.21,1.51,3.6,8.6,55.9,56.9,103.2,212.0,0.66,283.54,172.44,63.07,40.45,112.12,169.62,104.506,73.76,31.91,64.29,37.84,127.42
2022-06-29,380.34,381.23,382.27,378.42,65675999.0,28.16,29.0,88.92,119.26,3.0385,3.1429,3.0891,3.2185,4.653,1.75,5.49,1.53,3.6,8.6,55.9,56.9,103.2,212.0,0.78,283.8,170.69,62.83,40.29,113.87,169.49,105.106,73.65,31.73,64.42,36.525,128.53
2022-06-30,377.25,376.24,380.6582,372.56,112508273.0,28.71,29.71,89.39,119.94,2.9533,3.0379,3.0129,3.1827,5.145,1.75,5.69,1.55,3.6,9.1,53.5,55.9,98.4,212.0,0.74,280.28,169.36,62.49,40.1,114.87,168.46,104.685,73.61,31.45,63.56,35.755,128.24
2022-07-01,381.24,376.56,381.7,373.8,74839729.0,26.7,28.52,85.51,118.59,2.8329,2.8775,2.8803,3.1031,4.514,1.75,5.78,1.58,3.6,9.1,53.5,55.9,98.4,215.0,0.69,282.13,171.41,62.64,39.85,115.82,168.32,105.138,73.98,31.88,63.705,36.29,129.68
2022-07-05,381.96,375.88,381.98,372.9,81437965.0,27.54,28.9,87.3,118.19,2.8184,2.817,2.8054,3.0397,-1.909,1.75,5.83,1.6,3.6,9.1,53.5,55.9,98.4,215.0,0.62,286.96,172.83,61.3,39.54,116.73,164.75,106.535,73.91,31.77,64.505,34.85,128.93
2022-07-06,383.25,382.11,385.87,379.6,70426244.0,26.73,28.39,85.88,117.45,3.0018,2.9797,2.928,3.1181,-7.587,1.75,5.66,1.57,3.6,9.1,53.5,55.9,98.4,215.0,0.65,288.8,171.55,61.35,39.3,114.77,162.14,107.096,73.63,31.69,65.06,34.255,129.8
2022-07-07,388.99,385.12,389.83,383.267,64525919.0,26.08,28.03,85.88,118.76,3.0141,3.032,2.9945,3.1845,-2.571,1.75,5.39,1.51,3.6,9.1,53.5,55.9,98.4,215.0,0.57,294.98,175.61,62.28,40.09,113.76,162.23,107.13,74.83,32.15,66.405,35.49,130.35
2022-07-08,388.67,387.27,390.64,385.66,72397765.0,24.64,27.3,84.74,118.13,3.1047,3.1234,3.0803,3.2436,-3.058,1.75,5.26,1.47,3.6,9.1,53.5,55.9,98.4,212.0,0.56,295.35,175.59,62.35,40.09,112.5,162.3,107.007,74.89,32.08,66.435,35.475,130.74
2022-07-11,384.23,385.85,386.87,383.5,58366945.0,26.17,28.25,88.05,119.8,3.0718,3.0552,2.9928,3.1744,-8.519,1.75,5.31,1.5,3.6,9.1,53.5,55.9,98.4,212.0,0.64,289.04,172.06,61.34,39.02,114.44,161.43,108.021,74.47,31.82,65.52,35.135,130.41
2022-07-12,380.83,383.65,386.16,378.99,62219178.0,27.29,28.82,90.06,121.33,3.0491,3.0178,2.9687,3.1618,-8.248,1.75,5.32,1.51,3.6,9.1,53.5,55.9,98.4,212.0,0.68,286.24,171.47,61.33,38.87,115.12,160.83,108.072,74.77,31.62,64.625,34.45,128.75
2022-07-13,378.83,375.1,381.92,374.658,84224649.0,26.82,28.56,90.49,120.41,3.1547,3.0278,2.9336,3.1182,-22.734,1.75,5.33,1.51,3.6,9.1,53.5,55.9,98.4,212.0,0.73,285.65,171.32,61.3,38.78,116.44,161.6,107.957,74.69,31.34,64.455,34.395,127.5
2022-07-14,377.91,373.61,379.0498,371.04,89704819.0,26.4,28.61,90.73,121.92,3.1321,3.0651,2.9595,3.104,-17.882,1.75,5.4,1.53,3.6,9.1,53.5,55.9,98.4,212.0,0.75,286.67,169.56,60.44,38.43,115.49,159.33,108.544,74.55,30.74,65.045,33.745,127.13
2022-07-15,385.13,382.55,385.25,380.54,79060383.0,24.23,27.08,89.37,122.48,3.1201,3.0341,2.9152,3.0751,-21.341,1.75,5.29,1.5,3.6,9.1,53.5,55.9,98.4,216.0,0.59,291.87,173.09,61.4,38.63,116.14,159.01,108.063,75.5,31.78,66.19,34.295,130.2
2022-07-18,381.95,388.38,389.09,380.66,63203626.0,25.3,27.82,91.86,120.55,3.1744,3.1039,2.9855,3.1551,-19.515,1.75,5.15,1.47,3.6,9.1,53.5,55.9,98.4,216.0,0.54,289.4,172.6,61.65,38.9,114.93,159.16,107.366,74.77,31.66,65.55,35.08,127.45
2022-07-19,392.27,386.08,392.87,385.39,78505972.0,24.5,27.31,88.61,120.04,3.2374,3.1535,3.0209,3.1746,-22.485,1.75,4.99,1.45,3.6,9.1,53.5,55.9,98.4,216.0,0.59,298.3,178.69,63.33,39.54,114.31,159.54,106.682,75.76,32.61,67.55,36.16,129.62
2022-07-20,394.77,392.47,396.26,391.03,71843769.0,23.88,26.7,86.75,117.24,3.2272,3.1637,3.0265,3.1585,-20.486,1.75,4.8,1.44,3.6,9.1,53.5,55.9,98.4,216.0,0.62,303.03,181.49,62.91,39.37,114.61,158.04,107.076,76.09,32.73,68.605,36.51,128.34
2022-07-21,398.79,394.16,398.84,391.63,64903856.0,23.11,26.22,85.04,118.71,3.085,2.9826,2.8747,3.0423,-21.449,1.75,4.89,1.44,3.6,9.1,53.5,55.9,98.4,216.0,0.63,307.38,182.42,63.56,39.82,116.59,160.27,106.91,76.99,32.94,69.57,35.87,130.37
2022-07-22,395.09,398.92,400.18,392.75,72197332.0,23.03,25.97,84.53,119.15,2.97,2.843,2.7504,2.9717,-22.378,1.75,4.9,1.44,3.6,9.1,53.5,55.9,98.4,220.0,0.73,301.99,179.51,63.4,39.42,118.55,160.67,106.73,76.89,32.75,68.61,35.575,129.83
2022-07-25,395.57,395.75,396.47,393.21,53631485.0,23.36,25.8,83.82,119.46,3.0161,2.88,2.7959,3.0162,-22.647,1.75,4.86,1.47,3.6,9.1,53.5,55.9,98.4,220.0,0.7,300.27,180.44,63.89,39.56,117.39,160.23,106.483,76.87,32.96,68.175,36.88,130.51
2022-07-26,390.89,393.84,394.06,389.95,52946393.0,24.69,26.42,84.83,121.29,3.0528,2.9036,2.8068,3.0268,-25.203,1.75,4.95,1.49,3.6,9.1,53.5,55.9,98.4,220.0,0.76,294.37,179.33,63.0,39.25,117.48,160.04,107.189,76.33,32.5,67.07,36.545,131.18
2022-07-27,401.04,394.36,402.88,394.05,82342106.0,23.24,25.31,81.77,121.92,2.9979,2.8428,2.7849,3.0653,-21.71,2.5,4.91,1.44,3.6,9.1,53.5,55.9,98.4,220.0,0.66,306.81,183.41,64.49,39.98,116.82,161.67,106.452,77.17,33.0,69.955,37.37,132.0
2022-07-28,406.07,401.89,406.8,398.15,73966563.0,22.33,24.33,80.88,122.67,2.8622,2.6979,2.6759,3.0227,-19.232,2.5,4.88,1.46,3.6,9.1,53.5,55.9,98.4,220.0,0.67,309.81,185.93,64.82,40.15,117.75,163.64,106.351,77.96,33.24,71.02,37.58,132.84
2022-07-29,411.99,407.58,413.03,406.77,87003672.0,21.33,23.79,80.29,122.29,2.8844,2.676,2.6487,3.0097,-24.18,2.5,4.69,1.44,3.6,9.1,53.5,55.9,98.4,228.0,0.61,315.46,187.25,65.72,39.96,117.43,164.1,105.903,78.19,33.71,72.11,39.21,132.4
2022-08-01,410.77,409.15,413.41,408.4,69997471.0,22.84,24.86,86.34,122.94,2.8701,2.6341,2.5732,2.9143,-30.295,2.5,4.65,1.43,3.6,9.1,53.5,55.9,98.4,228.0,0.67,315.27,187.18,65.81,39.62,120.04,165.03,105.45,77.91,33.43,71.955,38.4,131.42
2022-08-02,408.06,409.12,413.0,406.82,63435418.0,23.93,25.66,88.47,121.78,3.0508,2.8531,2.7483,3.0065,-30.457,2.5,4.46,1.44,3.6,9.1,53.5,55.9,98.4,228.0,0.57,314.33,187.0,64.76,39.43,117.5,164.05,106.241,77.55,33.06,71.445,38.31,130.95
2022-08-03,414.45,410.3,415.68,410.0,67820555.0,21.95,24.37,84.6,121.16,3.0651,2.826,2.7046,2.9453,-36.663,2.5,4.44,1.41,3.6,9.1,53.5,55.9,98.4,228.0,0.56,322.89,189.75,65.14,39.74,119.35,164.45,106.506,78.23,33.56,73.345,37.21,132.15
2022-08-04,414.17,414.37,415.09,412.44,45656574.0,21.44,24.32,83.69,122.81,3.0427,2.7922,2.6883,2.9653,-36.261,2.5,4.41,1.41,3.6,9.1,53.5,55.9,98.4,228.0,0.55,324.4,189.35,65.47,40.02,119.31,167.17,105.693,78.44,33.45,73.68,35.83,131.5
2022-08-05,413.47,409.66,414.15,409.6,56814929.0,21.15,24.18,84.13,125.97,3.2257,2.9555,2.8268,3.0662,-40.299,2.5,4.28,1.41,3.6,9.1,53.5,55.9,98.4,221.0,0.58,321.75,190.8,65.01,40.06,116.47,165.29,106.621,78.04,33.69,73.51,36.54,131.45
2022-08-08,412.99,415.25,417.62,411.83,54025965.0,21.29,24.48,86.95,123.69,3.2053,2.9061,2.7572,2.9847,-45.431,2.5,4.26,1.42,3.6,9.1,53.5,55.9,98.4,221.0,0.56,320.71,192.82,65.16,40.11,118.35,166.69,106.435,78.11,33.67,72.885,36.73,131.76
2022-08-09,411.35,412.22,412.75,410.22,44931772.0,21.77,24.69,87.49,123.91,3.2696,2.9608,2.7773,2.9895,-49.647,2.5,4.32,1.43,3.6,9.1,53.5,55.9,98.4,221.0,0.7,317.08,190.19,64.81,39.96,117.89,167.2,106.374,77.53,33.84,72.155,37.375,131.36
2022-08-10,419.99,418.78,420.14,416.72,68665712.0,19.74,23.46,90.04,125.04,3.2141,2.9216,2.7809,3.0326,-43.731,2.5,4.18,1.39,3.6,9.1,53.5,55.9,98.4,221.0,0.58,325.93,195.62,66.27,40.46,117.12,166.78,105.196,78.69,34.6,74.125,37.645,132.79
2022-08-11,419.99,422.99,424.95,419.21,59489704.0,20.2,23.71,90.84,126.84,3.2185,2.9867,2.8876,3.1749,-33.507,2.5,4.08,1.35,3.6,9.1,53.5,55.9,98.4,221.0,0.51,324.08,196.35,66.25,40.62,114.39,166.34,105.09,78.24,35.01,73.835,38.94,131.93
2022-08-12,427.1,422.03,427.21,421.03,61694542.0,19.53,23.31,91.01,129.34,3.2422,2.9562,2.8312,3.1078,-42.134,2.5,4.09,1.32,3.6,9.1,53.5,55.9,98.4,220.0,0.5,330.39,200.36,66.76,41.05,115.55,167.87,105.631,78.94,35.56,75.305,39.235,133.62
2022-08-15,428.86,424.765,429.41,424.71,54048280.0,19.95,23.32,88.73,127.62,3.1821,2.8997,2.7878,3.1013,-40.053,2.5,4.11,1.31,3.6,9.1,53.5,55.9,98.4,220.0,0.57,333.06,201.07,66.36,40.86,115.45,165.71,106.546,78.8,35.55,75.78,38.47,134.29
2022-08-16,429.7,427.73,431.73,426.88,59289039.0,19.69,23.32,88.05,126.09,3.2574,2.9529,2.8041,3.0891,-46.161,2.5,4.13,1.31,3.6,9.1,53.5,55.9,98.4,220.0,0.53,332.28,200.99,66.34,40.85,115.93,165.42,106.5,78.43,35.81,75.575,38.38,133.93
2022-08-17,426.65,425.91,429.5,424.54,63563394.0,19.9,23.6,87.47,122.06,3.2848,3.0511,2.8968,3.1513,-38.807,2.5,4.19,1.34,3.6,9.1,53.5,55.9,98.4,220.0,0.61,328.49,197.61,65.81,40.68,114.72,164.35,106.574,77.62,35.63,75.035,38.7,133.15
2022-08-18,427.89,426.86,428.61,425.5,49023206.0,19.56,23.39,86.46,124.22,3.1974,3.0271,2.8822,3.1365,-32.145,2.5,4.24,1.34,3.6,9.1,53.5,55.9,98.4,220.0,0.58,329.28,198.92,65.59,40.45,114.89,163.92,107.484,77.74,35.67,75.425,39.74,132.56
2022-08-19,422.14,424.98,425.26,421.22,68016902.0,20.6,24.32,89.77,123.68,3.2338,3.0933,2.9721,3.212,-26.38,2.5,4.32,1.36,3.6,9.1,53.5,55.9,98.4,215.0,0.74,322.86,194.65,64.69,39.9,113.04,162.72,108.169,76.95,34.96,74.055,39.73,132.92
2022-08-22,413.35,417.05,417.23,412.4,77695640.0,23.8,26.0,94.75,123.93,3.3098,3.1577,3.0146,3.2255,-29.945,2.5,4.49,1.39,3.6,9.1,53.5,55.9,98.4,215.0,0.65,314.36,190.64,63.59,39.55,112.66,161.64,109.046,76.08,34.19,71.99,39.655,131.18
2022-08-23,412.35,412.9,415.42,411.77,49105249.0,24.11,25.92,93.34,123.83,3.2997,3.1648,3.0461,3.255,-25.776,2.5,4.54,1.38,3.6,9.1,53.5,55.9,98.4,215.0,0.65,314.1,190.95,63.62,39.76,112.04,162.77,108.624,76.27,34.05,71.8,41.085,129.35
2022-08-24,413.67,412.11,415.1101,411.39,49177804.0,22.82,24.89,86.45,122.78,3.3905,3.2331,3.1039,3.3123,-28.871,2.5,4.47,1.36,3.6,9.1,53.5,55.9,98.4,215.0,0.63,315.01,192.41,63.7,39.75,111.22,163.25,108.677,76.36,34.23,71.845,41.59,129.51
2022-08-25,419.51,415.24,419.56,414.09,50942252.0,21.78,24.13,83.32,123.1,3.3661,3.1522,3.0258,3.2407,-34.633,2.5,4.46,1.34,3.6,9.1,53.5,55.9,98.4,215.0,0.59,320.58,195.4,64.4,40.61,112.77,163.75,108.47,77.08,34.76,73.06,41.91,130.94
2022-08-26,405.31,419.39,419.96,405.25,103086976.0,25.56,26.56,91.66,124.57,3.3966,3.2051,3.0409,3.192,-36.191,2.5,4.52,1.37,3.6,9.1,53.5,55.9,98.4,210.0,0.76,307.44,188.98,62.71,40.01,113.62,161.76,108.803,75.81,33.72,69.94,41.42,127.29
2022-08-29,402.63,402.2,405.84,401.1999,65370810.0,26.21,26.82,91.57,121.97,3.4232,3.2529,3.1024,3.2399,-32.489,2.5,4.61,1.38,3.6,9.1,53.5,55.9,98.4,210.0,0.74,304.41,187.24,62.57,39.76,112.68,161.86,108.835,75.52,33.48,69.015,42.045,126.4
2022-08-30,398.21,403.85,404.1,396.0,85652443.0,26.21,26.91,91.11,121.01,3.4416,3.2649,3.1025,3.2155,-34.319,2.5,4.78,1.4,3.6,9.1,53.5,55.9,98.4,210.0,0.8,301.02,184.62,62.12,39.29,112.96,160.51,108.773,74.94,33.3,68.295,40.62,125.56
2022-08-31,395.18,399.93,401.24,395.04,76029671.0,25.87,26.65,88.4,119.71,3.4929,3.3508,3.1926,3.2926,-30.44,2.5,4.84,1.4,3.6,8.3,53.0,55.9,103.6,210.0,0.78,299.27,183.5,61.7,39.43,111.88,159.27,108.7,74.53,33.05,67.63,40.25,124.76
2022-09-01,396.42,392.89,396.78,390.04,78740084.0,25.56,26.43,87.74,120.74,3.4994,3.3975,3.2533,3.3609,-25.432,2.5,4.94,1.45,3.6,8.3,53.0,55.9,103.6,210.0,0.84,299.4,181.5,60.87,39.12,109.6,157.87,109.691,74.36,33.15,67.3,39.26,126.81
2022-09-02,392.24,400.28,401.555,390.33,99632149.0,25.47,26.48,89.19,119.81,3.3873,3.2928,3.1894,3.3435,-20.619,2.5,4.93,1.45,3.6,8.3,53.0,55.9,103.6,204.0,0.81,295.17,180.09,60.47,38.76,110.22,159.26,109.534,74.31,32.89,66.425,39.98,124.99
2022-09-06,390.76,393.13,394.12,388.42,76637400.0,26.91,27.59,94.08,119.84,3.5029,3.4518,3.3492,3.5011,-16.194,2.5,4.88,1.47,3.6,8.3,53.0,55.9,103.6,204.0,0.72,293.05,178.31,60.32,38.3,107.49,158.33,110.214,74.11,32.81,65.985,39.61,125.11
2022-09-07,397.78,390.43,398.59,390.2,70964232.0,24.64,26.1,88.26,119.05,3.4309,3.3584,3.2635,3.4109,-17.368,2.5,4.85,1.45,3.6,8.3,53.0,55.9,103.6,204.0,0.75,298.97,182.19,60.85,38.64,109.19,159.94,109.84,75.18,33.46,67.04,39.15,127.15
2022-09-08,400.38,395.39,400.86,394.12,80821681.0,23.61,25.52,85.57,119.08,3.5035,3.4209,3.317,3.475,-19.279,2.5,4.69,1.43,3.6,8.3,53.0,55.9,103.6,204.0,0.65,300.52,183.71,60.89,38.43,108.07,158.98,109.707,75.51,34.05,67.27,39.32,129.36
2022-09-09,406.6,402.74,407.51,402.46,76706918.0,22.79,25.14,84.09,119.66,3.5565,3.4352,3.3097,3.4474,-25.301,2.5,4.49,1.41,3.6,8.3,53.0,55.9,103.6,197.0,0.52,307.09,187.4,62.44,39.0,108.31,159.82,109.003,75.81,34.36,68.6,40.3,130.5
2022-09-12,410.97,408.78,411.73,408.46,69256262.0,23.87,25.37,84.53,121.06,3.5714,3.4493,3.3578,3.5121,-21.786,2.5,4.42,1.4,3.6,8.3,53.0,55.9,103.6,197.0,0.57,310.74,189.67,63.31,39.58,107.42,160.63,108.33,76.04,34.64,69.7,41.04,131.37
2022-09-13,393.1,401.83,403.1,391.92,122947081.0,27.27,27.95,93.89,125.46,3.756,3.5787,3.408,3.4868,-34.798,2.5,4.57,1.41,3.6,8.3,53.0,55.9,103.6,197.0,0.73,293.7,182.25,61.11,38.36,107.67,158.54,109.815,74.31,33.35,66.0,40.005,127.03
2022-09-14,394.6,394.47,396.2,391.12,85023747.0,26.16,27.46,93.58,120.19,3.7881,3.6035,3.4043,3.4581,-38.806,2.5,4.63,1.4,3.6,8.3,53.0,55.9,103.6,197.0,0.75,296.03,182.96,61.31,38.55,108.04,157.93,109.658,74.42,33.25,66.24,41.135,127.1
2022-09-15,390.12,392.96,395.96,388.78,87633840.0,26.27,27.6,92.61,119.97,3.8646,3.6654,3.4489,3.4662,-41.992,2.5,4.71,1.41,3.6,8.3,53.0,55.9,103.6,197.0,0.73,291.1,181.63,60.77,38.14,107.97,154.98,109.739,73.95,33.36,64.715,40.075,127.81
2022-09-16,385.56,384.14,386.25,382.11,103084819.0,26.3,27.63,92.42,117.71,3.8671,3.6309,3.4494,3.5131,-42.399,2.5,4.87,1.42,3.6,8.3,53.0,55.9,103.6,201.0,0.81,289.32,178.99,60.4,37.79,107.07,155.84,109.764,74.2,33.06,64.355,39.22,127.45
2022-09-19,388.55,382.26,388.55,382.1784,73278490.0,25.76,27.01,88.99,116.26,3.9358,3.6823,3.4905,3.515,-44.956,2.5,4.81,1.42,3.6,8.3,53.0,55.9,103.6,201.0,0.54,291.05,180.52,60.61,37.91,107.32,155.96,109.737,74.48,33.26,64.72,38.82,126.26
2022-09-20,384.09,385.06,386.12,381.195,77274882.0,27.16,27.88,91.12,116.69,3.9665,3.7464,3.563,3.5707,-40.554,2.5,4.83,1.43,3.6,8.3,53.0,55.9,103.6,201.0,0.67,288.73,178.06,59.58,37.7,106.25,155.07,110.215,73.72,32.77,64.34,38.55,124.78
2022-09-21,377.39,386.11,389.31,377.38,106746554.0,27.99,28.76,92.05,116.21,4.0484,3.7662,3.5299,3.5023,-52.282,3.25,4.82,1.41,3.6,8.3,53.0,55.9,103.6,201.0,0.71,283.56,175.34,58.8,37.07,108.03,155.79,110.642,73.5,32.09,63.335,37.985,122.71
2022-09-22,374.22,376.58,378.3,373.44,89472641.0,27.35,28.22,89.18,115.86,4.1222,3.9363,3.7138,3.6403,-41.054,3.25,4.88,1.43,3.6,8.3,53.0,55.9,103.6,201.0,0.83,280.07,171.39,58.63,36.89,105.27,155.7,111.353,73.06,31.55,62.69,37.85,123.36
2022-09-23,367.95,370.58,370.62,363.29,122346933.0,29.92,30.32,101.55,118.99,4.2011,3.9789,3.6846,3.6059,-52.723,3.25,5.12,1.46,3.6,8.3,53.0,55.9,103.6,189.0,1.02,275.51,167.31,56.76,35.98,105.7,153.01,113.192,72.13,31.05,61.87,35.24,122.73
2022-09-26,364.31,366.41,370.21,363.0299,92581244.0,32.26,31.77,109.09,120.01,4.3406,4.1913,3.9244,3.74,-42.919,3.25,5.16,1.48,3.6,8.3,53.0,55.9,103.6,189.0,0.8,274.37,164.17,55.92,35.54,103.68,151.23,114.103,71.28,30.56,61.44,34.375,121.56
2022-09-27,363.38,368.02,370.4,360.87,108294074.0,32.6,32.12,113.76,120.39,4.2829,4.1845,3.9451,3.8254,-34.403,3.25,5.26,1.55,3.6,8.3,53.0,55.9,103.6,189.0,0.78,274.48,164.73,55.54,35.5,100.95,151.54,114.106,71.13,30.43,61.52,34.76,121.19
2022-09-28,370.53,364.38,372.3,362.6,110802217.0,30.18,30.58,105.83,120.38,4.1349,3.9478,3.7312,3.699,-40.579,3.25,5.48,1.58,3.6,8.3,53.0,55.9,103.6,189.0,0.75,279.94,169.94,56.88,35.81,104.33,154.69,112.604,72.4,31.03,62.17,36.3,123.84
2022-09-29,362.79,366.81,367.11,359.7,112952315.0,31.84,31.74,108.31,121.54,4.1924,4.0171,3.7856,3.7238,-41.303,3.25,5.61,1.64,3.6,8.3,53.0,55.9,103.6,189.0,0.91,271.87,166.13,56.21,35.01,103.79,154.66,112.254,71.72,30.64,60.55,36.3,122.8
2022-09-30,357.18,361.8,365.91,357.04,153711243.0,31.62,31.86,106.19,123.59,4.2787,4.09,3.8286,3.7759,-45.425,3.25,5.52,1.59,3.5,8.2,51.1,55.3,107.8,204.0,0.77,267.26,164.92,56.01,34.88,102.45,154.67,112.117,71.39,30.36,59.39,36.01,121.11
2022-10-03,366.61,361.08,368.55,359.21,89756479.0,30.1,30.69,103.03,121.38,4.1134,3.8782,3.6387,3.6783,-47.89,3.25,5.52,1.58,3.5,8.2,51.1,55.3,107.8,204.0,0.71,273.53,169.29,57.12,35.45,103.83,158.43,111.745,71.97,31.18,61.23,38.045,123.6
2022-10-04,377.97,372.4,378.0,366.5677,103602775.0,29.07,29.67,96.83,122.46,4.0926,3.8539,3.6329,3.6945,-46.988,3.25,5.09,1.53,3.5,8.2,51.1,55.3,107.8,204.0,0.64,282.13,176.0,59.41,36.61,103.54,160.7,110.065,73.52,32.34,63.285,39.68,126.47
2022-10-05,377.09,373.39,379.46,370.95,88065669.0,28.55,29.43,92.79,121.78,4.1481,3.9662,3.7528,3.7538,-40.148,3.25,4.99,1.55,3.5,8.2,51.1,55.3,107.8,204.0,0.72,281.98,174.7,58.78,36.63,102.55,159.81,111.208,73.23,32.09,63.495,40.5,126.89
2022-10-06,373.2,375.62,378.72,372.68,82333543.0,30.52,30.79,97.73,122.44,4.2558,4.0671,3.8236,3.7838,-44.052,3.25,4.9,1.52,3.5,8.2,51.1,55.3,107.8,204.0,0.71,279.76,173.72,57.75,36.41,101.98,159.63,112.258,73.01,31.64,62.975,41.22,125.27
2022-10-07,362.79,368.97,373.2933,360.94,107789498.0,31.36,32.1,103.37,121.81,4.3078,4.1423,3.8814,3.8417,-43.269,3.25,4.98,1.54,3.5,8.2,51.1,55.3,107.8,206.0,0.88,269.1,168.61,56.83,35.65,100.99,157.88,112.795,72.12,30.89,60.385,40.9,122.62
2022-10-10,360.02,363.96,364.21,357.67,76042765.0,32.45,32.73,107.11,120.07,4.3078,4.1423,3.8814,3.8417,-43.269,3.25,4.98,1.54,3.5,8.2,51.1,55.3,107.8,206.0,0.65,266.41,167.67,56.51,35.15,99.42,155.48,113.144,71.24,30.75,59.37,40.06,121.85
2022-10-11,357.74,358.235,363.03,355.71,92482785.0,33.63,33.36,105.26,120.12,4.3058,4.1704,3.947,3.9223,-36.294,3.25,5.25,1.59,3.5,8.2,51.1,55.3,107.8,206.0,0.77,262.75,167.72,55.89,34.59,99.86,155.16,113.221,71.46,30.36,58.46,39.74,122.5
2022-10-12,356.56,358.17,359.8179,356.3,76991799.0,33.57,33.13,109.19,119.99,4.2911,4.1177,3.8962,3.8744,-39.699,3.25,5.33,1.65,3.5,8.2,51.1,55.3,107.8,206.0,0.74,262.66,167.26,55.71,34.63,100.35,155.99,113.32,71.58,30.29,58.28,40.06,121.9
2022-10-13,365.97,349.205,367.51,348.11,147254518.0,31.94,31.8,101.26,117.82,4.4635,4.2004,3.9435,3.9164,-52.215,3.25,5.27,1.63,3.5,8.2,51.1,55.3,107.8,206.0,0.66,268.82,171.4,56.86,34.73,99.39,154.91,112.363,71.74,31.54,60.09,41.695,124.74
2022-10-14,357.63,368.55,370.26,356.96,123737013.0,32.02,32.45,101.94,119.3,4.4959,4.2677,4.0184,3.9916,-47.97,3.25,5.22,1.64,3.5,8.2,51.1,55.3,107.8,199.0,0.63,260.74,166.81,56.01,34.21,98.57,152.98,113.311,71.51,31.01,58.4,40.14,123.9
2022-10-17,366.82,364.01,367.9799,357.2808,93168231.0,31.37,31.74,97.32,116.97,4.4433,4.2287,4.0104,4.0204,-43.708,3.25,5.14,1.64,3.5,8.2,51.1,55.3,107.8,199.0,0.61,269.35,172.13,57.39,35.15,98.09,153.42,112.039,72.39,31.79,60.18,40.64,125.89
2022-10-18,371.13,375.13,375.45,367.52,97162850.0,30.5,30.98,92.3,116.88,4.4286,4.2217,4.0066,4.0297,-42.84,3.25,5.04,1.63,3.5,8.2,51.1,55.3,107.8,199.0,0.66,271.48,174.17,57.8,35.16,98.32,153.75,112.13,72.9,32.3,60.69,40.995,126.59
2022-10-19,368.5,368.99,371.85,365.55,79746863.0,30.76,31.35,90.69,117.26,4.5563,4.3568,4.1335,4.1249,-42.921,3.25,5.05,1.64,3.5,8.2,51.1,55.3,107.8,199.0,0.74,270.49,171.21,57.09,34.52,96.53,151.69,112.984,72.2,31.77,60.515,42.205,124.82
2022-10-20,365.41,368.03,372.67,364.61,88283087.0,29.98,30.81,88.35,117.41,4.61,4.4445,4.2283,4.2191,-38.601,3.25,5.0,1.63,3.5,8.2,51.1,55.3,107.8,199.0,0.7,269.11,169.03,56.96,34.74,94.88,151.45,112.881,71.8,31.26,60.55,42.245,123.76
2022-10-21,374.29,365.12,374.8,363.54,131038379.0,29.69,30.47,87.32,116.19,4.4723,4.3411,4.2167,4.3335,-26.413,3.25,5.07,1.64,3.5,8.2,51.1,55.3,107.8,201.0,0.58,275.42,172.7,57.99,35.27,93.17,154.15,112.012,72.49,32.19,62.17,43.465,126.54
2022-10-24,378.87,375.89,380.06,373.11,85436907.0,29.85,30.33,86.06,114.97,4.5046,4.3626,4.2424,4.3784,-26.654,3.25,5.0,1.6,3.5,8.2,51.1,55.3,107.8,201.0,0.55,278.45,173.44,58.0,33.93,92.4,153.65,111.989,72.54,32.62,63.03,43.67,128.98
2022-10-25,384.92,378.79,385.25,378.671,78846348.0,28.46,29.29,82.21,114.64,4.4771,4.261,4.1021,4.2575,-37.926,3.25,5.02,1.6,3.5,8.2,51.1,55.3,107.8,201.0,0.62,284.21,178.17,59.28,34.21,95.09,154.0,110.95,73.24,33.01,64.235,43.715,129.96
2022-10-26,382.02,381.62,387.58,381.35,104087348.0,27.28,28.46,80.42,113.86,4.4039,4.1846,4.0028,4.138,-40.726,3.25,4.83,1.6,3.5,8.2,51.1,55.3,107.8,201.0,0.65,277.93,179.05,59.84,34.77,96.46,154.98,109.7,73.44,33.09,62.805,44.31,131.4
2022-10-27,379.98,383.07,385.0,379.33,81971756.0,27.39,28.28,82.51,113.23,4.2741,4.0605,3.9187,4.0832,-36.157,3.25,4.78,1.61,3.5,8.2,51.1,55.3,107.8,201.0,0.85,272.87,179.09,59.28,34.5,97.47,154.74,110.587,73.98,33.36,62.09,44.47,130.71
2022-10-28,389.02,379.87,389.52,379.68,100301958.0,25.75,26.9,78.12,112.06,4.4142,4.1844,4.0123,4.1414,-41.017,3.25,4.55,1.58,3.5,8.2,51.1,55.3,107.8,202.0,0.66,281.22,183.16,59.87,34.29,96.8,153.16,110.752,74.55,34.19,64.79,44.625,132.86
2022-10-31,386.21,386.44,388.4,385.26,96631258.0,25.88,26.92,78.86,111.96,4.4824,4.2283,4.0478,4.1639,-44.079,3.25,4.64,1.58,3.6,7.7,50.3,54.8,102.2,202.0,0.61,277.95,183.33,59.31,34.19,96.11,151.91,111.527,73.43,33.98,63.935,45.0,132.75
2022-11-01,384.52,390.14,390.39,383.29,85407598.0,25.81,26.69,80.24,111.44,4.5447,4.267,4.0419,4.0919,-50.9,3.25,4.46,1.55,3.6,7.7,50.3,54.8,102.2,202.0,0.63,275.11,183.58,59.78,34.82,96.77,153.46,111.481,73.59,34.07,63.4,45.435,132.83
2022-11-02,374.87,383.9,388.63,374.76,126990356.0,25.86,27.22,80.93,111.99,4.6197,4.3093,4.1005,4.1405,-52.334,4.0,4.46,1.54,3.6,7.7,50.3,54.8,102.2,202.0,1.14,265.68,177.49,58.91,34.53,96.35,152.39,111.345,72.92,33.64,61.21,44.34,130.57
2022-11-03,371.01,371.465,374.2,368.79,87100115.0,25.3,26.7,79.17,110.34,4.7138,4.3677,4.1469,4.1812,-57.322,4.0,4.63,1.55,3.6,7.7,50.3,54.8,102.2,202.0,0.69,260.49,176.3,58.41,34.73,95.83,151.81,112.93,72.4,33.3,59.41,45.16,130.02
2022-11-04,376.35,377.0,378.87,370.0,103505182.0,24.55,26.39,79.24,111.62,4.6584,4.3308,4.1584,4.2463,-50.839,4.0,4.62,1.52,3.6,7.7,50.3,54.8,102.2,204.0,0.74,264.68,178.68,60.75,36.2,94.22,156.47,110.877,72.9,33.91,60.495,45.71,130.81
2022-11-07,379.95,377.71,380.57,375.53,68286947.0,24.35,26.26,79.95,111.67,4.7217,4.3876,4.2135,4.319,-51.444,4.0,4.53,1.49,3.6,7.7,50.3,54.8,102.2,204.0,0.67,267.59,179.49,60.94,36.22,93.28,155.85,110.12,72.89,34.25,61.505,46.495,132.21
2022-11-08,382.0,381.11,385.12,377.72,84641062.0,25.54,27.1,84.6,113.55,4.6506,4.2938,4.1234,4.2749,-53.143,4.0,4.62,1.5,3.6,7.7,50.3,54.8,102.2,204.0,1.3,269.54,179.56,61.63,36.48,94.3,159.45,109.636,72.82,34.45,62.095,46.54,132.87
2022-11-09,374.13,379.93,381.14,373.61,78495470.0,26.09,27.91,90.11,114.36,4.5795,4.2409,4.0923,4.2684,-49.347,4.0,4.82,1.52,3.6,7.7,50.3,54.8,102.2,204.0,0.96,263.32,174.63,60.77,35.85,94.61,158.65,110.549,71.95,33.87,60.48,44.265,131.44
2022-11-10,394.69,388.05,395.04,385.642,141455847.0,23.53,26.18,85.78,111.42,4.3321,3.9375,3.8125,4.0508,-52.381,4.0,4.68,1.47,3.6,7.7,50.3,54.8,102.2,204.0,0.6,282.75,185.38,64.18,37.15,98.25,163.48,108.206,74.19,35.58,65.45,45.25,134.78
2022-11-11,398.51,395.59,399.35,393.61,93839872.0,22.52,25.74,85.89,114.09,4.3321,3.9375,3.8125,4.0153,-52.381,4.0,4.68,1.47,3.6,7.7,50.3,54.8,102.2,210.0,0.55,287.96,186.9,65.46,38.16,97.89,164.56,106.292,74.45,35.87,66.57,46.565,133.13
2022-11-14,395.12,396.66,400.1799,394.83,71893165.0,23.73,26.13,84.57,113.67,4.3888,3.9897,3.8536,4.0361,-54.143,4.0,4.52,1.42,3.6,7.7,50.3,54.8,102.2,210.0,0.61,285.44,184.81,64.77,37.93,97.65,164.92,106.66,73.9,35.36,66.0,46.55,133.25
2022-11-15,398.49,401.15,402.31,394.49,93194452.0,24.54,26.59,88.31,115.94,4.3382,3.8956,3.7696,3.9606,-57.492,4.0,4.49,1.39,3.6,7.7,50.3,54.8,102.2,210.0,0.58,289.39,187.55,65.2,38.8,99.23,165.5,106.404,74.55,35.44,66.8,47.04,133.08
2022-11-16,395.45,396.78,397.78,394.79,68508454.0,24.11,26.03,81.38,115.56,4.3549,3.8503,3.6899,3.8395,-66.928,4.0,4.55,1.38,3.6,7.7,50.3,54.8,102.2,210.0,1.46,285.44,184.25,65.05,38.18,101.4,165.12,106.281,74.39,35.27,65.885,46.08,133.02
2022-11-17,394.24,390.46,394.95,390.14,74496255.0,23.93,25.83,81.16,115.24,4.452,3.9371,3.7657,3.8751,-69.057,4.0,4.59,1.38,3.6,7.7,50.3,54.8,102.2,210.0,0.73,284.81,182.54,65.02,38.25,100.33,163.92,106.694,74.07,35.08,65.97,46.18,132.96
2022-11-18,396.03,397.74,397.81,393.04,92922451.0,23.12,25.33,77.68,114.97,4.5329,4.0085,3.8288,3.926,-71.048,4.0,4.5,1.35,3.6,7.7,50.3,54.8,102.2,220.0,0.61,284.82,183.72,65.15,38.03,99.64,162.79,106.93,74.23,35.37,66.045,45.815,134.57
2022-11-21,394.59,394.64,395.82,392.66,51243189.0,22.36,24.72,77.11,114.52,4.5523,4.0224,3.8269,3.8961,-73.204,4.0,4.49,1.34,3.6,7.7,50.3,54.8,102.2,220.0,0.64,281.89,182.76,64.66,37.55,100.06,161.88,107.835,74.2,35.48,65.335,45.195,134.63
2022-11-22,399.9,396.63,400.07,395.1527,60429025.0,21.29,23.83,77.81,116.24,4.5145,3.9445,3.7559,3.8248,-76.265,4.0,4.44,1.33,3.6,7.7,50.3,54.8,102.2,220.0,1.35,285.95,184.71,65.56,37.64,101.48,162.07,107.222,74.74,35.84,66.6,46.61,135.8
2022-11-23,402.42,399.55,402.93,399.31,68261628.0,20.35,23.38,81.72,118.65,4.4773,3.8837,3.6927,3.7276,-79.285,4.0,4.36,1.31,3.6,7.7,50.3,54.8,102.2,220.0,0.88,288.82,185.19,66.28,37.95,103.25,163.08,106.076,75.16,35.99,67.19,46.105,136.34
2022-11-25,402.33,401.83,402.91,401.535,30545434.0,20.5,23.59,82.5,128.11,4.4526,3.8577,3.6776,3.7326,-78.115,4.0,4.35,1.3,3.6,7.7,50.3,54.8,102.2,209.0,0.63,286.92,185.58,66.62,37.77,102.9,163.22,105.959,75.01,36.11,66.8,45.935,137.15
2022-11-28,395.91,399.09,400.81,395.11,68021749.0,22.21,24.9,87.33,118.47,4.4381,3.875,3.6812,3.7208,-76.313,4.0,4.49,1.33,3.6,7.7,50.3,54.8,102.2,209.0,0.76,282.71,181.84,65.76,37.6,103.19,161.93,106.681,74.22,35.49,65.37,44.675,136.12
2022-11-29,395.23,396.05,397.3,393.3,52310039.0,21.89,24.65,85.43,120.38,4.4732,3.9236,3.7441,3.8015,-73.732,4.0,4.48,1.34,3.6,7.7,50.3,54.8,102.2,209.0,0.72,280.57,182.37,65.95,38.41,101.98,162.73,106.822,74.54,35.7,64.73,45.35,135.78
2022-11-30,407.68,395.49,407.68,393.48,144566653.0,20.58,23.53,81.79,118.47,4.3102,3.7367,3.6054,3.7359,-70.89,4.0,4.48,1.33,3.6,7.1,49.0,55.5,101.4,209.0,1.27,293.36,187.37,67.12,39.52,102.73,164.81,105.95,75.66,36.31,67.98,45.575,139.02
2022-12-01,407.38,408.77,410.0,404.75,76398170.0,19.84,23.31,82.19,117.79,4.2276,3.6644,3.5048,3.5982,-72.711,4.0,4.37,1.32,3.6,7.1,49.0,55.5,101.4,209.0,0.81,293.72,186.96,67.77,39.39,105.76,167.84,104.728,75.62,36.1,68.075,45.425,139.42
2022-12-02,406.91,402.25,407.86,402.14,85342731.0,19.06,22.96,81.57,118.11,4.2717,3.652,3.4862,3.5478,-78.761,4.0,4.38,1.3,3.6,7.1,49.0,55.5,101.4,209.0,0.58,292.55,188.05,67.72,39.54,107.09,167.26,104.545,75.56,35.93,67.68,45.155,139.78
2022-12-05,399.59,403.95,404.93,398.17,77289815.0,20.75,23.89,84.71,117.75,4.3874,3.7777,3.5736,3.5842,-81.977,4.0,4.34,1.3,3.6,7.1,49.0,55.5,101.4,209.0,0.66,287.64,182.87,66.83,39.09,105.59,164.39,105.289,74.84,35.04,66.555,43.815,138.44
2022-12-06,393.83,399.42,399.99,391.64,77972217.0,22.17,24.72,86.59,117.11,4.3664,3.7517,3.5314,3.5421,-84.123,4.0,4.48,1.3,3.6,7.1,49.0,55.5,101.4,209.0,0.73,281.68,180.07,66.53,39.04,106.95,164.84,105.578,74.57,34.73,65.13,42.66,137.39
2022-12-07,393.16,392.94,395.64,391.97,65927896.0,22.68,25.18,87.18,117.81,4.2561,3.6241,3.4169,3.4317,-84.337,4.0,4.58,1.32,3.6,7.1,49.0,55.5,101.4,209.0,1.46,280.53,179.54,66.53,38.81,109.47,166.33,105.1,74.98,34.59,64.8,42.56,138.52
2022-12-08,396.24,395.14,397.36,393.2684,60737912.0,22.29,24.73,84.9,117.54,4.3077,3.7066,3.4819,3.4309,-82.989,4.0,4.46,1.3,3.6,7.1,49.0,55.5,101.4,209.0,0.68,283.85,180.84,66.87,39.28,109.17,166.47,104.774,75.04,34.62,65.86,42.37,139.77
2022-12-09,393.28,394.94,397.62,393.15,81447733.0,22.83,25.21,87.26,119.24,4.3443,3.7686,3.5783,3.559,-77.226,4.0,4.37,1.3,3.6,7.1,49.0,55.5,101.4,210.0,0.95,282.04,178.62,66.91,39.02,106.33,167.06,104.81,75.04,34.53,65.455,41.34,137.98
2022-12-12,398.95,394.11,398.95,393.412,75405835.0,25.0,25.67,91.73,121.86,4.3754,3.7894,3.6113,3.5719,-77.436,4.0,4.31,1.29,3.6,7.1,49.0,55.5,101.4,210.0,0.64,285.58,180.72,67.11,38.9,106.67,165.68,105.131,75.33,34.99,66.885,42.425,139.45
2022-12-13,401.97,410.22,410.49,399.07,123782534.0,22.55,24.29,88.74,122.73,4.2183,3.6508,3.5012,3.5331,-72.333,4.0,4.26,1.29,3.6,7.1,49.0,55.5,101.4,210.0,0.7,288.65,181.38,67.79,38.59,107.7,168.51,103.98,76.11,35.08,67.675,43.23,139.88
2022-12-14,399.4,401.61,405.5,396.31,108111349.0,21.14,23.46,88.35,124.23,4.2095,3.6127,3.4774,3.5331,-74.019,4.5,4.3,1.3,3.6,7.1,49.0,55.5,101.4,210.0,1.33,286.51,180.19,67.73,38.61,108.16,168.1,103.77,75.68,34.64,67.105,42.965,140.1
2022-12-15,389.63,394.3,395.25,387.885,117705889.0,22.83,25.08,92.26,124.49,4.2362,3.6178,3.4463,3.4947,-79.41,4.5,4.45,1.31,3.6,7.1,49.0,55.5,101.4,210.0,0.73,276.89,175.68,66.0,37.72,108.32,165.35,104.558,75.0,33.96,64.595,42.705,137.53
2022-12-16,383.27,385.18,386.575,381.04,119857952.0,22.62,25.15,89.15,120.04,4.1783,3.6242,3.4822,3.5451,-70.234,4.5,4.57,1.32,3.6,7.1,49.0,55.5,101.4,213.0,1.19,274.25,174.37,65.42,37.83,107.11,166.79,104.701,74.6,33.7,63.74,42.18,135.53
2022-12-19,380.02,383.47,383.82,378.28,79878103.0,22.42,25.08,87.54,117.09,4.2557,3.7142,3.5846,3.6347,-67.527,4.5,4.57,1.33,3.6,7.1,49.0,55.5,101.4,213.0,0.62,269.75,172.01,65.26,37.86,105.31,166.32,104.721,74.22,33.4,62.71,41.745,134.47
2022-12-20,380.54,379.23,382.23,377.85,74427240.0,21.48,24.4,83.0,115.57,4.2532,3.7872,3.6825,3.7407,-57.701,4.5,4.58,1.35,3.6,7.1,49.0,55.5,101.4,213.0,0.78,269.54,172.92,65.52,37.85,103.44,169.08,103.965,74.03,33.54,62.805,42.375,134.44
2022-12-21,386.23,383.25,387.41,382.69,78167369.0,20.07,23.35,77.64,114.25,4.2127,3.7697,3.662,3.7137,-55.703,4.5,4.48,1.32,3.6,7.1,49.0,55.5,101.4,213.0,2.03,273.45,175.9,66.2,38.19,103.7,168.8,104.162,74.66,34.06,63.845,43.18,136.21
2022-12-22,380.72,383.05,386.2134,374.77,100120855.0,21.97,24.78,81.94,114.42,4.2714,3.8028,3.6786,3.739,-59.5,4.5,4.52,1.32,3.6,7.1,49.0,55.5,101.4,213.0,1.35,266.76,173.6,65.66,37.85,103.68,166.76,104.433,74.2,33.76,62.235,42.185,136.02
2022-12-23,382.91,379.65,383.06,378.03,59857329.0,20.87,24.13,78.84,114.57,4.3211,3.8569,3.7472,3.8235,-57.818,4.5,4.48,1.3,3.6,7.1,49.0,55.5,101.4,204.0,0.77,267.36,174.39,65.89,37.8,102.16,167.26,104.314,74.39,33.95,62.3,43.53,136.1
2022-12-27,381.4,382.79,383.15,379.65,51638180.0,21.65,24.43,78.65,113.44,4.3741,3.9396,3.8411,3.9275,-53.945,4.5,4.47,1.3,3.6,7.1,49.0,55.5,101.4,204.0,0.82,263.58,173.22,65.99,38.36,100.14,168.67,104.179,73.62,33.94,61.71,43.995,135.75
2022-12-28,376.66,381.33,383.39,376.42,70911520.0,22.14,24.58,79.9,112.03,4.3512,3.9661,3.8827,3.9702,-47.469,4.5,4.63,1.3,3.6,7.1,49.0,55.5,101.4,204.0,2.4,260.1,170.53,65.29,37.8,99.55,167.91,104.463,72.63,33.82,60.715,43.01,134.87
2022-12-29,383.44,379.63,384.35,379.08,66970877.0,21.44,23.95,77.28,113.27,4.3615,3.941,3.8145,3.8983,-55.528,4.5,4.68,1.29,3.6,7.1,49.0,55.5,101.4,204.0,1.33,266.44,174.85,66.32,38.43,100.68,168.85,103.836,73.57,34.29,62.305,43.46,136.34
2022-12-30,382.43,380.64,382.58,378.43,84022205.0,21.67,24.29,77.05,113.57,4.4258,4.0039,3.8748,3.963,-55.723,4.5,4.69,1.3,3.6,7.1,49.0,55.5,101.4,204.0,0.84,266.28,174.36,65.64,37.9,99.56,169.64,103.522,73.63,34.2,62.22,43.735,135.85
2023-01-03,380.82,384.37,386.43,377.831,74850731.0,22.9,24.58,80.34,112.74,4.3699,3.894,3.7389,3.8389,-63.514,4.5,4.59,1.32,3.6,7.1,49.0,55.5,101.4,204.0,0.63,264.48,173.4,66.22,38.22,101.46,171.06,104.518,73.77,34.32,61.63,42.2,135.46
2023-01-04,383.76,383.18,385.88,380.0,85934098.0,22.01,23.81,76.65,112.14,4.3534,3.8402,3.6827,3.7975,-67.273,4.5,4.52,1.33,3.6,7.1,49.0,55.5,101.4,204.0,0.76,265.74,175.56,67.1,39.37,102.85,172.67,104.248,74.62,34.87,61.79,42.195,135.82
2023-01-05,379.38,381.72,381.84,378.76,76970456.0,22.46,24.07,75.96,112.67,4.4576,3.9132,3.7181,3.7941,-74.361,4.5,4.48,1.33,3.6,7.1,49.0,55.5,101.4,204.0,0.86,261.58,173.68,66.43,39.25,103.28,170.52,105.042,74.47,34.61,60.59,42.965,134.43
2023-01-06,388.08,382.61,389.25,379.4127,104189603.0,21.13,23.18,73.88,113.86,4.2474,3.698,3.558,3.6874,-70.16,4.5,4.37,1.32,3.6,7.1,49.0,55.5,101.4,208.0,0.91,268.8,177.58,68.13,40.07,105.18,173.71,103.879,75.53,35.38,62.365,43.78,135.67
2023-01-09,387.86,390.37,393.7,387.67,73978071.0,21.97,23.74,77.27,114.42,4.2077,3.6737,3.5321,3.6599,-68.186,4.5,4.28,1.3,3.6,7.1,49.0,55.5,101.4,208.0,0.58,270.54,177.88,68.42,40.37,105.74,174.1,103.001,75.8,35.25,63.09,43.625,133.4
2023-01-10,390.58,387.25,390.65,386.27,65358094.0,20.58,22.74,76.02,114.65,4.2472,3.7306,3.6188,3.7539,-63.468,4.5,4.24,1.28,3.6,7.1,49.0,55.5,101.4,208.0,0.64,272.83,180.51,68.62,40.66,103.99,174.74,103.236,75.71,35.45,63.48,43.935,134.52
2023-01-11,395.52,392.23,395.6,391.38,68881080.0,21.09,22.74,78.94,115.1,4.2179,3.658,3.5392,3.6715,-68.291,4.5,4.2,1.26,3.6,7.1,49.0,55.5,101.4,208.0,0.7,277.55,182.76,69.14,40.83,105.68,174.62,103.188,76.21,35.78,64.58,44.07,135.28
2023-01-12,396.96,396.67,398.485,392.42,90157699.0,18.83,21.58,78.79,117.39,4.1447,3.5357,3.44,3.5768,-70.7,4.5,4.19,1.25,3.6,7.1,49.0,55.5,101.4,208.0,0.65,279.05,185.83,70.16,41.03,107.76,176.64,102.246,76.64,35.85,65.06,44.91,134.85
2023-01-13,398.5,393.62,399.1,393.34,63903932.0,18.35,21.14,80.89,121.7,4.2321,3.6107,3.5035,3.6103,-73.075,4.5,4.07,1.24,3.6,7.1,49.0,55.5,101.4,203.0,0.69,280.97,187.05,70.53,41.3,106.75,178.76,102.204,76.64,36.12,65.245,44.975,135.45
2023-01-17,397.77,398.48,400.23,397.06,62677281.0,19.36,21.45,83.44,120.01,4.2047,3.6209,3.5476,3.6606,-66.343,4.5,4.1,1.23,3.6,7.1,49.0,55.5,101.4,203.0,0.59,281.54,186.82,70.75,41.07,106.06,177.59,102.39,76.38,35.88,65.54,45.07,134.82
2023-01-18,391.49,399.01,400.12,391.28,99632262.0,20.34,22.27,85.33,119.91,4.0825,3.4385,3.3698,3.5378,-71.686,4.5,4.16,1.23,3.6,7.1,49.0,55.5,101.4,203.0,1.31,277.88,183.8,70.5,40.79,108.63,177.08,102.363,76.47,35.21,64.695,44.245,132.92
2023-01-19,388.64,389.36,391.08,387.26,86958919.0,20.52,22.45,85.14,121.23,4.1264,3.4828,3.3915,3.5613,-73.707,4.5,4.29,1.24,3.6,7.1,49.0,55.5,101.4,203.0,0.76,275.15,182.04,70.39,41.1,107.95,179.89,102.058,76.02,34.8,63.94,44.795,133.24
2023-01-20,395.88,390.1,396.04,388.38,91806356.0,19.85,21.72,81.03,120.19,4.1702,3.5614,3.4787,3.6547,-69.573,4.5,4.24,1.23,3.6,7.1,49.0,55.5,101.4,203.0,0.54,282.68,185.04,71.01,41.73,106.2,179.29,102.012,76.17,35.35,65.67,45.24,133.91
2023-01-23,400.63,396.72,402.645,395.72,84178797.0,19.81,21.6,78.34,120.91,4.2274,3.62,3.5098,3.6805,-71.964,4.5,4.16,1.22,3.6,7.1,49.0,55.5,101.4,203.0,0.53,288.96,187.33,71.3,42.03,105.7,179.63,102.138,76.16,35.76,67.165,45.3,134.37
2023-01-24,400.2,398.88,401.15,397.64,59524911.0,19.2,20.91,79.37,121.34,4.2103,3.5749,3.4527,3.6043,-76.179,4.5,4.2,1.22,3.6,7.1,49.0,55.5,101.4,203.0,0.68,288.37,186.93,71.21,42.06,107.22,180.28,101.918,76.21,35.78,67.135,45.125,133.48
2023-01-25,400.35,395.95,400.7,393.56,84800251.0,19.08,20.94,80.74,121.04,4.125,3.5453,3.4416,3.5937,-68.959,4.5,4.24,1.22,3.6,7.1,49.0,55.5,101.4,203.0,0.75,287.73,187.45,71.68,42.1,107.48,181.11,101.641,76.2,36.06,66.995,45.13,133.52
2023-01-26,404.75,403.13,404.92,400.03,72287425.0,18.73,20.7,81.6,121.49,4.1826,3.5929,3.4947,3.6397,-69.386,4.5,4.14,1.19,3.6,7.1,49.0,55.5,101.4,203.0,0.68,293.34,188.56,71.74,42.5,106.98,179.47,101.839,76.39,36.25,68.065,46.555,133.77
2023-01-27,405.68,403.655,408.16,403.44,68346180.0,18.51,20.47,83.31,121.97,4.199,3.6102,3.5035,3.619,-70.176,4.5,4.13,1.19,3.6,7.1,49.0,55.5,101.4,200.0,0.51,296.26,189.58,71.6,42.3,106.71,179.22,101.927,76.16,36.25,68.35,45.615,132.86
2023-01-30,400.59,402.8,405.13,400.28,74202018.0,19.94,21.37,86.13,120.69,4.2341,3.6621,3.5366,3.652,-70.367,4.5,4.18,1.19,3.6,7.1,49.0,55.5,101.4,200.0,0.56,290.27,186.94,71.14,41.45,106.32,178.76,102.276,75.74,36.07,67.045,44.57,131.66
2023-01-31,406.48,401.13,406.53,400.77,86811786.0,19.4,20.81,83.9,123.29,4.2011,3.6171,3.5069,3.6322,-69.841,4.5,4.2,1.17,3.5,6.4,47.3,54.5,106.0,200.0,0.66,294.62,191.48,71.55,41.36,107.17,179.41,102.097,76.33,36.56,67.98,44.965,133.36
2023-02-01,410.8,405.211,413.67,402.35,101459155.0,17.87,19.97,81.2,122.19,4.1063,3.5154,3.4166,3.5658,-69.587,4.75,4.19,1.18,3.5,6.4,47.3,54.5,106.0,200.0,0.59,300.92,194.49,72.19,41.87,108.18,181.67,101.217,76.76,36.56,69.58,44.08,133.99
2023-02-02,416.78,414.86,418.31,412.88,101654463.0,18.73,20.84,84.97,123.88,4.1042,3.4879,3.3927,3.5447,-71.561,4.75,3.86,1.15,3.5,6.4,47.3,54.5,106.0,200.0,0.49,311.72,198.32,72.09,41.62,108.32,177.9,101.75,77.2,36.66,71.48,43.075,133.08
2023-02-03,412.35,411.59,416.97,411.09,94736781.0,18.33,20.78,83.49,123.08,4.2886,3.659,3.5246,3.614,-76.997,4.75,3.85,1.15,3.5,6.4,47.3,54.5,106.0,215.0,0.57,306.18,196.99,71.42,40.88,106.7,173.46,102.915,76.39,36.59,70.885,42.98,132.69
2023-02-06,409.83,409.79,411.29,408.1,60295325.0,19.43,21.43,85.1,123.01,4.4724,3.8283,3.6399,3.6736,-83.875,4.75,3.9,1.15,3.5,6.4,47.3,54.5,106.0,215.0,0.71,303.59,194.14,70.69,40.28,105.91,173.82,103.621,75.9,36.58,70.02,42.785,131.95
2023-02-07,415.19,408.87,416.49,407.57,90990745.0,18.66,20.78,84.54,123.36,4.4644,3.8337,3.6735,3.7129,-79.506,4.75,3.91,1.15,3.5,6.4,47.3,54.5,106.0,215.0,0.6,309.88,195.58,71.29,40.44,105.06,173.98,103.427,76.17,37.0,71.77,44.175,132.8
2023-02-08,410.65,413.13,414.53,409.93,76227462.0,19.63,21.82,94.83,121.52,4.4208,3.7883,3.6098,3.671,-81.523,4.75,3.99,1.16,3.5,6.4,47.3,54.5,106.0,215.0,0.63,304.37,192.72,70.85,40.39,105.56,174.41,103.409,75.85,36.78,70.905,43.78,132.41
2023-02-09,407.09,414.41,414.57,405.81,78694859.0,20.71,22.5,97.96,120.58,4.482,3.8586,3.6579,3.7264,-82.829,4.75,3.99,1.17,3.5,6.4,47.3,54.5,106.0,215.0,0.63,301.68,189.93,70.98,40.58,104.56,173.03,103.221,75.36,36.37,70.515,43.405,131.25
2023-02-10,408.04,405.86,408.44,405.01,70769715.0,20.53,22.55,95.63,120.88,4.517,3.9226,3.732,3.8158,-78.939,4.75,4.14,1.18,3.5,6.4,47.3,54.5,106.0,219.0,0.69,299.7,190.31,70.67,40.19,103.39,173.36,103.63,74.78,36.49,70.19,45.105,132.49
2023-02-13,412.83,408.72,412.97,408.24,64913539.0,20.34,21.97,93.95,122.48,4.5175,3.9104,3.7016,3.7728,-82.226,4.75,4.14,1.2,3.5,6.4,47.3,54.5,106.0,219.0,0.6,304.5,192.6,71.38,40.52,104.26,172.48,103.345,74.97,36.91,71.405,44.99,133.59
2023-02-14,412.64,411.24,415.05,408.511,88389313.0,18.91,21.14,89.2,121.27,4.6154,4.001,3.7435,3.7746,-87.615,4.75,4.09,1.19,3.5,6.4,47.3,54.5,106.0,219.0,0.61,306.75,192.51,71.51,40.45,104.02,172.61,103.233,74.99,36.71,71.71,45.005,132.8
2023-02-15,413.98,410.35,414.06,409.47,61685279.0,18.23,20.68,84.81,121.36,4.6309,4.0368,3.8049,3.841,-83.431,4.75,4.08,1.19,3.5,6.4,47.3,54.5,106.0,219.0,0.58,309.1,194.46,71.19,40.11,103.05,170.89,103.923,74.87,36.75,72.045,44.24,132.14
2023-02-16,408.28,408.79,412.91,408.14,76431469.0,20.17,21.88,88.25,123.09,4.64,4.0727,3.8608,3.9142,-78.132,4.75,4.16,1.19,3.5,6.4,47.3,54.5,106.0,219.0,0.6,303.3,192.6,70.84,40.12,101.59,170.75,103.856,74.27,36.38,70.795,43.805,130.82
2023-02-17,407.26,406.06,407.51,404.05,89257815.0,20.02,21.77,87.97,122.89,4.6169,4.0291,3.8148,3.8693,-80.665,4.75,4.26,1.21,3.5,6.4,47.3,54.5,106.0,217.0,0.67,301.16,193.13,71.02,39.68,102.38,171.26,103.862,74.56,36.39,69.91,42.245,131.99
2023-02-21,399.09,403.06,404.16,398.82,82655924.0,22.87,23.38,95.99,124.09,4.7226,4.1745,3.9525,3.9718,-77.435,4.75,4.4,1.23,3.5,6.4,47.3,54.5,106.0,217.0,0.68,294.03,187.43,70.24,39.18,100.39,170.62,104.176,73.41,35.64,68.25,42.035,130.28
2023-02-22,398.54,399.52,401.13,397.02,83742293.0,22.29,22.68,91.24,122.81,4.6933,4.1514,3.9156,3.9142,-78.182,4.75,4.34,1.24,3.5,6.4,47.3,54.5,106.0,217.0,0.8,294.25,187.94,69.85,38.99,101.31,169.66,104.585,73.89,35.6,68.15,41.755,129.84
2023-02-23,400.66,401.56,402.2,396.25,96242399.0,21.14,21.74,85.16,121.85,4.6974,4.1064,3.8768,3.8848,-82.473,4.75,4.23,1.23,3.5,6.4,47.3,54.5,106.0,217.0,0.76,296.82,189.28,70.21,39.18,102.3,169.57,104.598,74.62,35.63,69.28,42.385,130.19
2023-02-24,396.38,395.42,397.25,393.64,108194413.0,21.67,22.43,85.26,121.22,4.8136,4.2152,3.9432,3.9309,-87.654,4.75,4.19,1.23,3.5,6.4,47.3,54.5,106.0,209.0,0.82,291.85,187.51,69.04,38.3,100.97,168.35,105.214,74.17,35.66,68.045,42.33,128.51
2023-02-27,397.73,399.87,401.29,396.75,80444736.0,20.95,21.59,83.21,120.54,4.7783,4.1677,3.9141,3.9263,-87.041,4.75,4.16,1.24,3.5,6.4,47.3,54.5,106.0,209.0,0.66,293.94,188.17,69.86,38.5,101.25,169.01,104.673,74.67,35.65,68.41,42.455,128.12
2023-02-28,396.26,397.23,399.28,396.15,96438567.0,20.7,21.32,80.76,120.01,4.8158,4.1818,3.92,3.9161,-90.203,4.75,4.12,1.24,3.6,6.0,47.5,54.9,103.4,209.0,0.69,293.56,188.18,69.35,38.23,101.71,169.78,104.869,74.53,35.72,68.26,41.845,127.17
2023-03-01,394.74,395.41,396.69,393.38,99706823.0,20.58,21.36,80.55,118.89,4.8764,4.2559,3.9925,3.9542,-89.016,4.75,4.1,1.25,3.6,6.0,47.5,54.9,103.4,209.0,0.97,291.2,188.42,69.72,39.05,100.37,170.76,104.483,73.87,35.6,67.76,42.67,126.96
2023-03-02,397.81,392.68,398.69,392.33,85404726.0,19.59,20.63,77.34,117.58,4.885,4.3125,4.0556,3.9935,-83.564,4.75,4.08,1.22,3.6,6.0,47.5,54.9,103.4,209.0,0.81,293.61,188.87,69.86,39.19,99.48,170.66,105.027,73.96,35.43,68.595,43.045,127.74
2023-03-03,404.19,399.71,404.45,399.03,90119952.0,18.49,19.98,75.93,118.14,4.8565,4.2457,3.9517,3.8757,-90.892,4.75,3.97,1.2,3.6,6.0,47.5,54.9,103.4,229.0,0.59,299.68,191.5,70.88,39.54,101.89,172.49,104.521,74.72,35.99,70.07,43.63,129.17
2023-03-06,404.47,405.05,407.45,404.01,72795946.0,18.61,19.99,76.41,120.19,4.8861,4.2528,3.9577,3.8932,-93.466,4.75,3.89,1.2,3.6,6.0,47.5,54.9,103.4,229.0,0.67,300.02,188.7,70.7,39.4,101.1,171.62,104.35,74.72,36.02,70.405,43.65,129.11
2023-03-07,398.27,404.42,404.67,397.625,108310596.0,19.59,20.59,78.54,120.56,5.0084,4.3114,3.9637,3.8721,-104.896,4.75,3.89,1.22,3.6,6.0,47.5,54.9,103.4,229.0,0.74,296.34,186.51,69.52,38.74,101.72,168.62,105.615,74.19,35.09,69.53,42.89,127.03
2023-03-08,398.92,398.39,399.71,396.59,74746632.0,19.11,20.19,74.67,119.32,5.0701,4.3489,3.9913,3.8941,-108.714,4.75,4.0,1.24,3.6,6.0,47.5,54.9,103.4,229.0,0.73,297.82,186.6,69.9,38.9,101.82,168.54,105.658,73.84,34.96,70.105,42.45,126.35
2023-03-09,391.56,399.74,401.48,390.53,111945322.0,22.61,22.87,92.04,122.22,4.87,4.1913,3.9032,3.8493,-97.309,4.75,4.17,1.27,3.6,6.0,47.5,54.9,103.4,229.0,0.81,292.66,181.41,69.39,38.04,102.07,170.2,105.309,73.43,33.54,69.1,41.85,125.07
2023-03-10,385.91,390.99,393.16,384.32,189252996.0,24.8,25.39,108.62,130.27,4.5862,3.9647,3.6987,3.7065,-89.383,4.75,4.5,1.36,3.6,6.0,47.5,54.9,103.4,222.0,1.11,288.55,176.18,68.65,37.84,105.59,173.87,104.576,73.44,32.93,67.885,41.315,124.15
2023-03-13,385.36,381.81,390.39,380.65,157789967.0,26.52,26.64,114.54,132.14,3.9764,3.6991,3.5732,3.7092,-41.15,4.75,4.94,1.52,3.6,6.0,47.5,54.9,103.4,222.0,0.76,290.69,173.31,68.18,37.9,105.83,177.86,103.595,73.04,31.63,68.255,40.475,125.31
2023-03-14,391.73,390.5,393.45,387.05,149752357.0,23.73,24.87,104.9,132.72,4.2504,3.853,3.6892,3.8033,-56.744,4.75,4.69,1.48,3.6,6.0,47.5,54.9,103.4,222.0,0.75,297.37,176.52,69.09,37.92,104.09,176.83,103.597,73.57,32.27,69.83,40.875,126.43
2023-03-15,389.28,385.89,389.49,383.71,172996933.0,26.14,27.2,122.75,136.62,3.8874,3.5509,3.4548,3.643,-44.092,4.75,5.11,1.63,3.6,6.0,47.5,54.9,103.4,222.0,0.8,298.93,173.61,66.95,37.27,106.1,178.21,104.646,73.33,31.41,69.87,38.68,126.32
2023-03-16,396.11,386.82,396.47,386.29,143753940.0,22.99,24.56,110.77,134.53,4.1572,3.7366,3.577,3.6986,-58.854,4.75,4.85,1.56,3.6,6.0,47.5,54.9,103.4,222.0,0.66,306.81,175.98,67.99,37.84,105.27,178.57,104.418,73.81,32.01,71.83,39.1,127.5
2023-03-17,389.99,393.22,394.4,388.55,140553411.0,25.51,27.42,124.75,131.34,3.8374,3.5002,3.4286,3.6197,-41.117,4.75,5.09,1.58,3.6,6.0,47.5,54.9,103.4,230.0,0.65,305.36,171.23,67.18,37.61,106.85,183.77,103.708,73.37,30.98,71.73,38.485,125.86
2023-03-20,393.74,390.8,394.17,390.07,93055783.0,24.15,25.85,110.16,129.91,3.9763,3.5892,3.4847,3.6655,-49.786,4.75,5.09,1.57,3.6,6.0,47.5,54.9,103.4,230.0,0.5,305.97,173.45,68.23,37.75,105.91,183.84,103.281,73.17,31.17,71.765,38.85,126.96
2023-03-21,398.91,397.24,399.41,395.58,91524248.0,21.38,23.57,101.19,127.46,4.1664,3.748,3.6094,3.7321,-56.34,4.75,4.81,1.45,3.6,6.0,47.5,54.9,103.4,230.0,0.62,310.34,176.65,69.26,38.09,105.0,180.37,103.256,73.97,31.96,72.345,40.195,127.73
2023-03-22,392.11,398.73,402.49,392.07,111746583.0,22.26,24.38,102.64,123.16,3.9367,3.5114,3.4341,3.6516,-50.68,5.0,4.96,1.45,3.6,6.0,47.5,54.9,103.4,230.0,0.63,306.12,171.64,69.02,38.24,106.4,183.44,102.346,74.04,31.22,71.625,39.34,125.8
2023-03-23,393.17,395.09,399.29,390.35,119351319.0,22.61,24.53,102.92,125.5,3.833,3.4392,3.4266,3.6978,-41.27,5.0,5.07,1.47,3.6,6.0,47.5,54.9,103.4,230.0,0.77,309.75,170.25,69.03,38.77,106.4,185.74,102.532,73.75,31.01,72.79,38.795,125.56
2023-03-24,395.75,391.841,395.84,389.4,107770124.0,21.74,23.96,99.72,126.88,3.7667,3.4075,3.3762,3.6438,-39.864,5.0,5.16,1.49,3.6,6.0,47.5,54.9,103.4,234.0,0.73,310.89,171.79,68.82,38.67,106.85,183.65,103.116,73.6,30.99,72.98,38.945,127.3
2023-03-27,396.49,398.12,398.92,395.56,74010408.0,20.6,22.87,95.07,126.0,3.9952,3.5911,3.5299,3.7604,-46.742,5.0,4.99,1.46,3.6,6.0,47.5,54.9,103.4,234.0,0.67,308.76,173.7,69.47,38.46,104.34,181.95,102.857,73.42,31.42,72.415,39.775,127.82
2023-03-28,395.6,395.77,396.49,393.69,62871680.0,19.97,22.38,91.41,122.9,4.0783,3.6757,3.5696,3.7694,-51.901,5.0,4.98,1.47,3.6,6.0,47.5,54.9,103.4,234.0,0.74,307.12,173.45,69.5,39.01,104.53,183.44,102.43,73.38,31.41,72.075,40.39,127.05
2023-03-29,401.35,399.925,401.6,398.68,77497876.0,19.12,21.49,87.78,123.76,4.0989,3.6819,3.5639,3.7587,-54.117,5.0,4.8,1.43,3.6,6.0,47.5,54.9,103.4,234.0,0.64,312.72,175.42,70.34,39.12,104.32,182.53,102.64,74.3,31.87,73.585,40.95,127.4
2023-03-30,403.7,404.09,404.35,401.76,69840049.0,19.02,21.45,85.34,126.31,4.1195,3.6837,3.5488,3.7339,-57.692,5.0,4.72,1.4,3.6,6.0,47.5,54.9,103.4,234.0,0.66,315.68,175.18,71.16,39.51,104.8,184.18,102.144,74.74,31.8,74.44,41.13,128.09
2023-03-31,409.39,404.66,409.7,404.55,112062624.0,18.7,21.23,87.53,125.85,4.0253,3.5733,3.4676,3.6499,-56.174,5.0,4.55,1.38,3.5,5.0,46.3,50.8,104.0,217.0,0.59,320.93,178.4,71.52,39.46,106.37,183.22,102.506,75.55,32.15,75.505,41.415,129.46
2023-04-03,410.95,408.85,411.37,408.44,67391097.0,18.55,20.83,84.07,126.21,3.9634,3.5011,3.4114,3.6283,-55.639,5.0,4.54,1.36,3.5,5.0,46.3,50.8,104.0,217.0,0.61,320.15,178.48,72.09,39.54,106.6,184.54,102.093,75.15,32.21,75.385,43.29,130.91
2023-04-04,408.67,411.62,411.92,407.24,66601534.0,19.0,21.34,84.72,127.03,3.8253,3.3881,3.3387,3.5965,-49.075,5.0,4.67,1.38,3.5,5.0,46.3,50.8,104.0,217.0,0.77,319.07,175.35,72.1,39.54,107.13,187.98,101.586,74.93,31.91,74.97,42.505,130.93
2023-04-05,407.6,407.91,408.7,405.88,65200243.0,19.08,21.48,85.92,126.98,3.7798,3.3709,3.3108,3.5701,-48.14,5.0,4.78,1.4,3.5,5.0,46.3,50.8,104.0,217.0,0.66,315.92,173.63,71.6,39.23,108.25,187.83,101.852,74.51,31.87,74.115,43.145,133.19
2023-04-06,409.19,406.77,409.48,405.678,63743345.0,18.4,21.0,84.64,124.42,3.8309,3.3755,3.305,3.5506,-53.212,5.0,4.77,1.41,3.5,5.0,46.3,50.8,104.0,217.0,0.69,318.05,173.89,71.94,39.39,108.53,186.49,101.822,74.84,31.99,74.535,42.49,133.52
2023-04-10,409.61,406.61,409.69,405.97,63681042.0,18.97,21.07,85.94,126.96,4.0077,3.5194,3.4168,3.6283,-59.919,5.0,4.65,1.4,3.5,5.0,46.3,50.8,104.0,217.0,0.63,317.87,175.75,71.89,39.43,106.78,185.11,102.578,74.77,32.06,74.495,42.83,133.43
2023-04-11,409.72,410.26,411.18,408.92,59297945.0,19.1,21.01,85.92,127.42,4.0224,3.528,3.4262,3.6196,-59.833,5.0,4.59,1.38,3.5,5.0,46.3,50.8,104.0,217.0,0.56,315.83,177.14,72.13,39.67,107.0,186.28,102.204,74.93,32.34,73.795,43.235,133.88
2023-04-12,408.05,411.87,412.17,407.44,86420379.0,19.09,21.05,87.06,130.0,3.9578,3.4625,3.3906,3.6248,-57.349,5.0,4.59,1.39,3.5,5.0,46.3,50.8,104.0,217.0,0.7,313.04,175.84,72.59,39.39,106.89,187.19,101.5,74.91,32.27,73.375,43.265,133.92
2023-04-13,413.47,409.18,413.84,407.9922,85814754.0,17.8,20.26,84.73,132.36,3.9683,3.5003,3.4449,3.6873,-52.966,5.0,4.46,1.37,3.5,5.0,46.3,50.8,104.0,217.0,0.62,319.17,178.17,73.52,39.93,106.05,189.72,101.011,75.42,32.56,74.74,43.535,135.66
2023-04-14,412.46,412.81,415.09,410.06,78161500.0,17.07,20.03,84.01,134.65,4.0989,3.6056,3.5128,3.7348,-59.241,5.0,4.39,1.34,3.5,5.0,46.3,50.8,104.0,223.0,0.65,318.57,176.51,73.22,39.72,105.08,186.36,101.552,75.28,32.88,74.325,43.615,134.57
2023-04-17,413.94,412.37,413.96,411.085,66436399.0,16.95,19.65,83.15,135.04,4.1942,3.6978,3.6004,3.8107,-59.807,5.0,4.41,1.33,3.5,5.0,46.3,50.8,104.0,223.0,0.65,318.84,178.78,73.09,39.89,103.83,185.53,102.103,75.08,33.26,74.595,43.1,134.46
2023-04-18,414.21,415.58,415.72,412.7802,63559997.0,16.83,19.82,88.01,137.12,4.1967,3.6786,3.5756,3.7874,-62.749,5.0,4.39,1.32,3.5,5.0,46.3,50.8,104.0,223.0,0.64,318.86,178.02,73.49,39.84,104.2,186.25,101.745,75.13,33.36,74.825,43.27,133.54
2023-04-19,414.14,412.22,415.08,412.16,55227330.0,16.46,20.02,95.04,130.48,4.2437,3.7013,3.5908,3.7865,-65.926,5.0,4.41,1.33,3.5,5.0,46.3,50.8,104.0,223.0,0.8,318.71,178.25,73.26,39.44,104.1,185.36,101.968,74.83,33.44,74.61,43.12,133.95
2023-04-20,411.88,411.21,413.7,410.27,75840359.0,17.17,20.55,98.46,133.49,4.1423,3.6264,3.5318,3.7401,-61.475,5.0,4.54,1.34,3.5,5.0,46.3,50.8,104.0,223.0,0.74,316.28,177.33,73.26,39.38,104.99,186.09,101.84,74.76,33.34,74.12,42.74,133.4
2023-04-21,412.2,412.19,412.68,410.17,73457422.0,16.77,20.39,96.94,132.94,4.1816,3.663,3.5718,3.7757,-61.405,5.0,4.48,1.33,3.5,5.0,46.3,50.8,104.0,210.0,0.61,316.61,177.56,73.63,39.01,104.4,184.25,101.822,74.99,33.22,73.88,42.49,134.3
2023-04-24,412.63,411.99,413.07,410.6,64332095.0,16.89,20.4,93.96,132.4,4.0882,3.5706,3.4901,3.7092,-60.24,5.0,4.48,1.34,3.5,5.0,46.3,50.8,104.0,210.0,0.57,315.95,177.44,73.82,38.92,105.41,184.81,101.348,75.2,33.14,73.555,43.14,135.05
2023-04-25,406.08,410.58,411.16,406.02,97766721.0,18.76,21.65,94.35,130.29,3.9544,3.4491,3.3996,3.6585,-55.699,5.0,4.65,1.37,3.5,5.0,46.3,50.8,104.0,210.0,0.9,309.99,173.06,72.79,38.19,106.96,185.75,101.863,75.08,32.57,71.985,42.33,133.61
2023-04-26,404.36,406.72,407.84,403.78,80447049.0,18.84,21.54,90.65,130.5,3.9509,3.4975,3.4485,3.7022,-50.448,5.0,4.66,1.37,3.5,5.0,46.3,50.8,104.0,210.0,0.87,311.87,171.39,72.74,38.41,105.82,184.74,101.467,74.79,32.26,73.055,41.765,131.71
2023-04-27,412.41,407.0,412.69,406.74,92968369.0,17.03,20.37,85.79,136.6,4.0682,3.5912,3.5204,3.7499,-55.396,5.0,4.51,1.35,3.5,5.0,46.3,50.8,104.0,210.0,0.7,320.35,173.68,73.65,38.93,104.77,184.75,101.503,75.04,32.78,74.605,41.915,132.4
2023-04-28,415.93,411.49,415.94,411.43,89433137.0,15.78,19.54,86.9,138.44,4.0064,3.4828,3.422,3.6733,-58.648,5.0,4.52,1.36,3.5,5.0,46.3,50.8,104.0,214.0,0.76,322.56,175.2,73.62,39.13,106.46,184.8,101.659,75.36,33.17,75.415,42.565,133.53
2023-05-01,415.51,415.47,417.62,415.265,62122254.0,16.08,19.67,88.21,135.66,4.1407,3.6345,3.5681,3.8081,-57.879,5.0,4.39,1.38,3.5,5.0,46.3,50.8,104.0,214.0,0.7,322.19,175.3,73.51,39.0,103.13,183.97,102.151,74.69,33.08,75.46,42.085,134.22
2023-05-02,410.84,414.77,414.82,407.82,103998484.0,17.78,20.75,91.46,131.09,3.9613,3.4484,3.4239,3.7119,-53.968,5.0,4.64,1.41,3.5,5.0,46.3,50.8,104.0,214.0,0.78,319.38,171.7,72.77,38.62,105.7,187.52,101.958,74.62,32.33,74.755,40.255,133.64
2023-05-03,408.02,411.36,413.87,407.77,91531769.0,18.34,21.29,91.54,130.41,3.8048,3.298,3.3356,3.6821,-47.13,5.25,4.73,1.43,3.5,5.0,46.3,50.8,104.0,214.0,0.75,317.29,172.33,72.96,38.56,106.29,189.11,101.343,74.58,31.96,74.125,39.495,133.46
2023-05-04,405.13,406.93,407.27,403.74,94901863.0,20.09,22.77,98.74,130.54,3.7903,3.3286,3.3787,3.7296,-41.387,5.25,4.89,1.48,3.5,5.0,46.3,50.8,104.0,214.0,0.82,316.17,170.4,72.81,38.87,105.24,190.44,101.399,74.36,31.55,73.77,39.055,132.4
2023-05-05,412.63,408.91,413.72,408.64,87891791.0,17.19,20.78,91.8,134.32,3.9139,3.4104,3.437,3.7535,-48.11,5.25,4.71,1.46,3.5,5.0,46.3,50.8,104.0,223.0,0.69,322.89,174.45,73.88,39.39,104.89,187.46,101.214,74.76,32.33,75.62,40.115,133.59
2023-05-08,412.74,412.97,413.24,411.28,50046768.0,16.98,20.71,91.98,132.32,4.0012,3.4912,3.5072,3.8227,-49.818,5.25,4.66,1.47,3.5,5.0,46.3,50.8,104.0,223.0,0.73,323.69,174.05,73.9,39.41,103.42,187.69,101.377,74.55,32.38,75.58,40.115,133.3
2023-05-09,410.93,411.13,412.09,410.6894,49220119.0,17.71,21.17,92.45,133.88,4.0221,3.4947,3.5186,3.8381,-50.77,5.25,4.66,1.46,3.5,5.0,46.3,50.8,104.0,223.0,0.67,321.64,173.53,73.6,39.17,103.05,189.02,101.605,74.36,32.26,75.0,40.13,132.41
2023-05-10,412.85,413.88,414.535,408.87,96142922.0,16.94,20.69,97.53,138.63,3.9098,3.3845,3.4426,3.7965,-47.133,5.25,4.71,1.46,3.5,5.0,46.3,50.8,104.0,223.0,0.68,325.14,174.41,73.45,39.15,104.05,188.75,101.477,74.81,32.08,75.915,39.675,132.78
2023-05-11,412.13,411.95,412.43,409.97,70157064.0,16.93,20.62,97.32,138.18,3.8994,3.3553,3.3843,3.7402,-51.719,5.25,4.73,1.46,3.5,5.0,46.3,50.8,104.0,223.0,0.67,326.2,173.07,73.27,39.01,105.15,187.13,102.058,74.69,32.03,75.575,39.2,132.37
2023-05-12,411.59,413.42,413.64,409.07,70481548.0,17.03,20.66,100.54,140.26,3.9872,3.4462,3.4625,3.7888,-53.1,5.25,4.71,1.45,3.5,5.0,46.3,50.8,104.0,225.0,0.7,325.03,172.72,73.14,38.55,104.27,186.81,102.681,74.42,31.9,75.475,39.26,132.19
2023-05-15,413.01,412.22,413.43,410.23,54289383.0,17.12,20.31,94.65,138.57,4.0104,3.4686,3.5019,3.8419,-51.273,5.25,4.7,1.47,3.5,5.0,46.3,50.8,104.0,225.0,0.56,326.79,174.83,73.7,39.26,103.19,187.21,102.434,74.4,32.16,76.1,39.46,131.96
2023-05-16,410.25,411.86,412.815,410.24,57705495.0,17.99,20.9,97.63,137.32,4.0821,3.5257,3.5339,3.8537,-55.262,5.25,4.84,1.48,3.5,5.0,46.3,50.8,104.0,225.0,0.68,327.16,172.28,73.0,38.98,102.88,184.87,102.564,73.88,31.86,76.18,38.49,130.86
2023-05-17,415.23,412.35,415.855,410.635,87286957.0,16.87,20.05,92.76,137.53,4.154,3.5848,3.5641,3.8538,-59.627,5.25,4.84,1.46,3.5,5.0,46.3,50.8,104.0,225.0,0.68,331.12,176.12,73.34,39.16,102.58,184.23,102.882,74.08,32.5,77.195,39.23,131.02
2023-05-18,419.23,414.9,419.67,414.67,97177195.0,16.05,19.33,89.06,138.06,4.2517,3.6843,3.6457,3.904,-61.236,5.25,4.81,1.45,3.5,5.0,46.3,50.8,104.0,225.0,0.65,337.27,177.19,73.23,38.95,101.82,181.84,103.584,74.12,32.74,78.775,39.515,130.7
2023-05-19,418.62,420.17,420.72,417.35,103793317.0,16.81,20.04,94.77,135.52,4.2659,3.7319,3.6726,3.9271,-59.752,5.25,4.77,1.43,3.5,5.0,46.3,50.8,104.0,227.0,0.56,336.51,176.11,73.66,38.98,101.1,183.64,103.198,74.2,32.6,78.74,39.82,131.31
2023-05-22,418.79,418.64,420.39,417.35,60745399.0,17.21,20.36,97.64,136.24,4.3154,3.7619,3.7148,3.9662,-60.699,5.25,4.49,1.42,3.5,5.0,46.3,50.8,104.0,227.0,0.54,337.64,178.26,73.68,39.3,100.74,183.21,103.198,74.53,32.66,78.89,39.655,131.44
2023-05-23,414.09,417.08,418.722,413.68,86383493.0,18.53,21.06,101.91,136.42,4.316,3.7426,3.6919,3.9476,-63.477,5.25,4.56,1.41,3.5,5.0,46.3,50.8,104.0,227.0,0.59,333.36,177.42,72.6,38.69,101.03,183.43,103.488,74.14,32.28,77.725,40.08,130.0
2023-05-24,411.09,412.42,412.82,409.8795,89213678.0,20.03,22.02,106.52,138.37,4.3757,3.8186,3.7419,3.9859,-63.797,5.25,4.64,1.41,3.5,5.0,46.3,50.8,104.0,227.0,0.77,331.65,175.54,71.54,38.4,100.53,181.95,103.887,73.62,31.86,77.155,40.255,129.11
2023-05-25,414.65,414.74,416.16,412.4101,90961606.0,19.14,21.38,103.88,140.73,4.5329,3.9131,3.8174,3.9953,-71.762,5.25,4.53,1.39,3.5,5.0,46.3,50.8,104.0,227.0,0.56,339.72,174.17,71.44,38.32,100.28,180.2,104.251,73.57,31.85,80.115,39.54,127.79
2023-05-26,420.02,415.33,420.77,415.25,93829975.0,17.95,20.44,97.57,146.46,4.5619,3.9271,3.7983,3.9607,-76.567,5.25,4.46,1.37,3.5,5.0,46.3,50.8,104.0,230.0,0.53,348.4,176.15,72.14,39.0,101.09,180.92,104.206,74.02,32.11,82.39,39.385,127.53
2023-05-30,420.18,422.03,422.58,418.735,72215960.0,17.46,20.13,91.91,145.14,4.4501,3.8067,3.6866,3.8904,-76.561,5.25,4.61,1.36,3.5,5.0,46.3,50.8,104.0,230.0,0.51,349.98,175.5,71.41,38.55,102.1,182.04,104.165,74.34,32.1,82.83,38.98,126.74
2023-05-31,417.85,418.28,419.22,416.22,110811780.0,17.94,20.21,91.39,158.3,4.4027,3.7547,3.6426,3.8611,-76.424,5.25,4.59,1.38,3.6,4.0,46.4,51.0,102.5,230.0,0.81,347.99,173.77,70.67,38.19,102.99,182.32,104.326,74.11,31.76,82.14,38.295,127.83
2023-06-01,421.82,418.09,422.92,416.79,88865018.0,15.65,18.75,85.07,151.98,4.3408,3.6975,3.595,3.8149,-74.99,5.25,4.55,1.38,3.6,4.0,46.4,51.0,102.5,230.0,0.58,352.01,175.65,71.72,38.87,103.12,183.76,103.56,74.2,32.1,82.975,38.77,128.67
2023-06-02,427.92,424.5,428.74,423.95,91426171.0,14.6,17.92,86.16,142.61,4.4969,3.8437,3.6907,3.8877,-81.452,5.25,4.24,1.34,3.6,4.0,46.4,51.0,102.5,253.0,0.52,354.65,182.02,72.65,39.54,101.99,181.05,104.015,74.58,32.8,83.45,39.95,130.32
2023-06-05,427.1,428.28,429.67,426.37,70316043.0,14.73,17.9,85.77,143.18,4.4659,3.8176,3.6831,3.8831,-78.695,5.25,4.29,1.36,3.6,4.0,46.4,51.0,102.5,253.0,0.57,354.9,179.58,72.23,39.53,101.8,182.14,104.002,74.52,32.63,82.97,39.685,130.79
2023-06-06,428.03,426.67,428.5772,425.99,64022175.0,13.96,17.04,85.74,146.27,4.4786,3.8072,3.6602,3.8439,-82.267,5.25,4.26,1.36,3.6,4.0,46.4,51.0,102.5,253.0,0.55,354.84,184.31,72.83,39.88,102.4,182.34,104.125,74.64,33.04,82.95,40.005,129.7
2023-06-07,426.55,428.44,429.62,426.11,85373275.0,13.94,17.14,84.0,151.01,4.5563,3.9404,3.7952,3.945,-76.317,5.25,4.22,1.36,3.6,4.0,46.4,51.0,102.5,253.0,0.59,348.82,187.24,70.89,39.4,100.88,180.15,104.099,74.23,33.17,81.71,41.065,129.19
2023-06-08,429.13,426.62,429.6,425.82,61952842.0,13.65,16.86,87.63,155.53,4.5147,3.8581,3.7179,3.8877,-80.308,5.25,4.27,1.37,3.6,4.0,46.4,51.0,102.5,253.0,0.58,353.15,186.54,71.64,39.68,102.06,182.53,103.343,74.7,33.14,82.595,40.89,130.02
2023-06-09,429.9,429.96,431.99,428.87,85647268.0,13.83,16.96,89.7,152.78,4.5956,3.9128,3.7394,3.8804,-85.834,5.25,4.16,1.38,3.6,4.0,46.4,51.0,102.5,258.0,0.5,354.5,185.03,71.52,39.86,101.92,182.04,103.557,74.72,33.15,83.005,40.665,130.42
2023-06-12,433.8,430.92,433.88,430.17,76256703.0,15.01,17.28,92.83,157.71,4.577,3.8936,3.7356,3.8813,-84.565,5.25,4.21,1.37,3.6,4.0,46.4,51.0,102.5,258.0,0.52,360.49,185.8,71.83,39.94,102.22,181.88,103.654,74.64,33.14,84.81,40.275,130.89
2023-06-13,436.66,435.32,437.33,434.63,95899704.0,14.61,17.23,92.1,156.44,4.6662,3.9907,3.8133,3.92,-85.717,5.25,4.07,1.35,3.6,4.0,46.4,51.0,102.5,258.0,0.56,363.26,187.93,72.51,40.34,101.21,180.54,103.338,74.73,33.34,85.325,40.465,131.55
2023-06-14,437.18,437.01,439.0612,433.59,100612080.0,13.88,16.86,91.91,150.37,4.6879,3.9891,3.7862,3.8823,-90.602,5.25,4.06,1.35,3.6,4.0,46.4,51.0,102.5,258.0,0.74,365.9,185.91,72.78,40.64,102.02,180.64,102.948,74.76,33.21,86.205,40.05,130.2
2023-06-15,442.6,436.33,443.9,436.23,110303091.0,14.5,17.18,93.95,147.86,4.6418,3.9098,3.7165,3.8376,-93.373,5.25,4.08,1.33,3.6,4.0,46.4,51.0,102.5,258.0,0.52,370.26,187.44,73.55,41.02,103.0,181.91,102.115,75.12,33.65,87.315,40.49,132.22
2023-06-16,439.46,443.02,443.6078,438.97,114165849.0,13.54,16.75,90.69,143.07,4.7141,3.9828,3.7613,3.8522,-95.487,5.25,4.01,1.31,3.6,4.0,46.4,51.0,102.5,260.0,0.46,367.93,185.94,73.39,40.88,102.6,181.63,102.243,74.93,33.58,86.595,40.43,132.21
2023-06-20,437.18,437.45,438.37,435.03,76160359.0,13.88,17.3,96.26,138.75,4.6847,3.9529,3.7207,3.8114,-97.038,5.25,4.09,1.31,3.6,4.0,46.4,51.0,102.5,260.0,0.5,366.9,185.13,72.42,40.08,103.31,179.75,102.54,74.73,33.18,85.83,39.18,131.52
2023-06-21,434.94,436.16,436.99,434.33,76982251.0,13.2,16.89,92.73,133.72,4.7152,3.9566,3.7189,3.807,-100.276,5.25,4.17,1.31,3.6,4.0,46.4,51.0,102.5,260.0,0.53,361.9,184.7,72.53,39.89,103.56,179.49,102.071,74.54,33.14,84.56,39.49,131.54
2023-06-22,436.51,433.95,436.62,433.6,70637175.0,12.91,16.56,90.64,136.15,4.7909,4.042,3.7946,3.8686,-99.842,5.25,4.16,1.3,3.6,4.0,46.4,51.0,102.5,260.0,0.64,366.17,183.33,72.08,39.75,102.31,177.71,102.386,74.32,32.88,85.25,38.96,132.44
2023-06-23,433.21,432.93,435.06,432.47,92074537.0,13.44,16.87,92.34,137.85,4.7412,3.991,3.7347,3.8115,-101.496,5.25,4.26,1.32,3.6,4.0,46.4,51.0,102.5,236.0,0.64,362.54,180.57,70.96,39.17,103.33,178.2,102.903,74.19,32.74,84.325,38.68,132.0
2023-06-26,431.44,432.62,434.61,431.19,72823560.0,14.25,17.05,95.42,140.09,4.744,3.968,3.7212,3.8142,-102.713,5.25,4.29,1.32,3.6,4.0,46.4,51.0,102.5,236.0,0.55,357.68,180.75,71.05,39.3,103.44,178.51,102.692,74.23,32.67,83.72,39.375,131.25
2023-06-27,436.17,432.35,436.81,431.88,72813699.0,13.74,16.44,91.33,140.56,4.7554,4.0305,3.7639,3.8422,-99.565,5.25,4.15,1.31,3.6,4.0,46.4,51.0,102.5,236.0,0.52,363.83,183.36,71.67,39.7,103.17,177.69,102.492,74.48,32.93,85.37,39.465,130.95
2023-06-28,436.39,435.05,437.44,434.41,75635976.0,13.43,15.9,85.79,138.37,4.7098,3.967,3.7078,3.807,-100.828,5.25,4.13,1.3,3.6,4.0,46.4,51.0,102.5,236.0,0.59,364.54,184.26,71.72,39.46,103.61,177.28,102.905,74.91,32.85,85.42,39.865,130.53
2023-06-29,438.11,435.96,438.28,435.54,67882304.0,13.54,16.1,85.26,143.05,4.8593,4.1309,3.8383,3.8999,-102.72,5.25,4.0,1.27,3.6,4.0,46.4,51.0,102.5,236.0,0.58,363.81,186.38,71.62,39.25,101.74,177.09,103.342,74.71,33.42,85.57,40.325,131.38
2023-06-30,443.28,441.44,444.3,441.11,104964019.0,13.59,16.02,83.11,149.96,4.8954,4.1556,3.8367,3.8605,-106.297,5.25,3.9,1.23,3.6,3.0,46.3,53.8,110.1,248.0,0.53,369.42,187.27,72.5,39.56,102.94,178.27,102.912,75.07,33.71,86.93,40.585,132.73
2023-07-03,443.79,442.92,444.08,442.63,32793378.0,13.57,16.07,84.17,149.96,4.9358,4.1874,3.8545,3.8632,-108.548,5.25,3.87,1.22,3.6,3.0,46.3,53.8,110.1,248.0,0.52,370.29,187.65,72.42,40.0,102.08,178.47,102.988,74.55,33.9,86.745,40.68,131.64
2023-07-05,443.13,441.91,443.889,441.9,58418432.0,14.18,16.51,87.76,144.08,4.9445,4.2492,3.9315,3.9286,-101.929,5.25,3.89,1.23,3.6,3.0,46.3,53.8,110.1,248.0,0.58,370.28,185.78,71.61,39.76,101.11,177.84,103.373,74.32,33.83,86.21,40.455,131.57
2023-07-06,439.66,439.42,440.1,437.06,80658302.0,15.44,17.52,95.3,148.45,4.9806,4.3468,4.0291,3.9997,-95.99,5.25,3.98,1.25,3.6,3.0,46.3,53.8,110.1,248.0,0.57,367.46,182.78,70.37,38.95,99.68,177.31,103.166,73.78,33.54,85.98,39.545,130.52
2023-07-07,438.55,438.63,442.64,438.3,86134178.0,14.83,17.24,94.49,148.13,4.9459,4.3597,4.0616,4.0453,-89.051,5.25,3.97,1.24,3.6,3.0,46.3,53.8,110.1,229.0,0.52,366.24,184.71,70.9,39.39,99.08,178.64,102.272,73.85,33.59,85.605,40.395,129.0
2023-07-10,439.66,438.18,439.84,437.585,62443501.0,15.07,17.25,95.33,142.49,4.8576,4.2355,3.9938,4.032,-87.015,5.25,4.01,1.24,3.6,3.0,46.3,53.8,110.1,229.0,0.51,366.36,187.87,71.1,39.42,99.21,178.78,101.972,74.22,33.74,85.83,40.71,130.02
2023-07-11,442.46,440.45,442.97,439.44,64463752.0,14.84,16.97,95.21,143.99,4.8726,4.2285,3.97,4.0073,-90.894,5.25,3.93,1.23,3.6,3.0,46.3,53.8,110.1,229.0,0.39,368.17,189.8,71.74,39.82,99.72,179.45,101.732,74.62,34.14,86.015,41.605,130.05
2023-07-12,446.02,446.39,447.4799,444.91,91924527.0,13.54,16.11,95.85,148.32,4.7462,4.0734,3.8573,3.9473,-89.095,5.25,3.82,1.22,3.6,3.0,46.3,53.8,110.1,229.0,0.52,372.82,191.87,73.11,40.71,100.83,181.88,100.521,75.2,34.36,86.99,41.99,129.7
2023-07-13,449.56,447.9,450.38,447.45,72425241.0,13.61,16.12,96.43,147.08,4.6303,3.9472,3.7634,3.9009,-87.537,5.25,3.85,1.23,3.6,3.0,46.3,53.8,110.1,229.0,0.48,379.15,193.42,74.28,41.24,101.89,182.01,99.77,75.65,34.48,88.125,41.83,129.75
2023-07-14,449.28,450.475,451.36,448.49,69815823.0,13.34,16.04,94.89,149.48,4.7656,4.047,3.8322,3.9278,-94.193,5.25,3.79,1.24,3.6,3.0,46.3,53.8,110.1,228.0,0.48,379.07,191.53,73.86,41.01,101.29,181.43,99.914,75.1,34.25,87.995,40.725,131.7
2023-07-17,450.84,449.13,451.93,449.08,52680221.0,13.48,16.27,95.98,142.24,4.7424,4.0189,3.8068,3.9287,-93.988,5.25,3.83,1.25,3.6,3.0,46.3,53.8,110.1,228.0,0.56,382.61,193.58,73.77,41.06,101.34,181.56,99.842,75.24,34.58,89.12,40.645,131.1
2023-07-18,454.19,450.5,454.86,450.0484,80744448.0,13.3,16.13,92.99,141.86,4.7659,4.0066,3.7853,3.8945,-98.482,5.25,3.79,1.24,3.6,3.0,46.3,53.8,110.1,228.0,0.5,385.74,195.97,74.25,40.76,101.8,183.64,99.941,75.45,34.97,90.13,41.055,132.07
2023-07-19,455.2,455.01,456.43,454.1119,65891688.0,13.76,16.56,93.57,141.25,4.766,3.9855,3.7483,3.8397,-101.987,5.25,3.81,1.24,3.6,3.0,46.3,53.8,110.1,228.0,0.48,385.65,196.8,74.21,40.68,102.95,183.67,100.281,75.51,35.12,89.905,41.295,132.68
2023-07-20,452.18,454.17,455.1,451.44,70591642.0,13.99,16.66,94.06,142.82,4.8387,4.1017,3.8503,3.9084,-99.262,5.25,3.79,1.23,3.6,3.0,46.3,53.8,110.1,228.0,0.61,376.76,195.08,73.83,40.38,101.7,182.74,100.88,75.18,35.38,88.11,41.78,134.88
2023-07-21,452.18,453.96,454.165,452.17,71275618.0,13.6,16.4,93.36,142.55,4.8372,4.093,3.8349,3.8974,-101.518,5.25,3.76,1.22,3.6,3.0,46.3,53.8,110.1,231.0,0.56,375.63,194.46,73.98,40.32,101.73,182.18,101.071,75.37,35.26,88.065,42.15,136.24
2023-07-24,454.2,453.37,455.04,452.298,54023382.0,13.91,16.26,91.74,143.75,4.9191,4.1515,3.8725,3.9223,-105.09,5.25,3.73,1.21,3.6,3.0,46.3,53.8,110.1,231.0,0.5,376.23,194.94,73.8,40.87,101.36,181.4,101.346,75.24,35.6,88.22,42.83,135.94
2023-07-25,455.44,453.92,456.735,453.87,55191240.0,13.86,16.22,90.0,142.18,4.8744,4.1676,3.8845,3.9288,-99.618,5.25,3.72,1.2,3.6,3.0,46.3,53.8,110.1,231.0,0.58,378.78,194.92,73.88,41.21,101.17,182.41,101.349,75.19,35.37,89.23,43.055,135.88
2023-07-26,455.51,454.47,456.99,453.38,71052885.0,13.19,15.79,85.38,143.58,4.8516,4.1163,3.8668,3.9344,-98.895,5.5,3.76,1.18,3.6,3.0,46.3,53.8,110.1,231.0,0.55,377.52,196.46,74.08,41.45,101.27,183.3,100.887,75.49,35.58,88.03,43.07,135.79
2023-07-27,452.49,459.02,459.44,451.55,92194375.0,14.41,16.63,94.05,147.93,4.9284,4.2388,3.9982,4.039,-93.449,5.5,3.7,1.17,3.6,3.0,46.3,53.8,110.1,231.0,0.56,376.62,193.92,73.91,40.94,99.3,180.42,101.773,74.89,35.13,87.775,42.795,134.79
2023-07-28,456.92,455.88,457.78,452.4918,80011790.0,13.33,15.92,87.38,143.48,4.8744,4.1774,3.9507,4.0105,-93.207,5.5,3.71,1.15,3.6,3.0,46.3,53.8,110.1,238.0,0.71,383.48,196.43,74.44,41.93,99.81,181.86,101.622,75.32,35.2,88.97,42.925,135.19
2023-07-31,457.79,457.41,458.16,456.045,62040449.0,13.63,16.01,86.68,145.47,4.8766,4.1774,3.9588,4.0096,-92.196,5.5,3.67,1.12,3.5,3.2,46.7,52.8,114.0,238.0,0.56,383.68,198.71,74.46,41.95,100.05,182.35,101.855,75.5,35.33,89.175,43.74,134.15
2023-08-01,456.48,456.27,457.25,455.49,55502199.0,13.93,16.34,87.49,142.57,4.9016,4.216,4.023,4.0919,-88.283,5.5,3.73,1.15,3.5,3.2,46.7,52.8,114.0,238.0,0.58,382.79,197.8,73.53,41.42,98.14,180.46,102.303,74.77,35.33,89.325,43.535,133.45
2023-08-02,450.13,453.25,453.52,449.3499,93933369.0,16.09,17.96,96.2,145.75,4.8767,4.2371,4.0775,4.1749,-80.547,5.5,3.85,1.18,3.5,3.2,46.7,52.8,114.0,238.0,0.62,374.39,195.11,72.16,40.43,97.09,179.6,102.59,74.45,35.03,87.115,42.965,133.54
2023-08-03,448.84,448.04,450.79,447.37,64419692.0,15.92,17.72,94.04,147.38,4.881,4.2917,4.1751,4.2909,-70.803,5.5,3.88,1.19,3.5,3.2,46.7,52.8,114.0,238.0,0.62,373.79,194.56,71.96,40.59,94.85,179.54,102.542,74.21,35.05,86.76,43.4,132.87
2023-08-04,446.81,450.72,452.895,446.27,100128902.0,17.1,18.61,99.63,153.35,4.7641,4.1336,4.0338,4.2007,-73.655,5.5,3.9,1.18,3.5,3.2,46.7,52.8,114.0,258.0,0.66,372.04,194.17,72.16,40.54,96.53,180.19,102.017,74.65,34.91,85.58,43.46,132.4
2023-08-07,450.71,448.71,450.865,447.99,58357464.0,15.77,17.72,92.99,148.54,4.7619,4.1651,4.0885,4.2698,-67.975,5.5,3.88,1.18,3.5,3.2,46.7,52.8,114.0,258.0,0.65,375.19,194.3,72.77,40.48,95.58,179.78,102.047,74.79,35.4,85.82,43.51,133.93
2023-08-08,448.75,448.08,450.6952,445.2705,71361324.0,15.99,18.13,94.91,142.3,4.7514,4.1108,4.022,4.2067,-73.356,5.5,3.9,1.19,3.5,3.2,46.7,52.8,114.0,258.0,0.65,372.0,193.08,72.33,39.99,96.69,178.64,102.528,74.95,35.08,85.16,43.725,134.96
2023-08-09,445.75,449.03,449.1999,444.96,78789575.0,15.96,18.05,97.43,137.12,4.808,4.137,4.0081,4.1701,-80.007,5.5,3.85,1.2,3.5,3.2,46.7,52.8,114.0,258.0,0.68,367.91,191.57,72.31,40.09,97.19,177.79,102.49,74.96,34.82,84.06,44.275,134.92
2023-08-10,445.91,448.19,451.7,444.7,93005495.0,15.85,18.16,99.78,136.58,4.8417,4.2321,4.1055,4.2518,-74.037,5.5,3.75,1.2,3.5,3.2,46.7,52.8,114.0,258.0,0.7,368.59,190.72,72.62,40.15,95.59,177.6,102.524,74.94,34.85,84.07,44.27,134.83
2023-08-11,445.65,443.97,446.7007,443.345,68690902.0,14.84,17.56,96.68,135.16,4.8947,4.3012,4.1522,4.2614,-74.455,5.5,3.73,1.19,3.5,3.2,46.7,52.8,114.0,248.0,0.8,366.24,190.99,72.13,39.56,95.37,177.6,102.842,74.83,34.92,83.45,44.95,135.67
2023-08-14,448.11,444.7,448.11,444.38,47867441.0,14.82,17.41,95.33,136.9,4.9669,4.3599,4.1913,4.2888,-78.191,5.5,3.76,1.2,3.5,3.2,46.7,52.8,114.0,248.0,0.7,370.35,190.66,71.81,39.37,95.16,177.06,103.19,74.82,34.85,84.78,44.76,136.08
2023-08-15,442.89,446.27,446.64,442.3,75707534.0,16.46,18.59,103.28,136.69,4.9522,4.3724,4.211,4.3155,-74.759,5.5,3.75,1.21,3.5,3.2,46.7,52.8,114.0,248.0,0.75,366.42,188.14,70.92,38.92,94.58,176.59,103.209,74.58,34.21,83.945,43.83,135.58
2023-08-16,439.64,442.46,444.18,439.53,80107206.0,16.78,18.97,104.54,132.09,4.9652,4.4029,4.2504,4.3519,-71.904,5.5,3.74,1.22,3.5,3.2,46.7,52.8,114.0,248.0,1.03,362.54,185.84,70.34,38.57,93.84,175.57,103.431,74.35,34.16,83.145,43.45,134.55
2023-08-17,436.29,441.16,441.43,435.75,95711315.0,17.89,19.83,106.74,132.51,4.9292,4.4083,4.2741,4.3868,-65.718,5.5,3.87,1.24,3.5,3.2,46.7,52.8,114.0,248.0,0.97,358.58,183.65,69.84,38.66,93.44,175.3,103.572,74.04,33.99,82.355,43.97,133.48
2023-08-18,436.5,433.37,437.57,433.01,98851960.0,17.3,19.24,97.28,134.77,4.9425,4.3854,4.2546,4.3751,-69.219,5.5,3.92,1.24,3.5,3.2,46.7,52.8,114.0,240.0,0.76,358.13,184.65,69.84,38.4,93.77,175.33,103.375,74.09,33.98,82.48,44.405,133.53
2023-08-21,439.34,437.55,440.11,435.32,68718957.0,17.13,18.77,95.24,133.59,5.0006,4.4662,4.3379,4.4465,-66.692,5.5,3.88,1.23,3.5,3.2,46.7,52.8,114.0,240.0,0.55,363.9,184.38,70.1,38.49,92.52,175.81,103.3,74.07,33.94,84.055,44.125,133.67
2023-08-22,438.15,441.18,441.18,437.57,65062861.0,16.97,18.72,92.62,134.06,5.0459,4.4879,4.3241,4.4004,-72.612,5.5,3.85,1.22,3.5,3.2,46.7,52.8,114.0,240.0,0.68,363.38,183.83,69.97,38.41,93.23,176.1,103.563,74.11,33.62,83.96,43.785,133.2
2023-08-23,443.03,439.25,443.67,439.1,68441021.0,15.98,17.94,88.99,131.82,4.9667,4.3697,4.1918,4.2699,-78.132,5.5,3.82,1.2,3.5,3.2,46.7,52.8,114.0,240.0,0.89,369.11,185.79,70.73,39.02,95.54,177.89,103.419,74.71,33.95,85.475,43.675,133.6
2023-08-24,436.89,444.69,445.22,436.855,88517272.0,17.2,18.75,92.17,132.48,5.0229,4.4146,4.2372,4.3021,-78.789,5.5,3.85,1.2,3.5,3.2,46.7,52.8,114.0,240.0,0.79,361.22,183.22,69.76,38.87,94.91,177.85,103.982,74.3,33.83,83.505,43.375,132.44
2023-08-25,439.97,438.68,441.3,435.0,102325103.0,15.68,17.72,84.32,132.27,5.0779,4.4383,4.2354,4.2841,-84.485,5.5,3.8,1.19,3.5,3.2,46.7,52.8,114.0,234.0,0.97,364.02,184.0,70.23,38.91,95.22,177.62,104.077,74.61,33.99,84.355,43.795,133.41
2023-08-28,442.76,442.24,443.4,439.9728,61595393.0,15.08,17.12,82.23,130.19,5.0479,4.4007,4.202,4.2774,-85.246,5.5,3.77,1.18,3.5,3.2,46.7,52.8,114.0,234.0,0.77,366.76,185.64,70.97,39.29,95.32,178.13,104.058,74.89,34.18,85.045,44.09,133.72
2023-08-29,449.16,442.65,449.45,442.46,83081916.0,14.45,16.56,79.05,135.23,4.8942,4.2769,4.1197,4.2303,-78.069,5.5,3.77,1.18,3.5,3.2,46.7,52.8,114.0,234.0,0.69,374.77,188.23,71.85,39.79,96.31,179.87,103.531,75.36,34.49,86.75,44.21,134.92
2023-08-30,451.01,449.51,451.67,448.78,69053911.0,13.88,16.18,78.63,142.14,4.8859,4.2681,4.1139,4.2257,-77.407,5.5,3.7,1.18,3.5,3.2,46.7,52.8,114.0,234.0,0.86,376.86,188.94,71.81,39.66,96.21,180.32,103.157,75.33,34.51,87.405,44.43,134.82
2023-08-31,450.35,451.65,452.83,450.16,66084563.0,13.57,15.92,80.8,144.7,4.8629,4.2541,4.1081,4.2107,-75.891,5.5,3.72,1.18,3.7,3.7,47.9,54.0,108.7,234.0,0.67,377.99,188.61,71.53,39.17,96.64,180.02,103.619,75.28,34.38,87.83,44.46,133.21
2023-09-01,451.19,453.17,453.67,449.68,58944098.0,13.09,15.74,82.65,144.28,4.8785,4.2958,4.1788,4.2936,-70.388,5.5,3.66,1.19,3.7,3.7,47.9,54.0,108.7,227.0,0.65,377.59,190.85,71.49,39.63,94.85,180.11,104.236,75.07,34.69,88.1,45.37,133.57
2023-09-05,449.24,450.73,451.06,449.17,55166210.0,14.01,16.24,86.43,139.62,4.9597,4.3766,4.2598,4.3704,-70.207,5.5,3.72,1.2,3.7,3.7,47.9,54.0,108.7,227.0,0.74,378.07,186.83,70.87,39.31,93.52,178.64,104.807,74.58,34.34,88.415,45.61,132.19
2023-09-06,446.22,448.4,448.51,443.81,70758512.0,14.45,16.61,87.85,137.88,5.0162,4.4172,4.2797,4.351,-74.279,5.5,3.71,1.2,3.7,3.7,47.9,54.0,108.7,227.0,0.98,374.74,186.13,70.72,39.09,93.75,177.83,104.861,74.4,34.32,87.48,45.63,131.47
2023-09-07,444.85,443.11,445.55,442.75,70355426.0,14.4,16.58,87.65,135.59,4.9469,4.373,4.2441,4.3405,-70.91,5.5,3.76,1.2,3.7,3.7,47.9,54.0,108.7,227.0,0.81,372.06,184.33,70.49,38.63,94.01,178.02,105.059,74.65,34.23,86.215,45.585,132.06
2023-09-08,445.52,444.9,447.11,444.53,62068437.0,13.84,16.14,85.27,138.18,4.9906,4.403,4.2641,4.3376,-73.075,5.5,3.72,1.19,3.7,3.7,47.9,54.0,108.7,227.0,0.75,372.58,183.92,70.39,38.71,94.37,178.08,105.09,74.62,34.3,86.395,46.025,132.06
2023-09-11,448.45,448.24,448.77,446.4699,60180118.0,13.8,16.02,85.19,138.21,4.9905,4.4118,4.288,4.3723,-70.464,5.5,3.7,1.19,3.7,3.7,47.9,54.0,108.7,227.0,0.7,376.97,184.36,71.12,39.19,93.69,178.41,104.569,74.75,34.46,86.845,45.42,132.97
2023-09-12,445.99,446.95,448.53,445.39,67565422.0,14.23,16.25,85.63,136.25,5.02,4.4295,4.2801,4.3511,-74.411,5.5,3.72,1.21,3.7,3.7,47.9,54.0,108.7,227.0,0.84,372.79,184.18,70.83,39.07,94.23,177.49,104.711,74.63,34.69,85.27,46.49,132.8
2023-09-13,446.51,446.22,447.71,445.0793,60199272.0,13.48,15.92,84.97,137.42,4.9692,4.3835,4.2485,4.3434,-72.498,5.5,3.74,1.21,3.7,3.7,47.9,54.0,108.7,227.0,1.14,374.21,182.97,70.61,39.02,94.21,177.08,104.766,74.83,34.69,85.485,46.14,132.82
2023-09-14,450.36,449.07,451.08,447.715,83430814.0,12.82,15.34,82.48,144.32,5.0114,4.4189,4.2863,4.3811,-72.941,5.5,3.68,1.19,3.7,3.7,47.9,54.0,108.7,227.0,0.85,377.27,185.55,71.54,39.28,93.53,177.17,105.405,74.92,35.01,86.105,46.68,133.24
2023-09-15,443.37,447.14,447.48,442.92,111848859.0,13.79,16.02,84.84,142.92,5.0325,4.4633,4.3324,4.4172,-70.438,5.5,3.74,1.18,3.7,3.7,47.9,54.0,108.7,210.0,0.7,370.81,183.61,71.38,39.13,92.96,178.34,105.322,74.64,34.83,84.45,46.005,132.19
2023-09-18,443.63,443.05,444.97,442.56,55752213.0,14.0,16.13,84.77,137.65,5.0538,4.4491,4.3026,4.384,-75.34,5.5,3.72,1.18,3.7,3.7,47.9,54.0,108.7,210.0,0.61,370.66,182.39,71.13,39.08,93.49,179.39,105.202,74.69,34.77,84.675,46.055,131.45
2023-09-19,442.71,442.68,443.29,439.94,66514648.0,14.11,16.13,83.54,137.31,5.0901,4.5115,4.3586,4.4241,-73.575,5.5,3.73,1.18,3.7,3.7,47.9,54.0,108.7,210.0,0.76,369.87,181.68,71.19,38.85,92.8,179.22,105.133,74.46,34.73,84.63,45.625,131.56
2023-09-20,438.64,444.01,444.435,438.43,82562602.0,15.14,16.81,88.05,135.74,5.1758,4.5832,4.407,4.4448,-77.097,5.5,3.69,1.16,3.7,3.7,47.9,54.0,108.7,210.0,0.79,364.54,179.86,71.02,38.69,93.09,179.35,105.328,74.4,34.49,83.3,45.2,131.57
2023-09-21,431.39,435.7,435.97,431.23,104095826.0,17.54,18.24,94.44,135.94,5.1438,4.621,4.4942,4.573,-65.394,5.5,3.8,1.17,3.7,3.7,47.9,54.0,108.7,210.0,0.88,357.86,177.07,69.84,38.02,90.7,178.05,105.363,73.87,33.92,82.03,44.58,130.42
2023-09-22,430.42,432.45,434.1,429.99,100829684.0,17.2,18.09,90.54,137.74,5.1097,4.5584,4.4337,4.5245,-68.034,5.5,3.84,1.16,3.7,3.7,47.9,54.0,108.7,215.0,0.85,357.91,176.67,69.9,38.47,91.43,178.62,105.583,74.0,33.66,82.205,44.655,130.15
2023-09-25,432.23,429.17,432.27,428.72,70874534.0,16.9,18.02,91.74,133.06,5.1249,4.6142,4.5334,4.6521,-59.581,5.5,3.87,1.16,3.7,3.7,47.9,54.0,108.7,215.0,0.71,359.61,177.46,69.59,38.3,89.18,177.7,105.998,73.9,33.74,82.47,45.215,130.86
2023-09-26,425.88,429.09,429.82,425.02,96168436.0,18.94,19.72,103.04,136.3,5.1207,4.6053,4.5356,4.675,-58.942,5.5,3.96,1.17,3.7,3.7,47.9,54.0,108.7,215.0,0.88,354.21,174.36,68.69,37.76,88.87,176.28,106.231,73.58,33.29,80.985,44.955,129.75
2023-09-27,426.05,427.09,427.67,422.29,104705847.0,18.22,19.11,97.09,135.38,5.1354,4.6848,4.6075,4.719,-53.207,5.5,3.93,1.19,3.7,3.7,47.9,54.0,108.7,215.0,0.94,355.04,175.99,68.56,37.82,88.41,174.1,106.666,73.48,33.24,81.11,46.075,129.1
2023-09-28,428.52,425.48,430.2499,424.87,92258308.0,17.34,18.38,93.72,133.48,5.0582,4.6232,4.5748,4.7044,-48.548,5.5,3.98,1.2,3.7,3.7,47.9,54.0,108.7,215.0,0.8,358.01,177.58,69.12,37.92,88.68,173.23,106.224,73.83,33.48,81.685,46.125,129.72
2023-09-29,427.48,431.67,431.85,425.91,115111319.0,17.52,18.51,94.1,134.5,5.0436,4.609,4.5711,4.6992,-47.662,5.5,3.94,1.21,3.7,3.7,47.9,54.0,108.7,216.0,0.73,358.27,176.74,68.92,37.95,88.69,171.45,106.174,73.72,33.17,81.965,45.195,128.74
2023-10-02,427.31,426.62,428.6,424.46,83798599.0,17.61,18.62,95.39,129.17,5.1041,4.7083,4.6785,4.7882,-42.766,5.5,4.02,1.23,3.7,3.7,47.9,54.0,108.7,216.0,0.76,361.26,174.07,67.91,37.76,86.93,169.65,106.904,72.89,32.89,82.845,44.295,128.56
2023-10-03,421.59,425.06,427.3729,420.18,103760607.0,19.78,20.41,104.39,129.78,5.1502,4.7993,4.7955,4.923,-35.892,5.5,4.2,1.26,3.7,3.7,47.9,54.0,108.7,216.0,0.8,354.92,171.14,67.06,37.26,85.06,169.16,107.0,72.15,32.37,81.44,44.265,127.42
2023-10-04,424.66,422.07,425.4299,420.56,87452968.0,18.58,19.52,95.58,130.68,5.0518,4.7243,4.7329,4.8584,-32.309,5.5,4.27,1.26,3.7,3.7,47.9,54.0,108.7,216.0,1.11,359.75,171.22,67.18,37.15,86.26,169.14,106.799,72.52,32.61,82.455,42.875,127.96
2023-10-05,424.5,424.36,425.37,421.1701,70142744.0,18.49,19.5,95.59,129.75,5.0183,4.6852,4.7185,4.8901,-30.606,5.5,4.29,1.27,3.7,3.7,47.9,54.0,108.7,216.0,0.86,358.69,171.35,67.77,37.29,85.83,168.83,106.332,72.59,32.76,82.565,42.61,128.66
2023-10-06,429.54,421.97,431.125,420.6,113273309.0,17.45,18.73,91.16,129.36,5.0813,4.7566,4.8009,4.9676,-28.46,5.5,4.22,1.25,3.7,3.7,47.9,54.0,108.7,210.0,0.68,364.7,173.0,68.52,37.83,84.79,169.7,106.044,72.69,33.04,84.11,42.865,130.01
2023-10-09,432.29,427.58,432.88,427.0101,80374362.0,17.7,18.81,92.03,133.64,5.0813,4.7566,4.8009,4.9676,-28.46,5.5,4.22,1.25,3.7,3.7,47.9,54.0,108.7,210.0,0.66,366.56,174.0,68.42,37.65,86.78,172.82,106.083,73.23,33.06,84.545,44.295,130.46
2023-10-10,434.54,432.94,437.22,432.53,78607268.0,17.03,18.27,90.1,135.17,4.9696,4.614,4.653,4.8325,-32.083,5.5,4.05,1.23,3.7,3.7,47.9,54.0,108.7,210.0,0.63,368.59,175.97,69.36,38.19,86.66,172.53,105.825,73.21,33.3,84.675,44.35,131.08
2023-10-11,436.32,435.64,436.58,433.18,62451736.0,16.09,17.63,90.57,137.61,4.9821,4.5767,4.5582,4.6942,-42.809,5.5,4.05,1.24,3.7,3.7,47.9,54.0,108.7,210.0,1.04,371.22,175.67,69.65,38.43,88.47,173.79,105.82,73.2,33.35,85.46,43.78,130.5
2023-10-12,433.66,436.95,437.335,431.23,81154230.0,16.69,18.09,91.87,136.13,5.0687,4.6923,4.6969,4.8543,-37.597,5.5,4.06,1.23,3.7,3.7,47.9,54.0,108.7,210.0,0.8,369.93,171.7,69.07,38.0,86.07,173.26,106.599,72.81,33.14,85.54,43.83,129.38
2023-10-13,431.5,435.21,436.45,429.88,95201132.0,19.32,20.57,108.1,144.3,5.0538,4.6388,4.6124,4.7533,-44.779,5.5,4.12,1.24,3.7,3.7,47.9,54.0,108.7,200.0,0.7,365.28,170.27,68.43,37.86,87.61,178.83,106.648,72.75,33.21,84.315,44.795,130.19
2023-10-16,436.04,433.82,437.14,433.57,75433194.0,17.21,18.79,95.69,137.95,5.0985,4.7156,4.706,4.85,-39.464,5.5,4.09,1.24,3.7,3.7,47.9,54.0,108.7,200.0,0.7,369.41,173.02,68.93,38.14,86.2,177.96,106.243,72.73,33.56,85.125,45.095,131.17
2023-10-17,436.02,432.81,438.14,432.45,75324708.0,17.88,19.26,95.8,138.72,5.2095,4.8685,4.8341,4.9246,-37.75,5.5,4.05,1.24,3.7,3.7,47.9,54.0,108.7,200.0,0.8,368.2,174.95,68.97,38.04,85.25,178.29,106.25,72.39,33.72,84.73,45.565,130.99
2023-10-18,430.21,434.19,435.18,429.09,93559798.0,19.22,20.47,105.89,137.1,5.2225,4.9338,4.9149,4.9948,-30.981,5.5,4.14,1.27,3.7,3.7,47.9,54.0,108.7,200.0,0.68,363.37,171.35,67.77,37.46,84.5,180.87,106.565,72.04,33.14,83.86,45.98,129.85
2023-10-19,426.43,430.95,432.82,425.725,121322957.0,21.4,22.19,116.47,137.73,5.1585,4.9557,4.9898,5.1099,-17.297,5.5,4.23,1.29,3.7,3.7,47.9,54.0,108.7,200.0,0.78,359.97,168.62,67.17,37.24,82.77,183.09,106.253,71.78,32.7,83.38,45.9,128.57
2023-10-20,421.19,425.98,426.54,421.08,123919874.0,21.71,22.44,115.43,136.74,5.0731,4.8581,4.9137,5.0755,-16.373,5.5,4.35,1.3,3.7,3.7,47.9,54.0,108.7,214.0,0.76,354.6,166.44,66.57,36.79,83.24,183.59,106.163,71.93,32.2,81.97,45.13,128.06
2023-10-23,420.46,419.61,424.45,417.8,92035095.0,20.37,21.33,109.0,133.92,5.0474,4.7986,4.8502,4.9995,-20.361,5.5,4.34,1.29,3.7,3.7,47.9,54.0,108.7,214.0,0.52,355.67,165.03,66.62,36.76,84.24,182.97,105.536,72.22,32.0,82.065,44.4,127.26
2023-10-24,423.63,422.65,424.82,420.74,78564239.0,18.97,20.21,98.54,132.44,5.1119,4.8203,4.8229,4.9381,-29.323,5.5,4.23,1.27,3.7,3.7,47.9,54.0,108.7,214.0,0.55,359.13,166.47,67.0,37.23,85.35,182.95,106.27,72.59,32.22,82.63,43.775,127.65
2023-10-25,417.55,421.89,421.92,417.015,94223198.0,20.19,21.33,102.92,132.29,5.1206,4.9201,4.9549,5.086,-16.78,5.5,4.2,1.26,3.7,3.7,47.9,54.0,108.7,214.0,0.9,350.34,163.72,66.52,36.74,83.45,183.72,106.528,72.2,32.1,81.655,43.695,126.51
2023-10-26,412.55,416.45,417.325,411.6,115156761.0,20.68,21.57,101.97,133.38,5.0395,4.7969,4.8445,4.9861,-19.704,5.5,4.31,1.27,3.7,3.7,47.9,54.0,108.7,214.0,0.77,343.66,164.14,66.04,36.56,84.73,184.01,106.602,72.45,32.03,80.095,43.355,125.26
2023-10-27,410.68,414.19,414.6,409.21,107367671.0,21.27,22.27,102.04,132.74,5.0021,4.7614,4.8346,5.0144,-16.957,5.5,4.34,1.28,3.7,3.7,47.9,54.0,108.7,217.0,0.82,345.31,162.21,65.84,36.53,84.37,186.15,106.559,72.36,31.45,80.56,42.315,123.14
2023-10-30,415.59,413.56,416.68,412.22,86562675.0,19.75,20.8,95.23,130.13,5.054,4.8235,4.8942,5.0485,-16.189,5.5,4.37,1.3,3.7,3.7,47.9,54.0,108.7,217.0,0.68,349.2,163.11,66.68,36.91,83.99,185.1,106.12,72.38,32.01,81.425,42.455,123.83
2023-10-31,418.2,416.18,418.53,414.21,79665150.0,18.14,19.49,87.94,128.21,5.0873,4.8536,4.9307,5.0931,-16.08,5.5,4.37,1.29,3.9,3.2,47.3,51.8,99.1,217.0,0.82,350.87,164.52,66.92,36.7,83.58,184.09,106.663,72.57,32.36,82.005,42.595,124.54
2023-11-01,422.66,419.2,423.5,418.6499,98068115.0,16.87,18.55,85.08,129.82,4.9436,4.65,4.7341,4.9273,-21.164,5.5,4.38,1.29,3.9,3.2,47.3,51.8,99.1,217.0,0.7,356.96,165.46,67.55,37.04,85.1,183.51,106.884,72.87,32.57,83.59,42.495,124.8
2023-11-02,430.76,426.58,430.915,426.56,94938909.0,15.66,17.8,83.24,133.8,4.9893,4.634,4.659,4.8008,-33.445,5.5,4.06,1.25,3.9,3.2,47.3,51.8,99.1,217.0,0.77,363.44,169.87,68.93,37.69,87.04,184.12,106.124,73.69,33.34,85.005,43.78,126.78
2023-11-03,434.69,433.14,436.29,433.01,100167775.0,14.91,17.22,82.83,140.09,4.8386,4.5036,4.5724,4.7666,-27.043,5.5,3.95,1.25,3.9,3.2,47.3,51.8,99.1,216.0,0.54,367.71,174.49,69.66,38.46,87.63,184.79,105.021,74.41,33.78,85.88,43.34,127.41
2023-11-06,435.69,435.47,436.1498,433.68,67831660.0,14.89,17.03,84.33,137.89,4.9345,4.5876,4.6431,4.8085,-29.559,5.5,3.9,1.25,3.9,3.2,47.3,51.8,99.1,216.0,0.77,369.21,172.31,69.31,38.77,86.78,183.35,105.215,74.11,33.68,86.445,42.85,128.26
2023-11-07,436.93,435.69,437.585,434.51,64256114.0,14.81,16.92,83.43,139.52,4.9176,4.5365,4.5665,4.7253,-35.525,5.5,3.98,1.25,3.9,3.2,47.3,51.8,99.1,216.0,0.65,372.7,171.7,68.89,38.7,88.06,182.59,105.542,74.12,33.63,87.39,41.9,128.35
2023-11-08,437.25,437.55,438.09,434.87,61746027.0,14.45,16.64,85.04,139.41,4.932,4.5047,4.4925,4.6148,-44.376,5.5,3.98,1.25,3.9,3.2,47.3,51.8,99.1,216.0,1.18,372.94,169.87,68.8,38.44,89.56,180.77,105.593,74.16,33.67,87.885,41.375,128.17
2023-11-09,433.84,438.43,438.47,433.4,83174417.0,15.29,17.3,88.74,139.28,5.0202,4.6401,4.6241,4.7646,-39.823,5.5,3.94,1.24,3.9,3.2,47.3,51.8,99.1,216.0,0.86,370.07,167.24,68.79,38.08,87.5,181.49,105.91,73.7,33.53,87.475,41.25,125.52
2023-11-10,440.61,435.98,440.93,433.8335,89558054.0,14.17,16.52,85.66,139.81,5.0623,4.6839,4.6518,4.7618,-41.26,5.5,3.92,1.22,3.9,3.2,47.3,51.8,99.1,229.0,1.03,378.39,169.11,69.1,38.35,87.99,179.51,105.861,74.06,33.91,89.76,41.705,126.27
2023-11-13,440.19,439.23,441.33,438.42,52236068.0,14.76,16.61,85.51,135.27,5.0348,4.6625,4.6399,4.7549,-39.91,5.5,3.93,1.21,3.9,3.2,47.3,51.8,99.1,229.0,0.88,377.21,169.17,69.28,38.34,87.79,180.51,105.631,73.99,33.86,89.235,42.005,127.0
2023-11-14,448.73,446.32,450.06,446.09,97176935.0,14.16,16.29,83.77,138.38,4.836,4.4385,4.4473,4.6203,-39.082,5.5,3.87,1.19,3.9,3.2,47.3,51.8,99.1,229.0,0.74,385.33,178.46,71.05,39.36,89.78,182.12,104.053,74.74,34.5,91.02,42.38,127.86
2023-11-15,449.68,450.11,451.38,448.8,77327573.0,14.18,16.28,84.91,142.98,4.9118,4.5173,4.5314,4.6953,-38.257,5.5,3.81,1.18,3.9,3.2,47.3,51.8,99.1,229.0,0.48,385.62,178.77,70.94,39.69,88.52,181.64,104.394,74.5,34.69,91.135,42.3,127.96
2023-11-16,450.23,449.22,450.56,448.12,66665797.0,14.32,16.14,83.23,154.45,4.8375,4.4187,4.4355,4.6146,-40.41,5.5,3.92,1.17,3.9,3.2,47.3,51.8,99.1,229.0,0.64,385.95,175.88,70.89,39.31,89.62,183.69,104.349,74.6,34.83,91.59,41.475,128.51
2023-11-17,450.79,450.24,451.42,449.29,83193902.0,13.8,15.85,81.83,146.88,4.8855,4.4408,4.4354,4.5889,-45.22,5.5,3.89,1.14,3.9,3.2,47.3,51.8,99.1,213.0,0.54,386.04,178.29,71.85,39.36,90.04,183.67,103.917,74.77,35.01,91.4,42.345,128.25
2023-11-20,454.26,450.53,455.125,450.52,70055633.0,13.41,15.69,81.81,143.78,4.9109,4.4388,4.4198,4.5709,-49.527,5.5,3.83,1.13,3.9,3.2,47.3,51.8,99.1,213.0,0.53,390.74,179.33,72.12,39.85,90.59,183.37,103.438,74.85,35.15,92.725,42.405,129.03
2023-11-21,453.27,453.1842,454.131,451.9599,49244639.0,13.35,15.5,81.77,140.8,4.8723,4.3999,4.3926,4.5484,-48.394,5.5,3.86,1.13,3.9,3.2,47.3,51.8,99.1,213.0,1.1,388.47,177.02,71.84,39.6,90.55,185.35,103.565,74.95,35.13,91.975,42.31,129.81
2023-11-22,455.02,454.98,456.38,453.8895,59446573.0,12.85,15.48,83.38,141.55,4.8996,4.431,4.4042,4.5371,-49.969,5.5,3.8,1.1,3.9,3.2,47.3,51.8,99.1,213.0,0.78,390.06,178.13,72.01,39.52,90.87,184.56,103.92,75.08,35.27,92.385,42.29,130.43
2023-11-24,455.3,455.07,455.5,454.73,29737375.0,12.46,15.12,83.0,144.54,4.9484,4.485,4.4665,4.5973,-48.62,5.5,3.75,1.09,3.9,3.2,47.3,51.8,99.1,214.0,0.91,389.51,179.33,72.56,39.54,89.8,185.52,103.403,75.0,35.38,92.205,42.465,131.13
2023-11-27,454.48,454.65,455.4901,454.0799,50505985.0,12.69,15.34,85.15,142.2,4.888,4.4107,4.3866,4.537,-50.364,5.5,3.82,1.09,3.9,3.2,47.3,51.8,99.1,214.0,0.87,389.17,178.73,72.31,39.38,91.3,186.77,103.199,75.11,35.26,92.2,42.315,130.31
2023-11-28,454.93,454.08,456.27,453.5,62115011.0,12.69,15.24,85.14,142.68,4.7342,4.2769,4.3207,4.5053,-41.769,5.5,3.83,1.09,3.9,3.2,47.3,51.8,99.1,214.0,0.79,390.19,178.04,72.33,39.71,91.48,189.26,102.746,75.44,35.25,92.375,42.325,129.64
2023-11-29,454.61,457.15,458.32,454.2,63145992.0,12.98,15.51,87.79,139.82,4.6455,4.2088,4.2552,4.4371,-39.234,5.5,3.75,1.07,3.9,3.2,47.3,51.8,99.1,214.0,0.55,389.81,178.98,72.48,39.48,92.63,189.54,102.765,75.85,35.5,92.445,42.01,129.68
2023-11-30,456.4,455.48,456.76,453.34,79752700.0,12.92,15.44,86.71,144.54,4.6802,4.2663,4.3264,4.4932,-35.797,5.5,3.7,1.04,3.7,3.1,46.9,52.6,101.0,214.0,0.6,388.83,179.66,72.42,39.56,91.56,188.75,103.497,75.71,35.9,92.58,42.29,131.31
2023-12-01,459.1,455.77,459.65,455.16,89183400.0,12.63,15.36,85.9,144.54,4.5384,4.1231,4.1956,4.3888,-34.488,5.5,3.74,1.05,3.7,3.1,46.9,52.6,101.0,216.0,0.51,389.94,184.91,73.18,39.73,92.99,192.01,103.268,75.99,36.17,92.79,42.51,131.83
2023-12-04,456.69,455.6,459.1206,454.34,72430888.0,13.08,15.68,87.76,144.54,4.6353,4.2066,4.2529,4.4087,-38.441,5.5,3.67,1.05,3.7,3.1,46.9,52.6,101.0,216.0,0.53,386.32,186.89,72.61,39.28,92.615,187.86,103.712,75.8,36.13,91.66,42.315,132.08
2023-12-05,456.6,455.26,457.59,454.87,69793469.0,12.85,15.57,85.76,144.54,4.5767,4.135,4.1649,4.2967,-41.394,5.5,3.67,1.06,3.7,3.1,46.9,52.6,101.0,216.0,0.57,387.29,184.39,72.35,39.04,94.61,187.15,104.05,75.87,35.95,92.21,41.575,131.91
2023-12-06,454.76,458.81,458.84,454.31,69124685.0,12.97,15.74,86.85,144.54,4.5929,4.1035,4.104,4.2143,-49.098,5.5,3.66,1.06,3.7,3.1,46.9,52.6,101.0,216.0,0.59,385.05,184.06,72.57,38.99,95.87,187.84,104.153,75.88,35.77,91.43,40.955,132.01
2023-12-07,458.23,456.91,458.9,456.29,66995446.0,13.06,15.65,86.0,130.84,4.5945,4.1347,4.1495,4.2552,-44.905,5.5,3.64,1.06,3.7,3.1,46.9,52.6,101.0,216.0,0.59,390.43,185.39,72.92,39.18,95.32,188.15,103.541,76.01,35.94,92.54,40.675,131.85
2023-12-08,460.2,457.46,460.745,457.21,83194404.0,12.35,15.16,81.11,134.1,4.7209,4.2392,4.2256,4.3036,-49.52,5.5,3.6,1.05,3.7,3.1,46.9,52.6,101.0,204.0,0.56,392.17,186.8,73.14,39.01,94.54,185.64,104.01,75.86,36.13,93.33,41.115,132.07
2023-12-11,461.99,459.69,462.17,459.47,65002247.0,12.63,15.19,82.35,140.9,4.708,4.2461,4.2333,4.3267,-47.893,5.5,3.64,1.05,3.7,3.1,46.9,52.6,101.0,204.0,0.53,395.52,187.19,73.32,39.24,94.34,183.59,104.095,75.81,36.35,94.145,41.165,132.94
2023-12-12,464.1,461.63,464.2,460.6,68327617.0,12.07,14.83,83.54,148.83,4.7308,4.2197,4.2006,4.308,-53.231,5.5,3.63,1.04,3.7,3.1,46.9,52.6,101.0,204.0,0.58,398.67,187.0,73.45,39.25,94.62,183.49,103.865,75.98,36.61,94.77,40.6,133.51
2023-12-13,470.5,464.49,470.7599,464.12,93277960.0,12.19,14.66,80.83,152.02,4.4265,3.9704,4.0164,4.1752,-41.427,5.5,3.63,1.01,3.7,3.1,46.9,52.6,101.0,204.0,1.16,403.74,193.33,74.52,39.64,96.84,187.63,102.869,77.14,37.2,95.605,41.165,135.97
2023-12-14,472.01,472.5,473.73,469.25,119026049.0,12.48,14.79,80.83,162.51,4.3882,3.9044,3.9208,4.0355,-46.954,5.5,3.34,0.99,3.7,3.1,46.9,52.6,101.0,204.0,0.55,403.39,198.71,75.07,40.22,99.04,188.73,101.956,77.1,37.57,95.37,42.375,135.31
2023-12-15,469.33,469.49,470.7,467.4263,141553673.0,12.28,15.13,88.04,153.26,4.4428,3.9088,3.911,4.008,-53.594,5.5,3.36,1.0,3.7,3.1,46.9,52.6,101.0,209.0,0.53,405.34,197.04,74.34,39.98,99.15,187.0,102.55,76.93,37.35,95.85,42.15,134.16
2023-12-18,471.97,470.98,472.98,469.8929,70375285.0,12.56,15.47,88.67,139.36,4.4463,3.9311,3.9314,4.0446,-51.702,5.5,3.4,1.01,3.7,3.1,46.9,52.6,101.0,209.0,0.57,407.08,197.11,74.52,39.96,98.36,187.85,102.561,76.98,37.29,95.925,42.09,133.78
2023-12-19,474.84,472.53,474.92,472.45,55761805.0,12.53,15.64,88.77,133.18,4.4394,3.9343,3.9313,4.0387,-51.231,5.5,3.35,1.01,3.7,3.1,46.9,52.6,101.0,209.0,0.61,409.16,200.93,75.15,40.3,98.89,189.13,102.167,77.2,37.57,96.29,42.595,134.68
2023-12-20,468.26,473.96,475.895,467.82,102920959.0,13.67,16.58,92.18,136.86,4.3313,3.8441,3.8474,3.9856,-48.813,5.5,3.34,1.03,3.7,3.1,46.9,52.6,101.0,209.0,0.59,403.08,196.28,73.47,38.84,99.56,188.1,102.408,77.21,36.9,94.835,42.2,132.73
2023-12-21,472.7,471.33,472.975,468.84,86667465.0,13.65,16.3,89.85,138.18,4.3474,3.8749,3.8881,4.0303,-46.137,5.5,3.29,1.02,3.7,3.1,46.9,52.6,101.0,209.0,0.58,407.77,199.62,74.66,39.57,98.93,189.43,101.843,77.56,37.26,95.9,42.365,134.35
2023-12-22,473.65,473.86,475.38,471.7,67160419.0,13.03,15.99,88.62,134.46,4.3231,3.8721,3.895,4.0493,-43.024,5.5,3.24,1.0,3.7,3.1,46.9,52.6,101.0,210.0,0.5,408.38,201.48,74.73,39.38,98.475,190.27,101.698,77.47,37.34,96.025,42.49,135.02
2023-12-26,475.65,474.07,476.58,473.99,55386952.0,12.99,15.88,88.87,135.69,4.352,3.8875,3.8967,4.0451,-46.378,5.5,3.23,1.0,3.7,3.1,46.9,52.6,101.0,210.0,0.56,410.88,204.1,75.07,39.69,98.76,191.72,101.466,77.62,37.49,96.425,42.855,135.32
2023-12-27,476.51,475.44,476.66,474.89,68000311.0,12.43,15.27,86.22,135.64,4.2416,3.7954,3.7944,3.9534,-45.133,5.5,3.15,0.99,3.7,3.1,46.9,52.6,101.0,210.0,0.96,411.5,204.82,75.47,39.92,100.51,192.59,100.986,77.94,37.61,96.42,42.665,135.89
2023-12-28,476.69,476.88,477.55,476.26,77158116.0,12.47,15.23,86.69,136.9,4.2767,3.8384,3.8443,3.9944,-43.448,5.5,3.12,0.98,3.7,3.1,46.9,52.6,101.0,210.0,0.66,411.3,204.04,75.27,40.23,99.78,191.47,101.229,77.69,37.72,96.535,42.015,136.24
2023-12-29,475.31,476.49,477.03,473.3,122283149.0,12.45,15.26,86.96,138.05,4.2499,3.8471,3.8791,4.0282,-37.288,5.5,3.23,0.99,3.7,3.1,46.9,52.6,101.0,198.0,0.65,409.52,200.71,75.35,40.21,98.88,191.17,101.333,77.39,37.6,96.24,41.92,136.38
2024-01-02,472.65,472.16,473.67,470.49,123007793.0,13.2,15.48,88.09,134.8,4.3201,3.9133,3.9294,4.0708,-39.485,5.5,3.33,1.01,3.7,3.1,46.9,52.6,101.0,198.0,0.65,402.59,199.52,74.51,39.74,98.31,190.72,102.2,77.13,37.76,93.72,42.37,138.78
2024-01-03,468.79,470.43,471.19,468.17,103585866.0,14.04,16.04,89.65,134.23,4.3305,3.9029,3.9162,4.0725,-41.643,5.5,3.51,1.05,3.7,3.1,46.9,52.6,101.0,198.0,0.69,398.33,194.2,73.95,39.52,98.72,189.13,102.494,76.92,37.44,92.765,43.06,138.55
2024-01-04,467.28,468.3,470.96,467.05,84232169.0,14.13,16.04,87.59,136.6,4.3845,3.98,3.9988,4.1522,-38.787,5.5,3.6,1.04,3.7,3.1,46.9,52.6,101.0,198.0,0.69,396.28,193.82,74.12,39.39,97.22,189.32,102.422,76.62,37.59,92.085,42.305,139.24
2024-01-05,467.92,467.49,470.44,466.43,86118913.0,13.35,15.51,82.87,132.68,4.3807,4.0066,4.0457,4.2021,-33.708,5.5,3.53,1.03,3.7,3.1,46.9,52.6,101.0,199.0,0.7,396.75,193.25,74.17,39.44,96.29,189.35,102.412,76.68,37.75,92.06,42.34,139.12
2024-01-08,474.6,468.43,474.75,468.3,74879074.0,13.08,15.14,81.26,137.05,4.3746,3.9874,4.0305,4.1934,-34.83,5.5,3.46,1.03,3.7,3.1,46.9,52.6,101.0,199.0,0.59,404.95,196.73,74.96,39.55,97.24,187.87,102.209,77.11,37.99,94.37,41.85,140.35
2024-01-09,473.88,471.87,474.93,471.35,65931439.0,12.76,14.9,78.59,140.95,4.3642,3.9699,4.0133,4.1856,-35.302,5.5,3.4,1.0,3.7,3.1,46.9,52.6,101.0,199.0,0.61,405.75,194.97,74.29,38.99,96.62,187.93,102.57,77.23,37.75,94.52,41.18,140.33
2024-01-10,476.56,474.16,477.4481,473.87,67310640.0,12.69,14.73,77.09,137.4,4.358,3.9735,4.0283,4.2046,-33.389,5.5,3.34,0.99,3.7,3.1,46.9,52.6,101.0,199.0,1.55,408.5,195.08,74.77,38.9,96.17,187.5,102.362,77.37,37.81,95.325,40.775,140.97
2024-01-11,476.35,477.59,478.12,472.26,77940723.0,12.44,14.56,75.54,140.36,4.2451,3.8788,3.9658,4.1726,-28.134,5.5,3.37,0.97,3.7,3.1,46.9,52.6,101.0,199.0,0.8,409.35,193.55,74.76,39.06,96.71,187.87,102.291,77.62,37.67,95.81,40.88,140.87
2024-01-12,476.68,477.84,478.6,475.23,58026420.0,12.7,14.94,86.07,143.81,4.1441,3.83,3.939,4.1751,-20.722,5.5,3.38,0.97,3.7,3.1,46.9,52.6,101.0,193.0,0.83,409.56,193.23,75.07,39.2,96.52,189.71,102.404,77.7,37.6,96.12,41.34,140.52
2024-01-16,474.93,475.26,476.6098,473.06,85014870.0,13.84,15.74,89.59,139.94,4.2195,3.9335,4.0581,4.2948,-16.565,5.5,3.41,0.98,3.7,3.1,46.9,52.6,101.0,193.0,0.84,409.52,190.84,73.81,38.25,94.82,187.91,103.357,77.21,37.34,96.36,40.355,139.68
2024-01-17,472.29,471.82,472.79,469.87,68843871.0,14.79,16.38,91.36,147.76,4.3608,4.0254,4.1019,4.3116,-26.101,5.5,3.44,0.97,3.7,3.1,46.9,52.6,101.0,193.0,0.69,407.21,189.48,73.11,37.68,94.67,185.84,103.45,76.88,37.27,95.885,40.02,139.4
2024-01-18,476.49,474.01,477.06,472.42,91856248.0,14.13,15.84,86.34,148.15,4.3524,4.0467,4.142,4.3653,-21.462,5.5,3.42,0.95,3.7,3.1,46.9,52.6,101.0,193.0,0.69,412.99,190.6,73.76,37.99,93.79,187.37,103.536,77.04,37.33,97.83,39.955,139.38
2024-01-19,482.43,477.65,482.72,476.5374,110834483.0,13.3,15.26,81.95,148.15,4.3845,4.0507,4.1226,4.3285,-26.621,5.5,3.38,0.95,3.7,3.1,46.9,52.6,101.0,223.0,0.59,421.18,192.43,73.93,38.39,94.09,187.93,103.288,77.17,37.93,100.085,40.085,139.46
2024-01-22,483.45,484.01,485.22,482.78,75844931.0,13.19,14.97,79.17,146.01,4.3911,4.0278,4.1052,4.3195,-28.794,5.5,3.36,0.96,3.7,3.1,46.9,52.6,101.0,223.0,0.49,421.73,196.54,74.16,38.05,94.65,187.22,103.331,77.23,38.11,100.525,40.235,140.07
2024-01-23,484.86,484.01,485.105,482.89,49945297.0,12.55,14.52,76.67,148.12,4.3678,4.0385,4.1282,4.3625,-24.599,5.5,3.37,0.96,3.7,3.1,46.9,52.6,101.0,223.0,0.57,423.48,195.97,73.95,38.38,93.9,187.95,103.617,77.14,38.17,100.93,40.32,139.97
2024-01-24,485.39,487.81,488.77,484.8819,81765039.0,13.14,14.97,80.94,150.25,4.3799,4.0885,4.1762,4.4087,-20.575,5.5,3.33,0.94,3.7,3.1,46.9,52.6,101.0,223.0,0.67,425.83,194.36,74.51,38.81,93.35,186.4,103.236,77.1,38.32,101.625,40.895,138.69
2024-01-25,488.03,487.575,488.305,485.39,72524989.0,13.45,15.1,81.39,153.05,4.2932,3.9983,4.1184,4.3706,-17.898,5.5,3.34,0.93,3.7,3.1,46.9,52.6,101.0,223.0,0.67,426.35,195.97,74.72,38.86,93.96,187.14,103.574,77.69,38.51,102.05,41.815,138.48
2024-01-26,487.41,487.59,489.12,486.54,76641609.0,13.26,15.03,82.2,151.36,4.3489,4.0366,4.1373,4.3688,-21.363,5.5,3.25,0.92,3.7,3.1,46.9,52.6,101.0,225.0,0.66,423.81,195.98,75.05,38.89,93.78,187.01,103.433,77.63,38.65,100.875,42.125,139.27
2024-01-29,491.27,487.73,491.415,487.17,61322751.0,13.6,15.22,83.4,149.03,4.318,3.9826,4.074,4.3132,-24.814,5.5,3.27,0.94,3.7,3.1,46.9,52.6,101.0,225.0,0.57,428.15,199.41,75.49,38.91,94.86,188.33,103.609,77.8,38.75,101.8,42.065,140.25
2024-01-30,490.89,490.56,491.62,490.11,58618386.0,13.31,15.14,82.24,148.73,4.3345,3.9687,4.0319,4.2504,-30.467,5.5,3.27,0.95,3.7,3.1,46.9,52.6,101.0,225.0,0.66,425.3,197.71,75.39,38.6,95.72,188.59,103.397,77.7,39.24,100.96,42.5,140.57
2024-01-31,482.88,488.62,489.0813,482.86,126011062.0,14.35,15.96,87.56,150.21,4.2067,3.8354,3.9124,4.166,-29.844,5.5,3.44,0.96,3.7,3.1,48.9,53.2,110.9,225.0,0.64,416.97,192.88,75.01,38.39,96.66,188.45,103.274,77.48,38.76,98.84,41.705,140.38
2024-02-01,489.2,484.63,489.23,483.8,91891637.0,13.88,15.5,84.83,160.08,4.2024,3.8128,3.8802,4.1181,-32.633,5.5,3.4,0.99,3.7,3.1,48.9,53.2,110.9,225.0,0.64,421.88,195.44,75.75,38.76,98.24,190.41,103.048,77.54,38.82,100.085,41.7,142.2
2024-02-02,494.35,489.65,496.05,489.3,99228192.0,13.85,15.61,83.31,160.02,4.3638,3.9825,4.0199,4.2205,-34.821,5.5,3.3,0.96,3.7,3.1,48.9,53.2,110.9,214.0,0.62,429.01,194.41,75.15,38.65,96.07,188.61,103.922,77.19,38.98,101.12,41.76,141.99
2024-02-05,492.55,493.695,494.3778,490.23,75757102.0,13.67,15.33,79.58,155.49,4.4722,4.1189,4.1579,4.3371,-31.845,5.5,3.32,0.95,3.7,3.1,48.9,53.2,110.9,214.0,0.65,428.45,191.94,74.75,38.7,94.13,187.57,104.452,76.83,38.75,101.35,41.655,142.43
2024-02-06,493.98,493.52,494.32,492.05,55918602.0,13.06,14.99,76.97,152.82,4.4035,4.0453,4.1,4.2997,-30.56,5.5,3.34,0.95,3.7,3.1,48.9,53.2,110.9,214.0,0.73,427.59,193.67,75.21,39.58,95.05,188.55,104.213,77.11,38.83,100.885,41.79,143.98
2024-02-07,498.1,496.29,498.53,495.36,70556506.0,12.83,14.85,80.54,151.41,4.4287,4.0698,4.1211,4.3246,-30.974,5.5,3.26,0.95,3.7,3.1,48.9,53.2,110.9,214.0,0.7,431.99,193.22,75.17,39.63,94.59,188.5,104.057,77.24,39.12,102.22,41.875,144.37
2024-02-08,498.32,498.1,498.71,497.26,52343636.0,12.79,14.93,83.07,150.36,4.454,4.1172,4.154,4.3514,-30.417,5.5,3.21,0.95,3.7,3.1,48.9,53.2,110.9,214.0,0.62,432.79,196.15,75.04,39.41,94.04,188.33,104.165,77.2,38.97,102.54,42.305,144.12
2024-02-09,501.2,498.84,501.65,498.49,63979375.0,12.93,15.08,81.94,156.62,4.4799,4.1367,4.1754,4.3722,-31.079,5.5,3.16,0.95,3.7,3.1,48.9,53.2,110.9,212.0,0.48,437.05,199.34,75.3,39.58,93.85,187.6,104.111,77.36,39.08,103.92,41.655,144.01
2024-02-12,500.98,501.17,503.5,500.24,56502283.0,13.93,15.67,84.63,152.8,4.4738,4.1367,4.1793,4.3798,-29.874,5.5,3.18,0.96,3.7,3.1,48.9,53.2,110.9,212.0,0.55,435.34,202.96,75.43,39.89,93.96,187.11,104.17,77.19,39.26,103.13,42.115,144.2
2024-02-13,494.08,494.53,497.09,490.715,113099199.0,15.85,16.82,93.19,170.52,4.6578,4.3158,4.3143,4.4628,-34.559,5.5,3.16,0.95,3.7,3.1,48.9,53.2,110.9,212.0,0.65,428.55,194.61,74.27,39.14,92.35,184.53,104.96,76.57,38.73,101.38,41.69,142.86
2024-02-14,498.57,496.79,499.07,494.4,68387827.0,14.38,15.93,83.17,160.4,4.5778,4.2395,4.2554,4.4346,-32.454,5.5,3.19,0.94,3.7,3.1,48.9,53.2,110.9,212.0,0.57,433.22,199.13,75.1,39.7,92.82,184.42,104.723,76.87,39.1,102.44,41.65,144.1
2024-02-15,502.01,499.29,502.2,498.795,61682960.0,14.01,15.76,82.4,148.9,4.574,4.2147,4.23,4.4086,-34.609,5.5,3.17,0.92,3.7,3.1,48.9,53.2,110.9,212.0,0.54,434.51,204.44,75.95,39.89,93.3,185.66,104.296,77.14,39.77,102.225,42.81,145.15
2024-02-16,499.51,501.7,502.87,498.75,75532928.0,14.24,15.86,82.63,142.62,4.6416,4.2738,4.2792,4.4356,-36.453,5.5,3.14,0.92,3.7,3.1,48.9,53.2,110.9,203.0,0.53,430.57,201.66,76.07,40.08,92.76,186.34,104.275,76.91,39.63,101.285,42.785,145.62
2024-02-20,496.76,497.72,498.41,494.45,71736740.0,15.42,16.41,86.1,141.45,4.6121,4.2525,4.2753,4.4482,-33.9,5.5,3.18,0.91,3.7,3.1,48.9,53.2,110.9,203.0,0.55,427.32,198.88,76.38,40.14,92.84,187.47,104.079,77.07,39.52,100.255,42.395,145.13
2024-02-21,497.21,495.42,497.37,493.56,59603771.0,15.34,16.23,84.66,142.72,4.666,4.3044,4.3187,4.4775,-34.952,5.5,3.16,0.9,3.7,3.1,48.9,53.2,110.9,203.0,0.72,425.61,197.94,76.44,40.21,92.18,187.48,104.006,76.93,39.64,99.625,43.19,145.45
2024-02-22,507.5,504.01,508.49,503.02,76402535.0,14.54,15.77,80.88,145.91,4.7116,4.3278,4.3207,4.456,-39.319,5.5,3.06,0.89,3.7,3.1,48.9,53.2,110.9,203.0,0.66,438.07,199.44,77.3,40.62,92.63,187.56,103.957,77.3,40.1,102.885,43.265,147.16
2024-02-23,507.85,509.27,510.13,507.1,61321818.0,13.75,15.25,78.86,144.0,4.6896,4.2799,4.248,4.3703,-44.59,5.5,3.06,0.91,3.7,3.1,48.9,53.2,110.9,214.0,0.66,436.78,199.89,77.4,40.6,93.87,188.62,103.936,77.35,40.3,102.645,42.98,147.86
2024-02-26,505.99,508.3,508.75,505.86,50386738.0,13.74,15.22,80.5,143.6,4.7182,4.3122,4.2795,4.3942,-44.103,5.5,3.05,0.93,3.7,3.1,48.9,53.2,110.9,214.0,0.7,436.55,201.15,77.29,40.42,93.59,188.2,103.827,77.1,40.1,102.745,43.13,147.1
2024-02-27,506.93,506.7,507.16,504.75,48854528.0,13.43,14.89,78.54,147.29,4.6933,4.3114,4.3032,4.4269,-39.411,5.5,3.07,0.92,3.7,3.1,48.9,53.2,110.9,214.0,0.61,437.6,204.0,77.5,40.5,92.93,188.0,103.829,77.2,40.21,102.835,42.945,146.74
2024-02-28,506.26,505.33,506.855,504.96,56506634.0,13.84,15.22,80.36,149.09,4.6374,4.2605,4.2639,4.4047,-37.561,5.5,3.14,0.95,3.7,3.1,48.9,53.2,110.9,214.0,0.48,435.27,202.32,77.05,39.97,93.52,188.34,103.975,77.19,40.36,102.35,42.86,146.01
2024-02-29,508.08,508.07,509.74,505.35,83924795.0,13.4,14.93,77.45,149.83,4.6187,4.2447,4.2502,4.3789,-37.063,5.5,3.12,0.96,3.9,3.2,47.6,52.2,104.8,214.0,0.64,439.0,203.73,77.25,39.99,94.18,189.31,104.156,77.33,40.34,103.49,43.07,144.82
2024-03-01,512.85,508.98,513.29,508.56,76844844.0,13.11,14.93,77.68,150.42,4.5313,4.1571,4.1798,4.3275,-35.152,5.5,3.16,0.97,3.9,3.2,47.6,52.2,104.8,212.0,0.6,445.61,205.89,78.0,40.48,94.47,192.89,103.861,77.18,40.29,105.38,43.57,146.34
2024-03-04,512.3,512.03,514.2,512.0,49799257.0,13.49,15.23,79.41,145.94,4.6017,4.2025,4.2131,4.3531,-39.078,5.5,3.1,0.96,3.9,3.2,47.6,52.2,104.8,212.0,0.64,444.02,205.7,77.8,40.39,94.09,196.01,103.832,77.16,40.39,105.38,43.105,146.12
2024-03-05,507.18,510.24,510.7,504.91,72855623.0,14.46,15.91,83.91,144.9,4.5579,4.1448,4.1525,4.2918,-40.75,5.5,3.15,0.97,3.9,3.2,47.6,52.2,104.8,212.0,0.7,436.05,203.73,77.66,40.03,95.43,197.19,103.798,77.1,40.4,102.79,43.425,145.03
2024-03-06,509.75,510.55,512.069,508.42,68382367.0,14.5,15.97,83.11,143.64,4.5536,4.1168,4.102,4.2397,-45.369,5.5,3.15,0.97,3.9,3.2,47.6,52.2,104.8,212.0,0.83,438.79,205.25,78.58,40.61,95.99,198.81,103.369,77.29,40.61,103.605,43.56,146.02
2024-03-07,514.81,513.14,515.89,509.8053,58652085.0,14.44,15.91,82.13,142.94,4.5014,4.0731,4.0827,4.2424,-42.079,5.5,3.15,0.96,3.9,3.2,47.6,52.2,104.8,212.0,0.56,445.45,206.96,79.51,40.86,95.9,199.94,102.823,77.38,40.55,105.24,43.93,146.7
2024-03-08,511.72,515.46,518.2201,511.13,86532535.0,14.74,16.3,86.56,141.18,4.4735,4.0466,4.0749,4.2526,-40.275,5.5,3.14,0.95,3.9,3.2,47.6,52.2,104.8,213.0,0.56,439.02,206.83,79.25,40.82,95.73,201.63,102.712,77.4,40.62,103.675,44.085,146.43
2024-03-11,511.28,510.48,511.88,508.5,62557183.0,15.22,16.46,88.97,142.27,4.536,4.0884,4.0982,4.261,-43.994,5.5,3.14,0.95,3.9,3.2,47.6,52.2,104.8,213.0,0.68,437.39,205.19,78.8,40.91,95.68,202.0,102.869,77.39,40.69,103.39,44.54,146.35
2024-03-12,516.78,513.45,517.38,510.86,73114439.0,13.84,15.66,83.76,142.23,4.5862,4.1477,4.1507,4.3124,-43.76,5.5,3.08,0.93,3.9,3.2,47.6,52.2,104.8,213.0,0.68,443.66,204.91,79.43,41.36,94.88,199.79,102.957,77.46,40.86,105.51,44.47,147.03
2024-03-13,515.97,517.11,517.29,514.49,55104088.0,13.75,15.6,86.27,144.17,4.6345,4.1986,4.1899,4.3398,-44.677,5.5,3.03,0.92,3.9,3.2,47.6,52.2,104.8,213.0,0.59,440.25,205.71,79.44,41.23,94.42,201.19,102.789,77.49,41.16,104.37,45.18,146.46
2024-03-14,514.95,516.97,517.125,511.82,110171820.0,14.4,16.12,88.75,143.95,4.6936,4.2885,4.2903,4.4337,-40.539,5.5,3.02,0.91,3.9,3.2,47.6,52.2,104.8,213.0,0.63,439.14,202.03,78.86,41.02,92.97,200.35,103.36,77.12,40.83,104.39,45.645,145.94
2024-03-15,509.83,510.21,511.7,508.122,107646297.0,14.41,16.41,92.17,138.91,4.7276,4.3257,4.3063,4.4289,-42.34,5.5,3.02,0.89,3.9,3.2,47.6,52.2,104.8,213.0,0.61,433.92,202.41,78.89,40.77,92.94,199.71,103.432,77.07,40.79,102.815,45.78,145.36
2024-03-18,512.86,514.0,515.48,512.44,88893331.0,14.33,16.22,86.78,139.97,4.7319,4.3416,4.3242,4.4483,-40.981,5.5,3.01,0.89,3.9,3.2,47.6,52.2,104.8,213.0,0.5,437.48,201.25,78.87,40.84,92.66,200.03,103.579,77.25,40.87,103.15,45.57,144.82
2024-03-19,515.71,512.15,515.995,511.12,60755263.0,13.82,15.77,83.9,141.61,4.6831,4.2973,4.2925,4.4415,-39.478,5.5,2.99,0.89,3.9,3.2,47.6,52.2,104.8,213.0,0.66,438.57,202.1,79.01,40.64,92.92,199.8,103.818,77.56,41.07,103.685,46.09,145.78
2024-03-20,520.48,515.77,520.62,515.08,69594574.0,13.04,15.28,78.87,141.19,4.6023,4.2442,4.2728,4.4532,-33.163,5.5,3.0,0.9,3.9,3.2,47.6,52.2,104.8,213.0,0.72,443.77,206.1,79.85,41.1,92.89,202.18,103.389,77.82,41.56,104.845,46.025,145.45
2024-03-21,522.2,523.39,524.11,521.91,60256112.0,12.92,15.18,77.3,154.0,4.6363,4.253,4.2669,4.4347,-37.146,5.5,2.92,0.88,3.9,3.2,47.6,52.2,104.8,213.0,0.67,445.87,207.94,79.81,41.15,93.09,201.97,104.007,77.78,41.9,104.92,46.3,145.64
2024-03-22,521.21,522.11,522.605,520.97,79070842.0,13.06,15.3,76.49,155.84,4.5891,4.1822,4.1981,4.3779,-39.319,5.5,2.96,0.88,3.9,3.2,47.6,52.2,104.8,214.0,0.65,446.38,205.07,79.64,40.86,93.98,200.35,104.43,77.7,41.42,104.955,46.2,145.44
2024-03-25,519.77,519.8,520.95,519.61,48512108.0,13.19,15.38,76.6,151.6,4.6254,4.2281,4.2454,4.4154,-38.213,5.5,3.0,0.9,3.9,3.2,47.6,52.2,104.8,214.0,0.7,444.76,205.54,79.47,40.89,93.51,200.99,104.224,77.58,41.26,104.26,46.63,145.24
2024-03-26,518.81,521.23,521.58,518.4,65463744.0,13.24,15.29,76.77,157.6,4.591,4.221,4.2316,4.3971,-36.348,5.5,3.01,0.91,3.9,3.2,47.6,52.2,104.8,214.0,0.64,443.32,205.17,79.56,40.86,93.77,201.64,104.298,77.49,41.4,103.83,46.27,145.77
2024-03-27,523.17,521.71,523.21,519.485,82999777.0,12.78,15.01,76.0,157.11,4.5682,4.1862,4.1903,4.3503,-38.199,5.5,3.01,0.9,3.9,3.2,47.6,52.2,104.8,214.0,0.67,444.83,209.64,80.04,40.93,94.7,203.1,104.348,77.9,41.89,104.36,46.7,147.71
2024-03-28,523.07,523.21,524.61,522.78,96294886.0,13.01,15.19,76.57,155.44,4.62,4.2125,4.2003,4.3427,-42.381,5.5,2.99,0.9,3.9,3.2,47.6,52.2,104.8,214.0,0.56,444.01,210.3,79.86,41.08,94.62,205.72,104.546,77.73,42.12,104.135,47.205,147.73
2024-04-01,522.16,523.83,524.38,520.97,62477540.0,13.65,15.52,78.45,146.33,4.7053,4.3198,4.3092,4.4484,-39.814,5.5,2.98,0.9,3.9,3.2,47.6,52.2,104.8,214.0,0.65,444.95,208.32,79.52,41.15,92.55,207.82,105.019,77.02,41.89,104.425,47.555,146.47
2024-04-02,518.84,518.24,518.98,516.48,74230308.0,14.61,16.09,82.76,142.14,4.6888,4.3411,4.3491,4.4953,-34.175,5.5,3.08,0.9,3.9,3.2,47.6,52.2,104.8,214.0,0.66,441.11,204.49,78.96,41.28,92.04,210.89,104.816,76.89,41.67,103.42,48.22,144.19
2024-04-03,519.41,517.72,520.95,517.665,59155759.0,14.33,15.91,81.08,138.52,4.6723,4.327,4.3472,4.5072,-32.718,5.5,3.09,0.88,3.9,3.2,47.6,52.2,104.8,214.0,0.69,442.1,205.83,79.4,41.31,92.02,212.74,104.249,76.95,41.65,103.695,48.55,144.03
2024-04-04,513.07,523.52,523.8674,512.755,96858074.0,16.35,17.16,90.04,142.49,4.6474,4.2971,4.3094,4.4757,-34.013,5.5,3.12,0.9,3.9,3.2,47.6,52.2,104.8,214.0,0.68,435.34,203.77,78.72,41.16,92.68,211.52,104.121,76.89,41.18,102.055,48.52,141.95
2024-04-05,518.43,514.46,520.44,514.01,74546483.0,16.03,17.18,90.58,142.64,4.7505,4.3947,4.4016,4.5528,-35.099,5.5,3.03,0.89,3.9,3.2,47.6,52.2,104.8,212.0,0.71,440.47,204.45,78.97,41.25,91.39,215.14,104.298,76.82,41.57,103.225,49.04,143.22
2024-04-08,518.72,519.15,520.18,517.89,48401752.0,15.19,16.56,86.26,140.63,4.7886,4.4304,4.4198,4.5499,-37.301,5.5,2.98,0.87,3.9,3.2,47.6,52.2,104.8,212.0,0.64,440.6,205.57,79.36,41.52,91.38,216.48,104.14,77.0,41.75,103.105,48.73,142.76
2024-04-09,519.32,520.5,520.75,514.35,68124385.0,14.98,16.42,84.45,139.28,4.7426,4.3736,4.3616,4.4964,-38.306,5.5,2.99,0.87,3.9,3.2,47.6,52.2,104.8,212.0,0.72,442.23,206.38,79.35,41.8,92.23,217.67,104.148,77.16,41.51,103.625,48.745,143.27
2024-04-10,514.12,513.48,516.16,512.09,82652806.0,15.8,17.04,91.76,139.94,4.9731,4.6044,4.5435,4.6223,-43.163,5.5,2.92,0.87,3.9,3.2,47.6,52.2,104.8,212.0,0.63,438.37,200.93,78.3,41.23,90.22,215.61,105.245,76.48,40.89,102.355,48.895,141.59
2024-04-11,518.0,515.68,519.48,512.08,70099007.0,14.91,16.49,89.4,136.16,4.9609,4.6316,4.5865,4.6784,-37.646,5.5,3.01,0.87,3.9,3.2,47.6,52.2,104.8,212.0,0.63,445.37,202.29,78.51,41.48,89.81,219.8,105.282,76.41,40.6,104.4,48.86,141.01
2024-04-12,510.85,514.37,515.815,509.08,92561094.0,17.31,18.2,102.72,142.31,4.8966,4.5584,4.5216,4.6294,-37.713,5.5,3.1,0.89,3.9,3.2,47.6,52.2,104.8,211.0,0.68,438.27,198.69,77.24,40.53,90.29,216.89,106.038,76.37,40.06,102.71,48.065,138.91
2024-04-15,504.45,515.13,515.3,503.58,92101447.0,19.23,19.55,109.64,137.72,4.9205,4.6199,4.6014,4.7167,-32.12,5.5,3.14,0.91,3.9,3.2,47.6,52.2,104.8,211.0,0.64,431.06,195.78,77.01,40.27,88.89,220.95,106.208,75.93,39.86,100.76,47.615,138.63
2024-04-16,503.53,504.94,506.5,502.21,73484020.0,18.4,18.84,99.25,135.6,4.9871,4.7015,4.6674,4.7626,-32.185,5.5,3.2,0.92,3.9,3.2,47.6,52.2,104.8,211.0,0.73,431.1,195.06,76.25,39.74,88.3,221.22,106.257,75.68,39.59,100.88,47.2,138.68
2024-04-17,500.55,506.05,506.22,499.12,75910305.0,18.21,18.77,98.76,134.38,4.9321,4.6149,4.5873,4.7002,-34.697,5.5,3.29,0.93,3.9,3.2,47.6,52.2,104.8,211.0,1.13,425.84,193.0,76.3,39.71,89.28,219.59,105.951,75.78,39.69,99.425,47.065,138.44
2024-04-18,499.52,501.98,504.13,498.56,74548085.0,18.0,18.66,95.99,131.8,4.9861,4.6767,4.6326,4.7303,-35.565,5.5,3.25,0.92,3.9,3.2,47.6,52.2,104.8,211.0,0.68,423.41,192.84,76.09,39.87,88.83,220.34,106.151,75.84,39.83,98.29,46.92,138.43
2024-04-19,495.16,499.44,500.455,493.86,102212587.0,18.71,19.25,99.09,133.4,4.9858,4.6701,4.6207,4.7106,-36.937,5.5,3.23,0.92,3.9,3.2,47.6,52.2,104.8,209.0,0.65,414.65,193.14,76.12,39.71,89.15,221.03,106.154,75.98,40.38,96.265,47.485,138.95
2024-04-22,499.72,497.83,502.38,495.43,67961048.0,16.94,17.63,89.54,131.68,4.9713,4.6504,4.6085,4.7127,-36.495,5.5,3.16,0.91,3.9,3.2,47.6,52.2,104.8,209.0,0.57,418.82,195.3,77.01,40.14,89.0,215.57,106.077,76.4,40.87,97.125,47.795,139.48
2024-04-23,505.65,501.78,506.09,499.5328,64633620.0,15.69,16.68,82.36,135.61,4.931,4.6289,4.6004,4.7272,-33.486,5.5,3.08,0.89,3.9,3.2,47.6,52.2,104.8,209.0,0.65,425.07,198.57,77.85,40.47,89.03,215.04,105.675,76.71,41.13,98.565,48.06,141.3
2024-04-24,505.41,506.56,507.37,503.13,55928076.0,15.97,16.84,83.61,135.06,4.9269,4.6564,4.6417,4.7712,-28.723,5.5,3.07,0.9,3.9,3.2,47.6,52.2,104.8,209.0,0.71,426.51,197.68,77.7,40.61,88.4,214.64,105.857,76.54,41.12,99.015,48.095,140.86
2024-04-25,503.49,499.18,504.27,497.49,69122368.0,15.37,16.37,82.54,134.08,4.9975,4.7189,4.7039,4.8123,-29.565,5.5,3.11,0.89,3.9,3.2,47.6,52.2,104.8,209.0,0.68,424.45,196.48,77.34,40.7,87.78,215.92,105.598,76.38,40.88,98.8,48.315,139.92
2024-04-26,508.26,506.35,509.88,505.7,64306118.0,15.03,16.27,79.56,140.86,4.9934,4.687,4.663,4.7754,-33.664,5.5,3.04,0.87,3.9,3.2,47.6,52.2,104.8,209.0,0.55,431.0,198.36,77.96,41.17,88.24,216.62,105.938,76.62,40.82,99.915,47.87,139.96
2024-04-29,510.06,510.09,510.75,507.25,46415449.0,14.67,16.0,78.22,138.3,4.9767,4.6445,4.6136,4.7315,-36.524,5.5,2.99,0.87,3.9,3.2,47.6,52.2,104.8,209.0,0.61,432.75,199.96,78.26,41.57,88.98,216.18,105.579,76.85,40.76,100.345,48.195,140.43
2024-04-30,501.98,508.56,509.56,501.98,77483566.0,15.65,16.59,81.82,132.4,5.0351,4.7154,4.6798,4.7839,-35.735,5.5,3.01,0.87,3.9,3.4,48.8,49.6,97.5,209.0,0.6,424.59,195.9,77.27,40.99,88.22,211.87,106.221,76.29,40.36,98.135,46.76,140.33
2024-05-01,500.35,501.38,508.19,499.865,80242839.0,15.39,16.57,81.93,133.35,4.9602,4.648,4.6283,4.7493,-33.396,5.5,3.08,0.89,3.9,3.4,48.8,49.6,97.5,209.0,0.84,421.52,196.31,77.1,41.03,88.56,213.79,105.755,76.29,40.36,97.13,46.015,140.58
2024-05-02,505.03,504.15,505.89,499.55,62550179.0,14.68,16.05,78.59,132.12,4.8727,4.5701,4.5811,4.7284,-29.578,5.5,3.04,0.87,3.9,3.4,48.8,49.6,97.5,209.0,0.73,426.9,199.92,78.14,42.09,88.94,213.13,105.299,76.76,40.46,98.53,46.28,140.48
2024-05-03,511.29,511.16,512.55,508.56,72756709.0,13.49,15.27,74.57,135.18,4.816,4.4993,4.5077,4.6645,-31.253,5.5,2.93,0.86,3.9,3.4,48.8,49.6,97.5,229.0,0.6,435.48,201.9,78.92,42.47,89.84,212.96,105.03,77.08,40.55,101.275,46.285,140.83
2024-05-06,516.57,513.75,516.61,513.3,47264703.0,13.49,15.02,73.46,130.08,4.8305,4.4869,4.4874,4.6349,-34.73,5.5,2.89,0.85,3.9,3.4,48.8,49.6,97.5,229.0,0.63,440.25,204.51,79.46,42.51,90.19,215.2,105.051,77.17,41.07,102.465,46.65,141.4
2024-05-07,517.14,517.56,518.57,516.45,52561299.0,13.23,14.95,74.54,133.64,4.8304,4.471,4.457,4.5974,-37.55,5.5,2.92,0.86,3.9,3.4,48.8,49.6,97.5,229.0,0.72,440.32,204.97,79.67,42.27,90.74,214.21,105.412,77.18,41.21,102.13,46.605,142.57
2024-05-08,517.19,515.26,517.74,515.14,42047214.0,13.0,14.9,74.5,133.24,4.8365,4.4991,4.4937,4.639,-34.489,5.5,2.95,0.86,3.9,3.4,48.8,49.6,97.5,229.0,0.69,440.06,203.78,79.58,42.28,90.19,213.58,105.546,77.0,41.36,102.42,46.55,142.08
2024-05-09,520.17,517.38,520.2074,516.705,43643668.0,12.69,14.71,73.77,136.46,4.8154,4.469,4.4531,4.6075,-36.439,5.5,3.0,0.87,3.9,3.4,48.8,49.6,97.5,229.0,0.55,441.02,205.86,80.19,42.41,90.63,216.95,105.227,77.02,41.67,102.39,47.175,143.3
2024-05-10,520.84,521.81,522.635,519.59,52233171.0,12.55,14.66,73.26,137.3,4.8655,4.5128,4.4963,4.6386,-37.129,5.5,2.98,0.87,3.9,3.4,48.8,49.6,97.5,222.0,0.6,442.06,204.31,80.34,42.5,90.12,218.71,105.301,76.9,41.83,102.77,46.915,143.59
2024-05-13,520.91,522.56,522.67,519.74,36716361.0,13.6,14.89,77.55,139.65,4.8612,4.5057,4.4865,4.6289,-37.893,5.5,3.01,0.88,3.9,3.4,48.8,49.6,97.5,222.0,0.57,443.08,204.74,80.34,42.82,90.35,216.26,105.218,76.88,41.66,103.255,46.79,143.45
2024-05-14,523.3,521.11,523.83,520.56,57535867.0,13.42,14.7,77.65,140.18,4.8147,4.4543,4.4394,4.5855,-37.736,5.5,3.03,0.88,3.9,3.4,48.8,49.6,97.5,222.0,0.53,445.93,206.86,80.94,43.05,90.86,218.09,105.013,77.0,41.87,104.17,46.85,144.06
2024-05-15,529.78,525.83,530.08,525.18,59504897.0,12.45,14.08,76.31,140.64,4.7237,4.345,4.34,4.5,-38.581,5.5,3.01,0.88,3.9,3.4,48.8,49.6,97.5,222.0,0.57,452.9,209.44,81.8,43.51,92.1,220.89,104.345,77.45,42.18,106.515,46.955,146.2
2024-05-16,528.69,529.88,531.5218,528.54,50244827.0,12.42,14.22,77.74,147.85,4.7953,4.3994,4.375,4.5122,-42.246,5.5,2.98,0.87,3.9,3.4,48.8,49.6,97.5,222.0,0.59,451.98,207.93,81.36,43.6,92.01,220.03,104.462,77.27,42.18,106.145,46.825,146.03
2024-05-17,529.45,528.81,529.52,527.32,59187585.0,11.99,13.99,78.43,143.05,4.8245,4.445,4.4198,4.5586,-40.684,5.5,2.97,0.87,3.9,3.4,48.8,49.6,97.5,216.0,0.54,451.76,208.08,81.64,43.79,91.39,223.66,104.445,77.28,42.49,105.91,47.48,146.31
2024-05-20,530.06,529.57,531.5601,529.17,37764206.0,12.15,14.11,79.45,144.54,4.8478,4.4661,4.4433,4.5845,-40.876,5.5,2.96,0.86,3.9,3.4,48.8,49.6,97.5,216.0,0.53,454.91,208.54,81.7,43.63,91.12,224.56,104.565,77.32,41.91,107.155,47.17,146.0
2024-05-21,531.36,529.28,531.52,529.07,33437001.0,11.86,13.95,77.62,149.52,4.8285,4.4341,4.412,4.5491,-41.868,5.5,2.98,0.87,3.9,3.4,48.8,49.6,97.5,216.0,0.59,455.8,208.34,81.57,43.36,91.59,224.23,104.661,77.26,42.18,107.33,46.94,146.25
2024-05-22,529.83,530.65,531.38,527.6,48389968.0,12.29,14.31,79.96,150.14,4.869,4.4623,4.4218,4.5377,-44.953,5.5,3.0,0.87,3.9,3.4,48.8,49.6,97.5,216.0,0.57,455.71,206.58,80.8,43.22,91.7,220.11,104.933,77.09,41.94,107.57,46.04,146.51
2024-05-23,525.96,532.96,533.07,524.72,57211197.0,12.77,14.67,84.62,153.33,4.9353,4.5298,4.4767,4.5816,-46.281,5.5,2.98,0.87,3.9,3.4,48.8,49.6,97.5,216.0,0.65,453.66,203.19,80.39,42.9,91.11,215.72,105.108,76.82,41.36,106.695,45.62,144.91
2024-05-24,529.44,527.85,530.27,526.881,41291076.0,11.93,14.17,79.09,155.86,4.9461,4.5277,4.465,4.57,-48.546,5.5,3.0,0.87,3.9,3.4,48.8,49.6,97.5,221.0,0.67,457.95,205.44,81.05,43.02,91.38,215.92,104.724,77.09,41.61,107.595,45.685,144.42
2024-05-28,529.81,530.27,530.51,527.11,36269602.0,12.92,14.72,81.64,152.23,4.9764,4.5937,4.55,4.6658,-43.072,5.5,2.99,0.86,3.9,3.4,48.8,49.6,97.5,221.0,0.56,459.68,205.16,81.02,42.96,90.07,218.19,104.614,76.78,41.15,108.05,46.155,142.67
2024-05-29,526.1,525.68,527.31,525.37,45190323.0,14.28,15.45,83.79,151.8,4.9726,4.6326,4.6117,4.7328,-36.296,5.5,3.04,0.86,3.9,3.4,48.8,49.6,97.5,221.0,0.68,456.44,202.13,79.74,42.32,88.98,216.16,105.122,76.55,40.82,107.365,45.34,141.56
2024-05-30,522.61,524.52,525.2,521.33,46468510.0,14.47,15.59,83.44,146.61,4.9248,4.5671,4.546,4.6795,-38.292,5.5,3.1,0.85,3.9,3.4,48.8,49.6,97.5,221.0,0.87,451.55,204.05,80.41,42.2,89.84,216.57,104.716,76.86,41.04,104.915,45.47,141.63
2024-05-31,527.37,523.59,527.5,518.36,90785755.0,12.92,14.66,78.27,148.1,4.8727,4.507,4.4985,4.6472,-37.621,5.5,3.08,0.85,4.0,3.3,48.5,53.5,101.3,229.0,0.73,450.71,205.77,81.18,41.79,90.45,215.3,104.671,77.13,41.64,105.08,46.6,143.7
2024-06-03,527.8,529.02,529.31,522.6,46835702.0,13.11,14.8,78.79,139.01,4.808,4.4048,4.3884,4.5376,-42.17,5.5,3.08,0.86,4.0,3.3,48.5,53.5,101.3,229.0,0.58,453.13,204.61,81.41,42.23,91.6,217.22,104.14,77.01,41.38,105.345,45.38,144.71
2024-06-04,528.39,526.46,529.15,524.96,34632661.0,13.16,14.88,77.65,138.18,4.7704,4.345,4.3259,4.4735,-44.455,5.5,3.12,0.88,4.0,3.3,48.5,53.5,101.3,229.0,0.61,454.37,201.97,81.31,41.64,92.67,215.27,104.11,76.97,41.19,105.565,44.945,145.13
2024-06-05,534.67,530.77,534.69,528.7254,47610365.0,12.63,14.54,75.24,141.4,4.7222,4.2941,4.2755,4.4297,-44.887,5.5,3.11,0.88,4.0,3.3,48.5,53.5,101.3,229.0,0.75,463.53,205.06,81.88,42.31,93.35,217.82,104.268,77.22,41.31,107.91,44.94,145.79
2024-06-06,534.66,534.98,535.42,532.68,30808530.0,12.58,14.54,77.91,140.18,4.724,4.2993,4.287,4.4352,-44.117,5.5,3.11,0.89,4.0,3.3,48.5,53.5,101.3,229.0,0.59,463.37,203.59,82.16,42.52,93.21,219.43,104.102,77.09,41.29,107.55,45.175,146.27
2024-06-07,534.01,533.66,536.89,532.535,43224525.0,12.22,14.41,76.65,139.61,4.8868,4.4626,4.4335,4.5546,-45.539,5.5,3.03,0.88,4.0,3.3,48.5,53.5,101.3,241.0,0.58,462.96,201.2,81.27,42.04,91.5,211.6,104.885,76.89,41.48,107.8,44.995,146.43
2024-06-10,535.66,533.18,535.99,532.57,35729252.0,12.74,14.6,78.97,141.56,4.8804,4.482,4.467,4.5958,-41.55,5.5,3.05,0.88,4.0,3.3,48.5,53.5,101.3,241.0,0.58,464.83,201.89,81.21,42.29,90.89,213.54,105.15,76.96,41.32,108.075,45.335,146.97
2024-06-11,536.95,534.07,537.01,532.05,36383411.0,12.85,14.49,79.95,144.7,4.834,4.4183,4.404,4.5365,-43.212,5.5,3.1,0.88,4.0,3.3,48.5,53.5,101.3,241.0,0.59,468.02,200.64,78.91,41.86,91.83,214.15,105.23,77.06,40.85,110.085,45.245,146.36
2024-06-12,541.36,541.63,544.12,540.3,63251305.0,12.04,14.12,77.6,150.66,4.7518,4.3161,4.316,4.4752,-44.0,5.5,3.02,0.88,4.0,3.3,48.5,53.5,101.3,241.0,0.53,474.15,203.72,79.84,42.28,92.52,214.72,104.645,77.37,40.81,112.52,44.76,146.05
2024-06-13,542.45,543.15,543.325,539.59,44760949.0,11.94,14.17,78.2,162.25,4.6969,4.244,4.2442,4.3964,-45.479,5.5,3.12,0.9,4.0,3.3,48.5,53.5,101.3,241.0,0.87,476.72,201.94,78.7,42.18,93.88,212.97,105.196,77.36,40.78,113.41,44.35,145.93
2024-06-14,542.78,540.88,542.81,539.85,40089895.0,12.66,14.84,83.72,156.18,4.7044,4.2383,4.2209,4.3488,-48.565,5.5,3.2,0.92,4.0,3.3,48.5,53.5,101.3,237.0,0.58,479.19,198.73,77.83,42.23,94.67,215.73,105.55,77.06,40.65,113.835,44.02,145.88
2024-06-17,547.1,542.08,548.53,541.6072,55839457.0,12.75,14.79,83.34,153.84,4.7655,4.3032,4.2809,4.4055,-48.67,5.5,3.16,0.93,4.0,3.3,48.5,53.5,101.3,237.0,0.62,485.06,200.4,78.14,42.5,93.73,214.61,105.32,77.11,41.01,115.56,44.135,145.73
2024-06-18,548.49,547.16,548.62,546.73,41376417.0,12.3,14.69,80.63,142.9,4.712,4.2431,4.2227,4.3551,-49.357,5.5,3.16,0.93,4.0,3.3,48.5,53.5,101.3,237.0,0.58,485.21,200.75,78.45,42.89,94.59,215.47,105.256,77.35,41.27,115.705,44.32,145.92
2024-06-20,547.0,549.44,550.12,545.18,70328226.0,13.28,15.41,85.72,148.6,4.7372,4.2746,4.2594,4.3972,-48.202,5.5,3.15,0.94,4.0,3.3,48.5,53.5,101.3,237.0,0.62,481.47,199.9,78.5,42.82,93.96,218.16,105.588,77.3,41.49,114.405,45.135,146.4
2024-06-21,544.51,544.4,545.65,543.02,64513859.0,13.2,15.17,83.31,151.79,4.7322,4.2742,4.2554,4.3971,-48.101,5.5,3.14,0.94,4.0,3.3,48.5,53.5,101.3,233.0,0.63,480.18,200.35,77.95,42.67,93.96,214.78,105.796,77.39,41.33,114.205,44.875,146.81
2024-06-24,542.74,544.33,546.95,542.62,45528654.0,13.33,15.23,84.8,147.13,4.7234,4.2547,4.2321,4.3651,-49.552,5.5,3.1,0.93,4.0,3.3,48.5,53.5,101.3,233.0,0.58,473.96,201.22,78.57,42.67,94.34,215.63,105.473,77.31,41.59,111.21,45.64,147.09
2024-06-25,544.83,543.99,545.2,542.44,38273346.0,12.84,14.86,82.87,146.64,4.7424,4.2757,4.2476,4.3778,-49.69,5.5,3.09,0.95,4.0,3.3,48.5,53.5,101.3,233.0,0.59,479.38,200.56,78.76,42.57,94.5,214.56,105.607,77.41,41.28,113.25,45.745,146.63
2024-06-26,545.51,543.69,546.24,543.03,38550637.0,12.55,14.71,81.45,143.49,4.7472,4.3428,4.3294,4.462,-41.992,5.5,3.08,0.94,4.0,3.3,48.5,53.5,101.3,233.0,0.54,480.37,200.03,78.18,42.48,93.15,212.58,106.052,77.24,41.02,113.12,45.295,146.11
2024-06-27,546.37,545.37,546.96,544.61,35041480.0,12.24,14.42,79.5,143.06,4.712,4.2973,4.2864,4.4257,-42.76,5.5,3.13,0.94,4.0,3.3,48.5,53.5,101.3,233.0,0.76,481.61,202.06,78.24,42.51,93.52,214.99,105.906,77.33,40.97,113.175,45.4,145.87
2024-06-28,544.22,547.16,550.28,542.95,76144535.0,12.44,14.52,79.48,141.79,4.7535,4.3765,4.3961,4.5583,-35.946,5.5,3.09,0.94,4.0,3.3,48.5,53.5,101.3,238.0,0.64,479.11,202.89,78.33,42.59,91.78,215.01,105.866,77.14,41.11,113.115,45.575,145.75
2024-07-01,545.34,545.63,545.88,542.52,40297810.0,12.22,14.19,76.05,145.82,4.7556,4.426,4.4613,4.6237,-29.85,5.5,3.09,0.91,4.0,3.3,48.5,53.5,101.3,238.0,0.56,481.92,201.19,78.47,42.69,89.91,215.57,105.901,76.72,41.2,113.97,45.6,144.93
2024-07-02,549.01,543.7,549.01,543.65,40434792.0,12.03,14.01,77.06,147.16,4.7412,4.3942,4.4316,4.6053,-31.372,5.5,3.12,0.9,4.0,3.3,48.5,53.5,101.3,238.0,0.7,486.98,201.88,78.66,42.82,90.61,215.56,105.722,76.93,41.68,114.54,45.565,144.4
2024-07-03,551.46,548.69,551.83,548.65,32789911.0,12.09,14.02,78.07,148.83,4.7059,4.3237,4.3587,4.5278,-35.343,5.5,3.13,0.89,4.0,3.3,48.5,53.5,101.3,238.0,0.51,491.04,201.83,79.56,43.45,91.8,217.99,105.403,77.2,41.55,116.085,45.765,143.3
2024-07-05,554.64,551.77,555.05,551.12,41488389.0,12.48,14.35,78.8,150.2,4.6035,4.2252,4.2784,4.4768,-32.935,5.5,3.14,0.89,4.0,3.3,48.5,53.5,101.3,222.0,0.56,496.16,200.87,80.09,43.63,92.56,220.93,104.875,77.43,41.54,116.44,45.05,144.41
2024-07-08,555.28,555.44,556.2501,554.19,36110451.0,12.37,14.29,78.59,148.53,4.6285,4.2392,4.2783,4.4646,-35.438,5.5,3.11,0.89,4.0,3.3,48.5,53.5,101.3,222.0,0.51,497.34,202.28,79.69,43.64,92.76,218.19,105.0,77.41,41.43,117.235,44.775,144.25
2024-07-09,555.82,556.26,557.18,555.52,27314125.0,12.51,14.39,78.58,151.09,4.6264,4.2427,4.2959,4.4881,-33.258,5.5,3.1,0.9,4.0,3.3,48.5,53.5,101.3,222.0,0.57,497.77,201.4,79.37,43.82,92.35,218.56,105.129,77.32,41.75,117.14,44.38,144.95
2024-07-10,561.32,557.07,561.67,556.77,38701220.0,12.85,14.5,83.41,156.96,4.62,4.2374,4.2841,4.4768,-33.798,5.5,3.07,0.9,4.0,3.3,48.5,53.5,101.3,222.0,0.55,502.96,203.37,80.49,44.07,92.64,219.36,105.048,77.5,41.91,118.84,44.68,146.32
2024-07-11,556.48,561.44,562.33,555.83,53054184.0,12.92,14.67,84.47,152.23,4.513,4.1426,4.2101,4.42,-30.707,5.5,3.08,0.9,4.0,3.3,48.5,53.5,101.3,222.0,0.61,491.93,210.68,80.72,44.33,93.54,223.25,104.44,77.78,42.24,115.865,45.145,147.35
2024-07-12,559.99,557.63,563.67,557.15,53084405.0,12.46,14.37,81.61,150.86,4.4514,4.102,4.1829,4.3959,-27.069,5.5,3.07,0.89,4.0,3.3,48.5,53.5,101.3,240.0,0.57,494.82,213.14,81.58,44.51,93.94,223.11,104.093,77.98,42.38,116.9,45.26,148.27
2024-07-15,561.53,562.03,564.8371,559.63,40584293.0,13.12,14.87,83.86,147.4,4.4575,4.1317,4.2294,4.4571,-23.017,5.5,3.08,0.9,4.0,3.3,48.5,53.5,101.3,240.0,0.52,496.15,217.19,80.86,44.04,92.86,223.83,104.189,77.99,43.0,117.11,45.945,147.75
2024-07-16,564.86,562.865,565.16,562.1,36475260.0,13.19,14.91,82.4,151.53,4.4172,4.0738,4.1576,4.3721,-26.17,5.5,3.03,0.9,4.0,3.3,48.5,53.5,101.3,240.0,0.49,496.34,224.6,81.25,44.29,94.17,228.29,104.27,78.29,43.49,116.72,46.15,149.86
2024-07-17,556.94,558.8,560.51,556.61,57118956.0,14.48,15.79,88.28,146.39,4.4379,4.0772,4.1576,4.3748,-28.248,5.5,3.04,0.91,4.0,3.3,48.5,53.5,101.3,240.0,0.53,481.77,222.25,80.82,43.57,94.19,227.23,103.748,78.2,43.82,112.18,46.61,150.54
2024-07-18,552.66,558.51,559.52,550.43,56270392.0,15.93,16.56,94.71,151.12,4.4714,4.1192,4.2021,4.4217,-27.355,5.5,3.03,0.91,4.0,3.3,48.5,53.5,101.3,240.0,0.6,479.49,217.95,80.02,43.16,93.47,225.78,104.173,78.04,43.29,112.19,46.695,147.12
2024-07-19,548.99,552.42,554.08,547.91,65509081.0,16.52,17.16,97.93,146.99,4.5109,4.1665,4.2389,4.4468,-27.622,5.5,3.03,0.91,4.0,3.3,48.5,53.5,101.3,236.0,0.6,475.24,216.84,79.53,42.74,92.92,221.73,104.396,77.98,42.85,110.435,46.185,147.87
2024-07-22,554.65,553.0,555.27,551.02,43346720.0,14.91,16.09,93.66,141.38,4.517,4.1735,4.2525,4.472,-26.664,5.5,3.0,0.91,4.0,3.3,48.5,53.5,101.3,236.0,0.55,482.32,220.29,80.37,43.1,92.65,221.8,104.314,78.27,43.09,113.05,45.895,148.72
2024-07-23,553.78,554.54,556.735,553.275,34439561.0,14.72,16.01,88.51,137.0,4.4913,4.1628,4.2506,4.4842,-24.29,5.5,2.97,0.91,4.0,3.3,48.5,53.5,101.3,236.0,0.63,480.62,222.63,79.92,42.72,92.52,222.58,104.45,78.28,43.17,112.6,45.165,148.63
2024-07-24,541.23,548.86,549.17,540.29,74515266.0,18.04,18.43,106.12,136.84,4.4307,4.1716,4.2838,4.5419,-15.104,5.5,3.03,0.93,4.0,3.3,48.5,53.5,101.3,236.0,0.7,463.38,217.85,78.91,42.1,91.52,221.8,104.391,78.03,42.58,107.94,45.17,149.87
2024-07-25,538.41,541.35,547.455,537.45,61158288.0,18.46,18.69,104.38,134.17,4.4307,4.1309,4.2407,4.4832,-19.202,5.5,3.03,0.93,4.0,3.3,48.5,53.5,101.3,236.0,0.8,458.27,220.57,78.41,41.93,92.27,218.33,104.355,78.04,42.74,106.785,45.95,149.12
2024-07-26,544.44,542.28,547.19,541.49,53763788.0,16.39,17.24,94.61,131.73,4.3832,4.0749,4.1939,4.4523,-19.145,5.5,3.06,0.93,4.0,3.3,48.5,53.5,101.3,248.0,0.73,462.97,224.22,79.41,42.36,92.99,220.63,104.316,78.29,43.41,108.14,46.095,149.96
2024-07-29,544.76,546.02,547.05,542.72,39515824.0,16.6,17.16,93.51,128.93,4.3997,4.0749,4.1744,4.4244,-22.742,5.5,3.08,0.93,4.0,3.3,48.5,53.5,101.3,248.0,0.65,463.9,221.73,79.06,42.22,93.49,220.32,104.564,78.22,43.35,107.66,45.7,150.05
2024-07-30,542.0,546.26,547.34,538.515,46853632.0,17.69,18.01,99.97,127.31,4.3585,4.0331,4.1394,4.3948,-22.113,5.5,3.13,0.94,4.0,3.3,48.5,53.5,101.3,248.0,0.68,457.53,222.57,79.24,42.03,93.85,222.52,104.554,78.26,43.85,104.955,46.41,150.18
2024-07-31,550.81,548.98,553.5,547.5799,65663388.0,16.36,16.97,94.25,136.69,4.2575,3.9132,4.0296,4.3028,-22.992,5.5,3.14,0.93,4.2,2.9,47.0,51.4,101.9,248.0,0.59,471.07,223.86,80.36,42.95,94.81,226.55,104.096,78.54,43.74,109.4,46.605,149.63
2024-08-01,543.01,552.57,554.8688,539.43,76428732.0,18.59,19.14,111.18,132.23,4.1482,3.8335,3.976,4.2759,-17.629,5.5,3.25,0.98,4.2,2.9,47.0,51.4,101.9,248.0,0.64,459.66,216.58,78.23,42.2,95.31,225.77,104.421,77.96,43.12,105.32,45.37,151.16
2024-08-02,532.9,535.75,536.99,528.6,82789070.0,23.39,23.34,136.81,139.65,3.8798,3.6166,3.7904,4.1072,-9.35,5.5,3.59,1.05,4.2,2.9,47.0,51.4,101.9,234.0,0.81,448.75,208.92,77.0,41.6,98.28,225.34,103.208,77.7,42.06,102.36,44.2,150.86
2024-08-05,517.38,511.64,523.58,510.27,146267391.0,38.57,33.71,173.32,145.3,3.9201,3.6421,3.7884,4.0721,-13.588,5.5,3.81,1.11,4.2,2.9,47.0,51.4,101.9,234.0,0.77,435.37,202.2,75.32,40.42,98.8,222.48,102.689,77.22,40.84,98.95,43.225,146.83
2024-08-06,522.15,519.22,529.75,517.87,84826312.0,27.71,26.76,150.09,145.43,3.9751,3.7312,3.8919,4.1792,-8.729,5.5,3.59,1.06,4.2,2.9,47.0,51.4,101.9,234.0,0.72,439.53,204.4,75.45,40.65,96.59,220.7,102.969,77.51,41.5,100.295,43.49,147.51
2024-08-07,518.66,528.47,531.59,518.0519,70698340.0,27.85,27.01,151.24,146.36,3.9621,3.7621,3.9431,4.2463,-2.112,5.5,3.48,1.05,4.2,2.9,47.0,51.4,101.9,234.0,0.69,434.77,201.98,75.81,40.9,95.91,220.55,103.197,77.66,41.55,98.67,43.665,146.01
2024-08-08,530.65,523.91,531.29,521.84,63276589.0,23.79,24.13,134.34,147.37,4.038,3.8276,3.9877,4.2766,-5.235,5.5,3.39,1.03,4.2,2.9,47.0,51.4,101.9,234.0,0.97,448.07,206.89,77.08,41.83,95.32,224.01,103.209,77.98,42.22,102.355,44.605,149.24
2024-08-09,532.99,529.81,534.51,528.56,45619558.0,20.37,21.18,114.63,144.52,4.0531,3.7961,3.9398,4.2186,-11.745,5.5,3.39,1.02,4.2,2.9,47.0,51.4,101.9,228.0,0.6,450.41,206.46,77.38,42.06,96.26,224.56,103.135,77.97,42.4,102.815,44.705,149.98
2024-08-12,533.27,534.21,535.73,530.95,42542069.0,20.71,21.63,121.94,140.82,4.0173,3.7458,3.9035,4.2003,-11.58,5.5,3.45,1.03,4.2,2.9,47.0,51.4,101.9,228.0,0.68,451.38,204.6,77.31,42.2,96.61,228.41,103.139,78.02,42.18,103.655,44.925,149.41
2024-08-13,542.04,536.53,542.28,536.28,52333073.0,18.12,19.86,113.89,143.87,3.9294,3.6715,3.8428,4.1584,-9.081,5.5,3.45,1.02,4.2,2.9,47.0,51.4,101.9,228.0,0.67,462.58,207.97,78.64,42.67,97.28,228.06,102.559,78.38,42.53,106.84,44.49,151.22
2024-08-14,543.75,542.85,544.96,540.12,42446929.0,16.19,18.45,107.81,141.82,3.9558,3.6799,3.8352,4.125,-12.687,5.5,3.38,1.0,4.2,2.9,47.0,51.4,101.9,228.0,0.67,462.73,206.68,78.93,42.44,97.89,226.2,102.568,78.52,43.05,107.425,44.75,151.76
2024-08-15,553.07,549.5,553.36,548.88,60846812.0,15.23,17.88,105.42,143.56,4.0929,3.7887,3.9131,4.1702,-18.406,5.5,3.22,0.96,4.2,2.9,47.0,51.4,101.9,228.0,0.58,474.42,212.04,79.89,42.91,97.1,226.91,102.977,78.59,43.45,110.515,45.285,152.71
2024-08-16,554.31,551.42,555.02,551.26,44430728.0,14.8,17.81,103.42,142.55,4.0497,3.7571,3.8826,4.1402,-17.134,5.5,3.19,0.96,4.2,2.9,47.0,51.4,101.9,232.0,0.51,475.03,212.6,80.33,43.41,97.44,231.99,102.463,78.84,43.77,110.7,45.235,152.87
2024-08-19,559.61,554.73,559.61,553.86,39121793.0,14.65,17.59,98.82,141.5,4.066,3.7569,3.8711,4.1222,-19.908,5.5,3.12,0.95,4.2,2.9,47.0,51.4,101.9,232.0,0.47,481.27,215.2,81.31,43.83,97.89,231.61,101.886,78.97,44.01,112.525,45.54,153.8
2024-08-20,558.7,559.15,560.84,557.325,33732264.0,15.88,18.28,101.74,146.26,3.9836,3.6875,3.8067,4.0606,-18.114,5.5,3.18,0.97,4.2,2.9,47.0,51.4,101.9,232.0,0.59,480.26,212.69,81.06,43.49,98.67,232.46,101.441,78.9,43.87,112.13,44.34,154.42
2024-08-21,560.62,559.77,562.11,554.73,41514600.0,16.27,18.58,106.72,149.67,3.9305,3.6562,3.801,4.0775,-13.354,5.5,3.19,0.96,4.2,2.9,47.0,51.4,101.9,232.0,0.59,482.5,215.46,81.81,43.66,98.73,232.15,101.039,79.08,43.8,112.79,44.415,154.68
2024-08-22,556.22,562.56,563.18,554.98,56121456.0,17.55,19.36,112.53,154.16,4.0035,3.7166,3.8521,4.1258,-15.563,5.5,3.13,0.95,4.2,2.9,47.0,51.4,101.9,232.0,0.74,474.85,213.56,81.33,43.12,97.75,229.37,101.508,78.98,44.05,110.195,44.53,154.78
2024-08-23,562.13,559.53,563.09,557.29,50639393.0,15.86,18.19,99.22,153.95,3.9153,3.6486,3.799,4.0908,-11.842,5.5,3.12,0.94,4.2,2.9,47.0,51.4,101.9,232.0,0.55,480.0,220.38,82.82,43.84,98.39,232.02,100.718,79.4,44.43,111.98,45.195,155.45
2024-08-26,560.79,563.18,563.91,559.05,35788609.0,16.15,18.25,100.68,151.5,3.9358,3.6657,3.816,4.1051,-12.188,5.5,3.07,0.94,4.2,2.9,47.0,51.4,101.9,232.0,0.57,475.34,220.45,82.45,43.47,98.14,232.76,100.851,79.24,44.57,110.575,45.6,155.37
2024-08-27,561.56,559.49,562.06,558.32,32693898.0,15.43,17.73,93.45,151.83,3.8992,3.6482,3.8216,4.1131,-8.174,5.5,3.1,0.94,4.2,2.9,47.0,51.4,101.9,232.0,0.7,476.76,218.74,82.83,43.53,97.97,233.39,100.552,79.29,44.8,111.245,45.175,155.61
2024-08-28,558.3,561.21,561.65,555.04,41066024.0,17.11,18.9,106.32,151.68,3.865,3.6653,3.8349,4.1248,-3.423,5.5,3.1,0.94,4.2,2.9,47.0,51.4,101.9,232.0,0.64,471.35,217.26,82.54,43.26,97.85,231.75,101.094,79.25,44.91,109.71,44.885,155.79
2024-08-29,558.35,560.31,563.68,557.18,38715176.0,15.65,18.0,97.08,153.01,3.8939,3.6664,3.8615,4.1455,-3.648,5.5,3.08,0.94,4.2,2.9,47.0,51.4,101.9,232.0,0.62,470.66,218.81,82.85,43.28,97.53,232.95,101.343,79.33,45.31,108.72,45.47,156.12
2024-08-30,563.68,560.77,564.2,557.14,62700110.0,15.0,17.43,93.73,159.0,3.9165,3.7027,3.9034,4.1955,-1.721,5.5,3.05,0.93,4.2,2.9,47.0,51.4,101.9,228.0,0.6,476.27,220.08,82.98,43.37,96.49,231.29,101.698,79.34,45.74,110.165,45.64,157.2
2024-09-03,552.08,560.47,560.81,549.51,60600113.0,20.72,21.7,129.79,163.6,3.8631,3.6387,3.831,4.1229,-3.413,5.5,3.16,0.97,4.2,2.9,47.0,51.4,101.9,228.0,0.73,461.81,213.35,81.67,42.51,97.75,230.29,101.825,78.68,45.4,105.105,44.505,156.9
2024-09-04,550.95,550.2,554.43,549.46,47224939.0,21.32,22.07,123.47,160.9,3.7539,3.5491,3.7552,4.0578,-0.276,5.5,3.2,0.98,4.2,2.9,47.0,51.4,101.9,228.0,0.73,460.61,212.99,81.31,42.5,99.01,230.43,101.358,78.97,45.45,104.835,43.89,156.63
2024-09-05,549.61,550.89,553.7995,547.1,44264258.0,19.9,20.93,115.01,156.71,3.7435,3.537,3.7269,4.0198,-1.865,5.5,3.15,0.97,4.2,2.9,47.0,51.4,101.9,228.0,0.98,461.04,211.93,81.33,42.56,99.57,232.35,101.107,79.24,44.95,104.675,43.55,154.48
2024-09-06,540.36,549.94,551.6,539.44,68493805.0,22.38,22.74,119.33,148.98,3.6462,3.4852,3.708,4.018,5.767,5.5,3.22,0.98,4.2,2.9,47.0,51.4,101.9,230.0,0.75,448.69,207.9,79.8,41.78,99.56,230.63,101.177,79.14,44.29,101.96,43.005,153.95
2024-09-09,546.41,544.65,547.71,542.68,40445822.0,19.45,20.88,110.85,140.33,3.6688,3.4868,3.7004,4.0005,2.96,5.5,3.2,0.97,4.2,2.9,47.0,51.4,101.9,230.0,0.64,454.46,208.48,80.6,42.13,99.99,231.6,101.552,79.33,44.95,103.63,43.315,155.03
2024-09-10,548.79,548.36,549.15,543.38,36394579.0,19.08,20.55,107.2,139.75,3.5941,3.4232,3.6423,3.9622,4.406,5.5,3.3,0.99,4.2,2.9,47.0,51.4,101.9,230.0,0.69,458.66,208.31,80.2,41.97,100.69,232.62,101.63,79.18,44.49,105.18,42.57,155.74
2024-09-11,554.42,548.7,555.36,539.96,75248608.0,17.69,19.59,102.9,139.73,3.6415,3.4437,3.6534,3.9657,0.988,5.5,3.3,0.99,4.2,2.9,47.0,51.4,101.9,230.0,0.6,468.62,208.92,80.68,42.28,100.61,232.25,101.684,79.3,44.28,108.77,42.175,155.28
2024-09-12,559.09,555.01,559.4,552.74,51892735.0,17.07,19.48,103.94,145.88,3.6392,3.4642,3.674,3.9882,3.062,5.5,3.25,0.97,4.2,2.9,47.0,51.4,101.9,230.0,0.57,473.22,211.61,81.34,42.63,100.14,236.33,101.366,79.41,44.38,109.67,42.555,155.84
2024-09-13,562.01,559.71,563.03,559.45,39310501.0,16.56,19.28,101.88,149.99,3.5824,3.4312,3.6513,3.9795,6.684,5.5,3.22,0.96,4.2,2.9,47.0,51.4,101.9,222.0,0.54,475.34,216.83,81.53,42.83,100.41,238.68,101.114,79.63,44.51,110.22,42.795,156.16
2024-09-16,562.84,561.74,563.11,559.9,36656122.0,17.14,19.81,106.67,152.17,3.5509,3.4019,3.6176,3.9285,6.465,5.5,3.2,0.96,4.2,2.9,47.0,51.4,101.9,222.0,0.52,473.24,217.61,82.19,42.97,101.33,238.66,100.763,79.83,45.09,109.8,43.285,157.24
2024-09-17,563.07,565.1,566.58,560.795,49320970.0,17.61,20.13,107.19,157.54,3.6048,3.443,3.6456,3.9586,3.868,5.5,3.12,0.94,4.2,2.9,47.0,51.4,101.9,222.0,0.51,473.49,219.41,81.73,43.02,100.84,237.34,100.894,79.85,45.33,109.585,43.87,155.62
2024-09-18,561.4,563.74,568.69,560.83,59044937.0,18.23,20.35,105.43,167.42,3.6172,3.4826,3.7038,4.0205,8.034,5.0,3.07,0.93,4.2,2.9,47.0,51.4,101.9,222.0,0.61,471.44,219.45,81.47,42.87,99.59,235.51,100.596,79.92,45.19,108.585,43.955,155.36
2024-09-19,570.98,571.01,572.88,568.08,75315470.0,16.33,19.07,97.46,171.72,3.5813,3.4825,3.7131,4.0505,12.762,5.0,2.98,0.91,4.2,2.9,47.0,51.4,101.9,222.0,0.77,483.36,223.97,83.08,43.78,99.26,239.17,100.614,80.16,45.69,111.81,44.48,155.92
2024-09-20,568.25,567.84,569.31,565.17,77503110.0,16.15,18.94,94.27,165.75,3.591,3.4978,3.7413,4.0833,14.611,5.0,3.01,0.91,4.2,2.9,47.0,51.4,101.9,221.0,0.52,482.44,221.57,82.26,43.69,98.88,242.21,100.723,80.26,45.66,111.265,44.38,155.28
2024-09-23,569.67,569.34,570.3325,568.1,44116922.0,15.89,18.7,94.41,165.6,3.5866,3.5064,3.7489,4.0922,16.0,5.0,3.02,0.9,4.2,2.9,47.0,51.4,101.9,221.0,0.49,483.04,220.76,82.57,44.03,98.67,242.68,100.851,80.11,45.44,111.045,44.56,154.4
2024-09-24,571.3,570.48,571.36,567.6,46805672.0,15.39,18.47,90.93,162.41,3.5379,3.4665,3.728,4.0842,18.406,5.0,3.06,0.89,4.2,2.9,47.0,51.4,101.9,221.0,0.54,485.37,221.13,83.06,45.53,98.65,246.07,100.466,80.12,45.06,111.805,44.45,154.09
2024-09-25,570.04,571.14,571.89,568.91,38428587.0,15.41,18.57,90.48,160.48,3.5592,3.5253,3.7849,4.1398,22.364,5.0,3.04,0.9,4.2,2.9,47.0,51.4,101.9,221.0,0.52,485.82,217.69,82.61,45.05,97.83,245.73,100.912,80.03,44.79,112.125,43.58,152.59
2024-09-26,572.3,574.38,574.71,569.9,48336004.0,15.37,18.45,89.86,158.67,3.6287,3.5671,3.7963,4.1308,16.553,5.0,2.99,0.9,4.2,2.9,47.0,51.4,101.9,221.0,0.5,489.47,218.85,84.43,46.7,98.06,246.98,100.562,80.16,45.02,113.61,42.725,153.1
2024-09-27,571.47,573.39,574.22,570.42,42100928.0,16.96,19.54,101.34,160.99,3.5592,3.5052,3.7506,4.1038,18.935,5.0,2.99,0.89,4.2,2.9,47.0,51.4,101.9,227.0,0.53,486.75,220.33,83.92,46.61,98.57,245.02,100.381,80.36,45.15,112.55,43.595,153.02
2024-09-30,573.76,570.42,574.38,568.08,63655448.0,16.73,19.22,99.34,154.3,3.6411,3.5585,3.7809,4.1191,13.779,5.0,2.95,0.89,4.1,2.4,47.5,54.5,99.2,227.0,0.55,488.07,220.89,83.63,45.86,98.1,243.06,100.779,80.3,45.32,112.88,43.9,154.02
2024-10-01,568.62,573.4,574.0622,566.0,72668778.0,19.26,20.89,110.14,158.59,3.6043,3.5086,3.7315,4.0716,12.312,5.0,3.0,0.9,4.1,2.4,47.5,54.5,99.2,227.0,0.55,481.27,217.89,83.01,46.19,98.49,245.61,101.194,79.87,45.08,110.13,44.9,153.21
2024-10-02,568.86,567.71,569.9,565.27,38097798.0,18.9,20.59,107.97,161.5,3.6414,3.5533,3.7809,4.1299,13.538,5.0,3.0,0.88,4.1,2.4,47.5,54.5,99.2,227.0,0.56,481.95,217.59,82.84,47.1,97.66,245.66,101.677,79.88,45.13,110.945,45.36,152.9
2024-10-03,567.82,567.36,569.8025,565.49,40846466.0,20.49,21.63,115.64,162.78,3.7053,3.6277,3.8458,4.1779,13.837,5.0,2.98,0.87,4.1,2.4,47.5,54.5,99.2,227.0,0.71,481.59,216.13,82.07,46.54,96.74,245.49,101.989,79.69,44.89,111.405,46.16,151.52
2024-10-04,572.98,572.35,573.36,568.1,43005186.0,19.21,20.65,110.63,156.43,3.9217,3.8038,3.9672,4.2497,4.131,5.0,2.84,0.83,4.1,2.4,47.5,54.5,99.2,259.0,0.48,487.32,219.15,82.55,46.97,95.55,245.0,102.52,79.6,45.65,112.645,46.59,151.64
2024-10-07,567.8,571.3,571.9599,566.63,49964690.0,22.64,22.59,122.58,155.57,3.9952,3.8653,4.0256,4.3049,2.829,5.0,2.9,0.83,4.1,2.4,47.5,54.5,99.2,259.0,0.55,482.1,217.43,82.09,47.36,94.83,244.17,102.537,79.26,45.09,111.87,46.755,150.97
2024-10-08,573.17,570.42,573.78,569.5299,37398693.0,21.42,21.52,114.82,156.28,3.9582,3.8461,4.0119,4.2936,5.163,5.0,2.95,0.83,4.1,2.4,47.5,54.5,99.2,259.0,0.54,489.3,217.58,81.96,46.19,94.99,242.37,102.549,79.45,45.35,113.96,45.535,151.79
2024-10-09,577.14,573.16,577.71,572.55,37912244.0,20.86,20.91,119.36,156.93,4.0215,3.9167,4.0726,4.3408,4.684,5.0,2.9,0.82,4.1,2.4,47.5,54.5,99.2,259.0,0.59,493.15,218.06,81.98,45.94,94.45,241.05,102.928,79.4,45.77,115.235,45.81,153.34
2024-10-10,576.13,575.77,577.58,574.49,44138060.0,20.93,21.02,117.43,154.09,3.9573,3.8852,4.0608,4.3588,9.937,5.0,2.95,0.81,4.1,2.4,47.5,54.5,99.2,259.0,0.49,492.59,216.85,81.88,46.03,94.08,242.82,102.988,79.36,45.63,115.205,46.12,152.77
2024-10-11,579.58,576.05,580.33,575.91,42267994.0,20.46,20.77,113.99,159.43,3.9554,3.9018,4.1003,4.4106,14.068,5.0,2.94,0.81,4.1,2.4,47.5,54.5,99.2,240.0,0.44,493.36,221.26,82.3,46.36,93.7,245.47,102.89,79.57,46.51,115.405,46.405,153.89
2024-10-14,584.32,581.22,585.27,580.73,36217215.0,19.7,20.12,107.22,153.08,3.9554,3.9018,4.1003,4.4106,14.068,5.0,2.94,0.81,4.1,2.4,47.5,54.5,99.2,240.0,0.5,497.5,222.89,82.54,46.17,93.765,245.07,103.298,79.61,46.8,116.91,46.385,154.74
2024-10-15,579.78,584.59,584.9,578.545,54203636.0,20.64,20.8,112.9,159.69,3.9454,3.8543,4.0317,4.32,8.202,5.0,2.89,0.8,4.1,2.4,47.5,54.5,99.2,240.0,0.57,490.85,223.07,81.17,45.19,94.91,245.92,103.261,79.59,46.9,114.34,44.89,152.85
2024-10-16,582.3,579.78,582.83,578.96,30725436.0,19.58,20.32,111.62,161.85,3.9376,3.8439,4.0122,4.2955,7.248,5.0,2.87,0.8,4.1,2.4,47.5,54.5,99.2,240.0,0.57,490.91,226.74,81.38,45.54,95.31,247.15,103.59,79.73,47.48,114.695,45.105,153.28
2024-10-17,582.35,585.91,586.12,582.16,34393714.0,19.11,19.81,105.89,165.82,3.9719,3.8988,4.0906,4.3895,11.655,5.0,2.85,0.79,4.1,2.4,47.5,54.5,99.2,240.0,0.77,491.25,226.12,81.39,45.47,93.8,248.63,103.825,79.61,47.61,115.045,45.32,152.39
2024-10-18,584.59,584.07,585.39,582.58,37416801.0,18.03,19.19,100.95,155.55,3.9483,3.8781,4.0828,4.3924,13.244,5.0,2.86,0.81,4.1,2.4,47.5,54.5,99.2,228.0,0.42,494.47,225.65,81.94,45.92,93.87,251.27,103.493,79.8,47.62,115.455,45.17,153.13
2024-10-21,583.63,583.85,584.85,580.6001,36439010.0,18.37,19.24,102.96,150.97,4.0317,3.9866,4.1956,4.4994,16.177,5.0,2.83,0.83,4.1,2.4,47.5,54.5,99.2,228.0,0.49,495.42,222.1,80.97,45.6,92.23,251.22,104.012,79.48,47.24,115.995,45.035,151.33
2024-10-22,583.32,581.05,584.5,580.38,34183835.0,18.2,19.17,100.5,146.8,4.0324,4.0064,4.2076,4.4965,17.308,5.0,2.88,0.83,4.1,2.4,47.5,54.5,99.2,228.0,0.59,495.96,221.26,80.51,45.5,92.32,253.93,104.075,79.37,47.15,115.875,45.14,151.11
2024-10-23,577.99,581.26,581.7086,574.415,49314574.0,19.24,20.04,108.11,146.97,4.0779,4.0567,4.2456,4.5182,16.342,5.0,2.9,0.83,4.1,2.4,47.5,54.5,99.2,228.0,0.58,488.36,219.24,79.7,45.23,92.07,250.87,104.431,79.13,47.11,114.215,44.905,150.4
2024-10-24,579.24,579.98,580.06,576.57,34979860.0,19.08,19.85,109.84,144.71,4.0787,4.0319,4.2118,4.4739,12.881,5.0,2.89,0.84,4.1,2.4,47.5,54.5,99.2,228.0,0.55,492.32,219.72,80.15,45.16,92.66,252.8,104.058,79.36,47.15,114.55,44.9,149.41
2024-10-25,579.04,581.51,584.46,578.08,47268176.0,20.33,20.94,117.5,148.91,4.1046,4.0631,4.2399,4.4995,13.105,5.0,2.85,0.82,4.1,2.4,47.5,54.5,99.2,218.0,0.51,495.32,218.89,79.88,45.12,92.14,253.32,104.257,79.28,46.63,115.145,44.885,148.59
2024-10-28,580.83,582.58,582.71,580.52,30174704.0,19.8,20.17,112.23,148.46,4.1377,4.1173,4.2821,4.5292,13.798,5.0,2.79,0.82,4.1,2.4,47.5,54.5,99.2,218.0,0.58,495.4,222.46,80.52,45.32,91.89,253.33,104.316,79.48,47.21,115.11,44.6,148.81
2024-10-29,581.77,579.85,582.907,578.43,42899661.0,19.34,19.96,108.7,150.74,4.0962,4.0814,4.2541,4.4985,15.375,5.0,2.82,0.82,4.1,2.4,47.5,54.5,99.2,218.0,0.62,500.16,221.74,80.23,45.18,92.03,256.09,104.316,79.5,46.92,116.66,43.92,148.4
2024-10-30,580.01,581.29,583.32,579.29,41435839.0,20.35,20.76,112.77,153.45,4.1826,4.1617,4.3004,4.5035,11.372,5.0,2.76,0.81,4.1,2.4,47.5,54.5,99.2,218.0,0.63,496.38,221.44,79.71,44.74,92.3,257.5,103.994,79.36,47.13,114.805,44.02,148.12
2024-10-31,568.64,575.56,575.63,568.44,60182451.0,23.16,22.64,121.89,152.07,4.1702,4.1582,4.2844,4.475,11.002,5.0,2.82,0.84,4.1,2.6,46.9,55.8,109.6,218.0,0.63,483.85,217.76,79.22,44.45,92.45,253.51,103.976,79.14,46.48,111.12,44.295,146.87
2024-11-01,571.04,571.32,575.55,570.62,45667533.0,21.88,21.91,119.12,146.66,4.2054,4.2248,4.3836,4.5782,17.204,5.0,2.75,0.83,4.1,2.6,46.9,55.8,109.6,221.0,0.71,487.43,218.98,79.38,44.49,90.84,252.47,104.282,78.75,46.64,111.955,44.015,147.74
2024-11-04,569.81,571.18,572.5,567.89,38216975.0,21.98,21.57,121.8,148.95,4.1599,4.1459,4.2847,4.4672,12.072,5.0,2.79,0.83,4.1,2.6,46.9,55.8,109.6,221.0,0.61,486.01,220.09,79.44,44.74,92.25,252.83,103.885,78.97,46.28,111.87,44.785,146.77
2024-11-05,576.7,570.74,576.74,570.52,39478322.0,20.49,20.19,114.32,152.68,4.1765,4.1494,4.2708,4.435,9.009,5.0,2.78,0.81,4.1,2.6,46.9,55.8,109.6,221.0,0.62,492.21,224.23,80.23,45.35,92.74,253.4,103.423,79.19,46.71,113.445,45.085,147.85
2024-11-06,591.04,589.2,591.93,585.39,68181968.0,16.27,17.67,97.24,148.11,4.2617,4.2743,4.4315,4.6095,16.561,5.0,2.65,0.77,4.1,2.6,46.9,55.8,109.6,221.0,0.54,505.58,237.22,79.07,44.79,90.2,245.7,105.088,79.33,49.55,116.675,46.78,148.04
2024-11-07,595.61,593.08,596.65,592.9999,47233212.0,15.2,16.95,88.6,152.12,4.1994,4.1704,4.3257,4.5297,12.428,4.75,2.67,0.75,4.1,2.6,46.9,55.8,109.6,221.0,0.47,513.54,236.38,80.27,45.78,91.33,249.65,104.508,79.67,48.75,118.71,46.565,149.11
2024-11-08,598.19,596.17,599.64,596.165,46444893.0,14.94,16.83,87.76,150.34,4.2539,4.1915,4.3043,4.4696,4.826,4.75,2.56,0.74,4.1,2.6,46.9,55.8,109.6,219.0,0.55,514.14,238.12,79.16,44.65,92.49,247.96,104.997,79.8,49.19,118.58,46.875,150.18
2024-11-11,598.76,599.81,600.17,597.0,37586773.0,14.97,16.8,90.73,140.32,4.2539,4.1915,4.3043,4.4696,4.826,4.75,2.56,0.74,4.1,2.6,46.9,55.8,109.6,219.0,0.48,513.84,241.7,79.18,44.31,92.04,242.14,105.543,79.71,49.89,117.925,47.14,149.3
2024-11-12,596.9,598.68,599.29,594.37,43006128.0,14.71,16.71,89.45,141.5,4.3401,4.3135,4.4275,4.5673,8.319,4.75,2.53,0.74,4.1,2.6,46.9,55.8,109.6,219.0,0.5,512.91,237.46,77.71,43.47,90.66,240.05,106.024,79.39,49.74,118.075,46.89,147.22
2024-11-13,597.19,597.37,599.23,594.96,47388640.0,14.02,16.51,91.76,142.92,4.2857,4.3065,4.4512,4.6357,16.126,4.75,2.55,0.76,4.1,2.6,46.9,55.8,109.6,219.0,0.54,512.25,235.11,77.25,43.19,89.8,237.63,106.481,79.41,49.77,117.665,47.255,146.83
2024-11-14,593.35,597.32,597.81,592.65,38904109.0,14.31,16.68,90.43,147.98,4.3448,4.3243,4.4354,4.5868,8.637,4.75,2.54,0.77,4.1,2.6,46.9,55.8,109.6,219.0,0.63,508.69,231.94,77.41,42.95,90.32,237.01,106.673,79.24,49.64,117.265,47.435,144.52
2024-11-15,585.75,589.72,590.2,583.86,75988766.0,16.14,17.81,98.93,149.55,4.3033,4.3068,4.4394,4.617,13.193,4.75,2.66,0.78,4.1,2.6,46.9,55.8,109.6,216.0,0.6,496.57,228.48,77.13,42.95,90.08,236.59,106.687,79.23,49.87,114.355,47.365,141.84
2024-11-18,588.15,586.22,589.49,585.34,37084081.0,15.58,17.19,93.81,147.33,4.2802,4.2749,4.4138,4.6102,13.155,4.75,2.68,0.77,4.1,2.6,46.9,55.8,109.6,216.0,0.51,500.02,228.93,77.55,43.44,90.24,241.09,106.275,79.38,50.02,114.725,47.995,141.94
2024-11-19,590.3,584.71,591.045,584.03,49412046.0,16.35,17.69,97.37,149.46,4.2803,4.2625,4.3962,4.5819,11.16,4.75,2.66,0.77,4.1,2.6,46.9,55.8,109.6,216.0,0.62,503.46,230.63,77.45,43.41,90.7,243.25,106.206,79.5,49.69,115.665,47.69,141.21
2024-11-20,590.5,590.38,590.79,584.63,50032576.0,17.16,18.26,102.2,153.0,4.3144,4.2785,4.41,4.5975,9.126,4.75,2.64,0.78,4.1,2.6,46.9,55.8,109.6,216.0,0.58,503.17,230.93,77.24,43.36,90.41,244.62,106.68,79.48,49.54,115.565,48.17,142.88
2024-11-21,593.67,593.4,595.12,587.45,46750285.0,16.87,18.18,101.3,155.72,4.3487,4.3035,4.4218,4.6014,7.098,4.75,2.58,0.78,4.1,2.6,46.9,55.8,109.6,216.0,0.53,504.98,234.44,77.26,43.27,90.34,246.66,106.972,79.51,50.17,116.74,48.56,144.03
2024-11-22,595.51,593.66,596.15,593.1525,38226390.0,15.24,17.3,95.13,161.64,4.373,4.2948,4.4002,4.5877,2.083,4.75,2.58,0.78,4.1,2.6,46.9,55.8,109.6,216.0,0.51,505.79,238.77,77.56,43.28,90.39,249.84,107.554,79.49,50.73,116.8,48.635,144.16
2024-11-25,597.53,599.52,600.86,595.2,42441393.0,14.6,16.87,88.79,167.28,4.2685,4.1757,4.2731,4.4657,-0.178,4.75,2.61,0.78,4.1,2.6,46.9,55.8,109.6,216.0,0.48,506.59,242.4,77.96,43.31,92.73,242.48,106.817,79.79,51.06,116.795,47.675,145.39
2024-11-26,600.65,598.8,601.33,598.07,45621288.0,14.1,16.53,87.71,166.23,4.2561,4.1882,4.3062,4.4818,4.81,4.75,2.64,0.79,4.1,2.6,46.9,55.8,109.6,216.0,0.48,509.31,240.62,77.51,43.13,92.37,242.95,107.013,79.64,51.16,117.38,47.61,146.17
2024-11-27,598.83,600.46,600.85,597.28,34000163.0,14.1,16.6,88.36,167.94,4.2272,4.1354,4.2634,4.4383,3.209,4.75,2.66,0.79,4.1,2.6,46.9,55.8,109.6,216.0,0.56,505.3,240.95,77.93,43.19,93.01,243.49,106.084,79.88,51.26,115.79,47.56,146.95
2024-11-29,602.55,599.66,603.35,599.3805,30177351.0,13.51,16.26,86.32,164.62,4.1509,4.0482,4.1685,4.3599,1.347,4.75,2.66,0.78,4.1,2.6,46.9,55.8,109.6,225.0,0.56,509.74,241.87,78.97,43.26,93.97,245.59,105.737,80.04,51.34,116.865,47.765,147.41
2024-12-02,603.63,602.97,604.32,602.47,31745989.0,13.34,16.34,87.11,170.65,4.1796,4.0865,4.1897,4.3618,0.598,4.75,2.64,0.78,4.1,2.6,46.9,55.8,109.6,225.0,0.62,515.29,241.75,79.19,43.43,93.87,243.44,106.446,79.65,50.83,117.975,47.26,147.15
2024-12-03,603.91,603.39,604.16,602.341,26906629.0,13.3,16.24,86.43,170.23,4.1795,4.1109,4.2245,4.4017,4.299,4.75,2.62,0.77,4.1,2.6,46.9,55.8,109.6,225.0,0.55,516.87,240.03,79.64,43.52,93.06,243.93,106.365,79.65,50.45,118.4,47.255,146.82
2024-12-04,607.66,605.63,607.91,604.95,42787561.0,13.45,16.39,86.48,172.45,4.1256,4.0672,4.18,4.3442,4.838,4.75,2.62,0.77,4.1,2.6,46.9,55.8,109.6,225.0,0.49,523.26,240.89,79.7,43.63,94.06,244.67,106.321,79.84,50.26,120.565,46.115,146.74
2024-12-05,606.66,607.66,608.48,606.305,28762183.0,13.54,16.58,86.95,173.93,4.144,4.0742,4.1761,4.3341,3.009,4.75,2.61,0.78,4.1,2.6,46.9,55.8,109.6,225.0,0.5,521.81,238.08,80.09,43.92,94.25,242.86,105.714,79.77,50.41,119.955,46.295,145.1
2024-12-06,607.81,607.44,609.07,607.02,31241549.0,12.77,16.32,87.38,168.05,4.1039,4.0356,4.1529,4.3359,4.69,4.75,2.63,0.78,4.1,2.6,46.9,55.8,109.6,239.0,0.54,526.48,238.93,80.08,43.85,94.39,242.95,106.055,79.9,50.4,120.42,45.51,144.28
2024-12-09,604.68,607.69,607.86,604.08,34742738.0,14.19,17.09,93.84,163.14,4.1245,4.074,4.2012,4.3858,7.462,4.75,2.62,0.77,4.1,2.6,46.9,55.8,109.6,239.0,0.56,522.38,237.73,80.03,44.75,93.52,245.36,106.145,79.8,49.71,119.635,45.435,144.7
2024-12-10,602.8,605.37,605.8,602.13,37234515.0,14.18,16.98,94.35,165.12,4.143,4.0967,4.2263,4.4194,7.92,4.75,2.63,0.76,4.1,2.6,46.9,55.8,109.6,239.0,0.48,520.6,236.7,79.31,44.03,93.08,248.59,106.399,79.84,49.7,117.975,45.125,144.1
2024-12-11,607.46,605.78,608.435,605.5,28677723.0,13.58,16.88,98.12,169.06,4.1532,4.1335,4.2711,4.4826,11.578,4.75,2.59,0.74,4.1,2.6,46.9,55.8,109.6,239.0,0.53,529.92,237.77,79.81,44.21,92.2,250.96,106.71,79.86,49.8,119.685,45.2,142.14
2024-12-12,604.33,606.58,607.16,604.33,31543812.0,13.92,17.35,99.43,167.43,4.1906,4.1827,4.3278,4.544,13.296,4.75,2.58,0.75,4.1,2.6,46.9,55.8,109.6,239.0,0.68,526.5,234.68,79.11,43.99,91.08,247.28,106.956,79.64,49.58,119.015,44.835,141.01
2024-12-13,604.21,606.4,607.13,602.81,35904730.0,13.81,17.15,96.5,169.91,4.2448,4.2499,4.3967,4.6013,14.765,4.75,2.62,0.75,4.1,2.6,46.9,55.8,109.6,222.0,0.58,530.53,233.07,78.89,44.03,90.15,244.29,107.003,79.41,49.54,119.525,44.61,140.99
2024-12-16,606.79,606.0,607.7795,605.21,43695179.0,14.69,17.57,98.35,166.79,4.249,4.257,4.3967,4.5984,14.352,4.75,2.64,0.75,4.1,2.6,46.9,55.8,109.6,222.0,0.51,538.17,234.44,78.63,43.79,90.42,244.88,106.858,79.56,49.45,120.72,43.63,139.31
2024-12-17,604.29,604.19,605.17,602.885,55773545.0,15.87,18.13,100.73,173.04,4.2447,4.2624,4.3987,4.5886,14.978,4.75,2.7,0.76,4.1,2.6,46.9,55.8,109.6,222.0,0.49,535.8,231.07,77.45,42.96,90.64,243.94,106.956,79.39,49.1,119.99,43.305,139.21
2024-12-18,586.28,603.98,606.405,585.89,108248729.0,27.62,24.24,129.79,168.92,4.3545,4.4031,4.514,4.6753,15.314,4.5,2.67,0.76,4.1,2.6,46.9,55.8,109.6,222.0,0.45,516.47,220.84,75.55,41.96,89.16,239.26,108.027,78.17,47.63,116.12,42.025,137.32
2024-12-19,586.1,591.36,593.0,585.85,85919452.0,24.09,24.14,136.29,163.1,4.3165,4.4229,4.5621,4.7355,24.141,4.5,2.84,0.79,4.1,2.6,46.9,55.8,109.6,222.0,0.62,514.17,219.86,75.31,42.1,87.81,239.6,108.408,78.09,47.8,116.245,41.66,136.28
2024-12-20,591.15,581.77,595.75,580.91,125716674.0,18.36,20.1,114.01,161.21,4.3102,4.375,4.5222,4.7204,20.772,4.5,2.85,0.79,4.1,2.6,46.9,55.8,109.6,219.0,0.54,518.66,221.92,75.1,42.27,88.31,242.1,107.621,78.58,48.51,117.98,42.07,138.0
2024-12-23,594.69,590.89,595.3,587.661,57635828.0,16.78,18.65,102.34,170.65,4.3401,4.4342,4.5865,4.774,24.22,4.5,2.81,0.78,4.1,2.6,46.9,55.8,109.6,219.0,0.48,522.87,221.41,75.59,42.51,87.5,240.96,108.037,78.37,48.42,119.035,41.965,138.75
2024-12-24,601.3,596.06,601.34,595.47,33160097.0,14.27,17.2,91.05,180.09,4.3324,4.4363,4.5887,4.7618,25.008,4.5,2.82,0.77,4.1,2.6,46.9,55.8,109.6,219.0,0.51,529.96,223.39,75.86,42.64,87.87,241.44,108.257,78.62,48.99,120.265,42.32,139.32
2024-12-26,601.34,599.5,602.48,598.0825,41338891.0,14.73,17.36,92.77,173.72,4.3283,4.4331,4.5827,4.77,25.029,4.5,2.79,0.77,4.1,2.6,46.9,55.8,109.6,219.0,0.49,529.6,225.68,76.22,42.49,87.82,243.07,108.129,78.82,49.11,120.345,42.285,139.6
2024-12-27,595.01,597.54,597.7761,590.7647,64969310.0,15.95,18.07,98.81,167.92,4.3262,4.4613,4.6253,4.8171,29.292,4.5,2.8,0.77,4.1,2.6,46.9,55.8,109.6,209.0,0.67,522.56,222.39,76.11,42.3,87.1,241.4,107.998,78.55,48.75,118.745,42.28,138.95
2024-12-30,588.22,587.89,591.74,584.41,56578757.0,17.4,18.94,103.05,161.08,4.2418,4.3592,4.5327,4.7497,28.883,4.5,2.87,0.78,4.1,2.6,46.9,55.8,109.6,209.0,0.63,515.61,220.68,75.61,41.96,87.8,240.63,108.13,78.66,48.28,117.235,42.275,137.24
2024-12-31,586.08,589.905,590.6399,584.42,57052654.0,17.35,18.98,104.33,169.16,4.2416,4.382,4.569,4.7812,32.529,4.5,2.87,0.8,4.1,2.9,49.2,54.0,109.5,209.0,0.46,511.23,220.96,75.61,41.82,87.33,242.13,108.487,78.65,48.33,116.26,42.83,137.57
2025-01-02,584.64,589.39,591.13,580.5,50203975.0,17.93,19.33,106.59,157.2,4.2395,4.3696,4.559,4.7772,31.742,4.5,2.82,0.8,4.1,2.9,49.2,54.0,109.5,209.0,0.8,510.23,221.14,75.35,41.76,87.57,245.42,109.394,78.84,48.21,115.985,43.33,137.61
2025-01-03,591.95,587.53,592.6,586.43,37888459.0,16.13,18.14,94.36,157.32,4.2787,4.4119,4.5975,4.811,31.468,4.5,2.74,0.8,4.1,2.9,49.2,54.0,109.5,205.0,0.45,518.58,224.43,75.68,42.15,87.29,243.49,108.952,78.96,48.59,117.875,43.735,138.96
2025-01-06,595.36,596.27,599.7,593.6,47679442.0,16.04,18.03,95.89,152.64,4.2745,4.4295,4.63,4.8482,35.134,4.5,2.7,0.81,4.1,2.9,49.2,54.0,109.5,205.0,0.42,524.54,224.52,76.4,42.3,86.9,243.19,108.257,79.1,48.44,119.375,43.535,139.02
2025-01-07,588.63,597.42,597.75,586.78,60393052.0,17.82,19.19,106.37,155.1,4.2911,4.4649,4.685,4.913,38.972,4.5,2.71,0.81,4.1,2.9,49.2,54.0,109.5,205.0,0.45,515.18,222.72,76.34,42.0,85.92,244.56,108.542,78.84,48.33,116.98,43.97,139.71
2025-01-08,589.49,588.7,590.5799,585.195,47304672.0,17.7,19.34,103.93,154.34,4.2828,4.4614,4.6892,4.9309,40.223,4.5,2.77,0.8,4.1,2.9,49.2,54.0,109.5,205.0,0.6,515.27,221.71,76.22,41.8,86.03,245.86,109.09,78.94,48.49,116.94,44.015,140.43
2025-01-10,580.49,585.88,585.95,578.55,73105046.0,19.54,20.97,115.49,151.45,4.3792,4.5737,4.7592,4.9469,37.582,4.5,2.74,0.8,4.1,2.9,49.2,54.0,109.5,217.0,0.7,507.19,216.83,75.06,41.09,85.46,248.21,109.65,78.53,47.32,114.39,44.195,139.64
2025-01-13,581.39,575.77,581.75,575.35,47910060.0,19.19,20.43,110.94,170.55,4.3793,4.597,4.7779,4.9618,39.643,4.5,2.78,0.81,4.1,2.9,49.2,54.0,109.5,217.0,0.6,505.56,217.25,74.85,40.81,85.43,245.74,109.956,78.51,47.66,113.58,45.125,141.46
2025-01-14,582.19,584.36,585.0,578.35,48420580.0,18.71,19.99,107.93,167.64,4.3668,4.5953,4.7924,4.9746,42.139,4.5,2.76,0.81,4.1,2.9,49.2,54.0,109.5,217.0,0.41,505.08,219.72,75.12,41.27,85.29,247.03,109.273,78.61,48.25,113.88,45.61,140.0
2025-01-15,592.78,590.325,593.94,589.195,56900159.0,16.12,18.23,97.79,163.54,4.2638,4.4473,4.6531,4.8795,38.513,4.5,2.68,0.8,4.1,2.9,49.2,54.0,109.5,217.0,0.58,516.7,224.04,76.08,41.81,86.76,248.88,109.09,79.3,49.48,116.145,46.285,140.57
2025-01-16,591.64,594.175,594.35,590.93,43319662.0,16.6,18.35,99.84,167.41,4.23,4.3958,4.6125,4.8545,38.036,4.5,2.7,0.8,4.1,2.9,49.2,54.0,109.5,217.0,0.94,513.08,224.49,76.47,41.76,87.04,250.6,108.957,79.39,49.81,115.25,46.62,141.13
2025-01-17,597.58,596.96,599.36,595.61,58070628.0,15.97,18.19,101.61,165.35,4.2826,4.4313,4.627,4.8567,34.025,4.5,2.62,0.8,4.1,2.9,49.2,54.0,109.5,222.0,0.43,521.74,225.46,76.78,42.09,87.19,249.27,109.347,79.46,50.23,117.055,46.98,140.18
2025-01-21,603.05,600.67,603.06,598.67,42532853.0,15.06,17.5,98.26,173.0,4.2741,4.3957,4.5764,4.8091,30.011,4.5,2.58,0.79,4.1,2.9,49.2,54.0,109.5,222.0,0.46,524.8,229.79,78.33,42.54,87.97,253.13,108.062,79.67,50.65,118.03,46.74,142.5
2025-01-22,606.44,605.92,607.82,605.36,48195973.0,15.1,17.81,100.56,179.98,4.2975,4.4349,4.6109,4.8246,30.919,4.5,2.56,0.79,4.1,2.9,49.2,54.0,109.5,222.0,0.49,531.51,228.29,78.15,42.57,87.51,254.43,108.167,79.56,50.41,120.695,45.89,142.18
2025-01-23,609.75,605.8,609.75,605.52,41152102.0,15.02,17.52,99.52,179.32,4.289,4.451,4.6436,4.8671,35.033,4.5,2.56,0.78,4.1,2.9,49.2,54.0,109.5,222.0,0.53,532.64,229.33,78.79,42.67,86.83,254.07,108.047,79.66,50.7,120.91,46.1,144.08
2025-01-24,607.97,609.81,610.78,606.8,34604693.0,14.85,17.55,100.41,173.16,4.2655,4.426,4.6214,4.8453,34.959,4.5,2.56,0.78,4.1,2.9,49.2,54.0,109.5,210.0,0.52,529.63,228.69,79.23,42.95,87.22,255.65,107.443,79.75,50.85,119.65,45.655,144.31
2025-01-27,599.37,594.81,599.69,594.64,70361125.0,17.9,18.97,110.31,168.55,4.195,4.3369,4.5343,4.7703,33.073,4.5,2.63,0.79,4.1,2.9,49.2,54.0,109.5,210.0,0.57,514.21,226.5,79.23,42.17,88.25,252.99,107.341,79.81,51.41,113.785,45.18,147.55
2025-01-28,604.52,600.62,605.37,597.25,44433322.0,16.41,18.13,103.74,163.64,4.1949,4.329,4.5323,4.7754,33.33,4.5,2.64,0.79,4.1,2.9,49.2,54.0,109.5,210.0,0.53,521.81,226.75,79.13,42.48,88.19,255.18,107.866,79.78,51.32,116.82,44.75,146.52
2025-01-29,601.81,603.72,604.13,599.22,37177429.0,16.56,18.15,101.68,157.43,4.2135,4.3325,4.5284,4.7693,31.079,4.5,2.62,0.79,4.1,2.9,49.2,54.0,109.5,210.0,0.59,520.83,226.23,79.12,42.49,88.01,254.2,108.0,79.73,51.28,115.87,44.85,145.66
2025-01-30,605.04,603.96,606.6,600.715,39281255.0,15.84,17.91,98.32,156.7,4.2073,4.3184,4.5163,4.7601,30.697,4.5,2.6,0.79,4.1,2.9,49.2,54.0,109.5,210.0,0.52,523.05,228.53,79.99,43.21,88.34,258.05,107.797,79.88,51.77,116.085,45.08,147.34
2025-01-31,601.82,607.5,609.96,601.05,66671471.0,16.43,18.43,101.5,158.47,4.1971,4.3272,4.5387,4.7867,33.749,4.5,2.61,0.79,4.0,3.0,50.9,52.8,105.3,222.0,0.49,522.29,226.48,79.24,42.72,87.76,258.56,108.37,79.72,51.47,115.405,43.82,146.87
2025-02-03,597.77,592.67,600.29,590.49,65857248.0,18.62,19.55,109.01,155.45,4.2489,4.3607,4.555,4.7908,30.402,4.5,2.66,0.81,4.0,3.0,50.9,52.8,105.3,222.0,0.54,518.11,223.83,78.31,42.41,88.16,259.94,108.99,79.26,51.26,113.85,44.095,147.44
2025-02-04,601.78,597.83,602.3,597.28,33457815.0,17.21,18.64,100.88,159.44,4.2137,4.3184,4.5105,4.7459,29.68,4.5,2.66,0.8,4.0,3.0,50.9,52.8,105.3,222.0,0.51,524.47,226.93,79.22,43.17,88.43,262.5,107.96,79.51,51.14,115.49,45.02,147.04
2025-02-05,604.22,600.64,604.37,598.58,30653149.0,15.77,17.96,97.29,162.64,4.1868,4.2481,4.4181,4.6358,22.714,4.5,2.63,0.81,4.0,3.0,50.9,52.8,105.3,222.0,0.54,526.85,229.4,79.99,43.06,89.89,264.13,107.579,79.72,51.68,117.095,45.115,148.45
2025-02-06,606.32,605.99,606.4525,602.63,35771503.0,15.5,17.94,96.77,163.57,4.2118,4.2744,4.4342,4.6368,21.824,4.5,2.62,0.82,4.0,3.0,50.9,52.8,105.3,222.0,0.57,529.6,228.65,80.37,43.24,89.85,263.43,107.689,79.6,52.11,117.415,44.285,147.12
2025-02-07,600.77,606.89,608.13,600.05,50788516.0,16.54,18.63,101.49,166.53,4.2892,4.3485,4.4947,4.6926,20.335,4.5,2.64,0.82,4.0,3.0,50.9,52.8,105.3,215.0,0.52,522.92,226.0,79.61,43.2,89.27,263.9,108.04,79.35,51.82,116.41,44.28,146.43
2025-02-10,604.85,604.03,605.4999,602.74,26048714.0,15.81,18.23,99.15,166.95,4.2747,4.3379,4.4968,4.7066,21.782,4.5,2.63,0.82,4.0,3.0,50.9,52.8,105.3,215.0,0.47,529.25,227.02,80.15,43.72,89.0,268.37,108.319,79.51,51.41,118.11,45.255,146.3
2025-02-11,605.31,602.55,605.86,602.43,30056740.0,16.02,18.28,99.82,168.81,4.2833,4.3698,4.5352,4.747,24.568,4.5,2.63,0.81,4.0,3.0,50.9,52.8,105.3,215.0,0.53,527.99,225.7,80.53,43.55,88.43,267.39,107.963,79.48,51.54,118.165,45.62,146.03
2025-02-12,603.36,599.2,604.55,598.51,45076076.0,15.89,18.31,98.74,166.1,4.3548,4.4676,4.6208,4.8321,26.385,4.5,2.62,0.79,4.0,3.0,50.9,52.8,105.3,215.0,0.56,528.3,223.62,80.83,43.79,87.23,267.67,107.938,79.31,51.36,117.91,44.52,145.82
2025-02-13,609.73,604.48,609.94,603.2,40921297.0,15.1,17.84,95.48,163.36,4.3067,4.3894,4.5288,4.7369,21.791,4.5,2.62,0.78,4.0,3.0,50.9,52.8,105.3,215.0,0.77,535.9,226.14,81.81,44.07,88.68,270.31,107.313,79.67,51.7,119.58,44.855,146.39
2025-02-14,609.7,609.94,610.99,609.07,26910448.0,14.77,17.81,96.9,167.97,4.2589,4.3274,4.4762,4.6963,21.312,4.5,2.6,0.78,4.0,3.0,50.9,52.8,105.3,224.0,0.46,538.15,225.97,81.93,44.41,89.15,266.29,106.71,79.76,51.8,119.985,45.035,144.8
2025-02-18,611.49,610.88,611.49,608.38,26749030.0,15.35,17.82,98.5,183.12,4.3056,4.4021,4.5503,4.7657,24.066,4.5,2.56,0.77,4.0,3.0,50.9,52.8,105.3,224.0,0.5,539.37,227.21,82.52,44.69,88.1,270.7,107.054,79.69,52.17,121.08,45.65,144.52
2025-02-19,612.93,610.08,613.23,609.56,31011072.0,15.27,17.93,95.55,175.76,4.2676,4.3648,4.5327,4.7657,26.08,4.5,2.62,0.77,4.0,3.0,50.9,52.8,105.3,224.0,0.6,539.52,226.43,81.67,44.62,88.21,270.85,107.173,79.75,52.19,121.09,46.01,146.4
2025-02-20,610.38,611.54,611.684,607.02,36554002.0,15.66,18.01,94.99,178.57,4.2699,4.3435,4.5053,4.7468,23.328,4.5,2.61,0.78,4.0,3.0,50.9,52.8,105.3,224.0,0.59,537.23,224.26,82.05,45.03,88.54,270.99,106.372,79.8,51.39,120.705,46.43,147.22
2025-02-21,599.94,610.16,610.3,599.47,76519818.0,18.21,19.48,105.71,165.0,4.198,4.2725,4.4313,4.6785,22.904,4.5,2.71,0.8,4.0,3.0,50.9,52.8,105.3,243.0,0.63,526.08,217.8,81.54,44.9,89.61,270.74,106.612,79.65,50.75,117.435,45.465,146.43
2025-02-24,597.21,602.02,603.03,596.49,50737213.0,18.98,19.86,106.8,156.93,4.1747,4.2352,4.4003,4.655,22.35,4.5,2.72,0.8,4.0,3.0,50.9,52.8,105.3,243.0,0.58,519.87,216.23,81.49,44.21,89.87,272.21,106.596,79.75,50.97,115.755,45.475,147.62
2025-02-25,594.24,597.15,597.89,589.56,58266472.0,19.43,20.03,108.47,157.6,4.0942,4.1292,4.2945,4.5548,19.619,4.5,2.77,0.82,4.0,3.0,50.9,52.8,105.3,243.0,0.64,513.32,215.41,82.23,44.24,91.42,268.62,106.308,79.95,50.96,114.255,44.82,148.89
2025-02-26,594.54,595.93,599.58,591.8556,43321578.0,19.1,19.75,106.05,153.44,4.0716,4.0836,4.2562,4.5093,18.255,4.5,2.74,0.83,4.0,3.0,50.9,52.8,105.3,243.0,0.6,514.56,215.68,82.34,44.68,91.96,269.03,106.416,80.06,50.85,115.5,44.565,147.82
2025-02-27,585.05,596.85,598.02,584.65,74196664.0,21.13,21.22,114.79,149.32,4.0511,4.0732,4.2599,4.531,20.473,4.5,2.75,0.84,4.0,3.0,50.9,52.8,105.3,243.0,0.68,500.27,212.39,81.41,43.81,91.31,264.93,107.244,79.91,51.13,111.295,44.805,147.22
2025-02-28,594.18,585.56,594.72,582.44,88744106.0,19.63,20.18,108.99,157.94,3.9889,4.0191,4.2082,4.4894,21.523,4.5,2.8,0.87,4.1,2.8,50.3,53.5,100.1,224.0,0.61,508.17,214.65,81.58,43.21,92.43,263.27,107.614,80.13,52.18,112.765,45.5,148.93
2025-03-03,583.77,596.18,597.34,579.9,74249199.0,22.78,22.18,118.74,154.26,3.9496,3.9616,4.1551,4.4493,20.139,4.5,2.88,0.88,4.1,2.8,50.3,53.5,100.1,224.0,0.64,497.05,208.78,82.48,42.83,92.57,266.74,106.747,79.59,51.74,109.335,43.91,149.58
2025-03-04,576.86,579.71,585.39,572.25,109648212.0,23.51,22.78,118.56,151.38,3.9905,4.0453,4.2442,4.5376,24.958,4.5,2.92,0.88,4.1,2.8,50.3,53.5,100.1,224.0,0.61,495.55,206.42,82.46,43.19,91.43,269.06,105.743,79.58,49.92,109.25,43.485,148.19
2025-03-05,583.06,576.69,584.88,573.0795,71230528.0,21.93,21.72,109.63,138.88,4.0047,4.0785,4.2785,4.5719,26.964,4.5,2.83,0.85,4.1,2.8,50.3,53.5,100.1,224.0,0.54,502.01,208.47,84.43,44.48,90.7,269.62,104.276,79.62,50.21,110.785,42.85,149.68
2025-03-06,572.71,575.48,580.1736,570.12,80094868.0,24.87,23.7,120.82,137.65,3.959,4.0558,4.2784,4.5786,31.522,4.5,2.94,0.87,4.1,2.8,50.3,53.5,100.1,224.0,0.65,488.2,205.28,83.56,44.2,90.4,268.25,104.062,79.32,49.38,107.71,42.98,149.27
2025-03-07,575.92,570.9,577.39,565.63,81158816.0,23.37,22.59,115.73,139.94,3.9997,4.0856,4.3011,4.5978,29.935,4.5,2.91,0.87,4.1,2.8,50.3,53.5,100.1,223.0,0.57,491.79,205.95,84.43,44.42,90.11,268.39,103.838,79.45,49.12,109.27,43.715,149.28
2025-03-10,560.58,567.59,569.54,555.59,99326624.0,27.86,25.72,128.46,146.04,3.8833,3.9666,4.2131,4.5404,32.569,4.5,3.1,0.91,4.1,2.8,50.3,53.5,100.1,223.0,0.6,472.73,200.77,82.44,43.36,91.05,266.04,103.9,79.15,48.02,104.625,44.04,147.67
2025-03-11,555.92,559.4,564.02,552.02,88102109.0,26.92,25.34,129.51,132.79,3.9431,4.0348,4.2799,4.5949,33.258,4.5,3.16,0.94,4.1,2.8,50.3,53.5,100.1,223.0,0.57,471.6,200.75,82.16,43.72,90.4,269.16,103.419,78.87,47.61,104.2,43.69,146.06
2025-03-12,558.87,562.17,563.11,553.69,69588167.0,24.23,23.67,115.89,128.69,3.9866,4.0699,4.3124,4.6306,31.96,4.5,3.13,0.94,4.1,2.8,50.3,53.5,100.1,223.0,0.62,476.92,201.1,82.75,43.96,89.86,270.33,103.612,78.96,47.68,105.84,43.89,144.6
2025-03-13,551.42,558.49,559.105,549.68,74079414.0,24.66,24.06,112.89,128.86,3.9571,4.0295,4.2682,4.5891,30.689,4.5,3.35,0.97,4.1,2.8,50.3,53.5,100.1,223.0,0.94,468.34,198.1,82.2,43.78,90.65,275.13,103.828,78.52,47.42,103.83,43.59,143.83
2025-03-14,562.81,556.11,563.83,551.4917,62660321.0,21.77,22.17,98.23,130.3,4.017,4.0893,4.3121,4.6219,29.295,4.5,3.21,0.93,4.1,2.8,50.3,53.5,100.1,225.0,0.57,479.66,202.89,83.71,44.58,90.17,275.24,103.718,78.88,48.52,106.97,44.88,144.93
2025-03-17,567.15,562.79,569.71,562.35,49008709.0,20.51,21.3,95.93,133.9,4.0441,4.0911,4.2985,4.5939,25.021,4.5,3.15,0.92,4.1,2.8,50.3,53.5,100.1,225.0,0.59,482.77,205.45,84.65,45.34,90.62,276.73,103.37,79.07,49.09,107.715,45.595,146.77
2025-03-18,561.02,564.8,565.02,559.06,66041422.0,21.7,21.97,99.68,136.75,4.0398,4.0735,4.2831,4.5852,23.911,4.5,3.19,0.92,4.1,2.8,50.3,53.5,100.1,225.0,0.58,474.54,203.21,84.64,45.11,90.71,279.96,103.244,78.93,49.03,106.075,45.67,146.84
2025-03-19,567.13,562.83,570.95,561.63,66555985.0,19.9,20.83,93.23,136.45,3.9723,4.0207,4.2428,4.5507,26.224,4.5,3.14,0.89,4.1,2.8,50.3,53.5,100.1,225.0,0.54,480.89,206.37,84.89,45.22,91.18,281.11,103.428,79.45,49.57,107.455,46.415,146.92
2025-03-20,565.49,563.33,570.57,562.6012,62958195.0,19.8,20.71,89.95,140.79,3.9636,4.0119,4.2369,4.5555,26.908,4.5,3.14,0.9,4.1,2.8,50.3,53.5,100.1,225.0,0.61,479.26,205.06,84.18,44.8,91.24,280.75,103.851,79.34,49.64,106.69,46.585,147.01
2025-03-21,563.98,559.28,564.89,558.03,83762964.0,19.28,20.35,87.99,141.73,3.9481,4.003,4.2462,4.589,29.392,4.5,3.17,0.9,4.1,2.8,50.3,53.5,100.1,225.0,0.55,480.84,203.79,83.66,44.58,90.7,278.49,104.088,79.22,49.46,106.98,46.26,146.6
2025-03-24,574.08,570.8,575.15,570.2,58766795.0,17.48,19.04,81.89,144.01,4.0346,4.0948,4.3346,4.6627,29.58,4.5,3.02,0.89,4.1,2.8,50.3,53.5,100.1,225.0,0.48,490.66,208.86,83.65,44.78,89.77,277.25,104.262,79.45,50.15,108.815,46.425,147.15
2025-03-25,575.46,575.3,576.41,573.69,38355735.0,17.15,19.05,87.46,148.68,4.0132,4.0683,4.3133,4.6588,29.163,4.5,3.06,0.89,4.1,2.8,50.3,53.5,100.1,225.0,0.65,493.46,207.7,84.11,44.65,89.76,278.47,104.184,79.41,50.43,109.175,46.615,145.27
2025-03-26,568.59,575.19,576.33,567.19,52228898.0,18.33,19.84,90.24,144.75,4.0166,4.0984,4.3519,4.702,33.104,4.5,3.14,0.9,4.1,2.8,50.3,53.5,100.1,225.0,0.71,484.38,205.59,83.02,44.38,89.17,278.24,104.547,79.09,50.28,106.74,46.89,144.74
2025-03-27,567.08,567.18,570.9,564.94,42164248.0,18.69,19.89,89.51,140.85,3.9899,4.0872,4.3595,4.7208,36.555,4.5,3.22,0.91,4.1,2.8,50.3,53.5,100.1,225.0,0.72,481.62,204.61,83.2,44.6,88.91,281.97,104.335,78.94,50.18,105.755,46.435,144.97
2025-03-28,555.66,565.53,566.2675,555.07,71662653.0,21.65,22.01,102.44,139.04,3.9119,3.9791,4.2494,4.6286,33.545,4.5,3.4,0.93,4.1,2.8,50.3,53.5,100.1,219.0,0.68,468.94,200.45,82.46,43.77,90.14,284.06,104.044,78.8,49.21,103.19,46.215,144.52
2025-03-31,559.39,549.83,560.7112,546.87,95328213.0,22.28,21.97,99.12,148.58,3.8832,3.9496,4.2053,4.5707,31.799,4.5,3.47,0.94,4.2,2.4,49.0,50.8,93.9,219.0,0.58,468.92,199.49,81.73,43.7,91.03,288.14,104.21,78.89,49.81,103.24,46.725,146.01
2025-04-01,560.97,557.45,562.94,553.68,54609641.0,21.77,21.82,97.55,143.01,3.8811,3.9252,4.1689,4.524,28.372,4.5,3.45,0.96,4.2,2.4,49.0,50.8,93.9,219.0,0.53,472.7,199.51,81.85,43.84,91.49,287.57,104.26,78.69,49.75,103.995,47.0,143.34
2025-04-02,564.52,555.05,567.42,554.81,76014544.0,21.51,21.45,118.37,144.27,3.8584,3.8853,4.1307,4.5004,26.238,4.5,3.34,0.93,4.2,2.4,49.0,50.8,93.9,219.0,0.59,476.15,202.66,82.04,43.9,91.43,288.16,103.807,78.85,50.16,104.765,47.065,144.3
2025-04-03,536.7,545.11,547.97,536.7,125985998.0,30.02,27.38,119.48,139.2,3.6817,3.7265,4.0286,4.4703,34.279,4.5,3.87,1.02,4.2,2.4,49.0,50.8,93.9,219.0,1.02,450.66,189.65,80.32,42.97,91.85,286.42,102.072,77.87,47.69,97.615,43.37,143.13
2025-04-04,505.28,523.67,525.87,505.06,217965131.0,45.31,36.71,147.16,136.54,3.652,3.7088,3.9943,4.409,33.619,4.5,4.27,1.09,4.2,2.4,49.0,50.8,93.9,224.0,0.64,422.67,181.19,75.02,40.58,92.85,279.72,103.023,76.76,44.2,91.185,39.38,135.28
2025-04-07,504.38,489.19,523.17,481.8,256611355.0,46.98,36.88,152.63,133.82,3.7629,3.8658,4.1835,4.6188,41.436,4.5,4.49,1.16,4.2,2.4,49.0,50.8,93.9,224.0,0.63,423.69,179.55,73.21,39.07,90.05,273.71,103.256,76.1,44.09,91.73,39.125,134.47
2025-04-08,496.48,521.86,524.98,489.16,165816581.0,52.33,41.5,170.92,135.68,3.7256,3.9161,4.2929,4.7647,56.113,4.5,4.53,1.19,4.2,2.4,49.0,50.8,93.9,224.0,0.77,416.06,174.82,72.96,38.52,88.35,275.2,102.955,75.75,43.92,89.865,38.22,132.98
2025-04-09,548.62,493.44,548.62,493.05,241867317.0,33.62,29.92,142.5,142.23,3.9077,4.0435,4.3315,4.7367,41.548,4.5,4.26,1.12,4.2,2.4,49.0,50.8,93.9,224.0,0.58,466.0,189.68,78.59,41.19,88.87,285.38,102.9,77.78,47.23,101.93,41.18,138.76
2025-04-10,524.58,532.17,533.495,509.32,162331225.0,40.72,35.71,157.24,127.54,3.862,4.0716,4.4249,4.8692,55.253,4.5,4.34,1.14,4.2,2.4,49.0,50.8,93.9,224.0,0.76,446.18,181.71,77.04,40.48,86.42,292.35,100.867,76.51,45.91,97.185,38.49,134.89
2025-04-11,533.94,523.01,536.43,520.07,97866334.0,37.56,33.91,147.35,128.64,3.9599,4.1597,4.4895,4.8703,52.331,4.5,4.19,1.13,4.2,2.4,49.0,50.8,93.9,216.0,0.43,454.4,184.36,78.97,41.75,86.89,297.93,100.102,76.74,46.67,99.175,39.445,136.87
2025-04-14,539.12,544.05,544.28,533.86,68033993.0,30.89,29.63,122.32,135.71,3.845,4.0119,4.3739,4.8091,52.473,4.5,4.09,1.12,4.2,2.4,49.0,50.8,93.9,216.0,0.68,457.48,186.53,79.82,42.13,87.51,296.23,99.64,77.12,47.15,100.08,39.585,138.54
2025-04-15,537.61,539.675,543.23,536.81,56892874.0,30.12,29.0,115.89,135.76,3.8449,3.9856,4.333,4.7778,48.39,4.5,4.05,1.11,4.2,2.4,49.0,50.8,93.9,216.0,0.72,457.99,186.76,80.54,42.09,87.82,297.78,100.215,77.33,47.27,100.445,39.525,137.69
2025-04-16,525.66,531.68,537.8854,520.29,83484814.0,32.64,30.94,122.91,131.32,3.7695,3.9034,4.2768,4.7387,50.306,4.5,4.12,1.11,4.2,2.4,49.0,50.8,93.9,216.0,0.72,444.18,184.97,80.23,41.6,88.31,307.47,99.38,77.32,46.53,96.955,39.85,136.29
2025-04-17,526.41,527.64,531.165,523.91,79868083.0,29.65,29.35,116.26,130.02,3.7982,3.9381,4.3249,4.798,52.246,4.5,3.98,1.08,4.2,2.4,49.0,50.8,93.9,216.0,0.54,444.1,186.48,81.1,41.92,87.53,306.12,99.376,77.77,46.65,96.43,40.75,135.49
2025-04-21,513.88,521.16,521.7,508.46,69368129.0,33.82,31.83,124.11,125.77,3.7623,3.9749,4.4106,4.9023,64.201,4.5,4.12,1.11,4.2,2.4,49.0,50.8,93.9,216.0,0.67,433.11,182.74,80.66,41.91,86.0,315.59,98.278,77.31,45.65,93.94,39.685,132.57
2025-04-22,527.25,520.14,529.305,519.1925,75948117.0,30.57,29.45,112.96,125.93,3.819,3.9925,4.4008,4.8775,57.965,4.5,3.97,1.09,4.2,2.4,49.0,50.8,93.9,216.0,0.54,444.48,187.47,82.33,42.54,86.48,311.11,98.918,77.61,47.16,96.23,40.695,135.06
2025-04-23,535.42,540.43,545.43,533.88,90590658.0,28.45,28.02,109.02,126.67,3.8709,4.0224,4.3812,4.8223,50.621,4.5,3.71,1.05,4.2,2.4,49.0,50.8,93.9,216.0,0.54,454.56,190.25,82.66,43.03,87.32,303.65,99.844,78.0,47.72,99.02,40.62,135.73
2025-04-24,546.69,536.715,547.43,535.4504,64150418.0,26.47,26.44,102.98,129.02,3.7971,3.9358,4.3149,4.7758,51.167,4.5,3.68,1.03,4.2,2.4,49.0,50.8,93.9,216.0,0.64,467.35,194.06,83.76,43.53,88.24,308.07,99.377,78.7,48.25,102.715,41.27,137.39
2025-04-25,550.64,546.65,551.05,543.69,61119590.0,24.84,25.37,98.95,132.37,3.748,3.8594,4.2353,4.701,48.325,4.5,3.6,1.01,4.2,2.4,49.0,50.8,93.9,241.0,0.46,472.56,194.12,84.12,43.45,88.89,304.73,99.471,78.77,48.02,104.235,41.195,138.05
2025-04-28,550.85,551.39,553.55,545.02,47613755.0,25.15,25.73,103.39,131.28,3.6928,3.8127,4.2082,4.6823,50.934,4.5,3.68,1.02,4.2,2.4,49.0,50.8,93.9,241.0,0.57,472.41,194.94,84.68,43.53,89.45,309.07,99.01,78.81,48.17,104.065,41.485,138.6
2025-04-29,554.32,548.91,555.45,548.55,47775121.0,24.17,25.22,101.31,134.29,3.6499,3.7661,4.1716,4.649,51.766,4.5,3.7,1.03,4.2,2.4,49.0,50.8,93.9,241.0,0.55,475.53,196.09,84.85,43.65,90.2,306.06,99.237,79.02,48.67,104.55,41.365,139.28
2025-04-30,554.54,547.57,556.52,541.52,93101463.0,24.7,25.54,102.29,132.73,3.6027,3.7264,4.1619,4.6774,55.511,4.5,3.84,1.06,4.2,2.3,48.7,51.6,85.7,241.0,0.67,475.47,194.86,84.75,43.76,89.47,303.77,99.468,78.6,48.76,104.985,40.25,140.47
2025-05-01,558.47,560.37,564.0699,557.86,63186146.0,24.6,25.49,102.31,134.07,3.6987,3.8039,4.2176,4.7228,51.482,4.5,3.68,1.06,4.2,2.3,48.7,51.6,85.7,241.0,0.52,481.68,196.07,84.48,43.75,88.69,297.46,100.248,78.3,48.75,106.525,40.4,136.64
2025-05-02,566.76,564.73,568.38,562.38,60717270.0,22.68,24.0,97.26,134.78,3.8239,3.9184,4.3083,4.7889,48.232,4.5,3.52,1.02,4.2,2.3,48.7,51.6,85.7,229.0,0.49,488.83,200.48,86.1,45.0,87.73,297.98,100.03,78.54,49.76,108.305,40.99,138.53
2025-05-05,563.51,562.57,566.65,561.7,38659222.0,23.64,24.55,101.17,134.12,3.8323,3.9393,4.3433,4.8346,50.695,4.5,3.51,1.02,4.2,2.3,48.7,51.6,85.7,229.0,0.6,485.93,198.94,86.25,45.34,87.24,306.88,99.831,78.51,49.44,107.73,40.25,138.14
2025-05-06,558.8,557.93,563.3476,556.96,48264708.0,24.76,25.41,104.32,133.24,3.7827,3.8923,4.2946,4.797,50.773,4.5,3.57,1.02,4.2,2.3,48.7,51.6,85.7,229.0,0.64,481.41,196.77,86.14,45.16,87.53,315.48,99.238,78.45,49.16,106.835,40.26,134.33
2025-05-07,561.15,560.15,563.82,556.04,55733229.0,23.55,24.7,99.82,132.21,3.7765,3.8626,4.2694,4.7688,48.679,4.5,3.56,1.02,4.2,2.3,48.7,51.6,85.7,229.0,0.54,483.3,197.42,85.85,44.64,87.9,310.75,99.614,78.52,49.45,107.905,40.275,135.36
2025-05-08,565.06,565.24,570.31,561.7,65130787.0,22.48,23.76,96.29,131.52,3.8739,3.9848,4.3785,4.8428,49.84,4.5,3.42,0.99,4.2,2.3,48.7,51.6,85.7,229.0,0.54,488.29,201.18,85.55,44.61,86.92,304.63,100.64,78.5,49.86,108.935,40.805,134.14
2025-05-09,564.34,566.48,567.5,562.7637,37603427.0,21.9,23.38,96.35,128.4,3.891,4.0007,4.3785,4.8343,48.54,4.5,3.43,0.99,4.2,2.3,48.7,51.6,85.7,228.0,0.53,487.97,200.81,85.97,44.91,87.05,306.84,100.339,78.55,49.86,108.8,41.215,132.68
2025-05-12,582.99,581.47,583.0,577.04,78993570.0,18.39,20.22,87.93,137.67,4.0103,4.11,4.4709,4.905,45.434,4.5,3.05,0.94,4.2,2.3,48.7,51.6,85.7,228.0,0.5,507.85,207.87,86.41,45.88,86.24,298.19,101.788,79.33,50.87,113.85,42.29,135.96
2025-05-13,586.84,583.41,589.08,582.84,67947225.0,18.22,20.09,91.59,140.52,4.0001,4.0977,4.465,4.906,46.068,4.5,2.99,0.91,4.2,2.3,48.7,51.6,85.7,228.0,0.55,515.59,208.63,86.52,45.96,85.89,299.46,101.003,79.47,51.08,116.31,42.885,131.87
2025-05-14,587.59,587.81,588.98,585.535,66283531.0,18.62,20.58,97.16,138.94,4.0508,4.1668,4.5363,4.9696,48.131,4.5,3.01,0.91,4.2,2.3,48.7,51.6,85.7,228.0,0.41,518.68,206.78,86.1,46.31,85.32,293.16,101.039,79.18,50.94,117.065,42.625,128.77
2025-05-15,590.46,585.56,590.97,585.0969,71268145.0,17.83,20.25,94.11,140.85,3.9608,4.0537,4.4315,4.8867,46.651,4.5,3.09,0.91,4.2,2.3,48.7,51.6,85.7,228.0,0.52,519.25,208.13,87.04,46.29,86.07,297.84,100.879,79.33,51.28,117.225,42.805,130.46
2025-05-16,594.2,591.25,594.5,589.28,76052101.0,17.24,20.08,94.94,136.01,3.9995,4.0928,4.477,4.9439,47.329,4.5,3.05,0.9,4.2,2.3,48.7,51.6,85.7,226.0,0.43,521.51,209.85,87.24,46.26,86.3,294.24,101.092,79.42,51.59,117.445,42.74,133.09
2025-05-19,594.85,588.1,595.54,588.1,68168509.0,18.14,20.69,96.89,135.94,3.9765,4.0629,4.4474,4.903,46.873,4.5,3.12,0.89,4.2,2.3,48.7,51.6,85.7,226.0,0.48,522.01,208.97,88.07,46.36,86.05,298.03,100.426,79.38,51.62,117.275,42.185,134.37
2025-05-20,592.85,593.09,594.05,589.6,60614492.0,18.09,20.72,96.62,137.27,3.9704,4.0735,4.4869,4.9696,51.227,4.5,3.11,0.88,4.2,2.3,48.7,51.6,85.7,226.0,0.56,520.27,209.08,88.49,46.31,85.43,303.58,100.118,79.34,51.34,116.835,41.795,134.7
2025-05-21,582.86,588.44,592.58,581.82,95197657.0,20.87,22.66,106.3,137.28,4.0194,4.1606,4.5985,5.0923,57.701,4.5,3.19,0.9,4.2,2.3,48.7,51.6,85.7,226.0,0.55,513.04,203.21,87.97,46.19,83.97,305.82,99.559,78.81,50.29,114.64,41.025,131.58
2025-05-22,583.09,582.66,586.62,581.405,70860417.0,20.28,22.32,104.1,139.04,3.99,4.0932,4.5287,5.0395,53.444,4.5,3.23,0.9,4.2,2.3,48.7,51.6,85.7,226.0,0.75,514.0,203.2,87.92,46.04,84.41,303.11,99.96,78.97,50.23,114.67,40.865,130.55
2025-05-23,579.11,575.98,581.8101,575.6,76029046.0,22.29,23.8,109.76,139.34,3.9912,4.0811,4.511,5.0374,51.555,4.5,3.3,0.91,4.2,2.3,48.7,51.6,85.7,239.0,0.6,509.24,202.56,88.04,46.23,84.55,309.75,99.112,78.95,50.05,113.405,40.995,130.34
2025-05-27,591.15,586.07,591.31,578.43,72588475.0,18.96,21.29,96.49,140.89,3.9808,4.0333,4.4436,4.9511,45.857,4.5,3.16,0.89,4.2,2.3,48.7,51.6,85.7,239.0,0.52,521.22,207.7,89.32,46.12,85.73,304.5,99.521,79.43,50.93,116.1,41.35,132.16
2025-05-28,587.73,591.56,592.7688,586.985,68445512.0,19.31,21.67,97.15,137.65,3.9901,4.0618,4.4773,4.9758,48.518,4.5,3.12,0.88,4.2,2.3,48.7,51.6,85.7,239.0,0.58,518.91,205.51,88.29,45.91,85.36,303.81,99.875,79.38,50.59,115.62,40.825,131.48
2025-05-29,590.05,593.06,593.2,586.07,70073758.0,19.18,21.62,95.32,137.26,3.9386,3.9965,4.418,4.9162,47.735,4.5,3.11,0.89,4.2,2.3,48.7,51.6,85.7,239.0,0.53,519.93,206.12,88.68,46.08,86.15,305.61,99.278,79.5,50.85,115.815,41.13,132.36
2025-05-30,589.39,588.93,591.1299,583.235,90601242.0,18.57,21.38,95.15,138.25,3.8975,3.9617,4.4004,4.9305,49.669,4.5,3.14,0.88,4.2,2.3,48.7,51.6,85.7,248.0,0.57,519.11,205.07,88.81,45.52,86.28,303.6,99.329,79.57,50.96,115.455,40.765,132.64
2025-06-02,592.71,587.76,592.79,585.06,61630502.0,18.36,21.09,91.84,141.04,3.9366,4.0034,4.4399,4.9655,50.12,4.5,3.16,0.88,4.2,2.3,48.7,51.6,85.7,248.0,0.58,523.21,205.71,89.76,45.85,85.16,311.67,98.706,79.18,50.98,116.475,41.3,132.72
2025-06-03,596.09,592.34,597.08,591.85,63606204.0,17.69,20.72,90.89,141.6,3.9511,4.0208,4.4537,4.981,49.855,4.5,3.09,0.86,4.2,2.3,48.7,51.6,85.7,248.0,0.51,527.3,209.03,89.08,45.96,85.01,308.91,99.227,79.33,51.08,118.225,41.79,133.03
2025-06-04,595.93,596.96,597.95,595.49,57314199.0,17.61,20.66,90.79,137.46,3.8665,3.9233,4.3552,4.8775,48.662,4.5,3.12,0.87,4.2,2.3,48.7,51.6,85.7,248.0,0.52,528.77,208.44,89.48,46.53,86.39,310.9,98.787,79.48,50.79,118.4,40.975,133.29
2025-06-05,593.05,597.63,599.0,591.05,92436397.0,18.48,21.11,93.2,140.09,3.9201,3.9911,4.3906,4.8775,46.631,4.5,3.09,0.88,4.2,2.3,48.7,51.6,85.7,248.0,0.63,524.79,208.53,89.42,46.77,86.45,309.33,98.741,79.31,50.65,118.065,40.935,133.11
2025-06-06,599.14,598.66,600.83,596.86,66588743.0,16.77,20.02,89.45,138.85,4.0365,4.1207,4.5056,4.9676,46.488,4.5,3.0,0.85,4.2,2.3,48.7,51.6,85.7,250.0,0.55,529.92,211.9,89.74,46.92,85.35,305.18,99.19,79.3,51.28,119.18,41.705,134.38
2025-06-09,599.68,599.72,601.25,598.49,53016418.0,17.16,20.09,88.97,139.18,4.0034,4.0821,4.4738,4.9397,46.832,4.5,3.01,0.84,4.2,2.3,48.7,51.6,85.7,250.0,0.52,530.7,213.36,89.73,47.32,85.44,306.62,98.939,79.34,51.0,119.765,41.785,134.15
2025-06-10,603.08,600.22,603.47,599.09,66246973.0,16.95,19.94,92.06,141.22,4.0181,4.0856,4.4698,4.9274,44.758,4.5,3.0,0.84,4.2,2.3,48.7,51.6,85.7,250.0,0.57,534.21,214.51,89.85,47.59,85.88,306.71,99.098,79.53,51.06,120.435,42.53,135.68
2025-06-11,601.36,604.19,605.06,599.27,73658225.0,17.26,20.3,99.02,141.39,3.9515,4.0207,4.4203,4.9172,46.469,4.5,3.02,0.84,4.2,2.3,48.7,51.6,85.7,250.0,0.52,532.41,213.63,89.7,47.79,86.14,308.37,98.631,79.51,51.0,120.17,43.145,135.75
2025-06-12,603.75,600.01,603.75,599.52,64129003.0,18.02,20.65,103.04,145.6,3.9077,3.9665,4.3592,4.8412,44.733,4.5,3.06,0.84,4.2,2.3,48.7,51.6,85.7,250.0,0.58,533.66,212.78,90.39,47.87,87.17,312.2,97.921,79.6,51.0,121.285,43.295,136.81
2025-06-13,597.0,598.5,601.85,595.48,89505996.0,20.82,22.62,113.37,149.65,3.9475,3.9996,4.3987,4.8938,44.908,4.5,3.08,0.85,4.2,2.3,48.7,51.6,85.7,246.0,0.61,526.96,208.89,89.23,47.11,86.33,316.29,98.184,79.36,49.96,119.585,44.05,136.13
2025-06-16,602.68,600.4,604.45,600.22,79984125.0,19.11,21.23,106.19,156.6,3.9664,4.0312,4.4462,4.9552,47.559,4.5,2.97,0.84,4.2,2.3,48.7,51.6,85.7,246.0,0.51,534.29,210.77,88.04,47.23,85.46,311.78,97.998,79.52,50.53,121.52,43.92,135.71
2025-06-17,597.53,600.21,601.75,596.76,82209365.0,21.6,22.91,115.5,154.36,3.9518,3.9908,4.3888,4.8907,43.283,4.5,3.04,0.85,4.2,2.3,48.7,51.6,85.7,246.0,0.61,529.08,208.55,86.96,46.61,86.5,311.94,98.82,79.43,50.24,120.66,44.33,133.47
2025-06-18,597.44,598.44,601.22,596.47,76605029.0,20.14,21.97,106.2,148.41,3.9414,3.9908,4.3909,4.8887,44.526,4.5,3.04,0.85,4.2,2.3,48.7,51.6,85.7,246.0,0.98,528.99,209.65,87.11,46.6,86.65,310.26,98.905,79.55,50.22,120.805,44.04,133.24
2025-06-20,594.28,598.38,599.46,592.86,94051374.0,20.62,22.48,108.86,149.19,3.9077,3.9608,4.3751,4.8897,46.531,4.5,2.99,0.85,4.2,2.3,48.7,51.6,85.7,237.0,0.54,526.83,209.21,86.33,46.33,86.49,310.13,98.707,79.8,50.36,120.27,44.49,132.6
2025-06-23,600.15,595.04,600.54,591.89,87426039.0,19.83,21.82,104.32,154.78,3.8633,3.9134,4.3475,4.8755,48.017,4.5,3.02,0.86,4.2,2.3,48.7,51.6,85.7,237.0,0.54,531.65,211.77,86.98,46.71,86.77,311.08,98.416,79.95,50.82,121.44,43.015,132.16
2025-06-24,606.78,604.33,607.8499,603.41,67735293.0,17.48,20.05,92.29,154.97,3.8251,3.8644,4.2945,4.8331,46.725,4.5,2.92,0.84,4.2,2.3,48.7,51.6,85.7,237.0,0.56,539.78,214.47,88.04,47.92,87.4,306.19,97.858,80.17,51.58,123.62,42.455,133.78
2025-06-25,607.12,607.91,608.61,605.54,62114767.0,16.76,19.67,89.65,152.24,3.7807,3.8503,4.2906,4.8311,50.579,4.5,2.94,0.86,4.2,2.3,48.7,51.6,85.7,237.0,0.53,541.16,211.97,87.56,47.96,87.51,307.12,97.679,80.15,51.41,124.675,42.27,133.9
2025-06-26,611.87,608.99,612.31,608.37,78548361.0,16.59,19.45,89.6,147.46,3.7193,3.7954,4.2417,4.8002,51.828,4.5,2.93,0.86,4.2,2.3,48.7,51.6,85.7,237.0,0.53,546.22,215.41,88.54,48.28,87.95,306.78,97.147,80.38,51.79,125.535,42.875,134.22
2025-06-27,614.91,612.88,616.39,610.83,86258398.0,16.32,19.45,91.84,143.44,3.748,3.83,4.2769,4.8351,52.686,4.5,2.92,0.85,4.2,2.3,48.7,51.6,85.7,232.0,0.52,548.09,215.48,89.34,48.09,87.39,301.22,97.401,80.34,51.94,125.385,42.65,133.93
2025-06-30,617.85,617.38,619.22,615.04,92502541.0,16.73,19.44,89.74,139.65,3.7192,3.7971,4.228,4.7743,50.466,4.5,2.9,0.83,4.1,2.7,49.0,50.8,95.2,232.0,0.51,551.64,215.79,89.39,48.24,88.25,304.83,96.875,80.65,52.37,126.615,42.405,134.79
2025-07-01,617.65,616.36,618.83,615.52,70030140.0,16.83,19.51,89.54,140.07,3.7725,3.8333,4.2416,4.7645,46.713,4.5,2.81,0.82,4.1,2.7,49.0,50.8,95.2,232.0,0.51,546.99,218.01,89.24,48.33,88.14,307.55,96.819,80.17,52.66,125.485,42.73,136.71
2025-07-02,620.45,617.24,620.49,616.61,66510374.0,16.64,19.35,89.8,139.28,3.7848,3.8628,4.2769,4.8011,49.003,4.5,2.77,0.8,4.1,2.7,49.0,50.8,95.2,232.0,0.55,550.8,221.03,89.5,48.54,87.58,309.25,96.776,80.32,52.62,126.81,43.465,135.36
2025-07-03,625.34,622.45,626.28,622.43,51065789.0,16.38,19.21,90.6,141.36,3.8799,3.9358,4.3457,4.8613,45.961,4.5,2.68,0.77,4.1,2.7,49.0,50.8,95.2,232.0,0.48,556.22,223.08,89.52,48.76,86.97,307.14,97.18,80.37,53.19,128.48,43.515,135.5
2025-07-07,620.68,623.36,624.03,617.87,74814505.0,17.79,20.21,96.3,137.96,3.8946,3.9551,4.3794,4.9152,48.275,4.5,2.74,0.79,4.1,2.7,49.0,50.8,95.2,232.0,0.58,552.03,219.73,88.55,48.07,86.14,307.37,97.48,80.1,52.68,127.46,43.095,134.36
2025-07-08,620.34,621.35,622.11,619.52,59024585.0,16.81,19.58,91.31,140.8,3.8905,3.9708,4.3992,4.9244,50.454,4.5,2.79,0.79,4.1,2.7,49.0,50.8,95.2,232.0,0.56,552.34,221.25,89.2,48.37,86.03,304.16,97.516,79.99,52.21,128.145,44.255,134.97
2025-07-09,624.06,622.77,624.72,620.9105,66113326.0,15.94,19.02,91.76,141.75,3.8429,3.9062,4.332,4.8684,48.284,4.5,2.81,0.81,4.1,2.7,49.0,50.8,95.2,232.0,0.56,556.25,223.65,89.87,48.29,86.93,305.52,97.555,80.21,52.4,128.915,44.03,135.49
2025-07-10,625.82,624.2,626.8701,623.01,57528960.0,15.78,18.92,90.94,143.32,3.8721,3.9341,4.3498,4.8694,47.558,4.5,2.79,0.8,4.1,2.7,49.0,50.8,95.2,232.0,0.52,555.45,224.8,89.81,48.42,86.99,306.2,97.652,80.13,52.71,128.49,44.365,136.32
2025-07-11,623.62,622.74,624.86,621.53,63670226.0,16.4,19.37,93.53,144.96,3.885,3.9727,4.4093,4.9491,52.016,4.5,2.83,0.8,4.1,2.7,49.0,50.8,95.2,221.0,0.53,554.2,221.7,88.95,48.26,85.79,309.14,97.853,80.03,52.16,127.925,44.565,135.19
2025-07-14,624.81,623.16,625.1581,621.7999,51898518.0,17.2,19.84,95.75,147.0,3.8998,3.9886,4.4333,4.977,53.139,4.5,2.84,0.8,4.1,2.7,49.0,50.8,95.2,221.0,0.51,556.21,223.19,88.95,48.33,85.61,308.01,98.081,80.09,52.55,127.82,44.075,135.03
2025-07-15,622.14,627.52,627.86,622.06,74317260.0,17.38,20.06,94.66,143.72,3.9398,4.0414,4.4813,5.0198,53.74,4.5,2.82,0.79,4.1,2.7,49.0,50.8,95.2,221.0,0.57,556.72,218.82,88.02,48.68,85.01,306.73,98.616,79.85,51.65,128.955,43.44,132.6
2025-07-16,624.22,623.74,624.73,618.05,88987511.0,17.16,20.09,95.56,146.71,3.8917,3.9921,4.4553,5.0104,55.941,4.5,2.88,0.79,4.1,2.7,49.0,50.8,95.2,221.0,0.53,557.29,221.02,88.38,48.91,85.13,308.26,98.392,80.06,52.01,129.355,43.065,134.25
2025-07-17,628.04,624.4,628.4048,624.18,68885683.0,16.52,19.69,92.9,151.12,3.9045,3.9887,4.4513,5.0072,54.269,4.5,2.81,0.78,4.1,2.7,49.0,50.8,95.2,221.0,0.65,561.8,223.92,88.61,49.19,85.11,307.59,98.734,80.14,52.51,130.53,43.33,132.72
2025-07-18,627.58,629.3,629.47,626.46,65621645.0,16.41,19.58,93.15,150.45,3.8691,3.9465,4.4155,4.9875,54.221,4.5,2.83,0.77,4.1,2.7,49.0,50.8,95.2,217.0,0.48,561.26,222.33,88.36,49.08,85.24,308.39,98.482,80.25,52.54,130.445,42.98,131.84
2025-07-21,628.77,628.77,631.54,628.34,63374984.0,16.65,19.51,92.26,154.83,3.8608,3.9167,4.3777,4.944,51.287,4.5,2.8,0.78,4.1,2.7,49.0,50.8,95.2,217.0,0.51,564.17,221.43,88.83,49.4,86.0,313.13,97.853,80.36,52.39,130.615,42.535,131.09
2025-07-22,628.86,629.1,629.73,626.19,60046288.0,16.5,19.53,90.58,153.44,3.8334,3.8851,4.344,4.9173,50.851,4.5,2.8,0.79,4.1,2.7,49.0,50.8,95.2,217.0,0.55,561.25,223.27,89.32,49.43,86.52,316.1,97.392,80.5,52.68,129.405,42.735,133.53
2025-07-23,634.21,631.55,634.21,629.73,70511036.0,15.37,18.56,88.04,159.29,3.88,3.9325,4.3798,4.9347,49.761,4.5,2.73,0.77,4.1,2.7,49.0,50.8,95.2,217.0,0.55,563.81,226.68,91.54,49.93,86.04,312.18,97.214,80.54,53.1,130.145,43.405,136.27
2025-07-24,634.42,634.6,636.15,633.99,71307134.0,15.39,18.56,89.75,159.41,3.9162,3.9589,4.3957,4.9347,47.535,4.5,2.72,0.77,4.1,2.7,49.0,50.8,95.2,217.0,0.57,565.01,223.55,90.86,49.66,85.89,310.27,97.377,80.44,53.07,130.695,43.715,135.76
2025-07-25,637.1,635.09,637.5799,634.84,56865364.0,14.93,18.32,90.59,145.57,3.9232,3.9573,4.3878,4.9296,46.036,4.5,2.74,0.76,4.1,2.7,49.0,50.8,95.2,219.0,0.72,566.37,224.38,90.75,49.51,86.43,307.4,97.645,80.49,53.44,130.995,43.55,136.48
2025-07-28,636.94,637.48,638.04,635.54,54917102.0,15.03,18.16,88.59,147.65,3.9255,3.9696,4.4098,4.9585,47.785,4.5,2.73,0.76,4.1,2.7,49.0,50.8,95.2,219.0,0.58,568.14,224.12,89.29,49.18,85.87,305.41,98.634,80.45,53.07,132.04,44.045,135.29
2025-07-29,635.26,638.35,638.67,634.335,60556278.0,15.98,18.77,95.14,149.12,3.8689,3.8993,4.3204,4.8563,44.945,4.5,2.77,0.77,4.1,2.7,49.0,50.8,95.2,219.0,0.57,567.26,222.69,89.11,49.2,87.32,306.25,98.886,80.5,52.8,132.045,44.475,134.43
2025-07-30,634.46,635.92,637.68,631.54,80418851.0,15.48,18.35,94.33,154.08,3.9406,3.9636,4.37,4.8989,42.528,4.5,2.78,0.76,4.1,2.7,49.0,50.8,95.2,219.0,0.59,568.02,221.56,88.47,48.84,86.87,300.96,99.815,80.33,52.7,132.34,43.84,134.19
2025-07-31,632.08,639.455,639.85,630.765,103385246.0,16.72,19.14,98.37,152.29,3.9571,3.9724,4.374,4.9,41.486,4.5,2.78,0.76,4.2,2.7,48.0,50.1,98.7,219.0,0.84,565.01,219.39,87.52,48.56,86.92,302.96,99.968,80.38,52.37,131.37,43.605,130.43
2025-08-01,621.72,626.3,626.34,619.29,140103572.0,20.38,21.24,109.79,155.49,3.6817,3.7571,4.2159,4.8221,53.012,4.5,3.01,0.8,4.2,2.7,48.0,50.1,98.7,227.0,0.75,553.88,214.92,87.29,48.2,87.82,309.11,99.141,79.98,51.4,128.535,42.795,131.13
2025-08-04,631.17,625.67,631.215,625.58,73218015.0,17.52,19.61,95.85,159.31,3.6752,3.7381,4.1923,4.7912,51.508,4.5,2.93,0.8,4.2,2.7,48.0,50.1,98.7,227.0,0.61,564.1,219.73,88.45,48.7,88.06,310.91,98.784,80.25,51.91,131.145,42.7,133.01
2025-08-05,627.97,631.79,632.6052,627.04,68051401.0,17.85,20.03,97.65,149.91,3.7242,3.7777,4.21,4.7802,48.368,4.5,2.89,0.8,4.2,2.7,48.0,50.1,98.7,227.0,0.58,560.27,220.85,88.44,48.84,88.33,311.16,98.782,80.21,51.7,130.06,42.755,132.5
2025-08-06,632.78,629.05,633.44,628.13,64357525.0,16.77,19.47,97.81,149.71,3.7137,3.7759,4.2257,4.8201,50.993,4.5,2.88,0.79,4.2,2.7,48.0,50.1,98.7,227.0,0.62,567.32,220.56,89.02,49.07,87.82,310.5,98.177,80.29,51.95,131.525,42.36,130.51
2025-08-07,632.25,636.24,636.98,629.11,74205791.0,16.57,19.35,97.37,147.03,3.7279,3.7915,4.25,4.8261,51.606,4.5,2.86,0.78,4.2,2.7,48.0,50.1,98.7,227.0,0.57,569.24,219.84,89.82,49.48,87.67,313.12,98.4,80.21,51.37,131.645,42.195,129.01
2025-08-08,637.18,634.06,637.645,633.74,64051626.0,15.15,18.7,93.14,147.53,3.7624,3.8312,4.2829,4.8494,51.849,4.5,2.83,0.78,4.2,2.7,48.0,50.1,98.7,224.0,0.64,574.55,220.32,90.37,49.44,87.29,313.05,98.18,80.22,51.85,132.96,42.465,130.16
2025-08-11,635.92,637.46,638.95,634.66,58742300.0,16.25,19.25,97.09,148.55,3.7684,3.8364,4.2849,4.8524,51.44,4.5,2.86,0.78,4.2,2.7,48.0,50.1,98.7,224.0,0.64,572.85,220.27,89.99,49.3,87.39,308.55,98.52,80.22,51.83,132.06,42.125,130.29
2025-08-12,642.69,638.29,642.85,636.79,64821798.0,14.73,18.34,92.86,151.45,3.7308,3.8225,4.2888,4.8786,55.586,4.5,2.84,0.77,4.2,2.7,48.0,50.1,98.7,224.0,0.6,580.05,226.81,91.09,49.9,86.95,308.27,98.097,80.4,52.46,134.105,42.33,131.19
2025-08-13,644.89,644.91,646.19,642.68,60092790.0,14.49,18.33,98.17,153.13,3.6745,3.7616,4.2326,4.8253,55.412,4.5,2.8,0.76,4.2,2.7,48.0,50.1,98.7,224.0,0.63,580.34,231.22,91.64,50.5,87.67,309.21,97.84,80.61,52.76,134.155,42.82,133.29
2025-08-14,644.95,642.79,645.62,642.34,59327466.0,14.83,18.49,98.04,150.62,3.7324,3.8137,4.2849,4.8726,55.036,4.5,2.81,0.75,4.2,2.7,48.0,50.1,98.7,224.0,0.75,579.89,228.24,91.65,49.88,87.02,307.25,98.254,80.4,53.01,133.865,42.78,133.96
2025-08-15,643.44,645.99,646.09,642.5153,68592507.0,15.09,18.64,97.85,153.79,3.7505,3.8362,4.316,4.9183,56.333,4.5,2.79,0.73,4.2,2.7,48.0,50.1,98.7,234.0,0.48,577.34,227.13,92.19,49.94,86.4,307.43,97.852,80.46,52.46,132.85,42.78,136.21
2025-08-18,643.3,642.86,644.0,642.18,43804914.0,14.99,18.45,96.63,153.95,3.7629,3.8466,4.3335,4.9336,56.852,4.5,2.82,0.73,4.2,2.7,48.0,50.1,98.7,234.0,0.5,577.11,227.96,92.09,50.23,86.15,306.95,98.167,80.4,52.5,133.135,42.525,135.89
2025-08-19,639.81,643.12,644.105,638.48,69750731.0,15.57,18.9,102.09,153.17,3.748,3.8239,4.3062,4.9081,55.61,4.5,2.85,0.75,4.2,2.7,48.0,50.1,98.7,234.0,0.59,569.28,226.21,92.1,49.82,86.65,305.27,98.265,80.38,52.6,130.81,42.54,136.76
2025-08-20,638.11,639.4,639.66,632.95,88890298.0,15.69,19.1,98.6,144.56,3.7478,3.8116,4.2907,4.8948,54.074,4.5,2.87,0.76,4.2,2.7,48.0,50.1,98.7,234.0,0.66,565.9,225.41,92.43,49.75,86.84,308.36,98.218,80.35,52.87,129.925,42.895,137.5
2025-08-21,635.55,636.28,637.97,633.81,54805775.0,16.6,19.41,99.99,144.32,3.7918,3.8553,4.3277,4.9172,52.973,4.5,2.87,0.76,4.2,2.7,48.0,50.1,98.7,234.0,0.62,563.28,225.97,91.85,49.64,86.41,307.29,98.619,80.2,52.7,129.455,43.19,137.04
2025-08-22,645.31,637.76,646.5,637.25,84083214.0,14.22,17.76,89.78,146.39,3.6963,3.759,4.2537,4.8755,55.528,4.5,2.79,0.75,4.2,2.7,48.0,50.1,98.7,229.0,0.5,571.97,234.83,93.23,50.63,87.05,310.58,97.716,80.85,53.57,131.21,44.07,138.17
2025-08-25,642.47,644.04,645.29,642.35,51274332.0,14.79,18.02,92.3,149.99,3.7235,3.7851,4.2751,4.8897,54.945,4.5,2.73,0.75,4.2,2.7,48.0,50.1,98.7,229.0,0.55,570.32,232.36,92.0,50.34,86.8,309.83,98.43,80.69,53.26,130.915,44.185,136.2
2025-08-26,645.16,642.2,645.51,641.57,51581565.0,14.62,17.9,91.65,156.53,3.6789,3.7414,4.2615,4.9193,58.049,4.5,2.72,0.76,4.2,2.7,48.0,50.1,98.7,229.0,0.55,572.61,234.28,91.9,50.21,86.75,312.08,98.225,80.87,53.67,131.515,44.115,137.05
2025-08-27,646.63,644.57,647.37,644.42,48341069.0,14.85,17.94,94.93,150.88,3.6085,3.696,4.2343,4.9213,62.169,4.5,2.7,0.77,4.2,2.7,48.0,50.1,98.7,229.0,0.53,573.49,235.94,91.68,49.91,86.65,312.71,98.232,80.97,53.78,132.225,44.61,136.97
2025-08-28,648.92,647.24,649.48,645.34,61519461.0,14.43,17.72,92.03,152.5,3.629,3.6906,4.2033,4.8755,57.025,4.5,2.68,0.77,4.2,2.7,48.0,50.1,98.7,229.0,0.75,577.08,236.22,92.02,50.1,87.22,315.03,97.813,81.01,53.85,133.27,44.95,136.43
2025-08-29,645.05,647.47,647.84,643.14,74522192.0,15.36,18.35,97.17,152.1,3.6167,3.6958,4.2284,4.9274,60.965,4.5,2.72,0.79,4.2,2.7,48.0,50.1,98.7,236.0,0.56,570.4,235.17,91.48,49.86,86.6,318.07,97.771,80.86,53.99,131.225,45.195,137.43
2025-09-02,640.27,637.5,640.49,634.92,81983545.0,17.17,19.38,103.88,151.48,3.6392,3.7218,4.2614,4.9614,62.013,4.5,2.81,0.8,4.2,2.7,48.0,50.1,98.7,236.0,0.68,565.62,233.9,90.58,49.82,85.63,325.59,98.397,80.39,53.59,129.9,45.26,137.56
2025-09-03,643.74,642.67,644.21,640.46,70820898.0,16.35,18.93,99.62,150.22,3.6166,3.6924,4.2168,4.8968,59.81,4.5,2.8,0.79,4.2,2.7,48.0,50.1,98.7,236.0,0.61,570.07,233.67,90.72,50.01,86.57,328.14,98.142,80.61,53.5,130.675,44.245,136.91
2025-09-04,649.12,644.42,649.15,643.51,65219228.0,15.3,18.39,95.28,153.96,3.5878,3.6456,4.1607,4.8533,57.089,4.5,2.75,0.77,4.2,2.7,48.0,50.1,98.7,236.0,0.62,575.23,236.59,91.38,49.85,87.23,326.69,98.347,80.83,54.06,131.32,44.54,137.43
2025-09-05,647.24,651.48,652.21,643.33,85178935.0,15.18,18.42,93.06,148.16,3.5092,3.5817,4.0742,4.7587,56.297,4.5,2.72,0.77,4.2,2.7,48.0,50.1,98.7,264.0,0.58,576.06,237.77,91.79,50.45,88.56,331.05,97.768,80.87,53.07,131.43,43.68,137.9
2025-09-08,648.83,648.62,649.84,647.23,63133104.0,15.11,18.29,92.29,148.82,3.4863,3.5609,4.0398,4.6922,55.142,4.5,2.74,0.78,4.2,2.7,48.0,50.1,98.7,264.0,0.63,578.87,238.25,92.71,50.91,89.74,334.82,97.454,80.87,53.11,132.415,43.58,137.85
2025-09-09,650.33,648.97,650.86,647.22,66133856.0,15.04,18.27,93.16,150.93,3.5584,3.6162,4.0875,4.7311,52.709,4.5,2.76,0.78,4.2,2.7,48.0,50.1,98.7,264.0,0.54,580.51,236.85,92.4,51.19,89.23,334.06,97.788,80.78,53.34,132.67,43.79,138.59
2025-09-10,652.21,653.62,654.55,650.63,78034529.0,15.35,18.44,100.53,151.92,3.5438,3.5954,4.0454,4.696,50.151,4.5,2.74,0.77,4.2,2.7,48.0,50.1,98.7,264.0,0.54,580.7,236.43,92.38,51.54,89.74,335.26,97.78,80.84,53.16,135.075,44.555,137.33
2025-09-11,657.63,654.18,658.33,653.59,69934360.0,14.71,18.03,96.32,147.63,3.5415,3.5953,4.0206,4.6535,47.284,4.5,2.68,0.75,4.2,2.7,48.0,50.1,98.7,264.0,0.68,584.08,240.8,93.36,52.29,90.34,334.76,97.531,81.04,54.03,135.53,44.565,139.72
2025-09-12,657.41,657.6,659.11,656.9,72780135.0,14.76,18.06,96.78,149.49,3.5556,3.6334,4.0643,4.6805,50.452,4.5,2.7,0.74,4.2,2.7,48.0,50.1,98.7,232.0,0.58,586.66,238.34,92.99,52.26,89.95,335.42,97.55,80.96,53.8,135.44,44.3,138.11
2025-09-15,660.91,659.64,661.04,659.34,63772412.0,15.69,18.53,99.55,152.11,3.5368,3.6056,4.0375,4.6602,49.659,4.5,2.67,0.73,4.2,2.7,48.0,50.1,98.7,232.0,0.54,591.68,239.35,93.61,52.64,90.16,338.91,97.302,81.19,53.68,136.66,44.15,136.93
2025-09-16,660.0,661.47,661.78,659.21,61168953.0,16.36,18.91,104.1,148.21,3.5033,3.5848,4.0279,4.6486,52.258,4.5,2.69,0.74,4.2,2.7,48.0,50.1,98.7,232.0,0.54,591.18,238.28,93.35,53.03,90.35,339.59,96.633,81.13,53.56,136.185,44.89,136.93
2025-09-17,659.18,660.01,661.72,654.3,101952244.0,15.72,18.44,96.17,146.37,3.5531,3.6542,4.0872,4.6901,53.193,4.25,2.68,0.74,4.2,2.7,48.0,50.1,98.7,232.0,0.6,590.0,238.89,93.0,53.26,90.12,336.97,96.873,81.05,54.08,135.715,44.995,137.2
2025-09-18,662.26,661.89,664.89,660.27,90459242.0,15.7,18.52,97.28,148.19,3.5635,3.663,4.1044,4.7242,53.885,4.25,2.62,0.72,4.2,2.7,48.0,50.1,98.7,232.0,0.54,595.32,244.84,93.36,53.13,89.19,335.62,97.348,81.23,54.13,138.06,44.855,137.47
2025-09-19,663.7,662.33,664.55,660.37,97945620.0,15.45,18.48,96.9,146.97,3.5715,3.6769,4.1274,4.7438,55.378,4.25,2.62,0.72,4.2,2.7,48.0,50.1,98.7,219.0,0.45,599.35,242.98,93.0,53.01,89.02,339.18,97.644,81.26,54.25,139.46,44.26,137.29
2025-09-22,666.84,662.2,667.29,662.17,69452201.0,16.1,18.95,99.75,145.46,3.603,3.7014,4.1467,4.7625,54.158,4.25,2.59,0.72,4.2,2.7,48.0,50.1,98.7,219.0,0.48,602.2,244.39,93.3,53.27,88.7,345.05,97.341,81.32,54.0,141.33,43.835,136.63
2025-09-23,663.21,666.72,667.34,661.98,81708872.0,16.64,19.44,101.23,146.53,3.586,3.6682,4.1061,4.7193,51.798,4.25,2.62,0.73,4.2,2.7,48.0,50.1,98.7,219.0,0.47,598.2,243.84,93.12,53.3,89.32,346.46,97.264,81.26,53.76,140.11,44.59,136.94
2025-09-24,661.1,664.51,664.61,659.67,68082229.0,16.18,19.14,99.99,145.87,3.6041,3.7172,4.1466,4.7507,54.041,4.25,2.61,0.74,4.2,2.7,48.0,50.1,98.7,219.0,0.51,596.1,241.6,92.58,53.12,88.98,343.32,97.873,81.15,53.61,139.245,45.17,136.39
2025-09-25,658.05,657.94,659.4056,654.405,89622067.0,16.74,19.46,100.34,145.89,3.6553,3.7598,4.1698,4.7477,51.245,4.25,2.66,0.75,4.2,2.7,48.0,50.1,98.7,219.0,0.56,593.53,239.29,91.92,52.81,88.98,344.75,98.553,80.92,53.47,139.0,45.575,134.13
2025-09-26,661.82,659.51,662.37,657.88,69179209.0,15.29,18.41,93.4,141.51,3.643,3.765,4.1755,4.7487,53.048,4.25,2.66,0.74,4.2,2.7,48.0,50.1,98.7,224.0,0.51,595.97,241.34,92.63,52.71,88.9,346.74,98.152,81.08,53.86,139.42,45.995,135.5
2025-09-29,663.68,664.36,665.28,661.86,73499015.0,16.12,18.76,96.74,143.03,3.6205,3.7338,4.1387,4.7037,51.616,4.25,2.66,0.73,4.2,2.7,48.0,50.1,98.7,224.0,0.52,598.73,241.62,92.99,53.19,89.63,352.46,97.906,81.22,54.13,140.165,45.15,135.9
2025-09-30,666.18,662.93,666.65,661.61,86288028.0,16.28,18.77,95.89,143.44,3.6083,3.7408,4.1503,4.731,53.991,4.25,2.67,0.74,4.4,3.0,49.1,50.0,95.6,224.0,0.58,600.37,241.96,93.37,53.4,89.37,355.47,97.775,81.19,53.87,140.93,44.67,139.17
2025-10-01,668.45,663.17,669.37,663.06,72545369.0,16.29,18.76,93.22,143.68,3.5347,3.6716,4.0981,4.7095,55.932,4.25,2.7,0.74,4.4,3.0,49.1,50.0,95.6,224.0,0.48,603.25,242.49,94.14,53.82,89.29,356.03,97.706,80.96,53.39,142.31,44.67,143.47
2025-10-02,669.22,670.45,670.565,666.78,56895993.0,16.63,18.89,94.1,145.93,3.5388,3.6698,4.0827,4.6881,54.182,4.25,2.69,0.73,4.4,3.0,49.1,50.0,95.6,224.0,0.47,605.73,244.02,94.29,54.07,89.55,354.79,97.846,80.93,53.35,143.08,44.22,143.19
2025-10-03,669.21,669.99,672.675,668.16,70494350.0,16.65,19.08,94.79,144.65,3.5759,3.7149,4.1192,4.7114,54.125,4.25,2.68,0.73,4.4,3.0,49.1,50.0,95.6,235.0,0.6,603.18,245.83,95.08,54.23,89.38,357.64,97.723,80.84,53.72,142.36,44.455,144.82
2025-10-06,671.61,671.62,672.51,669.455,54623260.0,16.37,19.12,95.38,142.5,3.5883,3.7341,4.152,4.7477,56.362,4.25,2.65,0.72,4.4,3.0,49.1,50.0,95.6,235.0,0.45,607.71,246.81,95.3,54.48,88.67,364.38,98.108,80.86,53.7,143.8,44.675,144.12
2025-10-07,669.12,672.54,672.99,667.67,72020067.0,17.24,19.71,98.7,145.22,3.5636,3.7011,4.123,4.7231,55.73,4.25,2.71,0.73,4.4,3.0,49.1,50.0,95.6,235.0,0.5,604.51,244.16,94.47,54.06,89.18,366.26,98.578,80.77,53.77,142.84,44.745,144.23
2025-10-08,673.11,670.25,673.2056,669.42,60702241.0,16.3,19.26,96.22,145.76,3.5802,3.715,4.1171,4.7075,53.488,4.25,2.73,0.73,4.4,3.0,49.1,50.0,95.6,235.0,0.5,611.44,246.72,94.75,54.49,89.25,372.3,98.915,80.65,53.51,145.345,44.485,144.51
2025-10-09,671.16,673.53,673.94,669.21,66501941.0,16.43,19.38,97.25,145.34,3.5927,3.7359,4.1384,4.7212,54.364,4.25,2.82,0.75,4.4,3.0,49.1,50.0,95.6,235.0,0.54,610.7,245.13,93.97,53.93,89.18,365.43,99.538,80.42,53.32,145.1,43.88,144.19
2025-10-10,653.02,672.13,673.95,652.84,159422589.0,21.66,22.81,116.25,138.86,3.5015,3.6247,4.0322,4.6187,52.857,4.25,3.04,0.79,4.4,3.0,49.1,50.0,95.6,220.0,0.69,589.5,237.79,92.24,51.94,90.62,369.12,98.978,79.95,52.16,139.195,42.61,142.11
2025-10-13,663.04,660.65,665.13,659.7679,79560517.0,19.03,20.93,106.45,142.81,3.5015,3.6247,4.0322,4.6187,52.857,4.25,3.04,0.79,4.4,3.0,49.1,50.0,95.6,220.0,0.55,602.01,244.41,92.98,53.45,90.57,378.09,99.269,80.45,52.66,142.585,43.19,141.95
2025-10-14,662.23,657.17,665.83,653.17,88779560.0,20.81,22.03,113.19,146.48,3.4807,3.6074,4.0321,4.6321,54.935,4.25,2.98,0.78,4.4,3.0,49.1,50.0,95.6,220.0,0.49,598.0,247.9,93.4,52.97,90.86,380.79,99.047,80.54,53.24,140.755,43.185,142.34
2025-10-15,665.17,666.82,670.23,658.93,81702555.0,20.64,21.94,117.3,144.98,3.4973,3.616,4.0282,4.6254,52.885,4.25,2.82,0.77,4.4,3.0,49.1,50.0,95.6,220.0,0.48,602.22,250.33,93.85,53.84,90.66,387.39,98.793,80.8,53.24,142.15,43.16,142.56
2025-10-16,660.64,666.82,668.71,657.11,110563346.0,25.31,24.87,134.25,147.14,3.4243,3.5467,3.9745,4.5844,54.814,4.25,2.92,0.79,4.4,3.0,49.1,50.0,95.6,220.0,0.56,599.99,245.06,94.34,54.19,91.34,396.45,98.336,80.51,51.76,142.255,42.64,142.32
2025-10-17,664.39,659.5,665.755,658.14,96500870.0,20.78,22.09,115.63,147.63,3.4573,3.5916,4.0088,4.6053,54.936,4.25,2.93,0.78,4.4,3.0,49.1,50.0,95.6,232.0,0.72,603.93,243.41,94.51,54.18,91.2,388.99,98.433,80.72,52.18,142.505,42.99,143.27
2025-10-20,671.3,667.32,672.21,667.27,60493350.0,18.23,20.31,103.18,151.31,3.4552,3.5725,3.98,4.5692,52.274,4.25,2.88,0.77,4.4,3.0,49.1,50.0,95.6,232.0,0.5,611.54,248.16,95.29,54.92,91.55,403.15,98.586,80.88,52.79,144.095,43.445,144.79
2025-10-21,671.29,671.44,672.99,669.981,56249034.0,17.87,19.99,103.36,149.95,3.4551,3.5638,3.9627,4.5428,50.556,4.25,2.88,0.78,4.4,3.0,49.1,50.0,95.6,232.0,0.48,611.38,246.99,94.59,54.31,92.0,377.24,98.934,80.76,52.73,144.17,43.345,145.13
2025-10-22,667.8,672.0,672.0,663.3,80564006.0,18.6,20.31,104.87,152.85,3.4445,3.5533,3.9493,4.5306,50.272,4.25,2.91,0.79,4.4,3.0,49.1,50.0,95.6,232.0,0.53,605.49,243.34,94.45,54.26,92.06,377.28,98.897,80.68,52.43,142.745,43.9,145.96
2025-10-23,671.76,668.12,672.7101,667.8,65604461.0,17.3,19.65,98.6,154.34,3.4885,3.6089,4.0009,4.5786,50.603,4.25,2.88,0.77,4.4,3.0,49.1,50.0,95.6,232.0,0.6,610.58,246.42,94.89,54.74,91.43,378.79,98.936,80.86,52.54,144.545,44.485,146.04
2025-10-24,677.25,676.46,678.47,675.65,74356527.0,16.37,19.2,98.03,153.49,3.4799,3.6053,4.0007,4.5928,51.442,4.25,2.81,0.75,4.4,3.0,49.1,50.0,95.6,220.0,0.52,617.1,249.43,95.04,55.1,91.47,377.52,98.952,81.08,53.11,146.79,44.035,146.03
2025-10-27,685.24,682.73,685.54,682.115,63339790.0,15.79,18.99,97.4,148.5,3.4905,3.6018,3.9795,4.5522,48.888,4.25,2.72,0.74,4.4,3.0,49.1,50.0,95.6,220.0,0.46,628.09,250.3,95.7,55.71,91.78,367.01,98.783,81.28,53.33,149.5,44.14,146.37
2025-10-28,687.06,687.05,688.905,684.83,61738073.0,16.42,19.55,101.51,140.37,3.4898,3.6095,3.9756,4.5399,48.38,4.25,2.73,0.75,4.4,3.0,49.1,50.0,95.6,220.0,0.47,632.92,248.96,95.66,55.69,92.02,364.38,98.667,81.2,52.99,150.98,43.68,145.45
2025-10-29,687.39,688.72,689.7,682.87,85362207.0,16.92,19.83,103.57,139.45,3.598,3.7113,4.0757,4.6252,47.567,4.0,2.67,0.74,4.4,3.0,49.1,50.0,95.6,220.0,0.44,635.77,246.84,95.12,56.01,91.09,363.0,99.22,80.95,52.09,152.065,44.005,143.98
2025-10-30,679.83,683.9,685.94,679.83,76335751.0,16.91,19.98,102.84,141.15,3.6082,3.7182,4.097,4.6541,48.466,4.0,2.78,0.76,4.4,3.0,49.1,50.0,95.6,220.0,0.57,626.05,244.85,94.7,55.43,90.56,370.13,99.526,80.8,52.23,150.195,43.745,144.3
2025-10-31,682.06,685.04,685.08,679.24,87164122.0,17.44,20.49,104.46,142.78,3.5736,3.6871,4.0775,4.6512,50.179,4.0,2.81,0.78,4.4,3.0,48.7,52.4,95.5,229.0,0.55,629.07,246.23,94.49,55.3,90.29,368.12,99.804,80.8,52.37,150.34,44.065,144.25
2025-11-03,683.34,685.67,685.8,679.94,57315025.0,17.17,20.38,101.43,141.99,3.6045,3.7218,4.1104,4.6908,50.386,4.0,2.86,0.82,4.4,3.0,48.7,52.4,95.5,229.0,0.58,632.08,245.44,94.53,55.65,89.74,368.78,99.873,80.14,52.15,150.955,44.07,144.45
2025-11-04,675.24,676.11,679.96,674.58,78426969.0,19.0,21.29,104.44,144.01,3.5758,3.6958,4.0852,4.6647,50.729,4.0,2.96,0.81,4.4,3.0,48.7,52.4,95.5,229.0,0.66,619.25,241.2,93.56,54.63,89.94,362.32,100.224,80.15,52.42,146.97,43.595,145.1
2025-11-05,677.58,674.98,680.86,674.17,74402376.0,18.01,20.6,100.77,143.64,3.6295,3.7636,4.1591,4.7378,52.55,4.0,2.87,0.8,4.4,3.0,48.7,52.4,95.5,229.0,0.57,623.28,244.68,94.16,55.12,88.96,366.51,100.204,80.23,52.6,147.545,43.71,145.66
2025-11-06,670.31,676.47,677.38,668.72,85035298.0,19.5,21.35,105.71,143.54,3.5553,3.6803,4.0831,4.6801,52.576,4.0,2.94,0.81,4.4,3.0,48.7,52.4,95.5,229.0,0.56,611.67,240.35,93.95,54.71,89.76,366.07,99.733,80.26,52.41,144.58,44.135,145.94
2025-11-07,670.97,667.91,671.08,661.205,100592443.0,19.08,21.19,103.6,141.27,3.5616,3.6838,4.0966,4.6986,53.292,4.0,2.96,0.82,4.4,3.0,48.7,52.4,95.5,228.0,0.63,609.74,241.61,94.3,54.55,89.57,368.31,99.603,80.33,52.78,144.08,44.77,146.14
2025-11-10,681.44,677.235,682.18,675.03,75842888.0,17.6,20.24,98.91,142.94,3.5908,3.7134,4.116,4.7054,52.315,4.0,2.84,0.81,4.4,3.0,48.7,52.4,95.5,228.0,0.49,623.23,244.03,95.29,55.51,89.55,378.38,99.589,80.6,52.97,147.765,45.175,147.28
2025-11-11,683.0,679.95,683.57,678.73,58953385.0,17.28,20.19,99.6,143.45,3.5908,3.7134,4.116,4.7054,52.315,4.0,2.84,0.81,4.4,3.0,48.7,52.4,95.5,228.0,0.7,621.57,244.24,95.99,55.57,89.96,379.87,99.443,80.69,53.21,146.505,45.765,150.68
2025-11-12,683.38,684.79,684.96,680.945,62312484.0,17.51,20.34,103.47,138.57,3.568,3.6716,4.0693,4.6646,49.717,4.0,2.83,0.82,4.4,3.0,48.7,52.4,95.5,228.0,0.56,621.08,243.64,96.56,55.58,90.12,385.99,99.495,80.53,53.67,146.96,45.125,152.82
2025-11-13,672.04,680.5,680.86,670.52,103457788.0,20.0,21.85,111.25,142.49,3.5909,3.7064,4.1192,4.7123,52.617,4.0,2.91,0.83,4.4,3.0,48.7,52.4,95.5,228.0,0.65,608.4,236.79,95.53,54.93,89.38,382.87,99.156,80.2,52.98,143.295,45.24,152.74
2025-11-14,671.93,665.38,675.66,663.265,96846672.0,19.83,21.58,107.95,137.93,3.6058,3.731,4.1483,4.7478,53.822,4.0,2.91,0.82,4.4,3.0,48.7,52.4,95.5,222.0,0.63,608.86,237.48,95.26,54.96,88.87,375.96,99.299,80.22,52.45,144.075,46.01,151.83
2025-11-17,665.67,669.7,673.71,662.17,90456105.0,22.38,23.18,117.86,140.9,3.6101,3.7275,4.1386,4.7358,52.634,4.0,2.96,0.83,4.4,3.0,48.7,52.4,95.5,222.0,0.76,603.66,232.76,94.02,54.31,89.09,371.65,99.588,80.09,51.45,141.82,45.17,151.7
2025-11-18,660.08,662.095,665.12,655.86,114467488.0,24.69,24.54,124.32,142.98,3.5725,3.6839,4.1134,4.7328,53.881,4.0,3.04,0.84,4.4,3.0,48.7,52.4,95.5,222.0,0.7,596.31,233.47,92.8,54.04,89.06,374.35,99.55,80.11,51.37,139.515,45.53,152.59
2025-11-19,662.63,660.78,667.34,658.745,94702955.0,23.66,23.99,119.57,143.05,3.5915,3.7083,4.1367,4.7557,54.31,4.0,3.0,0.83,4.4,3.0,48.7,52.4,95.5,222.0,0.63,599.87,233.43,92.52,53.85,88.88,374.96,100.228,80.15,51.56,140.485,44.94,152.33
2025-11-20,652.53,672.91,675.56,651.89,165293521.0,26.42,25.76,128.65,144.96,3.5327,3.6455,4.0845,4.7229,54.963,4.0,3.02,0.84,4.4,3.0,48.7,52.4,95.5,222.0,0.59,585.67,229.11,91.24,53.11,89.23,374.85,100.158,80.1,51.11,136.075,44.43,151.42
2025-11-21,659.03,655.05,664.55,650.85,123956203.0,23.43,23.96,118.34,148.34,3.5075,3.6211,4.0633,4.712,55.157,4.0,3.01,0.85,4.4,3.0,48.7,52.4,95.5,217.0,0.56,590.07,235.6,92.65,53.1,89.5,374.27,100.18,80.37,51.67,136.6,44.71,154.61
2025-11-24,668.73,662.69,670.06,661.59,80437940.0,20.52,21.85,103.96,148.6,3.4969,3.5915,4.0248,4.6697,52.367,4.0,2.97,0.84,4.4,3.0,48.7,52.4,95.5,217.0,0.58,605.16,239.9,92.73,53.66,90.01,380.2,100.142,80.59,51.89,139.855,44.585,155.26
2025-11-25,675.02,668.63,676.21,664.48,81077088.0,18.56,20.73,96.85,151.68,3.4586,3.5636,3.996,4.6492,53.535,4.0,2.9,0.82,4.4,3.0,48.7,52.4,95.5,217.0,0.76,608.89,245.13,93.84,53.85,90.24,380.08,99.664,80.87,52.54,140.23,44.305,158.77
2025-11-26,679.68,677.63,681.7,676.72,71879597.0,17.19,20.02,92.17,145.04,3.475,3.5688,3.9941,4.6414,51.706,4.0,2.79,0.81,4.4,3.0,48.7,52.4,95.5,217.0,0.69,614.27,247.3,94.87,54.24,90.64,383.12,99.595,80.95,52.95,141.89,44.64,158.42
2025-11-28,683.39,680.86,683.665,680.5,49212030.0,16.35,19.64,90.34,143.0,3.4893,3.5964,4.0132,4.6628,51.985,4.0,2.69,0.8,4.4,3.0,48.7,52.4,95.5,192.0,0.44,619.25,248.75,95.19,54.32,90.21,387.88,99.459,80.99,53.33,143.11,45.225,157.65
2025-12-01,680.27,678.81,682.99,678.74,61201193.0,17.24,20.22,93.76,144.86,3.5304,3.6639,4.0865,4.7368,55.406,4.0,2.74,0.8,4.4,3.0,48.7,52.4,95.5,192.0,0.59,617.17,245.62,94.72,54.28,88.77,389.75,99.414,80.47,52.89,143.175,45.66,155.29
2025-12-02,681.53,681.92,683.82,679.3275,62953844.0,16.59,19.84,91.71,144.94,3.508,3.6553,4.0865,4.7457,57.441,4.0,2.72,0.79,4.4,3.0,48.7,52.4,95.5,192.0,0.54,622.0,245.17,95.04,54.3,88.81,387.24,99.357,80.62,52.84,144.65,45.07,154.36
2025-12-03,683.89,680.57,684.91,679.69,57238481.0,16.08,19.71,92.39,149.23,3.4835,3.6294,4.0633,4.7308,57.572,4.0,2.69,0.79,4.4,3.0,48.7,52.4,95.5,192.0,0.58,623.52,249.63,95.55,54.34,89.06,386.88,98.854,80.69,53.55,144.995,45.915,155.08
2025-12-04,684.39,685.3,685.37,681.34,61970336.0,15.78,19.49,91.28,148.91,3.5226,3.6728,4.0981,4.7547,57.342,4.0,2.67,0.78,4.4,3.0,48.7,52.4,95.5,192.0,0.5,622.94,251.82,95.81,54.33,88.58,387.13,98.989,80.75,53.66,145.535,46.11,153.9
2025-12-05,685.69,685.47,688.39,684.58,79241045.0,15.41,19.27,90.65,148.83,3.5603,3.7113,4.1351,4.7918,57.269,4.0,2.64,0.77,4.4,3.0,48.7,52.4,95.5,236.0,0.43,625.48,250.77,95.81,54.74,88.17,386.44,98.992,80.75,53.68,146.6,45.92,153.26
2025-12-08,683.63,686.59,686.64,681.57,55231462.0,16.66,19.91,97.35,150.63,3.575,3.7463,4.1643,4.8019,58.724,4.0,2.71,0.77,4.4,3.0,48.7,52.4,95.5,236.0,0.65,624.28,250.87,95.51,54.62,87.88,385.42,99.087,80.55,53.48,147.63,45.42,151.43
2025-12-09,683.04,683.15,685.385,682.59,58310055.0,16.93,20.08,98.14,150.32,3.6147,3.7867,4.1878,4.808,56.9,4.0,2.71,0.77,4.4,3.0,48.7,52.4,95.5,236.0,0.52,625.05,251.39,95.38,54.53,87.97,387.4,99.22,80.46,53.28,148.02,45.7,149.96
2025-12-10,687.57,682.56,688.97,681.31,85671334.0,15.77,19.35,99.11,147.55,3.5381,3.7308,4.1468,4.7868,60.662,3.75,2.75,0.76,4.4,3.0,48.7,52.4,95.5,236.0,0.59,627.61,254.81,96.44,55.14,88.31,389.05,98.786,80.73,53.89,148.73,46.18,152.14
2025-12-11,689.17,685.14,689.25,682.165,86173678.0,14.85,19.05,95.41,148.32,3.5404,3.7344,4.1566,4.7999,61.414,3.75,2.71,0.77,4.4,3.0,48.7,52.4,95.5,236.0,0.59,625.58,257.8,97.01,54.88,88.19,393.24,98.346,80.72,54.87,147.97,45.96,153.58
2025-12-12,681.76,688.17,688.88,679.1744,113160347.0,15.74,19.25,97.33,153.59,3.5222,3.7417,4.1841,4.8445,65.979,3.75,2.75,0.78,4.4,3.0,48.7,52.4,95.5,236.0,0.57,613.62,253.85,96.5,54.24,87.34,395.44,98.399,80.57,54.95,143.69,45.51,154.06
