date,BIL_CLOSE,BIL_OPEN,BIL_HIGH,BIL_LOW,BIL_VOLUME,RISK_FREE_RETURN
2007-05-30,91.6,91.58,91.6,91.5,1550.0,
2007-05-31,91.6,91.58,91.6,91.58,11200.0,0.0
2007-06-01,91.62,91.62,91.62,91.62,1450.0,0.0002183406113538
2007-06-04,91.64,91.64,91.64,91.64,1050.0,0.0002182929491376
2007-06-05,91.64,91.66,91.68,91.64,3750.0,0.0
2007-06-06,91.68,91.64,91.68,91.64,9750.0,0.0004364906154519
2007-06-07,91.66,91.64,91.66,91.64,12150.0,-0.0002181500872601
2007-06-08,91.68,91.68,91.68,91.62,7850.0,0.0002181976871047
2007-06-11,91.72,91.68,91.72,91.68,2400.0,0.00043630017452
2007-06-12,91.64,91.72,91.72,91.64,3900.0,-0.0008722197993894
2007-06-13,91.72,91.64,91.72,91.64,3750.0,0.0008729812309036
2007-06-14,91.76,91.76,91.76,91.758,13400.0,0.0004361098996947
2007-06-15,91.84,91.8,91.84,91.74,1050.0,0.000871839581517
2007-06-18,91.86,91.82,91.88,91.8003,28000.0,0.0002177700348431
2007-06-19,91.86,91.86,91.86,91.86,850.0,0.0
2007-06-20,91.88,91.84,91.9,91.84,3100.0,0.0002177226213804
2007-06-21,91.88,91.86,91.9,91.86,850.0,0.0
2007-06-22,91.96,91.9,91.96,91.9,2200.0,0.0008707009142359
2007-06-25,91.92,91.9,91.92,91.9,29700.0,-0.0004349717268377
2007-06-26,91.94,91.92,91.94,91.9,5100.0,0.0002175805047868
2007-06-27,91.92,91.96,91.96,91.92,8200.0,-0.000217533173809
2007-06-28,91.96,91.96,91.96,91.96,900.0,0.0004351610095734
2007-06-29,92.0,91.96,92.0,91.94,5650.0,0.0004349717268379
2007-07-02,91.62,91.62,91.7,91.6,13050.0,-0.0041304347826086
2007-07-03,91.62,91.56,91.62,91.56,3000.0,0.0
2007-07-05,91.62,91.6,91.62,91.54,5450.0,0.0
2007-07-06,91.66,91.64,91.66,91.64,3800.0,0.0004365858982753
2007-07-09,91.68,91.6,91.68,91.6,3950.0,0.0002181976871047
2007-07-10,91.7,91.66,91.7,91.66,5250.0,0.00021815008726
2007-07-11,91.7,91.7,91.7,91.62,9100.0,0.0
2007-07-12,91.72,91.72,91.72,91.68,14700.0,0.0002181025081788
2007-07-13,91.74,91.72,91.74,91.7,13050.0,0.0002180549498473
2007-07-16,91.76,91.78,91.78,91.72,16150.0,0.0002180074122521
2007-07-17,91.8,91.8,91.8,91.72,46500.0,0.0004359197907584
2007-07-18,91.78,91.76,91.78,91.7,5450.0,-0.0002178649237472
2007-07-19,91.8,91.8,91.82,91.74,13900.0,0.0002179123992154
2007-07-20,91.84,91.86,91.86,91.8398,8000.0,0.0004357298474946
2007-07-23,91.84,91.84,91.86,91.82,6950.0,0.0
2007-07-24,91.84,91.84,91.86,91.82,9350.0,0.0
2007-07-25,91.8644,91.86,91.88,91.86,9800.0,0.0002656794425086
2007-07-26,91.88,91.86,91.9,91.8,41050.0,0.0001698155106875
2007-07-27,91.92,91.86,92.0,91.62,153750.0,0.0004353504571179
2007-07-30,91.84,91.9,91.94,91.84,10300.0,-0.000870322019147
2007-07-31,91.96,91.96,91.96,91.92,54250.0,0.001306620209059
2007-08-01,91.56,91.58,91.6,91.5,18650.0,-0.0043497172683775
2007-08-02,91.58,91.5,91.58,91.48,49750.0,0.0002184359982524
2007-08-03,91.54,91.62,91.64,91.54,26200.0,-0.0004367765887747
2007-08-06,91.64,91.64,91.66,91.6,22300.0,0.0010924186148131
2007-08-07,91.66,91.66,91.68,91.58,14550.0,0.0002182453077257
2007-08-08,91.62,91.66,91.68,91.6,19750.0,-0.0004363953742089
2007-08-09,91.7,91.68,91.74,91.66,103150.0,0.0008731717965508
2007-08-10,91.76,91.76,91.78,91.74,112100.0,0.0006543075245366
2007-08-13,91.78,91.76,91.8,91.74,71800.0,0.0002179598953793
2007-08-14,91.76,91.76,91.8,91.74,130650.0,-0.0002179123992154
2007-08-15,91.78,91.8,91.84,91.76,40400.0,0.0002179598953793
2007-08-16,91.9,91.78,92.0,91.78,122850.0,0.0013074743952932
2007-08-17,91.96,91.7,91.98,91.68,84750.0,0.0006528835690966
2007-08-20,92.04,91.92,92.1,91.92,19750.0,0.0008699434536756
2007-08-21,92.02,92.06,92.06,91.9,157700.0,-0.0002172968274664
2007-08-22,92.02,92.02,92.02,91.8803,30000.0,0.0
2007-08-23,91.96,91.98,91.98,91.88,40250.0,-0.0006520321669202
2007-08-24,91.94,91.84,91.94,91.8,14050.0,-0.0002174858634188
2007-08-27,91.82,91.88,91.94,91.82,36050.0,-0.001305199042854
2007-08-28,91.92,91.84,91.92,91.8328,29250.0,0.001089087344805
2007-08-29,91.98,91.96,91.98,91.9,10550.0,0.0006527415143602
2007-08-30,91.9998,92.04,92.04,91.92,31650.0,0.0002152641878667
2007-08-31,91.98,91.88,91.98,91.86,9650.0,-0.0002152178591691
2007-09-04,91.64,91.62,91.66,91.54,10900.0,-0.0036964557512503
2007-09-05,91.66,91.66,91.68,91.6,21400.0,0.0002182453077257
2007-09-06,91.66,91.68,91.68,91.6,14500.0,0.0
2007-09-07,91.72,91.72,91.74,91.64,16150.0,0.0006545930613135
2007-09-10,91.74,91.7,91.74,91.62,35100.0,0.0002180549498473
2007-09-11,91.64,91.64,91.74,91.62,10300.0,-0.0010900370612599
2007-09-12,91.78,91.68,91.78,91.66,3450.0,0.0015277171540812
2007-09-13,91.76,91.64,91.76,91.64,25300.0,-0.0002179123992154
2007-09-14,91.82,91.74,91.8398,91.74,32650.0,0.0006538796861377
2007-09-17,91.86,91.82,91.86,91.68,17350.0,0.0004356349379219
2007-09-18,91.8,91.82,91.9,91.7,232950.0,-0.0006531678641411
2007-09-19,91.84,91.86,91.86,91.74,66750.0,0.0004357298474946
2007-09-20,91.78,91.88,91.888,91.78,22250.0,-0.0006533101045296
2007-09-21,91.82,91.8,91.88,91.78,23450.0,0.0004358247984308
2007-09-24,91.9,91.92,91.94,91.8,57850.0,0.0008712698758441
2007-09-25,91.92,91.8,91.92,91.8,59000.0,0.0002176278563654
2007-09-26,91.82,91.9,91.92,91.82,21250.0,-0.0010879025239339
2007-09-27,91.84,91.92,91.94,91.82,30100.0,0.0002178174689611
2007-09-28,91.8,91.8,91.9,91.8,122600.0,-0.0004355400696864
2007-10-01,91.5793,91.52,91.6,91.5,21900.0,-0.0024041394335511
2007-10-02,91.52,91.54,91.62,91.52,78200.0,-0.000647526242284
2007-10-03,91.54,91.56,91.6376,91.52,131200.0,0.0002185314685316
2007-10-04,91.64,91.62,91.64,91.6,4700.0,0.0010924186148131
2007-10-05,91.54,91.58,91.7,91.54,22200.0,-0.0010912265386293
2007-10-08,91.68,91.58,91.7,91.56,8300.0,0.0015293860607383
2007-10-09,91.62,91.66,91.7,91.62,364450.0,-0.0006544502617801
2007-10-10,91.7,91.64,91.72,91.64,21400.0,0.0008731717965508
2007-10-11,91.684,91.72,91.72,91.66,10200.0,-0.0001744820065431
2007-10-12,91.7,91.74,91.74,91.66,14250.0,0.0001745124558265
2007-10-15,91.66,91.7,91.72,91.66,32450.0,-0.0004362050163577
2007-10-16,91.72,91.7,91.74,91.68,14350.0,0.0006545930613135
2007-10-17,91.7598,91.72,91.76,91.682,59350.0,0.0004339293501962
2007-10-18,91.76,91.82,91.84,91.76,12400.0,2.179603704632882e-06
2007-10-19,91.84,91.82,91.84,91.74,100550.0,0.000871839581517
2007-10-22,91.8,91.78,91.82,91.7206,185050.0,-0.0004355400696864
2007-10-23,91.8,91.82,91.84,91.76,12800.0,0.0
2007-10-24,91.84,91.84,91.84,91.76,27500.0,0.0004357298474946
2007-10-25,91.82,91.84,91.84,91.78,12100.0,-0.0002177700348433
2007-10-26,91.7803,91.82,91.86,91.78,15900.0,-0.0004323676758876
2007-10-29,91.86,91.82,91.86,91.7803,7600.0,0.0008683780724185
2007-10-30,91.82,91.88,91.88,91.82,5250.0,-0.0004354452427608
2007-10-31,91.8304,91.86,91.88,91.82,13200.0,0.0001132650838597
2007-11-01,91.6,91.56,91.62,91.54,32750.0,-0.0025089730633864
2007-11-02,91.66,91.6,91.66,91.5603,8750.0,0.000655021834061
2007-11-05,91.66,91.66,91.68,91.6,16800.0,0.0
2007-11-06,91.66,91.66,91.66,91.58,16800.0,0.0
2007-11-07,91.72,91.6,91.8,91.6,218812.0,0.0006545930613135
2007-11-08,91.66,91.68,91.74,91.64,147400.0,-0.000654164849542
2007-11-09,91.74,91.78,91.7998,91.7,9400.0,0.000872790748418
2007-11-12,91.78,91.74,91.78,91.72,72400.0,0.0004360148245041
2007-11-13,91.7668,91.76,91.8,91.72,31400.0,-0.0001438221834821
2007-11-14,91.7202,91.72,91.78,91.68,100943.0,-0.0005078089243604
2007-11-15,91.78,91.74,91.82,91.68,230900.0,0.0006519828783626
2007-11-16,91.78,91.8,91.8,91.74,24450.0,0.0
2007-11-19,91.82,91.78,91.82,91.7,59150.0,0.0004358247984308
2007-11-20,91.84,91.76,91.84,91.72,40950.0,0.0002178174689611
2007-11-21,91.88,91.84,91.88,91.78,33550.0,0.0004355400696862
2007-11-23,91.9,91.82,91.9,91.82,7650.0,0.0002176752285591
2007-11-26,91.84,91.96,91.96,91.78,24335.0,-0.0006528835690968
2007-11-27,91.92,91.82,91.92,91.82,21100.0,0.0008710801393727
2007-11-28,91.94,91.92,91.96,91.84,52700.0,0.0002175805047868
2007-11-29,91.8803,91.86,91.96,91.86,36550.0,-0.0006493365238198
2007-11-30,91.9,91.98,106.2,91.84,274300.0,0.0002144094000564
2007-12-03,91.6,91.76,91.78,91.6,120050.0,-0.0032644178454843
2007-12-04,91.62,91.62,91.7,91.6,90750.0,0.0002183406113538
2007-12-05,91.62,91.62,91.68,91.6,27900.0,0.0
2007-12-06,91.64,91.64,91.7,91.54,288200.0,0.0002182929491376
2007-12-07,91.72,91.6,91.72,91.6,43880.0,0.0008729812309036
2007-12-10,91.66,91.72,94.24,91.66,206050.0,-0.000654164849542
2007-12-11,91.78,91.72,91.78,91.6,41800.0,0.001309186122627
2007-12-12,91.76,91.76,91.8,91.68,24700.0,-0.0002179123992154
2007-12-13,91.8,91.32,91.82,91.32,27301.0,0.0004359197907584
2007-12-14,91.74,91.8,91.82,91.72,33000.0,-0.0006535947712418
2007-12-17,91.772,91.74,91.84,91.72,44750.0,0.0003488118596033
2007-12-18,91.78,91.68,91.78,91.66,26500.0,8.717255807866309e-05
2007-12-19,91.8194,91.82,91.84,91.68,25800.0,0.0004292874264546
2007-12-20,91.86,91.76,91.88,91.76,14700.0,0.0004421723513767
2007-12-21,91.86,91.88,91.9,91.82,64050.0,0.0
2007-12-24,91.86,91.88,91.88,91.804,2900.0,0.0
2007-12-26,91.82,91.8,91.88,91.8,17750.0,-0.0004354452427608
2007-12-27,91.86,91.9,91.9,91.8,7150.0,0.0004356349379219
2007-12-28,91.6,91.64,91.66,91.6,59659.0,-0.0028303940779447
2007-12-31,91.58,91.66,91.66,91.58,31682.0,-0.0002183406113536
2008-01-02,91.66,91.64,91.66,91.58,29440.0,0.0008735531775496
2008-01-03,91.6,91.66,91.66,91.6,30455.0,-0.0006545930613135
2008-01-04,91.5808,91.7,91.7,91.54,173168.0,-0.0002096069868995
2008-01-07,91.6598,91.6,91.6598,91.5803,30300.0,0.0008626262273316
2008-01-08,91.596,91.64,91.6798,91.56,18350.0,-0.000696052140633
2008-01-09,91.54,91.68,91.68,91.54,168500.0,-0.0006113804096248
2008-01-10,91.5808,91.62,91.64,91.54,12200.0,0.0004457067948435
2008-01-11,91.62,91.64,91.7,91.6,41615.0,0.0004280373178657
2008-01-14,91.7,91.66,91.72,91.62,51884.0,0.0008731717965508
2008-01-15,91.68,91.72,91.72,91.62,26791.0,-0.0002181025081787
2008-01-16,91.68,91.7,91.72,91.54,254494.0,0.0
2008-01-17,91.6403,91.66,91.72,91.62,380361.0,-0.0004330279232113
2008-01-18,91.7,91.66,91.74,91.64,71420.0,0.0006514601108902
2008-01-22,91.74,91.76,91.82,91.66,116369.0,0.0004362050163575
2008-01-23,91.84,91.8,91.86,91.74,89136.0,0.00109003706126
2008-01-24,91.88,91.76,91.88,91.74,47734.0,0.0004355400696862
2008-01-25,91.78,91.8,91.92,91.78,32694.0,-0.0010883761427948
2008-01-28,91.82,91.94,91.94,91.82,26071.0,0.0004358247984308
2008-01-29,91.9,91.82,91.92,91.78,66647.0,0.0008712698758441
2008-01-30,91.94,91.82,91.98,91.8,60074.0,0.0004352557127311
2008-01-31,91.948,91.84,91.98,91.84,26150.0,8.70132695236503e-05
2008-02-01,91.7,92.3,92.3,91.6,35463.0,-0.0026971766650714
2008-02-04,91.72,91.62,91.72,91.62,50300.0,0.0002181025081788
2008-02-05,91.66,91.72,91.74,91.58,38723.0,-0.000654164849542
2008-02-06,91.74,91.7,91.74,91.66,18100.0,0.000872790748418
2008-02-07,91.72,91.66,91.76,91.64,30315.0,-0.0002180074122519
2008-02-08,91.72,91.72,91.72,91.62,14227.0,0.0
2008-02-11,91.74,91.66,91.74,91.66,26345.0,0.0002180549498473
2008-02-12,91.72,91.66,91.72,91.66,13530.0,-0.0002180074122519
2008-02-13,91.74,91.72,91.74,91.68,46700.0,0.0002180549498473
2008-02-14,91.76,91.72,91.76,91.68,51152.0,0.0002180074122521
2008-02-15,91.76,91.74,91.78,91.7398,23297.0,0.0
2008-02-19,91.76,91.74,91.772,91.7,17768.0,0.0
2008-02-20,91.72,91.72,91.8,91.72,17420.0,-0.0004359197907585
2008-02-21,91.8,91.76,91.8,91.72,39185.0,0.0008722197993893
2008-02-22,91.8,91.72,91.84,91.72,90726.0,0.0
2008-02-25,91.76,91.74,91.8,91.74,14830.0,-0.0004357298474945
2008-02-26,91.82,91.8,91.82,91.7,42372.0,0.0006538796861377
2008-02-27,91.84,91.72,91.84,91.72,84503.0,0.0002178174689611
2008-02-28,91.84,91.84,91.86,91.78,20700.0,0.0
2008-02-29,91.86,91.84,91.88,91.78,17291.0,0.0002177700348431
2008-03-03,91.72,91.68,91.72,91.64,31550.0,-0.0015240583496625
2008-03-04,91.72,91.66,91.72,91.6403,73420.0,0.0
2008-03-05,91.7,91.72,91.74,91.6208,253810.0,-0.0002180549498472
2008-03-06,91.74,91.74,91.7728,91.7,41597.0,0.0004362050163575
2008-03-07,91.74,91.76,91.76,91.7,50267.0,0.0
2008-03-10,91.74,91.74,91.8,91.68,22300.0,0.0
2008-03-11,91.74,91.74,91.76,91.68,42181.0,0.0
2008-03-12,91.76,91.74,91.76,91.72,13350.0,0.0002180074122521
2008-03-13,91.74,91.76,91.76,91.7,41297.0,-0.0002179598953793
2008-03-14,91.86,91.74,91.88,91.706,82315.0,0.001308044473512
2008-03-17,91.8408,91.82,91.94,91.74,136072.0,-0.0002090137165251
2008-03-18,91.94,92.96,92.96,91.82,47351.0,0.0010801299640246
2008-03-19,91.96,91.96,91.96,91.88,31850.0,0.000217533173809
2008-03-20,91.94,91.96,91.96,91.88,46750.0,-0.0002174858634188
2008-03-24,91.86,91.96,91.96,91.86,38749.0,-0.000870132695236
2008-03-25,91.8,91.84,91.92,91.8,39194.0,-0.0006531678641411
2008-03-26,91.86,91.8,91.88,91.8,9800.0,0.0006535947712418
2008-03-27,91.88,91.86,91.88,91.8,8275.0,0.0002177226213804
2008-03-28,91.8,91.9,91.9,91.8,33875.0,-0.0008707009142359
2008-03-31,91.9,91.88,91.94,91.82,64905.0,0.0010893246187364
2008-04-01,91.7,91.76,91.76,91.64,83313.0,-0.0021762785636562
2008-04-02,91.7,91.7,91.74,91.7,65863.0,0.0
2008-04-03,91.7,91.7,91.74,91.68,23558.0,0.0
2008-04-04,91.74,91.74,91.76,91.72,44268.0,0.0004362050163575
2008-04-07,91.7,91.74,91.76,91.68,46431.0,-0.0004360148245039
2008-04-08,91.76,91.76,91.76,91.7,24494.0,0.0006543075245366
2008-04-09,91.76,91.7,91.78,91.7,33896.0,0.0
2008-04-10,91.7603,91.78,91.78,91.76,18750.0,3.2693984306497725e-06
2008-04-11,91.76,91.76,91.82,91.76,39329.0,-3.2693877417555584e-06
2008-04-14,91.8,91.82,91.84,91.76,16029.0,0.0004359197907584
2008-04-15,91.8,91.84,91.84,91.76,60658.0,0.0
2008-04-16,91.74,91.8,91.8,91.72,19548.0,-0.0006535947712418
2008-04-17,91.74,91.74,91.8,91.7,31792.0,0.0
2008-04-18,91.68,91.78,91.78,91.66,31754.0,-0.0006540222367559
2008-04-21,91.72,91.76,91.78,91.68,26023.0,0.00043630017452
2008-04-22,91.74,91.72,91.78,91.7,35805.0,0.0002180549498473
2008-04-23,91.74,91.78,91.78,91.7,23761.0,0.0
2008-04-24,91.76,91.76,91.78,91.72,9798.0,0.0002180074122521
2008-04-25,91.76,91.72,91.76,91.7,39667.0,0.0
2008-04-28,91.7,91.76,91.8,91.68,35856.0,-0.0006538796861377
2008-04-29,91.8,91.8,91.8,91.68,21299.0,0.0010905125408942
2008-04-30,91.7,91.68,91.8,91.68,26955.0,-0.0010893246187363
2008-05-01,91.66,91.72,91.72,91.62,20242.0,-0.0004362050163577
2008-05-02,91.6,91.6,91.7,91.58,29132.0,-0.0006545930613135
2008-05-05,91.624,91.64,91.68,91.62,15495.0,0.0002620087336244
2008-05-06,91.58,91.68,91.68,91.58,103966.0,-0.0004802235222212
2008-05-07,91.64,91.64,91.64,91.58,26383.0,0.0006551648831623
2008-05-08,91.6,91.64,91.6468,91.5608,78917.0,-0.0004364906154518
2008-05-09,91.64,91.58,91.66,91.58,38015.0,0.0004366812227074
2008-05-12,91.64,91.62,91.66,91.6,25314.0,0.0
2008-05-13,91.6,91.64,91.646,91.6,21256.0,-0.0004364906154518
2008-05-14,91.6,91.64,91.66,91.6,64165.0,0.0
2008-05-15,91.6,91.64,91.66,91.6,18329.0,0.0
2008-05-16,91.62,91.64,91.68,91.58,40393.0,0.0002183406113538
2008-05-19,91.62,91.6,91.68,91.58,22932.0,0.0
2008-05-20,91.58,91.58,91.64,91.58,11703.0,-0.0004365858982755
2008-05-21,91.5803,91.66,91.68,91.58,48382.0,3.2758244157271577e-06
2008-05-22,91.64,91.58,91.7,91.58,13195.0,0.0006518869232794
2008-05-23,91.64,91.64,91.66,91.62,16561.0,0.0
2008-05-27,91.64,91.62,91.7,91.62,27243.0,0.0
2008-05-28,91.68,91.62,91.7,91.62,39192.0,0.0004364906154519
2008-05-29,91.64,91.7,91.7,91.62,53497.0,-0.0004363001745201
2008-05-30,91.68,91.68,91.7,91.64,9389.0,0.0004364906154519
2008-06-02,91.66,91.62,91.66,91.5603,41980.0,-0.0002181500872601
2008-06-03,91.66,91.64,91.68,91.58,14818.0,0.0
2008-06-04,91.64,91.64,91.6568,91.58,21052.0,-0.0002181976871045
2008-06-05,91.58,91.68,91.68,91.58,27764.0,-0.0006547359231776
2008-06-06,91.6,91.66,91.66,91.6,40339.0,0.0002183882943873
2008-06-09,91.64,91.66,91.68,91.6,43840.0,0.0004366812227074
2008-06-10,91.7,91.66,91.72,91.6,151267.0,0.0006547359231776
2008-06-11,91.76,91.7,91.76,91.656,183691.0,0.0006543075245366
2008-06-12,91.7,91.72,91.74,91.66,26145.0,-0.0006538796861377
2008-06-13,91.7596,91.74,91.76,91.6768,12750.0,0.0006499454743729
2008-06-16,91.76,91.76,91.78,91.72,186324.0,4.359216910332364e-06
2008-06-17,91.7444,91.74,91.76,91.7,21619.0,-0.0001700087183958
2008-06-18,91.78,91.76,91.8,91.72,76633.0,0.0003880345830371
2008-06-19,91.7704,91.78,91.8,91.74,45796.0,-0.0001045979516235
2008-06-20,91.8,91.8,91.82,91.74,81379.0,0.0003225440882899
2008-06-23,91.8,91.8,91.82,91.76,20976.0,0.0
2008-06-24,91.8,91.78,91.8,91.76,56144.0,0.0
2008-06-25,91.82,91.78,91.82,91.76,44413.0,0.0002178649237472
2008-06-26,91.82,91.84,91.86,91.78,99518.0,0.0
2008-06-27,91.86,91.64,91.98,91.64,233127.0,0.0004356349379219
2008-06-30,91.808,91.86,91.86,91.74,40936.0,-0.0005660788155888
2008-07-01,91.72,91.74,91.74,91.64,50664.0,-0.0009585221331475
2008-07-02,91.72,91.74,91.74,91.64,41547.0,0.0
2008-07-03,91.72,91.74,91.74,91.64,38277.0,0.0
2008-07-07,91.7,91.72,91.74,91.62,87860.0,-0.0002180549498472
2008-07-08,91.66,91.72,91.76,91.66,47678.0,-0.0004362050163577
2008-07-09,91.68,91.74,91.74,91.68,40655.0,0.0002181976871047
2008-07-10,91.7603,91.68,91.78,91.68,56368.0,0.000875872600349
2008-07-11,91.82,91.8,91.84,91.76,54098.0,0.0006506081606096
2008-07-14,91.82,91.78,91.84,91.74,64388.0,0.0
2008-07-15,91.84,91.84,91.86,91.78,98774.0,0.0002178174689611
2008-07-16,91.86,91.86,91.88,91.8,375088.0,0.0002177700348431
2008-07-17,91.72,91.84,91.88,91.7,134695.0,-0.0015240583496625
2008-07-18,91.84,91.8,91.88,91.76,71908.0,0.0013083296990841
2008-07-21,91.76,91.86,91.86,91.76,43151.0,-0.0008710801393727
2008-07-22,91.804,91.86,91.86,91.78,76298.0,0.0004795117698344
2008-07-23,91.84,91.78,91.84,91.72,223106.0,0.0003921397760446
2008-07-24,91.82,91.84,91.84,91.76,44467.0,-0.0002177700348433
2008-07-25,91.84,91.84,91.84,91.78,56101.0,0.0002178174689611
2008-07-28,91.84,91.84,91.84,91.78,57101.0,0.0
2008-07-29,91.84,91.84,91.86,91.8073,70517.0,0.0
2008-07-30,91.86,91.84,91.86,91.78,36725.0,0.0002177700348431
2008-07-31,91.86,91.84,91.86,91.78,48646.0,0.0
2008-08-01,91.7003,91.72,91.72,91.66,44087.0,-0.0017385151317221
2008-08-04,91.72,91.74,91.74,91.7,190479.0,0.0002148302677309
2008-08-05,91.7352,91.74,91.78,91.72,86877.0,0.000165721761884
2008-08-06,91.7,91.7,91.76,91.68,75368.0,-0.0003837131221167
2008-08-07,91.76,91.7,91.76,91.7,41305.0,0.0006543075245366
2008-08-08,91.74,91.76,91.7798,91.68,68321.0,-0.0002179598953793
2008-08-11,91.76,91.68,91.78,91.66,170256.0,0.0002180074122521
2008-08-12,91.7,91.76,91.78,91.6966,68060.0,-0.0006538796861377
2008-08-13,91.78,91.72,91.78,91.72,70412.0,0.0008724100327153
2008-08-14,91.76,91.74,91.78,91.74,72989.0,-0.0002179123992154
2008-08-15,91.78,91.86,91.86,91.74,65422.0,0.0002179598953793
2008-08-18,91.726,91.8,91.8,91.72,77428.0,-0.0005883634778819
2008-08-19,91.8,91.74,91.8,91.74,34075.0,0.0008067505396507
2008-08-20,91.8,91.74,91.82,91.74,60740.0,0.0
2008-08-21,91.82,91.78,91.82,91.78,28258.0,0.0002178649237472
2008-08-22,91.84,91.82,91.84,91.78,38909.0,0.0002178174689611
2008-08-25,91.82,91.8,91.84,91.8,59941.0,-0.0002177700348433
2008-08-26,91.84,91.84,91.86,91.74,143600.0,0.0002178174689611
2008-08-27,91.84,91.8,91.86,91.78,50298.0,0.0
2008-08-28,91.84,91.84,91.86,91.8,51930.0,0.0
2008-08-29,91.8056,91.86,91.862,91.76,46110.0,-0.0003745644599303
2008-09-02,91.74,91.7,91.78,91.66,603861.0,-0.0007145533605793
2008-09-03,91.74,91.7,91.74,91.7,49901.0,0.0
2008-09-04,91.74,91.68,91.74,91.68,55304.0,0.0
2008-09-05,91.76,91.72,91.76,91.72,83575.0,0.0002180074122521
2008-09-08,91.76,91.74,91.76,91.72,30992.0,0.0
2008-09-09,91.74,91.76,91.78,91.72,61946.0,-0.0002179598953793
2008-09-10,91.78,91.76,91.8,91.74,68559.0,0.0004360148245041
2008-09-11,91.76,91.78,91.8,91.74,112736.0,-0.0002179123992154
2008-09-12,91.8,91.76,91.82,91.7403,96390.0,0.0004359197907584
2008-09-15,91.8998,91.88,92.02,91.78,195174.0,0.0010871459694989
2008-09-16,91.94,91.76,91.96,91.76,424725.0,0.0004374329432708
2008-09-17,92.3403,92.0,92.76,91.86,451271.0,0.0043539264737872
2008-09-18,92.0708,92.0,92.8,91.84,916142.0,-0.0029185523547139
2008-09-19,91.76,91.48,97.86,91.48,813131.0,-0.0033756630766758
2008-09-22,91.808,91.66,91.9,91.66,760109.0,0.0005231037489101
2008-09-23,92.1,91.8,92.1,91.78,238045.0,0.0031805507145346
2008-09-24,91.82,92.06,92.06,91.8,89253.0,-0.0030401737242128
2008-09-25,91.92,91.82,92.04,91.82,132004.0,0.001089087344805
2008-09-26,92.08,92.06,92.26,91.84,185671.0,0.0017406440382941
2008-09-29,92.48,92.1,94.96,91.4,388872.0,0.004344048653345
2008-09-30,92.14,92.98,92.98,91.92,140830.0,-0.0036764705882352
2008-10-01,92.0,92.42,92.42,91.78,265931.0,-0.0015194269589754
2008-10-02,91.96,91.98,92.0,91.86,193627.0,-0.0004347826086956
2008-10-03,91.96,91.82,92.0,91.8,201455.0,0.0
2008-10-06,91.94,92.72,92.72,91.6,324033.0,-0.0002174858634188
2008-10-07,91.92,91.96,91.96,91.74,146818.0,-0.000217533173809
2008-10-08,91.84,91.94,91.94,91.72,222127.0,-0.000870322019147
2008-10-09,91.98,91.84,91.98,91.76,177787.0,0.0015243902439023
2008-10-10,92.06,92.0,92.1,91.48,351145.0,0.0008697542944118
2008-10-13,91.7,92.0,92.04,91.64,204579.0,-0.0039104931566369
2008-10-14,91.86,91.6,91.88,91.54,195120.0,0.0017448200654306
2008-10-15,91.888,91.8,91.94,91.7,204946.0,0.0003048116699324
2008-10-16,91.83,91.96,91.96,91.72,200910.0,-0.0006312032039004
2008-10-17,91.64,91.88,91.88,91.62,157650.0,-0.0020690406185341
2008-10-20,91.86,91.64,91.88,91.64,145025.0,0.0024006983849846
2008-10-21,91.86,91.86,91.88,91.72,98019.0,0.0
2008-10-22,91.74,91.84,91.94,91.7,180878.0,-0.0013063357282822
2008-10-23,91.86,91.74,91.86,91.74,151686.0,0.001308044473512
2008-10-24,91.76,91.74,92.04,91.74,168135.0,-0.0010886131069017
2008-10-27,91.9,91.9,91.9,91.78,149745.0,0.0015257192676547
2008-10-28,91.88,91.94,92.06,91.8,186722.0,-0.0002176278563656
2008-10-29,91.78,91.84,91.94,91.78,144263.0,-0.0010883761427948
2008-10-30,91.9,91.76,91.9,91.76,110516.0,0.0013074743952932
2008-10-31,91.8,91.9,91.94,91.8,175209.0,-0.0010881392818281
2008-11-03,91.68,91.82,91.82,91.68,158543.0,-0.0013071895424835
2008-11-04,91.72,91.66,91.8,91.66,96771.0,0.00043630017452
2008-11-05,91.76,91.74,91.86,91.72,133720.0,0.0004361098996947
2008-11-06,91.9,91.72,91.94,91.72,118058.0,0.0015257192676547
2008-11-07,91.9,91.9,91.9,91.82,83881.0,0.0
2008-11-10,91.88,91.8,91.88,91.8,60920.0,-0.0002176278563656
2008-11-11,91.88,91.82,91.9,91.8,88359.0,0.0
2008-11-12,91.9,91.88,91.92,91.82,109034.0,0.0002176752285591
2008-11-13,91.9,91.9,91.94,91.84,132428.0,0.0
2008-11-14,91.9,91.94,91.94,91.84,132154.0,0.0
2008-11-17,91.94,91.88,91.94,91.84,170896.0,0.0004352557127311
2008-11-18,91.84,91.94,91.94,91.78,260612.0,-0.0010876658690449
2008-11-19,91.82,91.92,91.92,91.82,81169.0,-0.0002177700348433
2008-11-20,91.88,91.94,91.94,91.68,226125.0,0.000653452406883
2008-11-21,91.86,91.88,91.9,91.8,233746.0,-0.0002176752285589
2008-11-24,91.88,91.94,92.2,91.86,253402.0,0.0002177226213804
2008-11-25,91.898,91.9,91.92,91.84,68383.0,0.0001959077057029
2008-11-26,91.94,91.9,91.94,91.82,118101.0,0.0004570284445799
2008-11-28,91.66,91.94,91.94,91.66,39680.0,-0.003045464433326
2008-12-01,91.86,91.9,91.92,91.76,144978.0,0.0021819768710451
2008-12-02,91.94,91.88,91.94,91.8,114629.0,0.0008708904855214
2008-12-03,91.8,91.9,91.9,91.8,92042.0,-0.0015227322166629
2008-12-04,91.76,91.8,91.86,91.76,106236.0,-0.0004357298474945
2008-12-05,91.76,91.9,91.9,91.74,147501.0,0.0
2008-12-08,91.78,91.8,91.86,91.74,189988.0,0.0002179598953793
2008-12-09,91.74,91.86,91.86,91.72,241156.0,-0.000435824798431
2008-12-10,91.8003,91.74,91.84,91.74,281806.0,0.0006572923479397
2008-12-11,91.7,91.78,91.88,91.7,157987.0,-0.0010925890220401
2008-12-12,91.74,91.74,91.84,91.74,171397.0,0.0004362050163575
2008-12-15,91.72,91.76,91.8,91.72,120254.0,-0.0002180074122519
2008-12-16,91.78,91.72,91.82,91.72,176186.0,0.0006541648495421
2008-12-17,91.72,91.72,91.8,91.72,158890.0,-0.0006537371976466
2008-12-18,91.6568,91.78,91.82,91.5,774147.0,-0.0006890536415176
2008-12-19,91.72,91.78,91.84,91.66,202455.0,0.0006895287638233
2008-12-22,91.84,91.82,91.84,91.7,116095.0,0.0013083296990841
2008-12-23,91.7436,91.82,91.84,91.74,155589.0,-0.0010496515679442
2008-12-24,91.84,91.88,91.88,91.74,68057.0,0.0010507544940465
2008-12-26,91.84,91.76,91.88,91.76,70462.0,0.0
2008-12-29,91.4603,91.6,91.64,91.4,87096.0,-0.0041343641114982
2008-12-30,91.78,91.7,91.78,91.6,125179.0,0.0034955057002874
2008-12-31,91.58,91.66,91.72,91.48,163601.0,-0.0021791239921551
2009-01-02,91.6,91.7,91.78,91.6,110097.0,0.0002183882943873
2009-01-05,91.6,91.78,91.78,91.58,196812.0,0.0
2009-01-06,91.62,91.6,91.68,91.6,94197.0,0.0002183406113538
2009-01-07,91.76,91.62,91.78,91.62,214033.0,0.0015280506439641
2009-01-08,91.66,91.66,91.72,91.64,64895.0,-0.0010897994768963
2009-01-09,91.7276,91.7,91.82,91.64,87894.0,0.0007375081824132
2009-01-12,91.68,91.72,91.88,91.68,178679.0,-0.0005189277818234
2009-01-13,91.8,91.76,91.88,91.7,1438550.0,0.00130890052356
2009-01-14,91.82,91.84,91.84,91.76,4573607.0,0.0002178649237472
2009-01-15,91.84,91.76,91.84,91.7,207793.0,0.0002178174689611
2009-01-16,91.7803,91.72,91.82,91.72,116482.0,-0.0006500435540069
2009-01-20,91.62,91.82,91.88,91.62,1157897.0,-0.0017465621707489
2009-01-21,91.78,91.68,91.78,91.64,133361.0,0.0017463435931019
2009-01-22,91.8,91.68,91.8,91.68,116899.0,0.0002179123992154
2009-01-23,91.78,91.7,91.8,91.66,94558.0,-0.0002178649237472
2009-01-26,91.76,91.8,91.8,91.68,98501.0,-0.0002179123992154
2009-01-27,91.72,91.78,91.78,91.66,105118.0,-0.0004359197907585
2009-01-28,91.68,91.76,91.76,91.66,67435.0,-0.0004361098996946
2009-01-29,91.68,91.7,91.74,91.64,226415.0,0.0
2009-01-30,91.7598,91.68,91.76,91.68,141767.0,0.0008704188481674
2009-02-02,91.8,91.74,91.82,91.66,513876.0,0.0004381003445952
2009-02-03,91.72,91.76,91.78,91.7,121848.0,-0.0008714596949891
2009-02-04,91.78,91.72,91.78,91.68,67670.0,0.0006541648495421
2009-02-05,91.74,91.74,91.78,91.7,121943.0,-0.000435824798431
2009-02-06,91.6,91.6,91.72,91.58,1654106.0,-0.0015260518857641
2009-02-09,91.716,91.7,91.74,91.632,164185.0,0.0012663755458515
2009-02-10,91.7,91.66,91.76,91.66,198063.0,-0.0001744515678833
2009-02-11,91.68,91.72,91.72,91.68,147747.0,-0.0002181025081787
2009-02-12,91.68,91.72,91.74,91.68,161078.0,0.0
2009-02-13,91.76,91.68,91.76,91.66,1087559.0,0.00087260034904
2009-02-17,91.76,91.76,91.78,91.72,2978779.0,0.0
2009-02-18,91.7798,91.68,91.78,91.68,666492.0,0.0002157802964253
2009-02-19,91.78,91.72,91.8,91.7,641791.0,2.179128740786851e-06
2009-02-20,91.78,91.72,91.78,91.72,227358.0,0.0
2009-02-23,91.76,91.76,91.78,91.72,342348.0,-0.0002179123992154
2009-02-24,91.7,91.76,91.76,91.64,3390131.0,-0.0006538796861377
2009-02-25,91.66,91.72,91.74,91.66,1315148.0,-0.0004362050163577
2009-02-26,91.68,91.74,91.74,91.68,201261.0,0.0002181976871047
2009-02-27,91.74,91.72,91.78,91.7,142708.0,0.00065445026178
2009-03-02,91.78,91.76,91.8,91.72,325405.0,0.0004360148245041
2009-03-03,91.77,91.8,91.8,91.66,397631.0,-0.0001089561996078
2009-03-04,91.76,91.78,91.78,91.68,140869.0,-0.0001089680723547
2009-03-05,91.78,91.74,91.78,91.7,245993.0,0.0002179598953793
2009-03-06,91.76,91.72,91.78,91.72,278106.0,-0.0002179123992154
2009-03-09,91.76,91.8,91.8,91.736,258643.0,0.0
2009-03-10,91.76,91.78,91.78,91.7,136839.0,0.0
2009-03-11,91.76,91.72,91.76,91.66,281621.0,0.0
2009-03-12,91.72,91.68,91.76,91.68,160514.0,-0.0004359197907585
2009-03-13,91.7,91.72,91.752,91.68,299719.0,-0.0002180549498472
2009-03-16,91.68,91.68,91.72,91.66,258782.0,-0.0002181025081787
2009-03-17,91.74,91.68,91.74,91.68,141723.0,0.00065445026178
2009-03-18,91.76,91.72,91.82,91.68,421084.0,0.0002180074122521
2009-03-19,91.7,91.72,91.76,91.68,394994.0,-0.0006538796861377
2009-03-20,91.74,91.76,91.76,91.72,198535.0,0.0004362050163575
2009-03-23,91.76,91.76,91.76,91.7,165263.0,0.0002180074122521
2009-03-24,91.7456,91.72,91.76,91.72,133735.0,-0.0001569311246731
2009-03-25,91.78,91.74,91.78,91.74,165194.0,0.0003749498613558
2009-03-26,91.76,91.72,91.78,91.72,464732.0,-0.0002179123992154
2009-03-27,91.78,91.76,91.78,91.74,191726.0,0.0002179598953793
2009-03-30,91.76,91.78,91.78,91.74,173610.0,-0.0002179123992154
2009-03-31,91.72,91.74,91.76,91.72,160605.0,-0.0004359197907585
2009-04-01,91.72,91.72,91.78,91.702,218496.0,0.0
2009-04-02,91.66,91.7,91.74,91.66,1172468.0,-0.000654164849542
2009-04-03,91.72,91.66,91.72,91.66,274310.0,0.0006545930613135
2009-04-06,91.7,91.68,91.74,91.66,242318.0,-0.0002180549498472
2009-04-07,91.7,91.68,91.72,91.68,152959.0,0.0
2009-04-08,91.74,91.74,91.7598,91.68,150114.0,0.0004362050163575
2009-04-09,91.68,91.72,91.72,91.68,542469.0,-0.0006540222367559
2009-04-13,91.74,91.68,91.74,91.68,243474.0,0.00065445026178
2009-04-14,91.7,91.7,91.72,91.68,125599.0,-0.0004360148245039
2009-04-15,91.7,91.72,91.74,91.68,158941.0,0.0
2009-04-16,91.76,91.72,91.76,91.68,175966.0,0.0006543075245366
2009-04-17,91.66,91.76,91.76,91.66,467942.0,-0.0010897994768963
2009-04-20,91.7,91.7,91.72,91.66,115481.0,0.000436395374209
2009-04-21,91.68,91.7,91.72,91.68,118805.0,-0.0002181025081787
2009-04-22,91.74,91.72,91.74,91.7,95102.0,0.00065445026178
2009-04-23,91.78,91.76,91.78,91.7202,182168.0,0.0004360148245041
2009-04-24,91.7798,91.74,91.78,91.728,98754.0,-2.1791239922519523e-06
2009-04-27,91.76,91.7,91.78,91.7,150989.0,-0.0002157337453337
2009-04-28,91.78,91.72,91.78,91.72,300574.0,0.0002179598953793
2009-04-29,91.76,91.76,91.78,91.74,143451.0,-0.0002179123992154
2009-04-30,91.76,91.76,91.78,91.72,183884.0,0.0
2009-05-01,91.78,91.72,91.78,91.7,62295.0,0.0002179598953793
2009-05-04,91.66,91.72,91.76,91.66,151307.0,-0.0013074743952931
2009-05-05,91.68,91.7,91.72,91.66,199137.0,0.0002181976871047
2009-05-06,91.66,91.66,91.74,91.66,97042.0,-0.0002181500872601
2009-05-07,91.66,91.66,91.72,91.66,133763.0,0.0
2009-05-08,91.6753,91.68,91.7,91.66,187666.0,0.0001669212306349
2009-05-11,91.66,91.66,91.76,91.66,220030.0,-0.0001668933725877
2009-05-12,91.74,91.66,91.76,91.66,152368.0,0.000872790748418
2009-05-13,91.68,91.68,91.74,91.68,100311.0,-0.0006540222367559
2009-05-14,91.7,91.68,91.72,91.68,232845.0,0.00021815008726
2009-05-15,91.7,91.74,91.74,91.68,107186.0,0.0
2009-05-18,91.76,91.68,91.76,91.68,342338.0,0.0006543075245366
2009-05-19,91.74,91.7,91.74,91.68,122085.0,-0.0002179598953793
2009-05-20,91.66,91.7,91.7202,91.66,484843.0,-0.000872029649008
2009-05-21,91.72,91.68,91.74,91.68,293847.0,0.0006545930613135
2009-05-22,91.74,91.74,91.74,91.68,231471.0,0.0002180549498473
2009-05-26,91.76,91.74,91.76,91.7,113688.0,0.0002180074122521
2009-05-27,91.76,91.7,91.78,91.7,175084.0,0.0
2009-05-28,91.74,91.76,91.78,91.72,85350.0,-0.0002179598953793
2009-05-29,91.76,91.74,91.76,91.74,105732.0,0.0002180074122521
2009-06-01,91.68,91.76,91.76,91.68,348055.0,-0.0008718395815169
2009-06-02,91.68,91.7,91.74,91.68,911970.0,0.0
2009-06-03,91.72,91.68,91.76,91.68,76475.0,0.00043630017452
2009-06-04,91.7193,91.72,91.7398,91.68,133983.0,-7.631923244599825e-06
2009-06-05,91.6964,91.72,91.72,91.66,271865.0,-0.0002496748230743
2009-06-08,91.72,91.7,91.74,91.66,132170.0,0.0002573710636404
2009-06-09,91.7,91.68,91.72,91.68,101612.0,-0.0002180549498472
2009-06-10,91.72,91.72,91.74,91.68,124154.0,0.0002181025081788
2009-06-11,91.66,91.7,91.72,91.66,98030.0,-0.000654164849542
2009-06-12,91.74,91.7,91.74,91.68,216312.0,0.000872790748418
2009-06-15,91.74,91.72,91.74,91.68,116834.0,0.0
2009-06-16,91.76,91.74,91.76,91.7,711446.0,0.0002180074122521
2009-06-17,91.76,91.76,91.76,91.7218,153366.0,0.0
2009-06-18,91.74,91.76,91.76,91.72,330075.0,-0.0002179598953793
2009-06-19,91.76,91.72,91.76,91.7,232575.0,0.0002180074122521
2009-06-22,91.76,91.76,91.76,91.72,214862.0,0.0
2009-06-23,91.76,91.76,91.76,91.74,242401.0,0.0
2009-06-24,91.76,91.76,91.76,91.74,173301.0,0.0
2009-06-25,91.76,91.74,91.78,91.74,322925.0,0.0
2009-06-26,91.76,91.74,91.76,91.72,127304.0,0.0
2009-06-29,91.76,91.76,91.76,91.74,136587.0,0.0
2009-06-30,91.74,91.76,91.76,91.74,189534.0,-0.0002179598953793
2009-07-01,91.74,91.74,91.76,91.74,94389.0,0.0
2009-07-02,91.76,91.76,91.76,91.74,100100.0,0.0002180074122521
2009-07-06,91.74,91.74,91.76,91.74,113158.0,-0.0002179598953793
2009-07-07,91.74,91.76,91.76,91.74,146062.0,0.0
2009-07-08,91.76,91.76,91.76,91.74,170483.0,0.0002180074122521
2009-07-09,91.74,91.76,91.76,91.74,112968.0,-0.0002179598953793
2009-07-10,91.74,91.74,91.76,91.74,246066.0,0.0
2009-07-13,91.76,91.74,91.76,91.72,430706.0,0.0002180074122521
2009-07-14,91.76,91.76,91.76,91.74,143299.0,0.0
2009-07-15,91.72,91.76,91.76,91.72,149007.0,-0.0004359197907585
2009-07-16,91.76,91.72,91.76,91.72,204949.0,0.0004361098996947
2009-07-17,91.76,91.72,91.76,91.72,122738.0,0.0
2009-07-20,91.72,91.72,91.74,91.72,269572.0,-0.0004359197907585
2009-07-21,91.72,91.72,91.74,91.7,509815.0,0.0
2009-07-22,91.74,91.72,91.74,91.7,266714.0,0.0002180549498473
2009-07-23,91.72,91.72,91.72,91.7,461575.0,-0.0002180074122519
2009-07-24,91.7,91.72,91.72,91.7,815752.0,-0.0002180549498472
2009-07-27,91.7,91.7,91.72,91.7,158585.0,0.0
2009-07-28,91.716,91.72,91.72,91.7,243468.0,0.000174482006543
2009-07-29,91.7218,91.72,91.74,91.7,134089.0,6.323869335789212e-05
2009-07-30,91.74,91.7,91.76,91.7,220098.0,0.0001984261102594
2009-07-31,91.68,91.72,91.74,91.68,102926.0,-0.0006540222367559
2009-08-03,91.7,91.7,91.72,91.68,438021.0,0.00021815008726
2009-08-04,91.72,91.72,91.72,91.68,239868.0,0.0002181025081788
2009-08-05,91.7018,91.7,91.72,91.68,188889.0,-0.000198430004361
2009-08-06,91.704,91.7,91.72,91.7,85503.0,2.3990804978613056e-05
2009-08-07,91.7,91.7,91.72,91.7,147249.0,-4.361859897050735e-05
2009-08-10,91.7,91.72,91.72,91.68,134498.0,0.0
2009-08-11,91.7,91.72,91.72,91.7,88948.0,0.0
2009-08-12,91.74,91.7,91.74,91.7,188459.0,0.0004362050163575
2009-08-13,91.7,91.72,91.74,91.7,148978.0,-0.0004360148245039
2009-08-14,91.74,91.7,91.74,91.68,129458.0,0.0004362050163575
2009-08-17,91.7,91.72,91.74,91.7,115502.0,-0.0004360148245039
2009-08-18,91.74,91.74,91.74,91.7,73431.0,0.0004362050163575
2009-08-19,91.7,91.7,91.74,91.7,67038.0,-0.0004360148245039
2009-08-20,91.72,91.74,91.74,91.7,143101.0,0.0002181025081788
2009-08-21,91.7,91.7,91.72,91.7,176089.0,-0.0002180549498472
2009-08-24,91.7,91.7,91.72,91.7,202283.0,0.0
2009-08-25,91.7,91.7,91.72,91.7,398525.0,0.0
2009-08-26,91.72,91.7,91.72,91.7,90055.0,0.0002181025081788
2009-08-27,91.72,91.7,91.74,91.7,118714.0,0.0
2009-08-28,91.74,91.72,91.76,91.7,83543.0,0.0002180549498473
2009-08-31,91.74,91.74,91.74,91.72,153696.0,0.0
2009-09-01,91.68,91.74,91.74,91.68,438452.0,-0.0006540222367559
2009-09-02,91.76,91.74,91.76,91.68,334736.0,0.00087260034904
2009-09-03,91.76,91.72,91.76,91.72,174683.0,0.0
2009-09-04,91.76,91.72,91.76,91.72,78803.0,0.0
2009-09-08,91.76,91.72,91.76,91.72,158971.0,0.0
2009-09-09,91.7,91.74,91.76,91.7,119062.0,-0.0006538796861377
2009-09-10,91.72,91.74,91.74,91.7,148416.0,0.0002181025081788
2009-09-11,91.7,91.7,91.72,91.7,211563.0,-0.0002180549498472
2009-09-14,91.7,91.74,91.74,91.7,89529.0,0.0
2009-09-15,91.7,91.7,91.72,91.7,167492.0,0.0
2009-09-16,91.7,91.7,91.72,91.7,167870.0,0.0
2009-09-17,91.716,91.72,91.74,91.7,196682.0,0.000174482006543
2009-09-18,91.7,91.7,91.72,91.7,483241.0,-0.0001744515678833
2009-09-21,91.76,91.7,91.76,91.7,101851.0,0.0006543075245366
2009-09-22,91.7,91.74,91.74,91.7,187172.0,-0.0006538796861377
2009-09-23,91.74,91.72,91.74,91.7,129739.0,0.0004362050163575
2009-09-24,91.7,91.74,91.74,91.7,98920.0,-0.0004360148245039
2009-09-25,91.74,91.72,91.74,91.7,80515.0,0.0004362050163575
2009-09-28,91.76,91.72,91.76,91.704,198003.0,0.0002180074122521
2009-09-29,91.76,91.72,91.76,91.72,95515.0,0.0
2009-09-30,91.76,91.72,91.78,91.72,142492.0,0.0
2009-10-01,91.7,91.72,91.744,91.7,591378.0,-0.0006538796861377
2009-10-02,91.7,91.72,91.76,91.7,108756.0,0.0
2009-10-05,91.74,91.72,91.74,91.7,133746.0,0.0004362050163575
2009-10-06,91.7,91.74,91.74,91.7,227673.0,-0.0004360148245039
2009-10-07,91.74,91.7,91.74,91.7,106502.0,0.0004362050163575
2009-10-08,91.7,91.72,91.736,91.7,109949.0,-0.0004360148245039
2009-10-09,91.72,91.72,91.7403,91.7053,228864.0,0.0002181025081788
2009-10-12,91.72,91.72,91.74,91.7,101833.0,0.0
2009-10-13,91.72,91.72,91.72,91.7,80232.0,0.0
2009-10-14,91.7,91.7,91.72,91.7,345422.0,-0.0002180549498472
2009-10-15,91.7,91.7,91.72,91.7,122140.0,0.0
2009-10-16,91.74,91.7,91.74,91.7,88945.0,0.0004362050163575
2009-10-19,91.72,91.72,91.74,91.7,100507.0,-0.0002180074122519
2009-10-20,91.7,91.7,91.72,91.7,132848.0,-0.0002180549498472
2009-10-21,91.7,91.72,91.72,91.7,83684.0,0.0
2009-10-22,91.7,91.7,91.72,91.7,135262.0,0.0
2009-10-23,91.7,91.7,91.72,91.7,161729.0,0.0
2009-10-26,91.7003,91.7,91.72,91.7,82934.0,3.271537622584475e-06
2009-10-27,91.7,91.72,91.74,91.7,111346.0,-3.2715269197014507e-06
2009-10-28,91.7,91.7,91.72,91.7,79565.0,0.0
2009-10-29,91.72,91.72,91.76,91.7,210245.0,0.0002181025081788
2009-10-30,91.76,91.74,91.76,91.74,190910.0,0.0004361098996947
2009-11-02,91.76,91.76,91.76,91.74,245362.0,0.0
2009-11-03,91.76,91.76,91.76,91.74,143410.0,0.0
2009-11-04,91.74,91.74,91.78,91.72,638014.0,-0.0002179598953793
2009-11-05,91.746,91.76,91.76,91.74,158647.0,6.540222367568127e-05
2009-11-06,91.76,91.74,91.76,91.74,78842.0,0.0001525952085106
2009-11-09,91.76,91.74,91.76,91.74,161140.0,0.0
2009-11-10,91.7,91.76,91.76,91.7,162885.0,-0.0006538796861377
2009-11-11,91.7,91.72,91.7253,91.7,196239.0,0.0
2009-11-12,91.7,91.74,91.74,91.7,95269.0,0.0
2009-11-13,91.7,91.7,91.74,91.7,177337.0,0.0
2009-11-16,91.7,91.74,91.74,91.7,199621.0,0.0
2009-11-17,91.7,91.72,91.72,91.7,102070.0,0.0
2009-11-18,91.7,91.72,91.74,91.7,110464.0,0.0
2009-11-19,91.7,91.72,91.72,91.7,87371.0,0.0
2009-11-20,91.7,91.7,91.72,91.68,205205.0,0.0
2009-11-23,91.7,91.7,91.72,91.7,63200.0,0.0
2009-11-24,91.7,91.7,91.72,91.7,197155.0,0.0
2009-11-25,91.7,91.7,91.72,91.7,59344.0,0.0
2009-11-27,91.72,91.72,91.72,91.7,14132.0,0.0002181025081788
2009-11-30,91.72,91.7,91.76,91.7,271798.0,0.0
2009-12-01,91.72,91.74,91.74,91.7,124620.0,0.0
2009-12-02,91.7,91.74,91.74,91.7,100907.0,-0.0002180549498472
2009-12-03,91.7,91.7,91.74,91.7,80399.0,0.0
2009-12-04,91.74,91.7,91.74,91.7,75139.0,0.0004362050163575
2009-12-07,91.7,91.7,91.74,91.7,98468.0,-0.0004360148245039
2009-12-08,91.7,91.72,91.72,91.7,162668.0,0.0
2009-12-09,91.74,91.7,91.74,91.7,181514.0,0.0004362050163575
2009-12-10,91.7,91.74,91.74,91.7,55555.0,-0.0004360148245039
2009-12-11,91.7,91.74,91.74,91.7,131802.0,0.0
2009-12-14,91.68,91.7,91.72,91.68,263413.0,-0.0002181025081787
2009-12-15,91.68,91.7,91.7,91.68,145086.0,0.0
2009-12-16,91.7,91.7,91.74,91.7,72968.0,0.00021815008726
2009-12-17,91.7,91.72,91.74,91.7,197683.0,0.0
2009-12-18,91.7,91.7,91.725,91.7,92385.0,0.0
2009-12-21,91.7,91.72,91.72,91.7,95467.0,0.0
2009-12-22,91.7,91.72,91.74,91.7,90642.0,0.0
2009-12-23,91.7,91.7,91.72,91.7,179720.0,0.0
2009-12-24,91.72,91.7,91.72,91.7,69053.0,0.0002181025081788
2009-12-28,91.7036,91.72,91.74,91.7,102818.0,-0.0001788050588749
2009-12-29,91.7,91.7,91.74,91.7,65010.0,-3.9256910306595394e-05
2009-12-30,91.72,91.72,91.74,91.7,99186.0,0.0002181025081788
2009-12-31,91.74,91.72,91.74,91.7,73671.0,0.0002180549498473
2010-01-04,91.7,91.7,91.72,91.68,192800.0,-0.0004360148245039
2010-01-05,91.68,91.7,91.72,91.68,105600.0,-0.0002181025081787
2010-01-06,91.68,91.68,91.7,91.68,450283.0,0.0
2010-01-07,91.68,91.68,91.7,91.68,264306.0,0.0
2010-01-08,91.68,91.7,91.7,91.68,116663.0,0.0
2010-01-11,91.68,91.68,91.7,91.68,131087.0,0.0
2010-01-12,91.68,91.7,91.7,91.68,142432.0,0.0
2010-01-13,91.72,91.7,91.72,91.68,133264.0,0.00043630017452
2010-01-14,91.7,91.7,91.72,91.7,53252.0,-0.0002180549498472
2010-01-15,91.7,91.7,91.72,91.7,83698.0,0.0
2010-01-19,91.7,91.72,91.72,91.7,61241.0,0.0
2010-01-20,91.7,91.72,91.72,91.7,76478.0,0.0
2010-01-21,91.7,91.7,91.72,91.7,188890.0,0.0
2010-01-22,91.7,91.72,91.72,91.7,103821.0,0.0
2010-01-25,91.72,91.72,91.72,91.6653,131959.0,0.0002181025081788
2010-01-26,91.72,91.72,91.72,91.68,136035.0,0.0
2010-01-27,91.74,91.68,91.74,91.68,406841.0,0.0002180549498473
2010-01-28,91.72,91.7,91.74,91.7,117467.0,-0.0002180074122519
2010-01-29,91.74,91.72,91.74,91.7,190749.0,0.0002180549498473
2010-02-01,91.72,91.7,91.74,91.7,364339.0,-0.0002180074122519
2010-02-02,91.7,91.72,91.74,91.7,170934.0,-0.0002180549498472
2010-02-03,91.74,91.74,91.76,91.72,739359.0,0.0004362050163575
2010-02-04,91.74,91.72,91.74,91.72,155717.0,0.0
2010-02-05,91.74,91.7,91.74,91.7,685359.0,0.0
2010-02-08,91.74,91.72,91.74,91.72,215134.0,0.0
2010-02-09,91.74,91.74,91.74,91.72,314818.0,0.0
2010-02-10,91.74,91.72,91.74,91.7,233909.0,0.0
2010-02-11,91.74,91.74,91.74,91.72,109893.0,0.0
2010-02-12,91.74,91.74,91.74,91.72,144389.0,0.0
2010-02-16,91.74,91.74,91.74,91.72,155925.0,0.0
2010-02-17,91.68,91.74,91.74,91.68,338866.0,-0.0006540222367559
2010-02-18,91.72,91.7,91.72,91.7,103779.0,0.00043630017452
2010-02-19,91.68,91.72,91.72,91.68,287543.0,-0.0004361098996946
2010-02-22,91.72,91.72,91.72,91.7,170233.0,0.00043630017452
2010-02-23,91.68,91.72,91.72,91.68,86802.0,-0.0004361098996946
2010-02-24,91.72,91.7,91.72,91.68,144912.0,0.00043630017452
2010-02-25,91.72,91.7,91.72,91.7,67205.0,0.0
2010-02-26,91.72,91.7,91.72,91.68,104222.0,0.0
2010-03-01,91.68,91.72,91.72,91.68,265257.0,-0.0004361098996946
2010-03-02,91.7,91.72,91.72,91.68,82937.0,0.00021815008726
2010-03-03,91.68,91.72,91.72,91.68,278875.0,-0.0002181025081787
2010-03-04,91.68,91.7,91.7,91.68,137236.0,0.0
2010-03-05,91.68,91.68,91.7,91.68,285666.0,0.0
2010-03-08,91.68,91.7,91.7,91.68,200613.0,0.0
2010-03-09,91.68,91.68,91.7,91.66,824176.0,0.0
2010-03-10,91.7,91.68,91.7,91.68,127157.0,0.00021815008726
2010-03-11,91.68,91.7,91.7,91.68,151035.0,-0.0002181025081787
2010-03-12,91.68,91.7,91.7,91.68,106088.0,0.0
2010-03-15,91.68,91.68,91.7,91.68,143491.0,0.0
2010-03-16,91.68,91.68,91.7,91.68,98617.0,0.0
2010-03-17,91.68,91.7,91.7,91.68,228220.0,0.0
2010-03-18,91.68,91.68,91.7,91.68,83378.0,0.0
2010-03-19,91.68,91.68,91.7,91.68,107094.0,0.0
2010-03-22,91.7,91.68,91.7,91.68,204749.0,0.00021815008726
2010-03-23,91.7,91.68,91.7,91.68,148439.0,0.0
2010-03-24,91.68,91.68,91.7,91.68,161763.0,-0.0002181025081787
2010-03-25,91.72,91.7,91.72,91.68,283270.0,0.00043630017452
2010-03-26,91.72,91.7,91.72,91.7,127129.0,0.0
2010-03-29,91.68,91.7,91.72,91.68,173232.0,-0.0004361098996946
2010-03-30,91.68,91.7,91.72,91.68,231284.0,0.0
2010-03-31,91.72,91.72,91.72,91.68,248097.0,0.00043630017452
2010-04-01,91.72,91.68,91.72,91.68,520752.0,0.0
2010-04-05,91.68,91.7,91.72,91.68,464041.0,-0.0004361098996946
2010-04-06,91.68,91.7,91.702,91.68,275971.0,0.0
2010-04-07,91.68,91.72,91.72,91.68,725051.0,0.0
2010-04-08,91.68,91.68,91.7,91.68,130209.0,0.0
2010-04-09,91.68,91.7,91.7,91.68,195102.0,0.0
2010-04-12,91.68,91.68,91.7,91.68,102280.0,0.0
2010-04-13,91.68,91.7,91.7,91.68,96308.0,0.0
2010-04-14,91.68,91.68,91.7,91.68,158462.0,0.0
2010-04-15,91.68,91.68,91.7,91.68,116723.0,0.0
2010-04-16,91.68,91.68,91.7,91.68,263232.0,0.0
2010-04-19,91.7,91.68,91.7,91.68,100583.0,0.00021815008726
2010-04-20,91.68,91.68,91.7,91.68,69122.0,-0.0002181025081787
2010-04-21,91.68,91.68,91.7,91.68,120078.0,0.0
2010-04-22,91.68,91.68,91.7,91.68,113416.0,0.0
2010-04-23,91.68,91.7,91.7,91.68,102968.0,0.0
2010-04-26,91.7,91.68,91.7,91.68,222265.0,0.00021815008726
2010-04-27,91.68,91.68,91.7,91.68,579532.0,-0.0002181025081787
2010-04-28,91.7,91.68,91.7,91.68,214916.0,0.00021815008726
2010-04-29,91.7,91.68,91.7,91.68,76503.0,0.0
2010-04-30,91.68,91.68,91.7,91.68,191434.0,-0.0002181025081787
2010-05-03,91.7,91.7,91.7,91.68,228121.0,0.00021815008726
2010-05-04,91.68,91.68,91.7,91.68,97713.0,-0.0002181025081787
2010-05-05,91.7,91.7,91.7,91.68,286952.0,0.00021815008726
2010-05-06,91.72,91.68,91.72,91.68,212438.0,0.0002181025081788
2010-05-07,91.72,91.7,91.72,91.68,353286.0,0.0
2010-05-10,91.72,91.7,91.72,91.7,219512.0,0.0
2010-05-11,91.72,91.7,91.72,91.7,176223.0,0.0
2010-05-12,91.72,91.72,91.72,91.7,209416.0,0.0
2010-05-13,91.7,91.72,91.72,91.7,1255813.0,-0.0002180549498472
2010-05-14,91.72,91.72,91.72,91.7,189014.0,0.0002181025081788
2010-05-17,91.72,91.72,91.72,91.7,140260.0,0.0
2010-05-18,91.7,91.72,91.72,91.7,187690.0,-0.0002180549498472
2010-05-19,91.72,91.7,91.72,91.7,354782.0,0.0002181025081788
2010-05-20,91.72,91.72,91.72,91.7,442617.0,0.0
2010-05-21,91.72,91.72,91.72,91.7,463110.0,0.0
2010-05-24,91.72,91.72,91.72,91.7,168569.0,0.0
2010-05-25,91.72,91.7,91.72,91.7,343900.0,0.0
2010-05-26,91.74,91.72,91.74,91.7,662061.0,0.0002180549498473
2010-05-27,91.7,91.72,91.72,91.7,518674.0,-0.0004360148245039
2010-05-28,91.72,91.72,91.72,91.7,280729.0,0.0002181025081788
2010-06-01,91.72,91.7,91.72,91.7,550704.0,0.0
2010-06-02,91.74,91.7,91.74,91.7,959780.0,0.0002180549498473
2010-06-03,91.7,91.7,91.74,91.7,219860.0,-0.0004360148245039
2010-06-04,91.74,91.7,91.74,91.7,495829.0,0.0004362050163575
2010-06-07,91.716,91.72,91.74,91.7,158784.0,-0.0002616088947023
2010-06-08,91.74,91.72,91.74,91.7,306121.0,0.0002616773518251
2010-06-09,91.74,91.74,91.74,91.72,163908.0,0.0
2010-06-10,91.74,91.72,91.74,91.72,100729.0,0.0
2010-06-11,91.74,91.72,91.74,91.7,144729.0,0.0
2010-06-14,91.7,91.74,91.74,91.7,236604.0,-0.0004360148245039
2010-06-15,91.7,91.72,91.74,91.7,382052.0,0.0
2010-06-16,91.7,91.72,91.74,91.7,863665.0,0.0
2010-06-17,91.7,91.72,91.72,91.7,317692.0,0.0
2010-06-18,91.72,91.7,91.72,91.7,227534.0,0.0002181025081788
2010-06-21,91.7,91.7,91.72,91.7,787599.0,-0.0002180549498472
2010-06-22,91.72,91.7,91.72,91.7,140481.0,0.0002181025081788
2010-06-23,91.72,91.7,91.72,91.7,63778.0,0.0
2010-06-24,91.72,91.7,91.72,91.7,290962.0,0.0
2010-06-25,91.72,91.72,91.72,91.7,93756.0,0.0
2010-06-28,91.72,91.7,91.72,91.7,198769.0,0.0
2010-06-29,91.72,91.72,91.72,91.7,579509.0,0.0
2010-06-30,91.736,91.7,91.74,91.7,1013854.0,0.0001744439598778
2010-07-01,91.72,91.72,91.72,91.7,572469.0,-0.0001744135344903
2010-07-02,91.72,91.7,91.72,91.7,139144.0,0.0
2010-07-06,91.7,91.72,91.72,91.7,715876.0,-0.0002180549498472
2010-07-07,91.7,91.72,91.72,91.7,873489.0,0.0
2010-07-08,91.72,91.7,91.72,91.7,1255090.0,0.0002181025081788
2010-07-09,91.7,91.7,91.72,91.7,222966.0,-0.0002180549498472
2010-07-12,91.72,91.72,91.72,91.7,979901.0,0.0002181025081788
2010-07-13,91.72,91.72,91.72,91.7,164003.0,0.0
2010-07-14,91.72,91.7,91.72,91.7,159163.0,0.0
2010-07-15,91.72,91.7,91.72,91.7,122101.0,0.0
2010-07-16,91.72,91.7,91.72,91.7,87705.0,0.0
2010-07-19,91.7,91.72,91.72,91.7,803322.0,-0.0002180549498472
2010-07-20,91.7,91.72,91.72,91.7,121342.0,0.0
2010-07-21,91.7,91.7,91.72,91.7,124355.0,0.0
2010-07-22,91.7,91.7,91.72,91.7,319605.0,0.0
2010-07-23,91.72,91.72,91.72,91.7,73557.0,0.0002181025081788
2010-07-26,91.68,91.72,91.72,91.68,881431.0,-0.0004361098996946
2010-07-27,91.68,91.7,91.7,91.68,874791.0,0.0
2010-07-28,91.7,91.68,91.7,91.68,118127.0,0.00021815008726
2010-07-29,91.68,91.68,91.7,91.68,110708.0,-0.0002181025081787
2010-07-30,91.7,91.7,91.7,91.68,67908.0,0.00021815008726
2010-08-02,91.68,91.68,91.7,91.68,794559.0,-0.0002181025081787
2010-08-03,91.68,91.68,91.7,91.68,1342096.0,0.0
2010-08-04,91.68,91.68,91.7,91.68,977153.0,0.0
2010-08-05,91.68,91.68,91.72,91.68,500592.0,0.0
2010-08-06,91.68,91.68,91.7,91.68,131053.0,0.0
2010-08-09,91.68,91.7,91.72,91.68,94542.0,0.0
2010-08-10,91.7,91.7,91.7,91.68,125472.0,0.00021815008726
2010-08-11,91.72,91.68,91.72,91.68,830490.0,0.0002181025081788
2010-08-12,91.72,91.7,91.72,91.7,955718.0,0.0
2010-08-13,91.72,91.7,91.72,91.7,580543.0,0.0
2010-08-16,91.7,91.72,91.72,91.7,59808.0,-0.0002180549498472
2010-08-17,91.72,91.72,91.72,91.7,193923.0,0.0002181025081788
2010-08-18,91.7,91.7,91.72,91.7,102142.0,-0.0002180549498472
2010-08-19,91.7,91.72,91.72,91.7,279986.0,0.0
2010-08-20,91.72,91.72,91.72,91.7,84784.0,0.0002181025081788
2010-08-23,91.7,91.7,91.72,91.7,118568.0,-0.0002180549498472
2010-08-24,91.7,91.7,91.72,91.7,392451.0,0.0
2010-08-25,91.72,91.72,91.72,91.7,615097.0,0.0002181025081788
2010-08-26,91.7,91.72,91.72,91.7,130047.0,-0.0002180549498472
2010-08-27,91.7,91.7,91.72,91.7,134485.0,0.0
2010-08-30,91.72,91.7,91.72,91.7,119203.0,0.0002181025081788
2010-08-31,91.7,91.72,91.72,91.7,290168.0,-0.0002180549498472
2010-09-01,91.704,91.7,91.72,91.7,599594.0,4.362050163564391e-05
2010-09-02,91.72,91.7,91.72,91.7,132408.0,0.0001744743958824
2010-09-03,91.72,91.7,91.72,91.7,652842.0,0.0
2010-09-07,91.7,91.7,91.72,91.7,105452.0,-0.0002180549498472
2010-09-08,91.7,91.7,91.72,91.7,697698.0,0.0
2010-09-09,91.7,91.7,91.72,91.7,100271.0,0.0
2010-09-10,91.7,91.72,91.72,91.7,329891.0,0.0
2010-09-13,91.7,91.7,91.72,91.7,364478.0,0.0
2010-09-14,91.72,91.7,91.72,91.7,46559.0,0.0002181025081788
2010-09-15,91.72,91.7,91.72,91.7,120296.0,0.0
2010-09-16,91.72,91.7,91.72,91.7,213520.0,0.0
2010-09-17,91.7,91.7,91.72,91.7,168725.0,-0.0002180549498472
2010-09-20,91.7,91.7,91.72,91.7,371860.0,0.0
2010-09-21,91.7,91.72,91.72,91.7,742116.0,0.0
2010-09-22,91.7,91.72,91.72,91.7,521287.0,0.0
2010-09-23,91.7,91.7,91.72,91.7,209938.0,0.0
2010-09-24,91.72,91.72,91.72,91.7,100265.0,0.0002181025081788
2010-09-27,91.72,91.7,91.72,91.7,283236.0,0.0
2010-09-28,91.7,91.7,91.72,91.7,113192.0,-0.0002180549498472
2010-09-29,91.7,91.7,91.72,91.7,161461.0,0.0
2010-09-30,91.7,91.7,91.72,91.7,214152.0,0.0
2010-10-01,91.7,91.7,91.72,91.7,328149.0,0.0
2010-10-04,91.72,91.7,91.72,91.7,198545.0,0.0002181025081788
2010-10-05,91.7,91.7,91.72,91.7,420300.0,-0.0002180549498472
2010-10-06,91.7,91.7,91.72,91.7,744575.0,0.0
2010-10-07,91.7,91.7,91.72,91.7,524718.0,0.0
2010-10-08,91.7,91.7,91.72,91.7,115807.0,0.0
2010-10-11,91.7,91.7,91.72,91.7,64498.0,0.0
2010-10-12,91.7,91.7,91.72,91.7,425705.0,0.0
2010-10-13,91.7,91.7,91.72,91.7,397033.0,0.0
2010-10-14,91.72,91.7,91.72,91.7,170271.0,0.0002181025081788
2010-10-15,91.7,91.7,91.72,91.7,89320.0,-0.0002180549498472
2010-10-18,91.72,91.7,91.72,91.7,187830.0,0.0002181025081788
2010-10-19,91.7,91.72,91.72,91.7,66168.0,-0.0002180549498472
2010-10-20,91.7,91.72,91.72,91.7,633443.0,0.0
2010-10-21,91.7,91.7,91.72,91.7,625570.0,0.0
2010-10-22,91.72,91.72,91.72,91.7,114920.0,0.0002181025081788
2010-10-25,91.7,91.7,91.72,91.7,135588.0,-0.0002180549498472
2010-10-26,91.72,91.7,91.72,91.7,89473.0,0.0002181025081788
2010-10-27,91.72,91.7,91.72,91.7,114963.0,0.0
2010-10-28,91.7,91.72,91.72,91.7,86596.0,-0.0002180549498472
2010-10-29,91.72,91.7,91.72,91.7,57845.0,0.0002181025081788
2010-11-01,91.71,91.72,91.72,91.7,242075.0,-0.0001090274749236
2010-11-02,91.68,91.7,91.72,91.68,226462.0,-0.0003271180896302
2010-11-03,91.7,91.7,91.72,91.7,229473.0,0.00021815008726
2010-11-04,91.7,91.7,91.72,91.7,934074.0,0.0
2010-11-05,91.7,91.7,91.72,91.7,327151.0,0.0
2010-11-08,91.7,91.7,91.72,91.7,198336.0,0.0
2010-11-09,91.7,91.7,91.72,91.7,223184.0,0.0
2010-11-10,91.7,91.7,91.72,91.7,243612.0,0.0
2010-11-11,91.68,91.7,91.72,91.68,49600.0,-0.0002181025081787
2010-11-12,91.72,91.7,91.72,91.7,1456982.0,0.00043630017452
2010-11-15,91.71,91.72,91.72,91.7,201082.0,-0.0001090274749236
2010-11-16,91.72,91.7,91.72,91.7,103450.0,0.0001090393632101
2010-11-17,91.72,91.7,91.72,91.7,55269.0,0.0
2010-11-18,91.7,91.7,91.72,91.7,96501.0,-0.0002180549498472
2010-11-19,91.7,91.7,91.72,91.7,154641.0,0.0
2010-11-22,91.7,91.7,91.72,91.7,226650.0,0.0
2010-11-23,91.7,91.72,91.72,91.7,67980.0,0.0
2010-11-24,91.72,91.7,91.72,91.7,86568.0,0.0002181025081788
2010-11-26,91.72,91.7,91.72,91.7,223742.0,0.0
2010-11-29,91.72,91.7,91.72,91.7,250463.0,0.0
2010-11-30,91.72,91.7,91.72,91.7,81252.0,0.0
2010-12-01,91.7,91.72,91.72,91.7,75320.0,-0.0002180549498472
2010-12-02,91.7,91.7,91.72,91.7,188401.0,0.0
2010-12-03,91.72,91.7,91.72,91.7,320264.0,0.0002181025081788
2010-12-06,91.7,91.7,91.72,91.7,141301.0,-0.0002180549498472
2010-12-07,91.7,91.7,91.72,91.7,176467.0,0.0
2010-12-08,91.7,91.7,91.72,91.7,82418.0,0.0
2010-12-09,91.72,91.7,91.72,91.7,185233.0,0.0002181025081788
2010-12-10,91.72,91.7,91.72,91.7,164426.0,0.0
2010-12-13,91.72,91.7,91.72,91.7,130768.0,0.0
2010-12-14,91.72,91.7,91.72,91.7,388468.0,0.0
2010-12-15,91.7,91.7,91.72,91.7,204542.0,-0.0002180549498472
2010-12-16,91.7,91.7,91.72,91.7,564588.0,0.0
2010-12-17,91.72,91.7,91.72,91.7,241747.0,0.0002181025081788
2010-12-20,91.72,91.7,91.72,91.7,120561.0,0.0
2010-12-21,91.72,91.72,91.72,91.7,103308.0,0.0
2010-12-22,91.7,91.7136,91.72,91.7,97204.0,-0.0002180549498472
2010-12-23,91.7,91.7,91.72,91.7,87952.0,0.0
2010-12-27,91.7,91.7,91.72,91.7,151056.0,0.0
2010-12-28,91.72,91.7,91.72,91.7,115173.0,0.0002181025081788
2010-12-29,91.7,91.72,91.72,91.7,72126.0,-0.0002180549498472
2010-12-30,91.72,91.7,91.72,91.7,217643.0,0.0002181025081788
2010-12-31,91.7,91.7,91.72,91.7,119602.0,-0.0002180549498472
2011-01-03,91.72,91.7,91.72,91.7,126845.0,0.0002181025081788
2011-01-04,91.72,91.72,91.72,91.7,156704.0,0.0
2011-01-05,91.72,91.7,91.72,91.7,184320.0,0.0
2011-01-06,91.72,91.72,91.72,91.7,64927.0,0.0
2011-01-07,91.7,91.7,91.72,91.7,124559.0,-0.0002180549498472
2011-01-10,91.72,91.7,91.72,91.7,150531.0,0.0002181025081788
2011-01-11,91.72,91.72,91.72,91.7,127263.0,0.0
2011-01-12,91.7,91.7,91.72,91.7,69378.0,-0.0002180549498472
2011-01-13,91.7,91.7,91.72,91.7,94561.0,0.0
2011-01-14,91.7,91.7,91.72,91.7,199412.0,0.0
2011-01-18,91.7,91.7,91.72,91.7,426586.0,0.0
2011-01-19,91.72,91.72,91.72,91.7,150845.0,0.0002181025081788
2011-01-20,91.72,91.72,91.72,91.7,99648.0,0.0
2011-01-21,91.7,91.7,91.72,91.7,55069.0,-0.0002180549498472
2011-01-24,91.7,91.7,91.72,91.7,312099.0,0.0
2011-01-25,91.72,91.72,91.72,91.7,443057.0,0.0002181025081788
2011-01-26,91.7,91.72,91.72,91.7,87797.0,-0.0002180549498472
2011-01-27,91.72,91.7,91.72,91.7,88952.0,0.0002181025081788
2011-01-28,91.7,91.7,91.72,91.7,158508.0,-0.0002180549498472
2011-01-31,91.7,91.7,91.72,91.7,87242.0,0.0
2011-02-01,91.7,91.7,91.72,91.7,787564.0,0.0
2011-02-02,91.7,91.7,91.72,91.7,283544.0,0.0
2011-02-03,91.7,91.72,91.72,91.7,91000.0,0.0
2011-02-04,91.72,91.7,91.72,91.7,100968.0,0.0002181025081788
2011-02-07,91.7,91.72,91.72,91.7,131516.0,-0.0002180549498472
2011-02-08,91.7,91.72,91.72,91.7,155392.0,0.0
2011-02-09,91.72,91.72,91.72,91.7,147689.0,0.0002181025081788
2011-02-10,91.7,91.7,91.72,91.7,148634.0,-0.0002180549498472
2011-02-11,91.7,91.72,91.72,91.7,138145.0,0.0
2011-02-14,91.7,91.72,91.72,91.7,74415.0,0.0
2011-02-15,91.72,91.72,91.72,91.7,193160.0,0.0002181025081788
2011-02-16,91.72,91.72,91.72,91.7,136792.0,0.0
2011-02-17,91.72,91.7,91.72,91.7,68214.0,0.0
2011-02-18,91.7,91.7,91.72,91.7,93745.0,-0.0002180549498472
2011-02-22,91.7,91.72,91.72,91.7,144014.0,0.0
2011-02-23,91.71,91.72,91.72,91.7,493464.0,0.0001090512540893
2011-02-24,91.71,91.72,91.72,91.7,126733.0,0.0
2011-02-25,91.72,91.72,91.72,91.7,91318.0,0.0001090393632101
2011-02-28,91.7,91.72,91.72,91.7,145809.0,-0.0002180549498472
2011-03-01,91.7,91.72,91.72,91.7,138373.0,0.0
2011-03-02,91.72,91.72,91.72,91.7,127972.0,0.0002181025081788
2011-03-03,91.7,91.72,91.72,91.7,139914.0,-0.0002180549498472
2011-03-04,91.712,91.7,91.72,91.7,132267.0,0.0001308615049073
2011-03-07,91.7,91.72,91.72,91.7,95814.0,-0.0001308443824145
2011-03-08,91.7,91.72,91.72,91.7,1178788.0,0.0
2011-03-09,91.7,91.72,91.72,91.7,159767.0,0.0
2011-03-10,91.7,91.7,91.72,91.7,140156.0,0.0
2011-03-11,91.72,91.7,91.72,91.7,77706.0,0.0002181025081788
2011-03-14,91.72,91.7,91.74,91.7,929630.0,0.0
2011-03-15,91.74,91.74,91.74,91.7,754267.0,0.0002180549498473
2011-03-16,91.74,91.72,91.74,91.72,122295.0,0.0
2011-03-17,91.74,91.74,91.74,91.72,595413.0,0.0
2011-03-18,91.74,91.72,91.74,91.72,222733.0,0.0
2011-03-21,91.74,91.72,91.74,91.72,102312.0,0.0
2011-03-22,91.7,91.7,91.72,91.7,117101.0,-0.0004360148245039
2011-03-23,91.72,91.7,91.72,91.7,156911.0,0.0002181025081788
2011-03-24,91.7,91.7,91.72,91.7,557934.0,-0.0002180549498472
2011-03-25,91.7,91.7,91.72,91.7,1271886.0,0.0
2011-03-28,91.72,91.7,91.72,91.7,733917.0,0.0002181025081788
2011-03-29,91.7,91.72,91.72,91.7,240915.0,-0.0002180549498472
2011-03-30,91.72,91.72,91.72,91.7,589918.0,0.0002181025081788
2011-03-31,91.7,91.7,91.72,91.7,145191.0,-0.0002180549498472
2011-04-01,91.7,91.72,91.72,91.7,148847.0,0.0
2011-04-04,91.7,91.7,91.73,91.7,144701.0,0.0
2011-04-05,91.7,91.72,91.72,91.7,164988.0,0.0
2011-04-06,91.7,91.7,91.72,91.7,116856.0,0.0
2011-04-07,91.72,91.7,91.72,91.7,129440.0,0.0002181025081788
2011-04-08,91.7,91.72,91.72,91.7,1310745.0,-0.0002180549498472
2011-04-11,91.7,91.7,91.72,91.7,230839.0,0.0
2011-04-12,91.72,91.72,91.74,91.7,61054.0,0.0002181025081788
2011-04-13,91.72,91.72,91.74,91.7,79175.0,0.0
2011-04-14,91.7,91.74,91.74,91.7,245748.0,-0.0002180549498472
2011-04-15,91.72,91.7,91.72,91.7,152595.0,0.0002181025081788
2011-04-18,91.7,91.7,91.72,91.7,112276.0,-0.0002180549498472
2011-04-19,91.7,91.7,91.72,91.7,110630.0,0.0
2011-04-20,91.7,91.72,91.72,91.7,102159.0,0.0
2011-04-21,91.7,91.7,91.72,91.7,89810.0,0.0
2011-04-25,91.7,91.72,91.72,91.7,103140.0,0.0
2011-04-26,91.7,91.72,91.72,91.7,41422.0,0.0
2011-04-27,91.7,91.7,91.72,91.7,105955.0,0.0
2011-04-28,91.7,91.7,91.72,91.7,97013.0,0.0
2011-04-29,91.7,91.7,91.72,91.7,74744.0,0.0
2011-05-02,91.7,91.72,91.72,91.7,76231.0,0.0
2011-05-03,91.7,91.72,91.72,91.7,127096.0,0.0
2011-05-04,91.74,91.74,91.74,91.7,449735.0,0.0004362050163575
2011-05-05,91.74,91.72,91.74,91.72,786535.0,0.0
2011-05-06,91.74,91.72,91.74,91.72,143374.0,0.0
2011-05-09,91.74,91.72,91.74,91.72,808465.0,0.0
2011-05-10,91.74,91.74,91.74,91.72,182175.0,0.0
2011-05-11,91.74,91.72,91.74,91.72,76111.0,0.0
2011-05-12,91.74,91.74,91.74,91.72,88317.0,0.0
2011-05-13,91.72,91.74,91.74,91.72,42907.0,-0.0002180074122519
2011-05-16,91.72,91.74,91.74,91.72,905741.0,0.0
2011-05-17,91.72,91.74,91.74,91.72,582669.0,0.0
2011-05-18,91.7,91.7,91.72,91.7,75505.0,-0.0002180549498472
2011-05-19,91.74,91.7,91.74,91.7,71256.0,0.0004362050163575
2011-05-20,91.72,91.72,91.72,91.7,443373.0,-0.0002180074122519
2011-05-23,91.72,91.72,91.72,91.7,328703.0,0.0
2011-05-24,91.72,91.7,91.72,91.7,68245.0,0.0
2011-05-25,91.72,91.72,91.72,91.7,159752.0,0.0
2011-05-26,91.72,91.72,91.72,91.7,819513.0,0.0
2011-05-27,91.72,91.7,91.72,91.7,161327.0,0.0
2011-05-31,91.71,91.7,91.72,91.7,133669.0,-0.0001090274749236
2011-06-01,91.7,91.7,91.72,91.7,471891.0,-0.00010903936321
2011-06-02,91.7,91.7,91.72,91.7,68985.0,0.0
2011-06-03,91.7,91.7,91.72,91.7,62737.0,0.0
2011-06-06,91.7,91.72,91.72,91.7,655227.0,0.0
2011-06-07,91.72,91.72,91.72,91.7,882423.0,0.0002181025081788
2011-06-08,91.72,91.7,91.72,91.7,64923.0,0.0
2011-06-09,91.7,91.72,91.72,91.7,376306.0,-0.0002180549498472
2011-06-10,91.72,91.7,91.72,91.7,79387.0,0.0002181025081788
2011-06-13,91.7,91.72,91.72,91.7,94916.0,-0.0002180549498472
2011-06-14,91.72,91.7,91.72,91.7,862395.0,0.0002181025081788
2011-06-15,91.72,91.72,91.72,91.7,113617.0,0.0
2011-06-16,91.72,91.72,91.72,91.7,101883.0,0.0
2011-06-17,91.72,91.72,91.72,91.7,96717.0,0.0
2011-06-20,91.71,91.72,91.72,91.7,102895.0,-0.0001090274749236
2011-06-21,91.7,91.72,91.72,91.7,433345.0,-0.00010903936321
2011-06-22,91.72,91.7,91.72,91.7,158655.0,0.0002181025081788
2011-06-23,91.72,91.72,91.72,91.7,523726.0,0.0
2011-06-24,91.7,91.72,91.72,91.7,357719.0,-0.0002180549498472
2011-06-27,91.7,91.72,91.72,91.7,126933.0,0.0
2011-06-28,91.7,91.72,91.72,91.7,289614.0,0.0
2011-06-29,91.72,91.7,91.72,91.7,1148917.0,0.0002181025081788
2011-06-30,91.72,91.7,91.72,91.7,1730050.0,0.0
2011-07-01,91.7,91.72,91.72,91.7,496357.0,-0.0002180549498472
2011-07-05,91.7,91.72,91.72,91.7,786694.0,0.0
2011-07-06,91.72,91.7,91.72,91.7,222302.0,0.0002181025081788
2011-07-07,91.7,91.7,91.72,91.7,158802.0,-0.0002180549498472
2011-07-08,91.7,91.7,91.72,91.7,70649.0,0.0
2011-07-11,91.685,91.72,91.72,91.68,147832.0,-0.0001635768811341
2011-07-12,91.7,91.72,91.72,91.7,1149955.0,0.0001636036429077
2011-07-13,91.72,91.7,91.72,91.7,1115488.0,0.0002181025081788
2011-07-14,91.72,91.72,91.72,91.7,216609.0,0.0
2011-07-15,91.72,91.7,91.72,91.7,496032.0,0.0
2011-07-18,91.72,91.7,91.72,91.7,803332.0,0.0
2011-07-19,91.72,91.72,91.72,91.7,789989.0,0.0
2011-07-20,91.7,91.7,91.72,91.7,162633.0,-0.0002180549498472
2011-07-21,91.7,91.72,91.72,91.7,790406.0,0.0
2011-07-22,91.72,91.7,91.72,91.7,162544.0,0.0002181025081788
2011-07-25,91.72,91.72,91.72,91.7,72290.0,0.0
2011-07-26,91.72,91.7,91.72,91.7,85797.0,0.0
2011-07-27,91.72,91.72,91.72,91.7,906024.0,0.0
2011-07-28,91.72,91.7,91.72,91.7,802796.0,0.0
2011-07-29,91.72,91.7,91.72,91.7,1060941.0,0.0
2011-08-01,91.72,91.7,91.72,91.68,290216.0,0.0
2011-08-02,91.72,91.7,91.72,91.68,1012598.0,0.0
2011-08-03,91.72,91.72,91.72,91.7,681106.0,0.0
2011-08-04,91.72,91.72,91.72,91.7,1335140.0,0.0
2011-08-05,91.72,91.72,91.72,91.7,438720.0,0.0
2011-08-08,91.72,91.7,91.72,91.7,560556.0,0.0
2011-08-09,91.72,91.72,91.72,91.7,658446.0,0.0
2011-08-10,91.7114,91.7,91.72,91.68,374126.0,-9.376362843438456e-05
2011-08-11,91.72,91.7,91.72,91.68,224652.0,9.377242087671434e-05
2011-08-12,91.72,91.72,91.72,91.7,779832.0,0.0
2011-08-15,91.72,91.7,91.72,91.7,9127345.0,0.0
2011-08-16,91.72,91.72,91.72,91.7,368086.0,0.0
2011-08-17,91.72,91.72,91.72,91.7,331198.0,0.0
2011-08-18,91.68,91.72,91.72,91.68,525422.0,-0.0004361098996946
2011-08-19,91.72,91.72,91.72,91.7,941703.0,0.00043630017452
2011-08-22,91.68,91.7,91.72,91.68,247873.0,-0.0004361098996946
2011-08-23,91.72,91.7,91.72,91.7,709217.0,0.00043630017452
2011-08-24,91.72,91.72,91.72,91.7,190738.0,0.0
2011-08-25,91.68,91.72,91.72,91.68,334768.0,-0.0004361098996946
2011-08-26,91.72,91.72,91.72,91.7,247949.0,0.00043630017452
2011-08-29,91.72,91.72,91.72,91.7,11294372.0,0.0
2011-08-30,91.72,91.7,91.72,91.7,951954.0,0.0
2011-08-31,91.72,91.72,91.72,91.7,523728.0,0.0
2011-09-01,91.72,91.7,91.72,91.68,1048080.0,0.0
2011-09-02,91.72,91.72,91.72,91.7,479435.0,0.0
2011-09-06,91.7,91.7,91.72,91.68,8617196.0,-0.0002180549498472
2011-09-07,91.68,91.7,91.7,91.68,367915.0,-0.0002181025081787
2011-09-08,91.68,91.68,91.7,91.68,697989.0,0.0
2011-09-09,91.7,91.68,91.72,91.68,731034.0,0.00021815008726
2011-09-12,91.7,91.68,91.7,91.68,287696.0,0.0
2011-09-13,91.68,91.7,91.7,91.68,568508.0,-0.0002181025081787
2011-09-14,91.68,91.7,91.7,91.68,307969.0,0.0
2011-09-15,91.68,91.7,91.72,91.68,923747.0,0.0
2011-09-16,91.68,91.7,91.7,91.68,276414.0,0.0
2011-09-19,91.7,91.7,91.7,91.68,517066.0,0.00021815008726
2011-09-20,91.7,91.68,91.7,91.68,372987.0,0.0
2011-09-21,91.7,91.7,91.7,91.68,314126.0,0.0
2011-09-22,91.68,91.68,91.7,91.68,1011608.0,-0.0002181025081787
2011-09-23,91.7,91.7,91.7,91.68,604134.0,0.00021815008726
2011-09-26,91.7,91.7,91.7,91.68,497373.0,0.0
2011-09-27,91.68,91.68,91.7,91.68,404117.0,-0.0002181025081787
2011-09-28,91.7,91.7,91.7,91.68,383643.0,0.00021815008726
2011-09-29,91.7,91.7,91.7,91.68,451636.0,0.0
2011-09-30,91.7,91.7,91.7,91.68,611421.0,0.0
2011-10-03,91.7,91.7,91.7,91.68,13151244.0,0.0
2011-10-04,91.7,91.7,91.7,91.68,691003.0,0.0
2011-10-05,91.7,91.7,91.7,91.68,689264.0,0.0
2011-10-06,91.68,91.7,91.7,91.68,353364.0,-0.0002181025081787
2011-10-07,91.7,91.68,91.7,91.68,750640.0,0.00021815008726
2011-10-10,91.68,91.68,91.7,91.66,1657340.0,-0.0002181025081787
2011-10-11,91.7,91.68,91.7,91.68,562528.0,0.00021815008726
2011-10-12,91.68,91.7,91.7,91.68,382975.0,-0.0002181025081787
2011-10-13,91.7,91.68,91.7,91.68,494014.0,0.00021815008726
2011-10-14,91.68,91.7,91.7,91.68,459217.0,-0.0002181025081787
2011-10-17,91.68,91.68,91.7,91.68,12224576.0,0.0
2011-10-18,91.7,91.68,91.7,91.68,350615.0,0.00021815008726
2011-10-19,91.7,91.68,91.7,91.68,294411.0,0.0
2011-10-20,91.7,91.68,91.7,91.68,1126086.0,0.0
2011-10-21,91.68,91.68,91.7,91.68,583751.0,-0.0002181025081787
2011-10-24,91.68,91.68,91.7,91.68,8779724.0,0.0
2011-10-25,91.7,91.68,91.7,91.68,482498.0,0.00021815008726
2011-10-26,91.7,91.68,91.7,91.68,239422.0,0.0
2011-10-27,91.68,91.68,91.7,91.68,1490254.0,-0.0002181025081787
2011-10-28,91.68,91.68,91.7,91.68,404369.0,0.0
2011-10-31,91.66,91.7,91.7,91.66,3112416.0,-0.0002181500872601
2011-11-01,91.7,91.7,91.7,91.68,1423128.0,0.000436395374209
2011-11-02,91.68,91.7,91.7,91.68,284606.0,-0.0002181025081787
2011-11-03,91.66,91.7,91.7,91.66,326787.0,-0.0002181500872601
2011-11-04,91.68,91.7,91.7,91.68,202988.0,0.0002181976871047
2011-11-07,91.7,91.68,91.7,91.68,197555.0,0.00021815008726
2011-11-08,91.7,91.68,91.7,91.68,537260.0,0.0
2011-11-09,91.68,91.7,91.7,91.68,174181.0,-0.0002181025081787
2011-11-10,91.7,91.68,91.7,91.68,362104.0,0.00021815008726
2011-11-11,91.68,91.68,91.71,91.68,344379.0,-0.0002181025081787
2011-11-14,91.7,91.7,91.7,91.68,648953.0,0.00021815008726
2011-11-15,91.68,91.7,91.7,91.68,232901.0,-0.0002181025081787
2011-11-16,91.7,91.68,91.7,91.68,341280.0,0.00021815008726
2011-11-17,91.7,91.68,91.7,91.68,843782.0,0.0
2011-11-18,91.7,91.7,91.7,91.68,274693.0,0.0
2011-11-21,91.7,91.7,91.7,91.68,2169059.0,0.0
2011-11-22,91.68,91.7,91.7,91.68,631411.0,-0.0002181025081787
2011-11-23,91.7,91.7,91.7,91.66,877133.0,0.00021815008726
2011-11-25,91.7,91.7,91.7,91.68,268281.0,0.0
2011-11-28,91.7,91.68,91.7,91.68,467545.0,0.0
2011-11-29,91.66,91.68,91.7,91.66,537667.0,-0.0004362050163577
2011-11-30,91.68,91.68,91.68,91.66,1701847.0,0.0002181976871047
2011-12-01,91.66,91.66,91.68,91.66,2136994.0,-0.0002181500872601
2011-12-02,91.68,91.68,91.68,91.66,353719.0,0.0002181976871047
2011-12-05,91.68,91.68,91.68,91.66,2240548.0,0.0
2011-12-06,91.7,91.66,91.72,91.66,211135.0,0.00021815008726
2011-12-07,91.68,91.68,91.68,91.66,259936.0,-0.0002181025081787
2011-12-08,91.68,91.68,91.68,91.66,248012.0,0.0
2011-12-09,91.66,91.66,91.68,91.66,199788.0,-0.0002181500872601
2011-12-12,91.66,91.66,91.68,91.66,11094093.0,0.0
2011-12-13,91.66,91.66,91.68,91.66,399120.0,0.0
2011-12-14,91.67,91.66,91.68,91.66,1237606.0,0.0001090988435523
2011-12-15,91.66,91.68,91.68,91.66,535041.0,-0.000109086942293
2011-12-16,91.68,91.68,91.68,91.66,264152.0,0.0002181976871047
2011-12-19,91.68,91.66,91.68,91.66,348462.0,0.0
2011-12-20,91.68,91.68,91.68,91.66,235476.0,0.0
2011-12-21,91.68,91.68,91.68,91.66,299428.0,0.0
2011-12-22,91.68,91.68,91.68,91.66,141820.0,0.0
2011-12-23,91.68,91.68,91.68,91.52,508268.0,0.0
2011-12-27,91.66,91.66,91.68,91.66,158499.0,-0.0002181500872601
2011-12-28,91.66,91.66,91.68,91.66,273569.0,0.0
2011-12-29,91.66,91.66,91.68,91.66,196870.0,0.0
2011-12-30,91.66,91.66,91.68,91.66,200319.0,0.0
2012-01-03,91.64,91.66,91.68,91.64,4246644.0,-0.0002181976871045
2012-01-04,91.64,91.66,91.66,91.64,443235.0,0.0
2012-01-05,91.64,91.64,91.66,91.64,489317.0,0.0
2012-01-06,91.64,91.64,91.66,91.64,476795.0,0.0
2012-01-09,91.65,91.66,91.66,91.64,490297.0,0.0001091226538629
2012-01-10,91.65,91.64,91.66,91.64,352207.0,0.0
2012-01-11,91.64,91.66,91.66,91.64,401953.0,-0.0001091107474087
2012-01-12,91.64,91.64,91.66,91.64,344220.0,0.0
2012-01-13,91.64,91.64,91.66,91.64,581565.0,0.0
2012-01-17,91.64,91.64,91.66,91.64,210839.0,0.0
2012-01-18,91.64,91.64,91.66,91.64,1529651.0,0.0
2012-01-19,91.6456,91.64,91.66,91.64,728060.0,6.110868616326925e-05
2012-01-20,91.64,91.64,91.66,91.64,211365.0,-6.110495211997247e-05
2012-01-23,91.64,91.66,91.66,91.64,224314.0,0.0
2012-01-24,91.64,91.64,91.66,91.64,216126.0,0.0
2012-01-25,91.64,91.64,91.66,91.64,269758.0,0.0
2012-01-26,91.64,91.65,91.66,91.64,182172.0,0.0
2012-01-27,91.64,91.64,91.66,91.64,153818.0,0.0
2012-01-30,91.66,91.64,91.66,91.64,256009.0,0.0002182453077257
2012-01-31,91.64,91.66,91.66,91.64,416780.0,-0.0002181976871045
2012-02-01,91.64,91.64,91.66,91.64,362588.0,0.0
2012-02-02,91.64,91.64,91.66,91.64,118960.0,0.0
2012-02-03,91.64,91.64,91.66,91.64,365155.0,0.0
2012-02-06,91.66,91.64,91.66,91.64,184889.0,0.0002182453077257
2012-02-07,91.64,91.64,91.66,91.64,189462.0,-0.0002181976871045
2012-02-08,91.66,91.64,91.66,91.64,450461.0,0.0002182453077257
2012-02-09,91.64,91.64,91.66,91.64,130107.0,-0.0002181976871045
2012-02-10,91.66,91.66,91.66,91.64,521278.0,0.0002182453077257
2012-02-13,91.64,91.64,91.66,91.64,638564.0,-0.0002181976871045
2012-02-14,91.66,91.64,91.66,91.64,173948.0,0.0002182453077257
2012-02-15,91.64,91.66,91.66,91.64,103610.0,-0.0002181976871045
2012-02-16,91.66,91.66,91.66,91.64,442197.0,0.0002182453077257
2012-02-17,91.64,91.64,91.66,91.64,81355.0,-0.0002181976871045
2012-02-21,91.64,91.64,91.66,91.64,154721.0,0.0
2012-02-22,91.64,91.64,91.66,91.64,105313.0,0.0
2012-02-23,91.64,91.66,91.66,91.64,156252.0,0.0
2012-02-24,91.66,91.64,91.66,91.64,186513.0,0.0002182453077257
2012-02-27,91.64,91.66,91.66,91.64,955988.0,-0.0002181976871045
2012-02-28,91.64,91.66,91.66,91.64,132038.0,0.0
2012-02-29,91.66,91.64,91.66,91.64,453584.0,0.0002182453077257
2012-03-01,91.64,91.64,91.64,91.62,218255.0,-0.0002181976871045
2012-03-02,91.64,91.64,91.64,91.62,186597.0,0.0
2012-03-05,91.64,91.62,91.64,91.62,248880.0,0.0
2012-03-06,91.64,91.64,91.64,91.62,179740.0,0.0
2012-03-07,91.64,91.64,91.66,91.64,125363.0,0.0
2012-03-08,91.66,91.64,91.66,91.64,711287.0,0.0002182453077257
2012-03-09,91.66,91.64,91.66,91.64,194289.0,0.0
2012-03-12,91.6598,91.66,91.66,91.64,124847.0,-2.1819768709629983e-06
2012-03-13,91.66,91.66,91.66,91.64,205316.0,2.181981632043417e-06
2012-03-14,91.64,91.64,91.66,91.64,127016.0,-0.0002181976871045
2012-03-15,91.64,91.66,91.66,91.64,468014.0,0.0
2012-03-16,91.64,91.64,91.66,91.64,501148.0,0.0
2012-03-19,91.66,91.66,91.66,91.64,105113.0,0.0002182453077257
2012-03-20,91.66,91.64,91.66,91.64,117230.0,0.0
2012-03-21,91.66,91.64,91.66,91.64,65794.0,0.0
2012-03-22,91.66,91.66,91.66,91.64,106121.0,0.0
2012-03-23,91.65,91.64,91.66,91.64,103232.0,-0.0001090988435521
2012-03-26,91.66,91.66,91.66,91.64,1261293.0,0.0001091107474084
2012-03-27,91.64,91.66,91.66,91.64,185027.0,-0.0002181976871045
2012-03-28,91.66,91.64,91.66,91.64,55793.0,0.0002182453077257
2012-03-29,91.64,91.64,91.66,91.64,131023.0,-0.0002181976871045
2012-03-30,91.64,91.64,91.66,91.64,102239.0,0.0
2012-04-02,91.62,91.64,91.66,91.62,778234.0,-0.0002182453077258
2012-04-03,91.64,91.62,91.64,91.62,871064.0,0.0002182929491376
2012-04-04,91.62,91.64,91.64,91.62,319834.0,-0.0002182453077258
2012-04-05,91.64,91.64,91.66,91.64,381093.0,0.0002182929491376
2012-04-09,91.66,91.64,91.66,91.64,1135990.0,0.0002182453077257
2012-04-10,91.66,91.64,91.66,91.64,520185.0,0.0
2012-04-11,91.66,91.64,91.66,91.64,1014225.0,0.0
2012-04-12,91.64,91.66,91.66,91.64,1015400.0,-0.0002181976871045
2012-04-13,91.62,91.62,91.64,91.62,148507.0,-0.0002182453077258
2012-04-16,91.64,91.64,91.66,91.62,617204.0,0.0002182929491376
2012-04-17,91.64,91.64,91.66,91.64,174453.0,0.0
2012-04-18,91.64,91.64,91.66,91.64,77460.0,0.0
2012-04-19,91.66,91.64,91.66,91.64,38287.0,0.0002182453077257
2012-04-20,91.64,91.66,91.66,91.64,58399.0,-0.0002181976871045
2012-04-23,91.66,91.64,91.66,91.64,1436321.0,0.0002182453077257
2012-04-24,91.66,91.66,91.66,91.64,271478.0,0.0
2012-04-25,91.64,91.64,91.66,91.64,415787.0,-0.0002181976871045
2012-04-26,91.65,91.66,91.66,91.64,68410.0,0.0001091226538629
2012-04-27,91.64,91.64,91.66,91.64,100144.0,-0.0001091107474087
2012-04-30,91.66,91.64,91.66,91.64,85886.0,0.0002182453077257
2012-05-01,91.66,91.64,91.66,91.64,219470.0,0.0
2012-05-02,91.66,91.64,91.66,91.64,123278.0,0.0
2012-05-03,91.64,91.64,91.66,91.64,84779.0,-0.0002181976871045
2012-05-04,91.64,91.64,91.66,91.64,111335.0,0.0
2012-05-07,91.66,91.64,91.66,91.64,257728.0,0.0002182453077257
2012-05-08,91.66,91.66,91.66,91.64,282938.0,0.0
2012-05-09,91.66,91.64,91.66,91.64,921240.0,0.0
2012-05-10,91.66,91.64,91.66,91.64,457004.0,0.0
2012-05-11,91.66,91.66,91.66,91.64,128014.0,0.0
2012-05-14,91.66,91.64,91.66,91.64,221022.0,0.0
2012-05-15,91.66,91.64,91.66,91.64,528641.0,0.0
2012-05-16,91.66,91.66,91.66,91.64,103919.0,0.0
2012-05-17,91.66,91.66,91.66,91.64,346476.0,0.0
2012-05-18,91.65,91.64,91.66,91.64,575394.0,-0.0001090988435521
2012-05-21,91.66,91.64,91.66,91.64,1053986.0,0.0001091107474084
2012-05-22,91.63,91.64,91.66,91.62,649073.0,-0.0003272965306567
2012-05-23,91.63,91.62,91.64,91.62,127962.0,0.0
2012-05-24,91.66,91.62,91.66,91.62,1778858.0,0.0003274036887481
2012-05-25,91.66,91.64,91.66,91.64,730229.0,0.0
2012-05-29,91.66,91.66,91.66,91.64,150941.0,0.0
2012-05-30,91.6568,91.66,91.66,91.64,433492.0,-3.491162993662922e-05
2012-05-31,91.66,91.66,91.66,91.64,292523.0,3.491284880108303e-05
2012-06-01,91.66,91.66,91.66,91.64,290645.0,0.0
2012-06-04,91.66,91.66,91.66,91.64,518198.0,0.0
2012-06-05,91.66,91.64,91.66,91.64,383252.0,0.0
2012-06-06,91.64,91.66,91.66,91.62,753312.0,-0.0002181976871045
2012-06-07,91.64,91.66,91.66,91.6203,441479.0,0.0
2012-06-08,91.64,91.64,91.66,91.64,158899.0,0.0
2012-06-11,91.64,91.64,91.66,91.64,119768.0,0.0
2012-06-12,91.66,91.66,91.66,91.64,245932.0,0.0002182453077257
2012-06-13,91.66,91.64,91.66,91.64,59549.0,0.0
2012-06-14,91.66,91.64,91.66,91.64,169429.0,0.0
2012-06-15,91.64,91.64,91.66,91.64,107370.0,-0.0002181976871045
2012-06-18,91.66,91.66,91.66,91.64,132253.0,0.0002182453077257
2012-06-19,91.62,91.66,91.66,91.62,831732.0,-0.0004363953742089
2012-06-20,91.62,91.62,91.64,91.62,124089.0,0.0
2012-06-21,91.66,91.62,91.66,91.62,918084.0,0.0004365858982753
2012-06-22,91.64,91.64,91.66,91.64,66949.0,-0.0002181976871045
2012-06-25,91.66,91.64,91.66,91.64,788239.0,0.0002182453077257
2012-06-26,91.66,91.64,91.66,91.64,127901.0,0.0
2012-06-27,91.64,91.64,91.66,91.64,118521.0,-0.0002181976871045
2012-06-28,91.66,91.66,91.66,91.64,348824.0,0.0002182453077257
2012-06-29,91.62,91.64,91.66,91.62,1110921.0,-0.0004363953742089
2012-07-02,91.62,91.62,91.64,91.62,873859.0,0.0
2012-07-03,91.62,91.62,91.64,91.62,313014.0,0.0
2012-07-05,91.62,91.62,91.64,91.62,1299192.0,0.0
2012-07-06,91.62,91.64,91.64,91.62,134737.0,0.0
2012-07-09,91.62,91.64,91.64,91.62,417395.0,0.0
2012-07-10,91.62,91.62,91.64,91.62,451442.0,0.0
2012-07-11,91.62,91.62,91.64,91.62,124904.0,0.0
2012-07-12,91.62,91.62,91.64,91.62,260686.0,0.0
2012-07-13,91.64,91.62,91.64,91.62,159746.0,0.0002182929491376
2012-07-16,91.62,91.62,91.64,91.62,97988.0,-0.0002182453077258
2012-07-17,91.63,91.62,91.64,91.62,46505.0,0.0001091464745688
2012-07-18,91.62,91.64,91.64,91.62,108463.0,-0.0001091345629159
2012-07-19,91.64,91.64,91.64,91.62,160327.0,0.0002182929491376
2012-07-20,91.62,91.62,91.64,91.62,121734.0,-0.0002182453077258
2012-07-23,91.62,91.6338,91.64,91.62,144517.0,0.0
2012-07-24,91.64,91.62,91.64,91.62,225262.0,0.0002182929491376
2012-07-25,91.65,91.64,91.66,91.62,1505731.0,0.0001091226538629
2012-07-26,91.64,91.64,91.66,91.64,424848.0,-0.0001091107474087
2012-07-27,91.66,91.64,91.66,91.64,179401.0,0.0002182453077257
2012-07-30,91.66,91.66,91.66,91.64,372105.0,0.0
2012-07-31,91.62,91.62,91.64,91.62,150876.0,-0.0004363953742089
2012-08-01,91.64,91.66,91.66,91.64,699727.0,0.0002182929491376
2012-08-02,91.64,91.64,91.66,91.64,105577.0,0.0
2012-08-03,91.64,91.64,91.66,91.64,123325.0,0.0
2012-08-06,91.66,91.64,91.66,91.64,208511.0,0.0002182453077257
2012-08-07,91.64,91.64,91.66,91.62,545295.0,-0.0002181976871045
2012-08-08,91.62,91.64,91.64,91.62,205624.0,-0.0002182453077258
2012-08-09,91.62,91.62,91.64,91.62,65385.0,0.0
2012-08-10,91.62,91.62,91.64,91.62,246784.0,0.0
2012-08-13,91.62,91.64,91.64,91.62,1007869.0,0.0
2012-08-14,91.62,91.62,91.64,91.62,179204.0,0.0
2012-08-15,91.62,91.62,91.64,91.62,85150.0,0.0
2012-08-16,91.62,91.62,91.64,91.62,538458.0,0.0
2012-08-17,91.62,91.62,91.64,91.62,190037.0,0.0
2012-08-20,91.62,91.62,91.64,91.62,116364.0,0.0
2012-08-21,91.62,91.62,91.64,91.62,152542.0,0.0
2012-08-22,91.62,91.62,91.64,91.62,102832.0,0.0
2012-08-23,91.62,91.62,91.64,91.62,134185.0,0.0
2012-08-24,91.62,91.64,91.64,91.62,131152.0,0.0
2012-08-27,91.62,91.62,91.64,91.62,101275.0,0.0
2012-08-28,91.63,91.62,91.64,91.62,99490.0,0.0001091464745688
2012-08-29,91.62,91.62,91.64,91.62,72341.0,-0.0001091345629159
2012-08-30,91.62,91.64,91.64,91.62,137296.0,0.0
2012-08-31,91.63,91.62,91.64,91.62,183445.0,0.0001091464745688
2012-09-04,91.62,91.62,91.64,91.62,122840.0,-0.0001091345629159
2012-09-05,91.64,91.64,91.64,91.62,357777.0,0.0002182929491376
2012-09-06,91.64,91.62,91.64,91.62,133515.0,0.0
2012-09-07,91.625,91.62,91.64,91.62,580841.0,-0.0001636839807944
2012-09-10,91.62,91.62,91.64,91.62,430658.0,-5.457025920863057e-05
2012-09-11,91.62,91.64,91.64,91.62,49874.0,0.0
2012-09-12,91.62,91.62,91.64,91.62,192725.0,0.0
2012-09-13,91.62,91.62,91.64,91.62,553011.0,0.0
2012-09-14,91.62,91.62,91.64,91.62,97073.0,0.0
2012-09-17,91.62,91.62,91.64,91.62,141692.0,0.0
2012-09-18,91.62,91.64,91.64,91.62,1879282.0,0.0
2012-09-19,91.62,91.62,91.64,91.62,178085.0,0.0
2012-09-20,91.62,91.62,91.64,91.62,229496.0,0.0
2012-09-21,91.63,91.62,91.64,91.62,1148714.0,0.0001091464745688
2012-09-24,91.62,91.64,91.64,91.62,123927.0,-0.0001091345629159
2012-09-25,91.62,91.62,91.64,91.62,276638.0,0.0
2012-09-26,91.63,91.62,91.64,91.62,150890.0,0.0001091464745688
2012-09-27,91.64,91.62,91.64,91.62,137990.0,0.000109134562916
2012-09-28,91.62,91.64,91.64,91.62,165612.0,-0.0002182453077258
2012-10-01,91.62,91.62,91.64,91.62,165098.0,0.0
2012-10-02,91.64,91.62,91.64,91.62,92936.0,0.0002182929491376
2012-10-03,91.62,91.62,91.64,91.62,138451.0,-0.0002182453077258
2012-10-04,91.63,91.62,91.64,91.62,738547.0,0.0001091464745688
2012-10-05,91.62,91.64,91.64,91.62,541618.0,-0.0001091345629159
2012-10-08,91.62,91.64,91.64,91.62,273764.0,0.0
2012-10-09,91.62,91.62,91.64,91.62,287412.0,0.0
2012-10-10,91.64,91.62,91.64,91.62,253555.0,0.0002182929491376
2012-10-11,91.64,91.62,91.64,91.62,69863.0,0.0
2012-10-12,91.62,91.64,91.64,91.62,189636.0,-0.0002182453077258
2012-10-15,91.64,91.62,91.64,91.62,131796.0,0.0002182929491376
2012-10-16,91.62,91.62,91.64,91.62,134753.0,-0.0002182453077258
2012-10-17,91.64,91.62,91.64,91.62,48645.0,0.0002182929491376
2012-10-18,91.62,91.62,91.64,91.62,96977.0,-0.0002182453077258
2012-10-19,91.62,91.64,91.64,91.62,199479.0,0.0
2012-10-22,91.63,91.62,91.64,91.62,78561.0,0.0001091464745688
2012-10-23,91.64,91.64,91.64,91.62,965627.0,0.000109134562916
2012-10-24,91.64,91.62,91.64,91.62,183408.0,0.0
2012-10-25,91.63,91.62,91.64,91.62,223317.0,-0.0001091226538629
2012-10-26,91.6266,91.64,91.64,91.62,45553.0,-3.710575139148631e-05
2012-10-31,91.64,91.62,91.64,91.62,395321.0,0.0001462457408656
2012-11-01,91.64,91.64,91.64,91.62,66508.0,0.0
2012-11-02,91.64,91.64,91.64,91.62,378394.0,0.0
2012-11-05,91.62,91.62,91.64,91.62,527969.0,-0.0002182453077258
2012-11-06,91.63,91.62,91.64,91.62,106473.0,0.0001091464745688
2012-11-07,91.64,91.62,91.64,91.62,1984603.0,0.000109134562916
2012-11-08,91.64,91.64,91.64,91.62,452735.0,0.0
2012-11-09,91.64,91.62,91.64,91.62,1463210.0,0.0
2012-11-12,91.64,91.64,91.64,91.62,376618.0,0.0
2012-11-13,91.64,91.62,91.64,91.62,2434998.0,0.0
2012-11-14,91.64,91.62,91.64,91.62,312865.0,0.0
2012-11-15,91.64,91.62,91.64,91.62,304445.0,0.0
2012-11-16,91.6398,91.62,91.64,91.62,148597.0,-2.1824530773706385e-06
2012-11-19,91.64,91.62,91.64,91.62,133648.0,2.1824578404494588e-06
2012-11-20,91.63,91.62,91.64,91.62,64901.0,-0.0001091226538629
2012-11-21,91.62,91.62,91.64,91.62,69776.0,-0.0001091345629159
2012-11-23,91.62,91.62,91.64,91.62,52876.0,0.0
2012-11-26,91.63,91.62,91.64,91.62,594665.0,0.0001091464745688
2012-11-27,91.63,91.62,91.64,91.62,213125.0,0.0
2012-11-28,91.62,91.62,91.64,91.62,63949.0,-0.0001091345629159
2012-11-29,91.62,91.62,91.64,91.62,1176738.0,0.0
2012-11-30,91.62,91.64,91.64,91.62,701307.0,0.0
2012-12-03,91.62,91.62,91.64,91.62,693961.0,0.0
2012-12-04,91.62,91.64,91.64,91.62,217120.0,0.0
2012-12-05,91.62,91.62,91.64,91.62,141717.0,0.0
2012-12-06,91.62,91.62,91.64,91.62,137184.0,0.0
2012-12-07,91.62,91.62,91.64,91.62,376401.0,0.0
2012-12-10,91.62,91.62,91.64,91.62,356462.0,0.0
2012-12-11,91.62,91.62,91.64,91.62,308800.0,0.0
2012-12-12,91.62,91.62,91.64,91.62,269942.0,0.0
2012-12-13,91.62,91.62,91.64,91.62,151655.0,0.0
2012-12-14,91.62,91.64,91.64,91.62,163337.0,0.0
2012-12-17,91.62,91.62,91.64,91.62,665257.0,0.0
2012-12-18,91.64,91.62,91.64,91.62,254177.0,0.0002182929491376
2012-12-19,91.62,91.62,91.64,91.62,150526.0,-0.0002182453077258
2012-12-20,91.62,91.62,91.64,91.62,189552.0,0.0
2012-12-21,91.62,91.62,91.64,91.62,153380.0,0.0
2012-12-24,91.62,91.64,91.64,91.62,107447.0,0.0
2012-12-26,91.62,91.62,91.64,91.62,84963.0,0.0
2012-12-27,91.63,91.64,91.64,91.62,62061.0,0.0001091464745688
2012-12-28,91.64,91.62,91.64,91.62,213329.0,0.000109134562916
2012-12-31,91.62,91.64,91.64,91.62,373686.0,-0.0002182453077258
2013-01-02,91.62,91.62,91.64,91.62,1277899.0,0.0
2013-01-03,91.62,91.64,91.64,91.62,294481.0,0.0
2013-01-04,91.64,91.62,91.64,91.62,192677.0,0.0002182929491376
2013-01-07,91.6,91.6,91.62,91.6,179619.0,-0.0004364906154518
2013-01-08,91.6,91.62,91.62,91.6,106602.0,0.0
2013-01-09,91.6,91.6,91.62,91.6,197384.0,0.0
2013-01-10,91.6,91.6,91.62,91.6,81076.0,0.0
2013-01-11,91.6,91.62,91.62,91.6,58718.0,0.0
2013-01-14,91.6,91.62,91.62,91.6,87226.0,0.0
2013-01-15,91.6,91.6,91.62,91.6,72384.0,0.0
2013-01-16,91.604,91.6,91.62,91.6,417529.0,4.366812227085681e-05
2013-01-17,91.62,91.6,91.62,91.6,739523.0,0.0001746648617964
2013-01-18,91.6,91.62,91.62,91.6,279379.0,-0.0002182929491378
2013-01-22,91.6,91.6,91.62,91.6,139472.0,0.0
2013-01-23,91.6,91.6,91.62,91.6,150229.0,0.0
2013-01-24,91.61,91.6,91.62,91.6,2557825.0,0.0001091703056768
2013-01-25,91.6,91.6,91.62,91.6,188752.0,-0.0001091583888221
2013-01-28,91.6,91.6,91.62,91.6,285452.0,0.0
2013-01-29,91.6,91.62,91.62,91.6,85259.0,0.0
2013-01-30,91.6,91.6,91.62,91.6,160723.0,0.0
2013-01-31,91.62,91.62,91.62,91.6,168412.0,0.0002183406113538
2013-02-01,91.6,91.6,91.62,91.6,171606.0,-0.0002182929491378
2013-02-04,91.6,91.6,91.62,91.6,112511.0,0.0
2013-02-05,91.62,91.6,91.62,91.6,165466.0,0.0002183406113538
2013-02-06,91.61,91.62,91.62,91.6,282503.0,-0.0001091464745689
2013-02-07,91.61,91.6,91.62,91.6,50885.0,0.0
2013-02-08,91.61,91.62,91.62,91.6,579710.0,0.0
2013-02-11,91.62,91.6,91.62,91.6,204957.0,0.0001091583888221
2013-02-12,91.62,91.62,91.62,91.6,195575.0,0.0
2013-02-13,91.6,91.62,91.62,91.6,98285.0,-0.0002182929491378
2013-02-14,91.62,91.6,91.62,91.6,116480.0,0.0002183406113538
2013-02-15,91.6003,91.62,91.62,91.6,51888.0,-0.0002150185549006
2013-02-19,91.6,91.62,91.62,91.6,89170.0,-3.275098444111002e-06
2013-02-20,91.61,91.62,91.62,91.6,110416.0,0.0001091703056768
2013-02-21,91.6,91.62,91.62,91.6,290804.0,-0.0001091583888221
2013-02-22,91.62,91.6,91.62,91.6,70769.0,0.0002183406113538
2013-02-25,91.6,91.62,91.62,91.6,125384.0,-0.0002182929491378
2013-02-26,91.6,91.6,91.62,91.6,145248.0,0.0
2013-02-27,91.62,91.6,91.62,91.6,101552.0,0.0002183406113538
2013-02-28,91.62,91.611,91.62,91.6,328477.0,0.0
2013-03-01,91.62,91.62,91.62,91.6,67485.0,0.0
2013-03-04,91.6,91.6,91.62,91.6,86676.0,-0.0002182929491378
2013-03-05,91.62,91.6,91.62,91.6,133669.0,0.0002183406113538
2013-03-06,91.6,91.6,91.62,91.6,186763.0,-0.0002182929491378
2013-03-07,91.616,91.6,91.62,91.6,58209.0,0.0001746724890829
2013-03-08,91.6,91.62,91.62,91.6,291365.0,-0.000174641983933
2013-03-11,91.61,91.6,91.62,91.6,126659.0,0.0001091703056768
2013-03-12,91.6,91.6,91.62,91.6,159937.0,-0.0001091583888221
2013-03-13,91.62,91.6,91.62,91.6,161268.0,0.0002183406113538
2013-03-14,91.62,91.62,91.62,91.6,105076.0,0.0
2013-03-15,91.62,91.6,91.62,91.6,176762.0,0.0
2013-03-18,91.6016,91.62,91.62,91.6,2238940.0,-0.0002008295132067
2013-03-19,91.6,91.6,91.62,91.6,93512.0,-1.7466943808996938e-05
2013-03-20,91.6,91.6,91.62,91.6,140809.0,0.0
2013-03-21,91.6,91.6,91.62,91.6,61609.0,0.0
2013-03-22,91.62,91.6,91.62,91.6,83885.0,0.0002183406113538
2013-03-25,91.6,91.6,91.62,91.6,338538.0,-0.0002182929491378
2013-03-26,91.62,91.62,91.62,91.6,119076.0,0.0002183406113538
2013-03-27,91.6,91.6,91.62,91.6,262849.0,-0.0002182929491378
2013-03-28,91.62,91.6,91.62,91.6,97768.0,0.0002183406113538
2013-04-01,91.6,91.62,91.62,91.6,182055.0,-0.0002182929491378
2013-04-02,91.62,91.62,91.62,91.6,139853.0,0.0002183406113538
2013-04-03,91.6,91.62,91.62,91.6,143343.0,-0.0002182929491378
2013-04-04,91.6,91.6,91.62,91.6,91753.0,0.0
2013-04-05,91.62,91.6,91.62,91.6,182239.0,0.0002183406113538
2013-04-08,91.62,91.62,91.62,91.6,113868.0,0.0
2013-04-09,91.62,91.62,91.62,91.6,82286.0,0.0
2013-04-10,91.62,91.62,91.62,91.6,74231.0,0.0
2013-04-11,91.6,91.62,91.62,91.6,281866.0,-0.0002182929491378
2013-04-12,91.62,91.62,91.62,91.6,91608.0,0.0002183406113538
2013-04-15,91.61,91.6,91.62,91.6,146028.0,-0.0001091464745689
2013-04-16,91.62,91.62,91.62,91.6,90330.0,0.0001091583888221
2013-04-17,91.62,91.6,91.62,91.6,73429.0,0.0
2013-04-18,91.6,91.6,91.62,91.6,247062.0,-0.0002182929491378
2013-04-19,91.62,91.62,91.62,91.6,90295.0,0.0002183406113538
2013-04-22,91.62,91.6,91.62,91.6,57202.0,0.0
2013-04-23,91.62,91.6,91.62,91.6,355496.0,0.0
2013-04-24,91.62,91.62,91.62,91.6,159894.0,0.0
2013-04-25,91.6,91.6,91.62,91.6,104742.0,-0.0002182929491378
2013-04-26,91.6,91.6,91.62,91.6,81453.0,0.0
2013-04-29,91.6,91.62,91.62,91.6,117807.0,0.0
2013-04-30,91.6,91.62,91.62,91.6,184415.0,0.0
2013-05-01,91.6,91.6,91.62,91.6,704716.0,0.0
2013-05-02,91.62,91.62,91.62,91.6,71777.0,0.0002183406113538
2013-05-03,91.6,91.62,91.62,91.6,263560.0,-0.0002182929491378
2013-05-06,91.6,91.6,91.62,91.6,117297.0,0.0
2013-05-07,91.6,91.6,91.62,91.6,51232.0,0.0
2013-05-08,91.62,91.6,91.62,91.6,186715.0,0.0002183406113538
2013-05-09,91.61,91.6,91.62,91.6,59759.0,-0.0001091464745689
2013-05-10,91.6,91.6,91.62,91.6,77138.0,-0.0001091583888221
2013-05-13,91.62,91.62,91.62,91.6,90679.0,0.0002183406113538
2013-05-14,91.6,91.62,91.62,91.6,441727.0,-0.0002182929491378
2013-05-15,91.6,91.6,91.62,91.6,110114.0,0.0
2013-05-16,91.6,91.62,91.62,91.6,163610.0,0.0
2013-05-17,91.62,91.6,91.62,91.6,181572.0,0.0002183406113538
2013-05-20,91.6,91.6,91.62,91.6,239049.0,-0.0002182929491378
2013-05-21,91.62,91.62,91.62,91.6,113064.0,0.0002183406113538
2013-05-22,91.62,91.6,91.62,91.6,120963.0,0.0
2013-05-23,91.62,91.62,91.62,91.6,434304.0,0.0
2013-05-24,91.62,91.62,91.62,91.6,55201.0,0.0
2013-05-28,91.6,91.6,91.62,91.6,110259.0,-0.0002182929491378
2013-05-29,91.62,91.62,91.62,91.6,230718.0,0.0002183406113538
2013-05-30,91.6,91.6,91.62,91.6,92433.0,-0.0002182929491378
2013-05-31,91.62,91.6,91.62,91.6,1031038.0,0.0002183406113538
2013-06-03,91.62,91.6,91.62,91.6,453407.0,0.0
2013-06-04,91.62,91.6,91.62,91.6,147155.0,0.0
2013-06-05,91.62,91.6,91.62,91.6,123108.0,0.0
2013-06-06,91.6,91.62,91.62,91.58,2841772.0,-0.0002182929491378
2013-06-07,91.62,91.58,91.62,91.58,275000.0,0.0002183406113538
2013-06-10,91.6,91.62,91.62,91.6,212798.0,-0.0002182929491378
2013-06-11,91.61,91.62,91.62,91.6,160329.0,0.0001091703056768
2013-06-12,91.6,91.62,91.62,91.6,490030.0,-0.0001091583888221
2013-06-13,91.62,91.6,91.62,91.6,2133155.0,0.0002183406113538
2013-06-14,91.6,91.6,91.62,91.6,350335.0,-0.0002182929491378
2013-06-17,91.6,91.6,91.62,91.6,105123.0,0.0
2013-06-18,91.6,91.6,91.62,91.6,169663.0,0.0
2013-06-19,91.6,91.62,91.62,91.6,116199.0,0.0
2013-06-20,91.6,91.62,91.62,91.6,1520378.0,0.0
2013-06-21,91.62,91.62,91.62,91.6,444064.0,0.0002183406113538
2013-06-24,91.61,91.6,91.62,91.6,384482.0,-0.0001091464745689
2013-06-25,91.62,91.6,91.62,91.6,3208474.0,0.0001091583888221
2013-06-26,91.62,91.6,91.62,91.6,473568.0,0.0
2013-06-27,91.6,91.62,91.62,91.6,185222.0,-0.0002182929491378
2013-06-28,91.6,91.62,91.62,91.58,1420725.0,0.0
2013-07-01,91.62,91.6,91.62,91.6,437199.0,0.0002183406113538
2013-07-02,91.6,91.62,91.62,91.6,378286.0,-0.0002182929491378
2013-07-03,91.62,91.6102,91.62,91.6,208088.0,0.0002183406113538
2013-07-05,91.62,91.6138,91.62,91.6,342267.0,0.0
2013-07-08,91.58,91.6,91.62,91.58,152259.0,-0.0004365858982755
2013-07-09,91.58,91.58,91.62,91.58,631595.0,0.0
2013-07-10,91.58,91.58,91.6,91.58,239344.0,0.0
2013-07-11,91.58,91.58,91.6,91.58,790017.0,0.0
2013-07-12,91.58,91.58,91.6,91.58,254548.0,0.0
2013-07-15,91.58,91.58,91.6,91.58,298666.0,0.0
2013-07-16,91.58,91.6,91.6,91.58,146023.0,0.0
2013-07-17,91.58,91.6,91.6,91.58,156572.0,0.0
2013-07-18,91.6,91.6,91.6,91.58,168665.0,0.0002183882943873
2013-07-19,91.6,91.58,91.6,91.58,85507.0,0.0
2013-07-22,91.6,91.6,91.6,91.58,421517.0,0.0
2013-07-23,91.6,91.58,91.6,91.58,92889.0,0.0
2013-07-24,91.62,91.6,91.62,91.58,747200.0,0.0002183406113538
2013-07-25,91.58,91.6,91.62,91.58,149536.0,-0.0004365858982755
2013-07-26,91.59,91.62,91.62,91.58,378549.0,0.0001091941471937
2013-07-29,91.6,91.58,91.6,91.58,160612.0,0.0001091822251335
2013-07-30,91.58,91.58,91.6,91.58,172422.0,-0.0002183406113536
2013-07-31,91.6,91.6,91.6,91.58,238777.0,0.0002183882943873
2013-08-01,91.58,91.58,91.6,91.58,207460.0,-0.0002183406113536
2013-08-02,91.6,91.58,91.6,91.58,273818.0,0.0002183882943873
2013-08-05,91.6,91.6,91.6,91.58,149881.0,0.0
2013-08-06,91.6,91.6,91.6,91.58,89292.0,0.0
2013-08-07,91.58,91.6,91.6,91.58,97095.0,-0.0002183406113536
2013-08-08,91.58,91.58,91.6,91.58,112033.0,0.0
2013-08-09,91.59,91.58,91.6,91.58,172674.0,0.0001091941471937
2013-08-12,91.6,91.6,91.6,91.58,118536.0,0.0001091822251335
2013-08-13,91.6,91.6,91.6,91.58,60496.0,0.0
2013-08-14,91.6,91.58,91.6,91.58,131377.0,0.0
2013-08-15,91.6,91.6,91.6,91.58,668494.0,0.0
2013-08-16,91.6,91.6,91.6,91.58,491954.0,0.0
2013-08-19,91.58,91.6,91.6,91.58,233618.0,-0.0002183406113536
2013-08-20,91.6,91.6,91.6,91.58,207664.0,0.0002183882943873
2013-08-21,91.6,91.58,91.6,91.58,244307.0,0.0
2013-08-22,91.58,91.6,91.6,91.58,240872.0,-0.0002183406113536
2013-08-23,91.6,91.6,91.6,91.58,86036.0,0.0002183882943873
2013-08-26,91.58,91.58,91.6,91.58,249799.0,-0.0002183406113536
2013-08-27,91.58,91.6,91.6,91.58,231239.0,0.0
2013-08-28,91.58,91.58,91.6,91.58,77971.0,0.0
2013-08-29,91.6,91.6,91.6,91.58,133937.0,0.0002183882943873
2013-08-30,91.6,91.58,91.6,91.58,500901.0,0.0
2013-09-03,91.6,91.58,91.6,91.58,370914.0,0.0
2013-09-04,91.6,91.58,91.6,91.58,206504.0,0.0
2013-09-05,91.6,91.58,91.6,91.58,527005.0,0.0
2013-09-06,91.6,91.58,91.6,91.58,265502.0,0.0
2013-09-09,91.57,91.6,91.6,91.56,903175.0,-0.0003275109170305
2013-09-10,91.58,91.6,91.6,91.58,275956.0,0.0001092060718577
2013-09-11,91.58,91.6,91.6,91.58,417223.0,0.0
2013-09-12,91.58,91.6,91.6,91.58,97144.0,0.0
2013-09-13,91.59,91.6,91.6,91.58,355275.0,0.0001091941471937
2013-09-16,91.58,91.58,91.6,91.58,185172.0,-0.0001091822251337
2013-09-17,91.58,91.58,91.6,91.58,158053.0,0.0
2013-09-18,91.6,91.58,91.6,91.58,295731.0,0.0002183882943873
2013-09-19,91.6,91.58,91.6,91.58,206189.0,0.0
2013-09-20,91.58,91.6,91.6,91.58,647574.0,-0.0002183406113536
2013-09-23,91.58,91.58,91.6,91.58,191279.0,0.0
2013-09-24,91.58,91.6,91.6,91.58,160601.0,0.0
2013-09-25,91.58,91.58,91.6,91.58,83144.0,0.0
2013-09-26,91.58,91.6,91.6,91.58,102073.0,0.0
2013-09-27,91.58,91.58,91.6,91.58,247321.0,0.0
2013-09-30,91.58,91.58,91.6,91.58,480964.0,0.0
2013-10-01,91.6,91.6,91.6,91.56,2341056.0,0.0002183882943873
2013-10-02,91.59,91.6,91.6,91.58,185017.0,-0.0001091703056768
2013-10-03,91.6,91.6,91.6,91.58,1240564.0,0.0001091822251335
2013-10-04,91.6,91.58,91.6,91.58,283784.0,0.0
2013-10-07,91.6,91.6,91.6,91.58,202975.0,0.0
2013-10-08,91.59,91.58,91.6,91.58,215865.0,-0.0001091703056768
2013-10-09,91.57,91.56,91.58,91.56,325125.0,-0.0002183644502675
2013-10-10,91.56,91.56,91.58,91.56,939609.0,-0.0001092060718574
2013-10-11,91.54,91.58,91.58,91.54,6366772.0,-0.0002184359982524
2013-10-14,91.54,91.54,91.56,91.54,150483.0,0.0
2013-10-15,91.54,91.56,91.56,91.54,562639.0,0.0
2013-10-16,91.56,91.54,91.58,91.54,945485.0,0.0002184837229626
2013-10-17,91.56,91.58,91.58,91.56,140367.0,0.0
2013-10-18,91.58,91.56,91.58,91.56,197439.0,0.0002184359982524
2013-10-21,91.58,91.58,91.58,91.56,215554.0,0.0
2013-10-22,91.57,91.56,91.58,91.56,100192.0,-0.0001091941471937
2013-10-23,91.58,91.58,91.58,91.56,259974.0,0.0001092060718577
2013-10-24,91.56,91.56,91.58,91.56,149025.0,-0.0002183882943873
2013-10-25,91.58,91.56,91.58,91.56,69646.0,0.0002184359982524
2013-10-28,91.58,91.56,91.58,91.56,88415.0,0.0
2013-10-29,91.56,91.56,91.58,91.56,873696.0,-0.0002183882943873
2013-10-30,91.56,91.56,91.58,91.56,399451.0,0.0
2013-10-31,91.56,91.58,91.58,91.56,143917.0,0.0
2013-11-01,91.56,91.58,91.58,91.56,539726.0,0.0
2013-11-04,91.56,91.56,91.58,91.56,138084.0,0.0
2013-11-05,91.56,91.58,91.58,91.56,85126.0,0.0
2013-11-06,91.57,91.58,91.58,91.56,502804.0,0.0001092179991262
2013-11-07,91.56,91.56,91.58,91.56,156348.0,-0.0001092060718574
2013-11-08,91.56,91.58,91.58,91.56,295980.0,0.0
2013-11-11,91.58,91.56,91.58,91.56,125483.0,0.0002184359982524
2013-11-12,91.58,91.58,91.58,91.56,129585.0,0.0
2013-11-13,91.58,91.56,91.58,91.56,117482.0,0.0
2013-11-14,91.56,91.58,91.58,91.56,156689.0,-0.0002183882943873
2013-11-15,91.56,91.58,91.58,91.56,91932.0,0.0
2013-11-18,91.56,91.56,91.58,91.56,180217.0,0.0
2013-11-19,91.56,91.56,91.58,91.56,93761.0,0.0
2013-11-20,91.56,91.58,91.58,91.56,108322.0,0.0
2013-11-21,91.58,91.58,91.58,91.56,287771.0,0.0002184359982524
2013-11-22,91.56,91.56,91.58,91.56,384996.0,-0.0002183882943873
2013-11-25,91.56,91.58,91.58,91.56,630855.0,0.0
2013-11-26,91.56,91.56,91.58,91.56,62525.0,0.0
2013-11-27,91.58,91.58,91.58,91.56,145915.0,0.0002184359982524
2013-11-29,91.54,91.58,91.58,91.54,465771.0,-0.0004367765887747
2013-12-02,91.56,91.56,91.58,91.56,187782.0,0.0002184837229626
2013-12-03,91.57,91.56,91.58,91.56,312868.0,0.0001092179991262
2013-12-04,91.58,91.58,91.58,91.56,329318.0,0.0001092060718577
2013-12-05,91.57,91.58,91.58,91.56,139785.0,-0.0001091941471937
2013-12-06,91.58,91.58,91.58,91.56,188726.0,0.0001092060718577
2013-12-09,91.58,91.56,91.58,91.56,224304.0,0.0
2013-12-10,91.56,91.56,91.58,91.56,66419.0,-0.0002183882943873
2013-12-11,91.5768,91.56,91.58,91.56,95015.0,0.0001834862385321
2013-12-12,91.58,91.58,91.58,91.56,1124647.0,3.4943348096838633e-05
2013-12-13,91.57,91.58,91.58,91.56,75845.0,-0.0001091941471937
2013-12-16,91.56,91.58,91.58,91.56,412597.0,-0.0001092060718574
2013-12-17,91.56,91.56,91.58,91.56,112381.0,0.0
2013-12-18,91.58,91.56,91.58,91.56,114381.0,0.0002184359982524
2013-12-19,91.58,91.56,91.58,91.56,1356750.0,0.0
2013-12-20,91.56,91.58,91.58,91.54,715804.0,-0.0002183882943873
2013-12-23,91.56,91.56,91.58,91.56,284683.0,0.0
2013-12-24,91.56,91.54,91.56,91.54,111325.0,0.0
2013-12-26,91.56,91.58,91.58,91.56,81320.0,0.0
2013-12-27,91.57,91.58,91.58,91.56,150600.0,0.0001092179991262
2013-12-30,91.57,91.58,91.58,91.56,83629.0,0.0
2013-12-31,91.54,91.54,91.58,91.54,209283.0,-0.0003276182155725
2014-01-02,91.54,91.54,91.56,91.54,265882.0,0.0
2014-01-03,91.56,91.56,91.56,91.54,85852.0,0.0002184837229626
2014-01-06,91.54,91.54,91.56,91.54,166219.0,-0.0002184359982524
2014-01-07,91.56,91.54,91.56,91.54,214691.0,0.0002184837229626
2014-01-08,91.55,91.56,91.56,91.54,120572.0,-0.0001092179991263
2014-01-09,91.54,91.54,91.56,91.54,140681.0,-0.0001092299290004
2014-01-10,91.56,91.56,91.56,91.54,100051.0,0.0002184837229626
2014-01-13,91.55,91.56,91.56,91.54,173528.0,-0.0001092179991263
2014-01-14,91.56,91.54,91.56,91.54,188483.0,0.0001092299290006
2014-01-15,91.55,91.54,91.56,91.54,121490.0,-0.0001092179991263
2014-01-16,91.56,91.56,91.56,91.54,176249.0,0.0001092299290006
2014-01-17,91.54,91.56,91.56,91.54,600433.0,-0.0002184359982524
2014-01-21,91.56,91.54,91.56,91.54,216363.0,0.0002184837229626
2014-01-22,91.55,91.54,91.56,91.54,154410.0,-0.0001092179991263
2014-01-23,91.55,91.54,91.56,91.54,174598.0,0.0
2014-01-24,91.54,91.54,91.56,91.54,141677.0,-0.0001092299290004
2014-01-27,91.54,91.54,91.56,91.54,332722.0,0.0
2014-01-28,91.54,91.56,91.56,91.54,480166.0,0.0
2014-01-29,91.56,91.54,91.56,91.54,146372.0,0.0002184837229626
2014-01-30,91.56,91.56,91.56,91.54,170056.0,0.0
2014-01-31,91.54,91.56,91.56,91.54,336223.0,-0.0002184359982524
2014-02-03,91.54,91.56,91.56,91.54,1180466.0,0.0
2014-02-04,91.56,91.56,91.56,91.54,1322326.0,0.0002184837229626
2014-02-05,91.54,91.54,91.56,91.54,157631.0,-0.0002184359982524
2014-02-06,91.54,91.54,91.56,91.54,253151.0,0.0
2014-02-07,91.56,91.54,91.56,91.54,434316.0,0.0002184837229626
2014-02-10,91.53,91.54,91.56,91.52,1369131.0,-0.0003276539973787
2014-02-11,91.54,91.52,91.56,91.52,915231.0,0.0001092537965694
2014-02-12,91.56,91.54,91.56,91.54,148042.0,0.0002184837229626
2014-02-13,91.56,91.54,91.56,91.54,471643.0,0.0
2014-02-14,91.56,91.54,91.56,91.54,139630.0,0.0
2014-02-18,91.54,91.56,91.56,91.54,303545.0,-0.0002184359982524
2014-02-19,91.56,91.56,91.56,91.54,140083.0,0.0002184837229626
2014-02-20,91.56,91.54,91.56,91.54,240773.0,0.0
2014-02-21,91.54,91.54,91.56,91.54,298055.0,-0.0002184359982524
2014-02-24,91.56,91.54,91.56,91.54,613691.0,0.0002184837229626
2014-02-25,91.56,91.56,91.56,91.54,178001.0,0.0
2014-02-26,91.55,91.54,91.56,91.54,87712.0,-0.0001092179991263
2014-02-27,91.54,91.54,91.56,91.54,95314.0,-0.0001092299290004
2014-02-28,91.56,91.54,91.56,91.54,167373.0,0.0002184837229626
2014-03-03,91.56,91.54,91.56,91.54,858473.0,0.0
2014-03-04,91.54,91.54,91.56,91.54,490124.0,-0.0002184359982524
2014-03-05,91.56,91.54,91.56,91.54,163595.0,0.0002184837229626
2014-03-06,91.56,91.54,91.56,91.54,159575.0,0.0
2014-03-07,91.54,91.54,91.56,91.54,90566.0,-0.0002184359982524
2014-03-10,91.54,91.54,91.56,91.54,293462.0,0.0
2014-03-11,91.54,91.54,91.56,91.54,42258.0,0.0
2014-03-12,91.54,91.54,91.56,91.54,115067.0,0.0
2014-03-13,91.54,91.54,91.56,91.54,74728.0,0.0
2014-03-14,91.54,91.54,91.56,91.54,1176050.0,0.0
2014-03-17,91.54,91.54,91.56,91.54,504745.0,0.0
2014-03-18,91.54,91.54,91.56,91.54,106407.0,0.0
2014-03-19,91.5597,91.54,91.56,91.54,97953.0,0.0002152064671181
2014-03-20,91.54,91.54,91.56,91.54,71636.0,-0.0002151601632596
2014-03-21,91.56,91.56,91.56,91.54,138217.0,0.0002184837229626
2014-03-24,91.56,91.54,91.56,91.54,254332.0,0.0
2014-03-25,91.56,91.56,91.56,91.54,73600.0,0.0
2014-03-26,91.54,91.56,91.56,91.54,874319.0,-0.0002184359982524
2014-03-27,91.54,91.54,91.56,91.54,66096.0,0.0
2014-03-28,91.54,91.54,91.56,91.54,195515.0,0.0
2014-03-31,91.54,91.56,91.56,91.54,425910.0,0.0
2014-04-01,91.54,91.54,91.56,91.54,1279353.0,0.0
2014-04-02,91.54,91.54,91.56,91.54,455218.0,0.0
2014-04-03,91.56,91.54,91.56,91.54,131734.0,0.0002184837229626
2014-04-04,91.54,91.54,91.56,91.54,80729.0,-0.0002184359982524
2014-04-07,91.54,91.54,91.56,91.54,1296303.0,0.0
2014-04-08,91.54,91.56,91.56,91.54,402038.0,0.0
2014-04-09,91.54,91.54,91.56,91.54,99616.0,0.0
2014-04-10,91.54,91.54,91.56,91.54,65994.0,0.0
2014-04-11,91.54,91.54,91.56,91.54,166603.0,0.0
2014-04-14,91.54,91.54,91.56,91.54,299615.0,0.0
2014-04-15,91.54,91.54,91.56,91.54,226825.0,0.0
2014-04-16,91.54,91.54,91.56,91.54,88365.0,0.0
2014-04-17,91.56,91.56,91.56,91.54,136851.0,0.0002184837229626
2014-04-21,91.53,91.52,91.54,91.52,127046.0,-0.0003276539973787
2014-04-22,91.52,91.52,91.54,91.52,92536.0,-0.0001092537965694
2014-04-23,91.53,91.54,91.54,91.52,188494.0,0.0001092657342658
2014-04-24,91.54,91.52,91.54,91.52,262251.0,0.0001092537965694
2014-04-25,91.53,91.52,91.54,91.52,110905.0,-0.0001092418614814
2014-04-28,91.54,91.54,91.56,91.54,81103.0,0.0001092537965694
2014-04-29,91.54,91.56,91.56,91.54,101074.0,0.0
2014-04-30,91.54,91.54,91.56,91.54,230591.0,0.0
2014-05-01,91.52,91.54,91.54,91.52,152939.0,-0.0002184837229627
2014-05-02,91.53,91.52,91.54,91.52,71857.0,0.0001092657342658
2014-05-05,91.54,91.52,91.54,91.52,164598.0,0.0001092537965694
2014-05-06,91.52,91.54,91.54,91.52,74806.0,-0.0002184837229627
2014-05-07,91.52,91.52,91.54,91.52,75904.0,0.0
2014-05-08,91.52,91.5398,91.54,91.52,125318.0,0.0
2014-05-09,91.54,91.52,91.54,91.52,71673.0,0.0002185314685316
2014-05-12,91.52,91.52,91.54,91.52,896240.0,-0.0002184837229627
2014-05-13,91.53,91.52,91.54,91.52,173433.0,0.0001092657342658
2014-05-14,91.54,91.52,91.54,91.52,217879.0,0.0001092537965694
2014-05-15,91.53,91.52,91.54,91.52,192987.0,-0.0001092418614814
2014-05-16,91.54,91.52,91.54,91.52,62542.0,0.0001092537965694
2014-05-19,91.54,91.52,91.54,91.52,265740.0,0.0
2014-05-20,91.54,91.52,91.54,91.52,94860.0,0.0
2014-05-21,91.52,91.54,91.54,91.52,65452.0,-0.0002184837229627
2014-05-22,91.52,91.52,91.54,91.52,130954.0,0.0
2014-05-23,91.54,91.54,91.54,91.52,101493.0,0.0002185314685316
2014-05-27,91.52,91.52,91.54,91.52,86979.0,-0.0002184837229627
2014-05-28,91.54,91.54,91.54,91.52,89280.0,0.0002185314685316
2014-05-29,91.52,91.54,91.54,91.52,90172.0,-0.0002184837229627
2014-05-30,91.54,91.52,91.54,91.52,212984.0,0.0002185314685316
2014-06-02,91.52,91.52,91.54,91.52,65987.0,-0.0002184837229627
2014-06-03,91.52,91.52,91.54,91.52,135946.0,0.0
2014-06-04,91.52,91.54,91.54,91.52,157998.0,0.0
2014-06-05,91.52,91.54,91.54,91.52,147979.0,0.0
2014-06-06,91.52,91.54,91.54,91.52,142941.0,0.0
2014-06-09,91.54,91.52,91.54,91.52,80627.0,0.0002185314685316
2014-06-10,91.54,91.52,91.54,91.52,153770.0,0.0
2014-06-11,91.52,91.52,91.54,91.52,64076.0,-0.0002184837229627
2014-06-12,91.5338,91.52,91.54,91.52,96356.0,0.0001507867132868
2014-06-13,91.52,91.5,91.52,91.5,382657.0,-0.0001507639800817
2014-06-16,91.54,91.5,91.54,91.5,601039.0,0.0002185314685316
2014-06-17,91.52,91.52,91.54,91.52,108482.0,-0.0002184837229627
2014-06-18,91.54,91.52,91.54,91.52,205962.0,0.0002185314685316
2014-06-19,91.54,91.52,91.54,91.52,75691.0,0.0
2014-06-20,91.54,91.54,91.54,91.52,116849.0,0.0
2014-06-23,91.54,91.52,91.54,91.52,143391.0,0.0
2014-06-24,91.54,91.54,91.54,91.52,86909.0,0.0
2014-06-25,91.52,91.52,91.54,91.52,56801.0,-0.0002184837229627
2014-06-26,91.52,91.54,91.54,91.52,120601.0,0.0
2014-06-27,91.54,91.54,91.54,91.52,210547.0,0.0002185314685316
2014-06-30,91.52,91.52,91.54,91.52,89304.0,-0.0002184837229627
2014-07-01,91.54,91.52,91.54,91.52,145628.0,0.0002185314685316
2014-07-02,91.54,91.52,91.54,91.52,217786.0,0.0
2014-07-03,91.52,91.52,91.54,91.52,74107.0,-0.0002184837229627
2014-07-07,91.54,91.52,91.54,91.52,357207.0,0.0002185314685316
2014-07-08,91.54,91.54,91.54,91.52,230921.0,0.0
2014-07-09,91.52,91.54,91.54,91.52,84158.0,-0.0002184837229627
2014-07-10,91.52,91.52,91.54,91.52,444409.0,0.0
2014-07-11,91.52,91.52,91.54,91.5,63334.0,0.0
2014-07-14,91.52,91.52,91.52,91.5,137462.0,0.0
2014-07-15,91.51,91.5,91.52,91.5,122135.0,-0.0001092657342656
2014-07-16,91.52,91.5,91.52,91.5,89259.0,0.000109277674571
2014-07-17,91.51,91.5,91.52,91.5,69447.0,-0.0001092657342656
2014-07-18,91.5,91.52,91.52,91.5,99175.0,-0.0001092776745711
2014-07-21,91.52,91.5,91.52,91.5,190315.0,0.0002185792349727
2014-07-22,91.5,91.52,91.52,91.5,347519.0,-0.0002185314685314
2014-07-23,91.52,91.5,91.52,91.5,167394.0,0.0002185792349727
2014-07-24,91.52,91.52,91.52,91.5,441046.0,0.0
2014-07-25,91.52,91.5,91.52,91.5,73170.0,0.0
2014-07-28,91.52,91.5,91.52,91.5,73148.0,0.0
2014-07-29,91.52,91.52,91.52,91.5,123882.0,0.0
2014-07-30,91.52,91.52,91.52,91.5,48512.0,0.0
2014-07-31,91.5,91.52,91.52,91.5,185044.0,-0.0002185314685314
2014-08-01,91.52,91.52,91.52,91.5,809652.0,0.0002185792349727
2014-08-04,91.52,91.5,91.52,91.5,385760.0,0.0
2014-08-05,91.5,91.5,91.52,91.5,175364.0,-0.0002185314685314
2014-08-06,91.5,91.5,91.52,91.5,108559.0,0.0
2014-08-07,91.52,91.5,91.52,91.5,115561.0,0.0002185792349727
2014-08-08,91.5,91.52,91.52,91.5,351597.0,-0.0002185314685314
2014-08-11,91.5,91.52,91.52,91.5,475706.0,0.0
2014-08-12,91.5,91.5,91.52,91.5,103959.0,0.0
2014-08-13,91.52,91.5,91.52,91.5,234716.0,0.0002185792349727
2014-08-14,91.5,91.52,91.52,91.5,463714.0,-0.0002185314685314
2014-08-15,91.52,91.52,91.52,91.5,222989.0,0.0002185792349727
2014-08-18,91.5,91.5,91.52,91.5,526839.0,-0.0002185314685314
2014-08-19,91.52,91.5,91.52,91.5,502558.0,0.0002185792349727
2014-08-20,91.5,91.5,91.52,91.5,63652.0,-0.0002185314685314
2014-08-21,91.52,91.5,91.52,91.5,214705.0,0.0002185792349727
2014-08-22,91.52,91.52,91.52,91.5,84069.0,0.0
2014-08-25,91.52,91.5,91.52,91.5,587279.0,0.0
2014-08-26,91.52,91.5,91.52,91.5,100355.0,0.0
2014-08-27,91.5,91.5,91.52,91.5,348061.0,-0.0002185314685314
2014-08-28,91.52,91.5,91.52,91.5,145078.0,0.0002185792349727
2014-08-29,91.52,91.5,91.52,91.5,66958.0,0.0
2014-09-02,91.5,91.5,91.52,91.5,598382.0,-0.0002185314685314
2014-09-03,91.52,91.5,91.52,91.5,39451.0,0.0002185792349727
2014-09-04,91.5,91.5,91.52,91.5,105261.0,-0.0002185314685314
2014-09-05,91.52,91.52,91.52,91.5,105209.0,0.0002185792349727
2014-09-08,91.5,91.52,91.52,91.5,116703.0,-0.0002185314685314
2014-09-09,91.5,91.5,91.52,91.5,64601.0,0.0
2014-09-10,91.51,91.5,91.52,91.5,78334.0,0.0001092896174863
2014-09-11,91.5,91.5,91.52,91.5,70420.0,-0.0001092776745711
2014-09-12,91.5,91.5,91.52,91.5,163741.0,0.0
2014-09-15,91.5,91.5,91.52,91.5,143233.0,0.0
2014-09-16,91.5,91.52,91.52,91.5,115405.0,0.0
2014-09-17,91.5,91.52,91.52,91.5,359324.0,0.0
2014-09-18,91.52,91.52,91.52,91.5,92080.0,0.0002185792349727
2014-09-19,91.52,91.5,91.52,91.5,146074.0,0.0
2014-09-22,91.52,91.5,91.52,91.5,1013778.0,0.0
2014-09-23,91.52,91.5,91.52,91.5,112086.0,0.0
2014-09-24,91.52,91.52,91.52,91.5,65156.0,0.0
2014-09-25,91.52,91.5,91.52,91.5,109706.0,0.0
2014-09-26,91.52,91.5,91.52,91.5,54733.0,0.0
2014-09-29,91.5,91.52,91.52,91.5,139611.0,-0.0002185314685314
2014-09-30,91.52,91.5,91.52,91.5,251145.0,0.0002185792349727
2014-10-01,91.52,91.52,91.52,91.5,663435.0,0.0
2014-10-02,91.52,91.5,91.52,91.5,269910.0,0.0
2014-10-03,91.48,91.52,91.52,91.48,650114.0,-0.0004370629370628
2014-10-06,91.48,91.48,91.5,91.48,237077.0,0.0
2014-10-07,91.5,91.5,91.5,91.48,134132.0,0.0002186270222999
2014-10-08,91.5,91.5,91.5,91.48,147564.0,0.0
2014-10-09,91.5,91.48,91.5,91.48,978266.0,0.0
2014-10-10,91.5,91.48,91.5,91.48,581078.0,0.0
2014-10-13,91.5,91.5,91.5,91.48,722254.0,0.0
2014-10-14,91.48,91.48,91.5,91.48,424146.0,-0.0002185792349725
2014-10-15,91.48,91.48,91.5,91.48,369583.0,0.0
2014-10-16,91.5,91.5,91.5,91.48,601089.0,0.0002186270222999
2014-10-17,91.5,91.5,91.5,91.48,683328.0,0.0
2014-10-20,91.5,91.5,91.51,91.48,4556620.0,0.0
2014-10-21,91.48,91.5,91.5,91.48,2076600.0,-0.0002185792349725
2014-10-22,91.5,91.48,91.5,91.48,1261133.0,0.0002186270222999
2014-10-23,91.48,91.48,91.5,91.48,218109.0,-0.0002185792349725
2014-10-24,91.48,91.48,91.5,91.48,197177.0,0.0
2014-10-27,91.48,91.48,91.5,91.48,1660872.0,0.0
2014-10-28,91.48,91.49,91.5,91.48,2536019.0,0.0
2014-10-29,91.5,91.49,91.5,91.48,725952.0,0.0002186270222999
2014-10-30,91.48,91.48,91.5,91.48,284928.0,-0.0002185792349725
2014-10-31,91.5,91.48,91.5,91.48,1133195.0,0.0002186270222999
2014-11-03,91.48,91.5,91.5,91.48,9501180.0,-0.0002185792349725
2014-11-04,91.49,91.48,91.5,91.48,322332.0,0.0001093135111498
2014-11-05,91.48,91.5,91.5,91.48,663096.0,-0.0001093015630122
2014-11-06,91.5,91.5,91.5,91.48,407220.0,0.0002186270222999
2014-11-07,91.4834,91.5,91.5,91.48,114012.0,-0.0001814207650272
2014-11-10,91.5,91.5,91.5,91.48,185557.0,0.0001814536844935
2014-11-11,91.5,91.48,91.5,91.48,128395.0,0.0
2014-11-12,91.5,91.5,91.5,91.48,644985.0,0.0
2014-11-13,91.48,91.5,91.5,91.48,245253.0,-0.0002185792349725
2014-11-14,91.48,91.48,91.5,91.48,231885.0,0.0
2014-11-17,91.5,91.5,91.5,91.48,126499.0,0.0002186270222999
2014-11-18,91.48,91.48,91.5,91.48,794675.0,-0.0002185792349725
2014-11-19,91.48,91.5,91.5,91.48,272733.0,0.0
2014-11-20,91.48,91.48,91.5,91.48,275989.0,0.0
2014-11-21,91.48,91.48,91.5,91.48,292709.0,0.0
2014-11-24,91.5,91.48,91.5,91.48,891545.0,0.0002186270222999
2014-11-25,91.5,91.48,91.5,91.48,208979.0,0.0
2014-11-26,91.48,91.48,91.5,91.48,897092.0,-0.0002185792349725
2014-11-28,91.5,91.48,91.5,91.48,383222.0,0.0002186270222999
2014-12-01,91.48,91.48,91.5,91.48,424599.0,-0.0002185792349725
2014-12-02,91.48,91.5,91.5,91.48,179134.0,0.0
2014-12-03,91.48,91.48,91.5,91.48,685873.0,0.0
2014-12-04,91.48,91.48,91.48,91.46,298649.0,0.0
2014-12-05,91.5,91.48,91.5,91.46,540688.0,0.0002186270222999
2014-12-08,91.49,91.5,91.5,91.48,511479.0,-0.0001092896174863
2014-12-09,91.4803,91.5,91.5,91.48,672131.0,-0.0001060225161219
2014-12-10,91.48,91.48,91.5,91.48,1242790.0,-3.279394580002481e-06
2014-12-11,91.48,91.48,91.5,91.48,409413.0,0.0
2014-12-12,91.5,91.48,91.5,91.46,1708080.0,0.0002186270222999
2014-12-15,91.46,91.5,91.5,91.46,1886216.0,-0.0004371584699454
2014-12-16,91.46,91.48,91.48,91.46,1782468.0,0.0
2014-12-17,91.46,91.5,91.5,91.46,2119954.0,0.0
2014-12-18,91.48,91.46,91.48,91.46,3397240.0,0.000218674830527
2014-12-19,91.46,91.46,91.48,91.46,692270.0,-0.0002186270223
2014-12-22,91.46,91.46,91.48,91.46,5710211.0,0.0
2014-12-23,91.46,91.48,91.48,91.46,1548393.0,0.0
2014-12-24,91.48,91.46,91.48,91.46,769029.0,0.000218674830527
2014-12-26,91.46,91.46,91.48,91.46,147509.0,-0.0002186270223
2014-12-29,91.46,91.46,91.48,91.46,1374008.0,0.0
2014-12-30,91.46,91.48,91.48,91.46,1417933.0,0.0
2014-12-31,91.48,91.48,91.48,91.46,348109.0,0.000218674830527
2015-01-02,91.46,91.46,91.48,91.46,340982.0,-0.0002186270223
2015-01-05,91.48,91.46,91.48,91.46,2518329.0,0.000218674830527
2015-01-06,91.46,91.46,91.48,91.46,541250.0,-0.0002186270223
2015-01-07,91.46,91.48,91.48,91.46,153811.0,0.0
2015-01-08,91.46,91.48,91.48,91.46,236433.0,0.0
2015-01-09,91.46,91.48,91.48,91.46,109673.0,0.0
2015-01-12,91.46,91.46,91.48,91.46,221023.0,0.0
2015-01-13,91.46,91.48,91.48,91.46,517293.0,0.0
2015-01-14,91.46,91.46,91.48,91.46,57475.0,0.0
2015-01-15,91.46,91.46,91.48,91.46,270171.0,0.0
2015-01-16,91.46,91.46,91.48,91.46,738943.0,0.0
2015-01-20,91.46,91.46,91.48,91.46,629383.0,0.0
2015-01-21,91.48,91.46,91.48,91.46,952388.0,0.000218674830527
2015-01-22,91.46,91.46,91.48,91.46,1430974.0,-0.0002186270223
2015-01-23,91.48,91.46,91.48,91.46,508001.0,0.000218674830527
2015-01-26,91.48,91.48,91.48,91.46,320616.0,0.0
2015-01-27,91.48,91.46,91.48,91.46,191423.0,0.0
2015-01-28,91.46,91.46,91.48,91.46,268894.0,-0.0002186270223
2015-01-29,91.46,91.44,91.48,91.44,554553.0,0.0
2015-01-30,91.46,91.46,91.48,91.46,205700.0,0.0
2015-02-02,91.46,91.48,91.48,91.46,3557488.0,0.0
2015-02-03,91.48,91.46,91.48,91.46,266085.0,0.000218674830527
2015-02-04,91.46,91.46,91.48,91.46,214178.0,-0.0002186270223
2015-02-05,91.46,91.46,91.48,91.46,414794.0,0.0
2015-02-06,91.46,91.48,91.48,91.46,291739.0,0.0
2015-02-09,91.44,91.46,91.46,91.44,147069.0,-0.0002186748305269
2015-02-10,91.46,91.46,91.46,91.44,170449.0,0.0002187226596674
2015-02-11,91.44,91.44,91.46,91.44,493193.0,-0.0002186748305269
2015-02-12,91.44,91.44,91.46,91.44,87111.0,0.0
2015-02-13,91.46,91.44,91.46,91.44,383123.0,0.0002187226596674
2015-02-17,91.46,91.46,91.46,91.44,402425.0,0.0
2015-02-18,91.46,91.46,91.46,91.44,143060.0,0.0
2015-02-19,91.46,91.44,91.46,91.44,167206.0,0.0
2015-02-20,91.44,91.44,91.46,91.44,145459.0,-0.0002186748305269
2015-02-23,91.46,91.46,91.46,91.44,607674.0,0.0002187226596674
2015-02-24,91.44,91.44,91.46,91.44,330274.0,-0.0002186748305269
2015-02-25,91.46,91.44,91.46,91.44,522859.0,0.0002187226596674
2015-02-26,91.44,91.44,91.46,91.44,167016.0,-0.0002186748305269
2015-02-27,91.46,91.46,91.46,91.44,200447.0,0.0002187226596674
2015-03-02,91.44,91.44,91.46,91.44,462634.0,-0.0002186748305269
2015-03-03,91.46,91.46,91.46,91.44,503183.0,0.0002187226596674
2015-03-04,91.46,91.44,91.46,91.44,124480.0,0.0
2015-03-05,91.46,91.44,91.46,91.44,130439.0,0.0
2015-03-06,91.44,91.44,91.46,91.44,262504.0,-0.0002186748305269
2015-03-09,91.46,91.46,91.46,91.44,986472.0,0.0002187226596674
2015-03-10,91.46,91.46,91.46,91.44,232160.0,0.0
2015-03-11,91.45,91.44,91.46,91.44,170034.0,-0.0001093374152634
2015-03-12,91.44,91.46,91.46,91.44,812315.0,-0.0001093493712411
2015-03-13,91.46,91.44,91.46,91.44,415639.0,0.0002187226596674
2015-03-16,91.46,91.44,91.46,91.44,491352.0,0.0
2015-03-17,91.46,91.44,91.46,91.44,429341.0,0.0
2015-03-18,91.45,91.44,91.46,91.44,672572.0,-0.0001093374152634
2015-03-19,91.46,91.44,91.46,91.44,459726.0,0.0001093493712409
2015-03-20,91.46,91.44,91.46,91.44,183428.0,0.0
2015-03-23,91.44,91.44,91.46,91.44,552403.0,-0.0002186748305269
2015-03-24,91.46,91.44,91.46,91.44,590440.0,0.0002187226596674
2015-03-25,91.44,91.44,91.46,91.44,983275.0,-0.0002186748305269
2015-03-26,91.44,91.44,91.46,91.44,782948.0,0.0
2015-03-27,91.4483,91.44,91.46,91.44,254329.0,9.076990376200024e-05
2015-03-30,91.42,91.46,91.46,91.42,648392.0,-0.0003094644733691
2015-03-31,91.46,91.42,91.46,91.42,704390.0,0.0004375410194705
2015-04-01,91.42,91.44,91.44,91.42,598040.0,-0.0004373496610539
2015-04-02,91.44,91.42,91.44,91.42,126507.0,0.0002187705097351
2015-04-06,91.44,91.44,91.44,91.42,302547.0,0.0
2015-04-07,91.46,91.46,91.46,91.44,128105.0,0.0002187226596674
2015-04-08,91.46,91.46,91.46,91.44,244912.0,0.0
2015-04-09,91.44,91.44,91.46,91.42,257733.0,-0.0002186748305269
2015-04-10,91.44,91.42,91.44,91.42,159810.0,0.0
2015-04-13,91.42,91.42,91.44,91.42,84540.0,-0.0002187226596674
2015-04-14,91.44,91.44,91.44,91.42,72509.0,0.0002187705097351
2015-04-15,91.42,91.42,91.44,91.42,105942.0,-0.0002187226596674
2015-04-16,91.44,91.42,91.44,91.42,187447.0,0.0002187705097351
2015-04-17,91.42,91.42,91.44,91.42,182565.0,-0.0002187226596674
2015-04-20,91.42,91.44,91.44,91.42,130501.0,0.0
2015-04-21,91.44,91.42,91.44,91.42,125836.0,0.0002187705097351
2015-04-22,91.42,91.44,91.44,91.42,186368.0,-0.0002187226596674
2015-04-23,91.42,91.42,91.44,91.42,132170.0,0.0
2015-04-24,91.42,91.42,91.44,91.42,119595.0,0.0
2015-04-27,91.44,91.42,91.44,91.42,79481.0,0.0002187705097351
2015-04-28,91.44,91.42,91.44,91.42,79656.0,0.0
2015-04-29,91.44,91.44,91.44,91.42,182615.0,0.0
2015-04-30,91.44,91.42,91.44,91.42,388631.0,0.0
2015-05-01,91.42,91.42,91.44,91.42,365687.0,-0.0002187226596674
2015-05-04,91.44,91.44,91.44,91.42,296228.0,0.0002187705097351
2015-05-05,91.44,91.44,91.44,91.42,326732.0,0.0
2015-05-06,91.44,91.44,91.44,91.42,442563.0,0.0
2015-05-07,91.42,91.44,91.44,91.42,112865.0,-0.0002187226596674
2015-05-08,91.44,91.42,91.44,91.42,289751.0,0.0002187705097351
2015-05-11,91.42,91.42,91.44,91.42,1544131.0,-0.0002187226596674
2015-05-12,91.44,91.42,91.44,91.42,72435.0,0.0002187705097351
2015-05-13,91.44,91.42,91.44,91.42,173612.0,0.0
2015-05-14,91.42,91.42,91.44,91.42,175943.0,-0.0002187226596674
2015-05-15,91.42,91.44,91.44,91.42,101671.0,0.0
2015-05-18,91.42,91.44,91.44,91.42,135015.0,0.0
2015-05-19,91.42,91.44,91.44,91.42,470265.0,0.0
2015-05-20,91.42,91.42,91.44,91.42,119041.0,0.0
2015-05-21,91.44,91.42,91.44,91.42,651747.0,0.0002187705097351
2015-05-22,91.43,91.42,91.44,91.42,152314.0,-0.0001093613298336
2015-05-26,91.44,91.44,91.44,91.42,503598.0,0.0001093732910422
2015-05-27,91.44,91.42,91.44,91.42,351211.0,0.0
2015-05-28,91.42,91.44,91.44,91.42,148955.0,-0.0002187226596674
2015-05-29,91.42,91.44,91.44,91.42,181061.0,0.0
2015-06-01,91.42,91.44,91.44,91.42,352117.0,0.0
2015-06-02,91.44,91.44,91.44,91.42,169685.0,0.0002187705097351
2015-06-03,91.44,91.44,91.44,91.42,2925687.0,0.0
2015-06-04,91.42,91.44,91.44,91.42,241392.0,-0.0002187226596674
2015-06-05,91.42,91.44,91.44,91.4,360726.0,0.0
2015-06-08,91.4,91.42,91.42,91.4,209170.0,-0.0002187705097352
2015-06-09,91.4,91.42,91.42,91.4,143873.0,0.0
2015-06-10,91.42,91.4,91.42,91.4,664379.0,0.0002188183807438
2015-06-11,91.44,91.42,91.44,91.42,330078.0,0.0002187705097351
2015-06-12,91.42,91.44,91.44,91.42,66876.0,-0.0002187226596674
2015-06-15,91.43,91.44,91.44,91.42,170799.0,0.0001093852548676
2015-06-16,91.4,91.4,91.42,91.4,177715.0,-0.0003281198731269
2015-06-17,91.44,91.42,91.44,91.42,315576.0,0.0004376367614877
2015-06-18,91.4,91.44,91.44,91.4,207990.0,-0.0004374453193349
2015-06-19,91.4064,91.41,91.42,91.4,59064.0,7.002188183813374e-05
2015-06-22,91.42,91.4,91.42,91.4,253563.0,0.0001487860806244
2015-06-23,91.4,91.4,91.42,91.4,423773.0,-0.0002187705097352
2015-06-24,91.4,91.42,91.42,91.4,60747.0,0.0
2015-06-25,91.42,91.42,91.42,91.4,240028.0,0.0002188183807438
2015-06-26,91.4,91.4,91.44,91.4,113443.0,-0.0002187705097352
2015-06-29,91.42,91.4,91.42,91.4,2018159.0,0.0002188183807438
2015-06-30,91.42,91.42,91.42,91.4,362987.0,0.0
2015-07-01,91.42,91.42,91.42,91.4,555652.0,0.0
2015-07-02,91.42,91.42,91.42,91.4,623316.0,0.0
2015-07-06,91.42,91.4,91.42,91.4,178396.0,0.0
2015-07-07,91.4,91.4,91.42,91.4,430261.0,-0.0002187705097352
2015-07-08,91.4,91.42,91.42,91.4,408129.0,0.0
2015-07-09,91.4098,91.4,91.42,91.4,228880.0,0.0001072210065644
2015-07-10,91.4,91.42,91.42,91.4,208644.0,-0.0001072095114528
2015-07-13,91.4,91.4,91.42,91.4,438211.0,0.0
2015-07-14,91.42,91.4,91.42,91.4,482909.0,0.0002188183807438
2015-07-15,91.4,91.42,91.42,91.4,77245.0,-0.0002187705097352
2015-07-16,91.4,91.4,91.42,91.4,679995.0,0.0
2015-07-17,91.42,91.42,91.42,91.4,347198.0,0.0002188183807438
2015-07-20,91.4,91.4,91.42,91.4,299394.0,-0.0002187705097352
2015-07-21,91.42,91.42,91.42,91.4,530507.0,0.0002188183807438
2015-07-22,91.4,91.42,91.42,91.4,940993.0,-0.0002187705097352
2015-07-23,91.4,91.4,91.42,91.4,111077.0,0.0
2015-07-24,91.42,91.4,91.42,91.4,148270.0,0.0002188183807438
2015-07-27,91.4,91.4,91.42,91.4,436892.0,-0.0002187705097352
2015-07-28,91.4,91.42,91.42,91.4,471909.0,0.0
2015-07-29,91.42,91.42,91.42,91.4,264424.0,0.0002188183807438
2015-07-30,91.42,91.4,91.42,91.4,125529.0,0.0
2015-07-31,91.42,91.4,91.42,91.4,788857.0,0.0
2015-08-03,91.42,91.42,91.42,91.4,501727.0,0.0
2015-08-04,91.4,91.4,91.42,91.4,2544570.0,-0.0002187705097352
2015-08-05,91.4,91.4,91.42,91.4,235716.0,0.0
2015-08-06,91.4,91.42,91.42,91.4,147712.0,0.0
2015-08-07,91.4,91.42,91.42,91.4,86681.0,0.0
2015-08-10,91.42,91.4,91.42,91.4,396251.0,0.0002188183807438
2015-08-11,91.4,91.4,91.42,91.4,31084.0,-0.0002187705097352
2015-08-12,91.4,91.42,91.42,91.4,258283.0,0.0
2015-08-13,91.4,91.42,91.42,91.4,57472.0,0.0
2015-08-14,91.38,91.4,91.4,91.38,275206.0,-0.0002188183807441
2015-08-17,91.38,91.38,91.4,91.38,198960.0,0.0
2015-08-18,91.4,91.38,91.42,91.38,196707.0,0.0002188662727073
2015-08-19,91.42,91.4,91.42,91.4,219181.0,0.0002188183807438
2015-08-20,91.39,91.38,91.4,91.38,117125.0,-0.0003281557646029
2015-08-21,91.4,91.42,91.42,91.4,1321456.0,0.0001094211620527
2015-08-24,91.4,91.42,91.44,91.4,3923226.0,0.0
2015-08-25,91.4,91.4,91.42,91.4,3951685.0,0.0
2015-08-26,91.42,91.4,91.42,91.4,1379667.0,0.0002188183807438
2015-08-27,91.4,91.42,91.42,91.4,303352.0,-0.0002187705097352
2015-08-28,91.42,91.41,91.42,91.4,2947146.0,0.0002188183807438
2015-08-31,91.42,91.42,91.42,91.4,2775459.0,0.0
2015-09-01,91.42,91.42,91.42,91.4,1368355.0,0.0
2015-09-02,91.4,91.4,91.42,91.4,610681.0,-0.0002187705097352
2015-09-03,91.42,91.42,91.42,91.4,313503.0,0.0002188183807438
2015-09-04,91.4,91.4,91.42,91.4,461570.0,-0.0002187705097352
2015-09-08,91.4,91.4,91.42,91.4,1896253.0,0.0
2015-09-09,91.4,91.4,91.42,91.4,223494.0,0.0
2015-09-10,91.38,91.4,91.4197,91.38,432758.0,-0.0002188183807441
2015-09-11,91.4,91.38,91.4,91.38,273415.0,0.0002188662727073
2015-09-14,91.4,91.38,91.4,91.38,457049.0,0.0
2015-09-15,91.38,91.42,91.42,91.38,201956.0,-0.0002188183807441
2015-09-16,91.38,91.38,91.4,91.38,321430.0,0.0
2015-09-17,91.38,91.38,91.4,91.38,425012.0,0.0
2015-09-18,91.38,91.4,91.4,91.38,390494.0,0.0
2015-09-21,91.4,91.38,91.4,91.38,281425.0,0.0002188662727073
2015-09-22,91.4,91.4,91.4,91.38,180832.0,0.0
2015-09-23,91.38,91.4,91.4,91.38,223504.0,-0.0002188183807441
2015-09-24,91.38,91.4,91.4,91.38,462763.0,0.0
2015-09-25,91.38,91.38,91.4,91.38,554538.0,0.0
2015-09-28,91.4,91.4,91.4,91.38,267090.0,0.0002188662727073
2015-09-29,91.4,91.38,91.4,91.38,1344366.0,0.0
2015-09-30,91.38,91.4,91.4,91.38,494796.0,-0.0002188183807441
2015-10-01,91.4,91.38,91.4,91.38,2686649.0,0.0002188662727073
2015-10-02,91.4,91.4,91.4,91.38,2358453.0,0.0
2015-10-05,91.38,91.38,91.4,91.38,696855.0,-0.0002188183807441
2015-10-06,91.38,91.38,91.4,91.38,1357725.0,0.0
2015-10-07,91.38,91.38,91.4,91.38,716558.0,0.0
2015-10-08,91.38,91.38,91.4,91.38,275094.0,0.0
2015-10-09,91.38,91.38,91.4,91.38,774934.0,0.0
2015-10-12,91.38,91.4,91.4,91.36,3216293.0,0.0
2015-10-13,91.38,91.38,91.38,91.36,736390.0,0.0
2015-10-14,91.38,91.38,91.38,91.36,370545.0,0.0
2015-10-15,91.38,91.38,91.4,91.38,151868.0,0.0
2015-10-16,91.38,91.4,91.4,91.38,577954.0,0.0
2015-10-19,91.38,91.38,91.4,91.36,917179.0,0.0
2015-10-20,91.36,91.38,91.38,91.36,546739.0,-0.0002188662727072
2015-10-21,91.37,91.36,91.38,91.36,277097.0,0.0001094570928197
2015-10-22,91.38,91.38,91.38,91.36,327094.0,0.0001094451132754
2015-10-23,91.38,91.36,91.38,91.36,743549.0,0.0
2015-10-26,91.36,91.38,91.38,91.36,1571870.0,-0.0002188662727072
2015-10-27,91.36,91.36,91.38,91.36,231425.0,0.0
2015-10-28,91.36,91.36,91.38,91.36,817915.0,0.0
2015-10-29,91.36,91.38,91.38,91.36,428999.0,0.0
2015-10-30,91.36,91.36,91.38,91.36,697887.0,0.0
2015-11-02,91.36,91.36,91.38,91.34,8863435.0,0.0
2015-11-03,91.38,91.37,91.38,91.36,532210.0,0.0002189141856392
2015-11-04,91.36,91.36,91.38,91.36,1298097.0,-0.0002188662727072
2015-11-05,91.36,91.36,91.38,91.36,155985.0,0.0
2015-11-06,91.36,91.36,91.38,91.36,955999.0,0.0
2015-11-09,91.38,91.36,91.38,91.36,341654.0,0.0002189141856392
2015-11-10,91.36,91.38,91.38,91.36,1268393.0,-0.0002188662727072
2015-11-11,91.38,91.36,91.38,91.36,268415.0,0.0002189141856392
2015-11-12,91.38,91.36,91.38,91.36,107292.0,0.0
2015-11-13,91.36,91.38,91.38,91.36,357699.0,-0.0002188662727072
2015-11-16,91.38,91.38,91.38,91.36,1754811.0,0.0002189141856392
2015-11-17,91.36,91.36,91.38,91.36,230106.0,-0.0002188662727072
2015-11-18,91.36,91.36,91.38,91.36,454094.0,0.0
2015-11-19,91.38,91.38,91.38,91.36,116101.0,0.0002189141856392
2015-11-20,91.36,91.38,91.38,91.36,536219.0,-0.0002188662727072
2015-11-23,91.38,91.36,91.38,91.36,1124569.0,0.0002189141856392
2015-11-24,91.36,91.36,91.38,91.36,686551.0,-0.0002188662727072
2015-11-25,91.36,91.36,91.38,91.36,695719.0,0.0
2015-11-27,91.37,91.36,91.38,91.36,3610831.0,0.0001094570928197
2015-11-30,91.38,91.38,91.38,91.36,153540.0,0.0001094451132754
2015-12-01,91.36,91.38,91.38,91.36,183758.0,-0.0002188662727072
2015-12-02,91.36,91.38,91.38,91.36,520788.0,0.0
2015-12-03,91.38,91.38,91.38,91.36,529316.0,0.0002189141856392
2015-12-04,91.38,91.38,91.38,91.36,398828.0,0.0
2015-12-07,91.38,91.36,91.38,91.36,239770.0,0.0
2015-12-08,91.36,91.38,91.38,91.36,101127.0,-0.0002188662727072
2015-12-09,91.34,91.36,91.36,91.34,411720.0,-0.0002189141856392
2015-12-10,91.36,91.38,91.38,91.36,581693.0,0.0002189621195531
2015-12-11,91.38,91.36,91.38,91.36,673260.0,0.0002189141856392
2015-12-14,91.38,91.36,91.38,91.36,4853359.0,0.0
2015-12-15,91.36,91.36,91.38,91.36,2550350.0,-0.0002188662727072
2015-12-16,91.38,91.38,91.38,91.36,623386.0,0.0002189141856392
2015-12-17,91.36,91.36,91.38,91.36,1134560.0,-0.0002188662727072
2015-12-18,91.38,91.36,91.38,91.36,877505.0,0.0002189141856392
2015-12-21,91.36,91.36,91.38,91.36,1594499.0,-0.0002188662727072
2015-12-22,91.36,91.36,91.38,91.36,988408.0,0.0
2015-12-23,91.36,91.38,91.38,91.36,247918.0,0.0
2015-12-24,91.37,91.36,91.38,91.36,521073.0,0.0001094570928197
2015-12-28,91.36,91.38,91.38,91.36,243728.0,-0.0001094451132757
2015-12-29,91.36,91.38,91.38,91.36,173067.0,0.0
2015-12-30,91.38,91.38,91.38,91.36,299116.0,0.0002189141856392
2015-12-31,91.36,91.38,91.38,91.36,447804.0,-0.0002188662727072
2016-01-04,91.38,91.38,91.38,91.36,1065787.0,0.0002189141856392
2016-01-05,91.38,91.36,91.38,91.36,4878434.0,0.0
2016-01-06,91.34,91.36,91.36,91.34,377412.0,-0.0004377325454146
2016-01-07,91.36,91.38,91.38,91.36,651342.0,0.0002189621195531
2016-01-08,91.36,91.36,91.38,91.36,585641.0,0.0
2016-01-11,91.36,91.36,91.38,91.36,1457550.0,0.0
2016-01-12,91.38,91.34,91.38,91.34,441903.0,0.0002189141856392
2016-01-13,91.36,91.36,91.38,91.34,2031474.0,-0.0002188662727072
2016-01-14,91.34,91.38,91.38,91.34,1757429.0,-0.0002189141856392
2016-01-15,91.34,91.34,91.36,91.34,601563.0,0.0
2016-01-19,91.36,91.36,91.36,91.34,4424440.0,0.0002189621195531
2016-01-20,91.36,91.36,91.38,91.36,738683.0,0.0
2016-01-21,91.38,91.36,91.38,91.36,1290659.0,0.0002189141856392
2016-01-22,91.34,91.38,91.38,91.34,1004368.0,-0.0004377325454146
2016-01-25,91.36,91.36,91.36,91.34,605274.0,0.0002189621195531
2016-01-26,91.34,91.36,91.36,91.34,311776.0,-0.0002189141856392
2016-01-27,91.36,91.36,91.36,91.34,1668318.0,0.0002189621195531
2016-01-28,91.36,91.34,91.36,91.34,163792.0,0.0
2016-01-29,91.38,91.34,91.38,91.34,793210.0,0.0002189141856392
2016-02-01,91.34,91.36,91.38,91.34,844903.0,-0.0004377325454146
2016-02-02,91.34,91.34,91.36,91.34,1627284.0,0.0
2016-02-03,91.36,91.36,91.38,91.34,2395643.0,0.0002189621195531
2016-02-04,91.38,91.36,91.38,91.36,275470.0,0.0002189141856392
2016-02-05,91.38,91.38,91.38,91.36,324211.0,0.0
2016-02-08,91.36,91.38,91.38,91.36,599456.0,-0.0002188662727072
2016-02-09,91.38,91.37,91.38,91.36,869537.0,0.0002189141856392
2016-02-10,91.36,91.36,91.38,91.36,610949.0,-0.0002188662727072
2016-02-11,91.37,91.38,91.38,91.36,465462.0,0.0001094570928197
2016-02-12,91.36,91.38,91.38,91.36,438832.0,-0.0001094451132757
2016-02-16,91.36,91.38,91.38,91.36,392660.0,0.0
2016-02-17,91.36,91.38,91.38,91.36,1282246.0,0.0
2016-02-18,91.38,91.38,91.38,91.36,712270.0,0.0002189141856392
2016-02-19,91.38,91.38,91.38,91.36,911127.0,0.0
2016-02-22,91.3798,91.38,91.38,91.36,201577.0,-2.188662726942958e-06
2016-02-23,91.36,91.38,91.38,91.36,1000439.0,-0.0002166780842155
2016-02-24,91.38,91.38,91.38,91.36,664957.0,0.0002189141856392
2016-02-25,91.36,91.36,91.38,91.36,1243207.0,-0.0002188662727072
2016-02-26,91.36,91.36,91.38,91.36,883239.0,0.0
2016-02-29,91.38,91.38,91.38,91.36,1613208.0,0.0002189141856392
2016-03-01,91.38,91.36,91.38,91.36,630607.0,0.0
2016-03-02,91.36,91.38,91.38,91.36,1869965.0,-0.0002188662727072
2016-03-03,91.38,91.36,91.38,91.36,1296956.0,0.0002189141856392
2016-03-04,91.38,91.38,91.38,91.36,2205543.0,0.0
2016-03-07,91.38,91.38,91.38,91.36,908680.0,0.0
2016-03-08,91.3602,91.36,91.38,91.36,542185.0,-0.0002166776099802
2016-03-09,91.38,91.36,91.38,91.36,661391.0,0.0002167245693418
2016-03-10,91.38,91.36,91.38,91.36,198508.0,0.0
2016-03-11,91.36,91.36,91.38,91.36,383621.0,-0.0002188662727072
2016-03-14,91.36,91.36,91.38,91.36,292678.0,0.0
2016-03-15,91.36,91.38,91.38,91.36,2669318.0,0.0
2016-03-16,91.38,91.36,91.38,91.36,306256.0,0.0002189141856392
2016-03-17,91.36,91.38,91.4,91.36,199474.0,-0.0002188662727072
2016-03-18,91.36,91.38,91.38,91.36,598815.0,0.0
2016-03-21,91.38,91.36,91.38,91.36,1510583.0,0.0002189141856392
2016-03-22,91.37,91.36,91.38,91.36,286657.0,-0.0001094331363535
2016-03-23,91.36,91.36,91.38,91.36,260388.0,-0.0001094451132757
2016-03-24,91.38,91.36,91.38,91.36,711334.0,0.0002189141856392
2016-03-28,91.38,91.38,91.4,91.38,347955.0,0.0
2016-03-29,91.38,91.38,91.4,91.38,631269.0,0.0
2016-03-30,91.38,91.4,91.4,91.38,264002.0,0.0
2016-03-31,91.38,91.38,91.4,91.38,2956785.0,0.0
2016-04-01,91.38,91.38,91.4,91.38,942489.0,0.0
2016-04-04,91.38,91.38,91.4,91.38,1619200.0,0.0
2016-04-05,91.4,91.4,91.4,91.38,1829952.0,0.0002188662727073
2016-04-06,91.4,91.38,91.4,91.38,1081775.0,0.0
2016-04-07,91.38,91.38,91.4,91.38,1306989.0,-0.0002188183807441
2016-04-08,91.4,91.38,91.4,91.38,191969.0,0.0002188662727073
2016-04-11,91.38,91.38,91.4,91.38,587153.0,-0.0002188183807441
2016-04-12,91.38,91.39,91.4,91.38,169605.0,0.0
2016-04-13,91.4,91.38,91.4,91.38,182392.0,0.0002188662727073
2016-04-14,91.4,91.38,91.4,91.38,143953.0,0.0
2016-04-15,91.38,91.4,91.4,91.38,219011.0,-0.0002188183807441
2016-04-18,91.4,91.38,91.4,91.38,1972046.0,0.0002188662727073
2016-04-19,91.4,91.38,91.4,91.38,138403.0,0.0
2016-04-20,91.4,91.4,91.4,91.38,199338.0,0.0
2016-04-21,91.38,91.4,91.4,91.38,446303.0,-0.0002188183807441
2016-04-22,91.4,91.4,91.4,91.38,388428.0,0.0002188662727073
2016-04-25,91.38,91.38,91.4,91.38,515327.0,-0.0002188183807441
2016-04-26,91.4,91.38,91.4,91.38,249983.0,0.0002188662727073
2016-04-27,91.4,91.4,91.4,91.38,104068.0,0.0
2016-04-28,91.4,91.38,91.4,91.38,274184.0,0.0
2016-04-29,91.42,91.4,91.42,91.4,722108.0,0.0002188183807438
2016-05-02,91.4,91.42,91.42,91.4,370028.0,-0.0002187705097352
2016-05-03,91.42,91.4,91.42,91.4,665865.0,0.0002188183807438
2016-05-04,91.4,91.4,91.42,91.4,700420.0,-0.0002187705097352
2016-05-05,91.4,91.4,91.42,91.4,578498.0,0.0
2016-05-06,91.42,91.4,91.42,91.4,2157175.0,0.0002188183807438
2016-05-09,91.42,91.42,91.42,91.4,108872.0,0.0
2016-05-10,91.42,91.4,91.42,91.4,875047.0,0.0
2016-05-11,91.38,91.4,91.4,91.38,156795.0,-0.0004375410194706
2016-05-12,91.38,91.4,91.4,91.38,189903.0,0.0
2016-05-13,91.38,91.38,91.4,91.38,512868.0,0.0
2016-05-16,91.38,91.38,91.4,91.38,184522.0,0.0
2016-05-17,91.38,91.4,91.4,91.38,410200.0,0.0
2016-05-18,91.4,91.4,91.42,91.39,1319687.0,0.0002188662727073
2016-05-19,91.38,91.38,91.4,91.38,122159.0,-0.0002188183807441
2016-05-20,91.4,91.4,91.42,91.38,389411.0,0.0002188662727073
2016-05-23,91.42,91.4,91.42,91.38,827428.0,0.0002188183807438
2016-05-24,91.38,91.4,91.42,91.38,612812.0,-0.0004375410194706
2016-05-25,91.4,91.4,91.4,91.38,242096.0,0.0002188662727073
2016-05-26,91.4,91.4,91.42,91.38,284145.0,0.0
2016-05-27,91.42,91.4,91.42,91.4,270381.0,0.0002188183807438
2016-05-31,91.42,91.42,91.42,91.38,498863.0,0.0
2016-06-01,91.42,91.4,91.42,91.4,578393.0,0.0
2016-06-02,91.4,91.4,91.42,91.4,175645.0,-0.0002187705097352
2016-06-03,91.42,91.42,91.44,91.4,735673.0,0.0002188183807438
2016-06-06,91.44,91.42,91.44,91.42,365535.0,0.0002187705097351
2016-06-07,91.44,91.42,91.44,91.42,154611.0,0.0
2016-06-08,91.44,91.42,91.44,91.42,250539.0,0.0
2016-06-09,91.4,91.44,91.44,91.4,1767233.0,-0.0004374453193349
2016-06-10,91.4,91.4,91.42,91.4,278103.0,0.0
2016-06-13,91.4,91.42,91.42,91.4,159077.0,0.0
2016-06-14,91.4,91.4,91.42,91.4,771287.0,0.0
2016-06-15,91.4,91.42,91.42,91.4,683114.0,0.0
2016-06-16,91.42,91.42,91.44,91.4,876421.0,0.0002188183807438
2016-06-17,91.4,91.42,91.44,91.4,463257.0,-0.0002187705097352
2016-06-20,91.42,91.4,91.42,91.4,130918.0,0.0002188183807438
2016-06-21,91.42,91.42,91.44,91.4,965723.0,0.0
2016-06-22,91.42,91.42,91.42,91.4,171247.0,0.0
2016-06-23,91.42,91.4,91.42,91.4,1232703.0,0.0
2016-06-24,91.4,91.4,91.42,91.4,640820.0,-0.0002187705097352
2016-06-27,91.4,91.4,91.44,91.4,3124256.0,0.0
2016-06-28,91.4,91.42,91.44,91.4,794053.0,0.0
2016-06-29,91.4,91.44,91.44,91.4,1667554.0,0.0
2016-06-30,91.4,91.42,91.44,91.4,690172.0,0.0
2016-07-01,91.44,91.42,91.44,91.4,511572.0,0.0004376367614877
2016-07-05,91.44,91.42,91.44,91.4,1129208.0,0.0
2016-07-06,91.42,91.44,91.44,91.4,734459.0,-0.0002187226596674
2016-07-07,91.44,91.42,91.44,91.42,199969.0,0.0002187705097351
2016-07-08,91.42,91.44,91.44,91.4,724195.0,-0.0002187226596674
2016-07-11,91.44,91.44,91.44,91.4,580127.0,0.0002187705097351
2016-07-12,91.4,91.42,91.42,91.4,1158204.0,-0.0004374453193349
2016-07-13,91.42,91.4,91.42,91.4,422501.0,0.0002188183807438
2016-07-14,91.44,91.42,91.44,91.4,2044229.0,0.0002187705097351
2016-07-15,91.42,91.42,91.44,91.42,93385.0,-0.0002187226596674
2016-07-18,91.42,91.42,91.436,91.42,167096.0,0.0
2016-07-19,91.44,91.42,91.44,91.42,447383.0,0.0002187705097351
2016-07-20,91.44,91.42,91.44,91.42,167490.0,0.0
2016-07-21,91.44,91.42,91.44,91.42,116702.0,0.0
2016-07-22,91.44,91.42,91.44,91.42,180446.0,0.0
2016-07-25,91.42,91.42,91.44,91.42,129065.0,-0.0002187226596674
2016-07-26,91.42,91.42,91.44,91.42,180693.0,0.0
2016-07-27,91.44,91.44,91.44,91.42,220310.0,0.0002187705097351
2016-07-28,91.42,91.42,91.44,91.42,136707.0,-0.0002187226596674
2016-07-29,91.44,91.43,91.44,91.42,83981.0,0.0002187705097351
2016-08-01,91.42,91.42,91.44,91.42,96996.0,-0.0002187226596674
2016-08-02,91.44,91.422,91.44,91.42,267120.0,0.0002187705097351
2016-08-03,91.42,91.42,91.44,91.42,659019.0,-0.0002187226596674
2016-08-04,91.42,91.42,91.44,91.42,128771.0,0.0
2016-08-05,91.42,91.42,91.44,91.42,192218.0,0.0
2016-08-08,91.42,91.42,91.44,91.42,161406.0,0.0
2016-08-09,91.42,91.44,91.44,91.42,1148812.0,0.0
2016-08-10,91.42,91.42,91.44,91.42,100430.0,0.0
2016-08-11,91.42,91.42,91.44,91.42,98911.0,0.0
2016-08-12,91.42,91.44,91.44,91.42,101148.0,0.0
2016-08-15,91.42,91.42,91.44,91.42,296649.0,0.0
2016-08-16,91.42,91.42,91.44,91.42,100993.0,0.0
2016-08-17,91.42,91.42,91.44,91.42,342808.0,0.0
2016-08-18,91.44,91.42,91.44,91.42,109361.0,0.0002187705097351
2016-08-19,91.42,91.42,91.44,91.42,120206.0,-0.0002187226596674
2016-08-22,91.42,91.42,91.44,91.42,1466207.0,0.0
2016-08-23,91.42,91.44,91.44,91.42,124263.0,0.0
2016-08-24,91.44,91.42,91.44,91.42,85093.0,0.0002187705097351
2016-08-25,91.42,91.44,91.44,91.42,154069.0,-0.0002187226596674
2016-08-26,91.42,91.42,91.44,91.42,182066.0,0.0
2016-08-29,91.44,91.44,91.46,91.42,330370.0,0.0002187705097351
2016-08-30,91.44,91.44,91.46,91.4273,299472.0,0.0
2016-08-31,91.44,91.44,91.46,91.42,190013.0,0.0
2016-09-01,91.44,91.44,91.46,91.42,174336.0,0.0
2016-09-02,91.46,91.44,91.46,91.44,307008.0,0.0002187226596674
2016-09-06,91.46,91.44,91.46,91.44,352499.0,0.0
2016-09-07,91.44,91.46,91.46,91.44,790671.0,-0.0002186748305269
2016-09-08,91.44,91.44,91.46,91.42,497148.0,0.0
2016-09-09,91.46,91.46,91.46,91.44,342822.0,0.0002187226596674
2016-09-12,91.42,91.46,91.46,91.42,724982.0,-0.0004373496610539
2016-09-13,91.44,91.46,91.46,91.42,264627.0,0.0002187705097351
2016-09-14,91.44,91.46,91.46,91.44,202533.0,0.0
2016-09-15,91.44,91.44,91.46,91.42,374139.0,0.0
2016-09-16,91.44,91.46,91.46,91.44,425972.0,0.0
2016-09-19,91.44,91.46,91.46,91.44,1269573.0,0.0
2016-09-20,91.44,91.44,91.46,91.44,706782.0,0.0
2016-09-21,91.44,91.44,91.46,91.44,536155.0,0.0
2016-09-22,91.46,91.46,91.46,91.44,514943.0,0.0002187226596674
2016-09-23,91.46,91.46,91.48,91.44,369245.0,0.0
2016-09-26,91.46,91.44,91.46,91.44,433403.0,0.0
2016-09-27,91.44,91.46,91.46,91.44,453787.0,-0.0002186748305269
2016-09-28,91.44,91.44,91.46,91.44,481202.0,0.0
2016-09-29,91.44,91.44,91.46,91.44,878117.0,0.0
2016-09-30,91.46,91.44,91.46,91.44,458353.0,0.0002187226596674
2016-10-03,91.44,91.46,91.46,91.44,231793.0,-0.0002186748305269
2016-10-04,91.46,91.44,91.46,91.44,392424.0,0.0002187226596674
2016-10-05,91.46,91.44,91.46,91.44,518482.0,0.0
2016-10-06,91.46,91.46,91.46,91.44,193848.0,0.0
2016-10-07,91.46,91.46,91.46,91.44,139565.0,0.0
2016-10-10,91.46,91.46,91.46,91.44,67033.0,0.0
2016-10-11,91.44,91.46,91.46,91.44,374892.0,-0.0002186748305269
2016-10-12,91.46,91.44,91.46,91.44,411549.0,0.0002187226596674
2016-10-13,91.44,91.46,91.46,91.44,156272.0,-0.0002186748305269
2016-10-14,91.44,91.44,91.46,91.44,130091.0,0.0
2016-10-17,91.44,91.46,91.46,91.44,237801.0,0.0
2016-10-18,91.44,91.44,91.46,91.44,180365.0,0.0
2016-10-19,91.46,91.44,91.46,91.44,138127.0,0.0002187226596674
2016-10-20,91.44,91.46,91.46,91.44,261887.0,-0.0002186748305269
2016-10-21,91.44,91.44,91.46,91.44,424137.0,0.0
2016-10-24,91.44,91.46,91.46,91.44,106816.0,0.0
2016-10-25,91.44,91.46,91.46,91.44,175371.0,0.0
2016-10-26,91.46,91.44,91.46,91.44,200883.0,0.0002187226596674
2016-10-27,91.44,91.46,91.46,91.44,184211.0,-0.0002186748305269
2016-10-28,91.46,91.48,91.48,91.44,546566.0,0.0002187226596674
2016-10-31,91.48,91.46,91.48,91.46,735435.0,0.000218674830527
2016-11-01,91.46,91.48,91.48,91.46,1208599.0,-0.0002186270223
2016-11-02,91.48,91.48,91.48,91.46,499739.0,0.000218674830527
2016-11-03,91.46,91.48,91.48,91.46,212412.0,-0.0002186270223
2016-11-04,91.48,91.46,91.48,91.46,554122.0,0.000218674830527
2016-11-07,91.46,91.48,91.48,91.46,1122215.0,-0.0002186270223
2016-11-08,91.48,91.46,91.48,91.46,360461.0,0.000218674830527
2016-11-09,91.44,91.46,91.48,91.44,596828.0,-0.0004372540445999
2016-11-10,91.44,91.44,91.46,91.44,966310.0,0.0
2016-11-11,91.4,91.46,91.46,91.4,1164261.0,-0.0004374453193349
2016-11-14,91.44,91.44,91.46,91.44,735514.0,0.0004376367614877
2016-11-15,91.46,91.46,91.46,91.44,1437106.0,0.0002187226596674
2016-11-16,91.46,91.46,91.46,91.44,611851.0,0.0
2016-11-17,91.48,91.46,91.48,91.44,906647.0,0.000218674830527
2016-11-18,91.46,91.46,91.48,91.46,554568.0,-0.0002186270223
2016-11-21,91.44,91.48,91.48,91.44,234790.0,-0.0002186748305269
2016-11-22,91.44,91.46,91.46,91.44,1102711.0,0.0
2016-11-23,91.44,91.44,91.46,91.44,454931.0,0.0
2016-11-25,91.46,91.46,91.46,91.44,171327.0,0.0002187226596674
2016-11-28,91.44,91.48,91.48,91.44,122878.0,-0.0002186748305269
2016-11-29,91.44,91.46,91.48,91.44,122441.0,0.0
2016-11-30,91.44,91.44,91.46,91.44,503137.0,0.0
2016-12-01,91.44,91.4,91.44,91.4,2137530.0,0.0
2016-12-02,91.42,91.44,91.44,91.42,411625.0,-0.0002187226596674
2016-12-05,91.42,91.44,91.44,91.42,897090.0,0.0
2016-12-06,91.44,91.42,91.44,91.42,278859.0,0.0002187705097351
2016-12-07,91.44,91.42,91.44,91.42,431433.0,0.0
2016-12-08,91.44,91.42,91.44,91.42,463698.0,0.0
2016-12-09,91.44,91.44,91.44,91.42,389978.0,0.0
2016-12-12,91.42,91.42,91.44,91.42,212831.0,-0.0002187226596674
2016-12-13,91.44,91.4,91.44,91.4,531829.0,0.0002187705097351
2016-12-14,91.44,91.44,91.44,91.42,219142.0,0.0
2016-12-15,91.44,91.44,91.44,91.42,221837.0,0.0
2016-12-16,91.42,91.44,91.44,91.42,220902.0,-0.0002187226596674
2016-12-19,91.44,91.42,91.44,91.42,188733.0,0.0002187705097351
2016-12-20,91.42,91.42,91.44,91.42,308112.0,-0.0002187226596674
2016-12-21,91.44,91.44,91.44,91.42,217838.0,0.0002187705097351
2016-12-22,91.42,91.44,91.44,91.42,263063.0,-0.0002187226596674
2016-12-23,91.42,91.42,91.44,91.42,237990.0,0.0
2016-12-27,91.44,91.42,91.44,91.42,231866.0,0.0002187705097351
2016-12-28,91.42,91.42,91.42,91.4,190212.0,-0.0002187226596674
2016-12-29,91.44,91.44,91.44,91.4,286667.0,0.0002187705097351
2016-12-30,91.4,91.42,91.42,91.4,156605.0,-0.0004374453193349
2017-01-03,91.44,91.44,91.44,91.42,1769524.0,0.0004376367614877
2017-01-04,91.44,91.44,91.44,91.42,522739.0,0.0
2017-01-05,91.42,91.44,91.44,91.42,627514.0,-0.0002187226596674
2017-01-06,91.44,91.44,91.44,91.42,321571.0,0.0002187705097351
2017-01-09,91.44,91.42,91.44,91.42,198585.0,0.0
2017-01-10,91.42,91.44,91.44,91.42,138991.0,-0.0002187226596674
2017-01-11,91.44,91.42,91.44,91.42,707258.0,0.0002187705097351
2017-01-12,91.44,91.42,91.44,91.42,221374.0,0.0
2017-01-13,91.44,91.42,91.44,91.42,159800.0,0.0
2017-01-17,91.44,91.42,91.44,91.42,353241.0,0.0
2017-01-18,91.42,91.42,91.44,91.42,235390.0,-0.0002187226596674
2017-01-19,91.42,91.44,91.44,91.42,188709.0,0.0
2017-01-20,91.44,91.42,91.44,91.42,153631.0,0.0002187705097351
2017-01-23,91.42,91.42,91.44,91.42,507190.0,-0.0002187226596674
2017-01-24,91.42,91.42,91.44,91.42,588303.0,0.0
2017-01-25,91.44,91.42,91.44,91.42,440095.0,0.0002187705097351
2017-01-26,91.46,91.44,91.46,91.42,357348.0,0.0002187226596674
2017-01-27,91.42,91.44,91.46,91.42,228002.0,-0.0004373496610539
2017-01-30,91.46,91.42,91.46,91.42,272661.0,0.0004375410194705
2017-01-31,91.44,91.44,91.46,91.44,173776.0,-0.0002186748305269
2017-02-01,91.42,91.4,91.44,91.4,264026.0,-0.0002187226596674
2017-02-02,91.42,91.4,91.44,91.4,288020.0,0.0
2017-02-03,91.4,91.42,91.44,91.4,414681.0,-0.0002187705097352
2017-02-06,91.44,91.42,91.44,91.4003,206575.0,0.0004376367614877
2017-02-07,91.44,91.44,91.44,91.42,446837.0,0.0
2017-02-08,91.44,91.42,91.44,91.42,265091.0,0.0
2017-02-09,91.43,91.42,91.44,91.42,336534.0,-0.0001093613298336
2017-02-10,91.42,91.44,91.44,91.42,566057.0,-0.0001093732910424
2017-02-13,91.42,91.42,91.44,91.42,190994.0,0.0
2017-02-14,91.44,91.44,91.44,91.42,124513.0,0.0002187705097351
2017-02-15,91.42,91.44,91.44,91.42,374354.0,-0.0002187226596674
2017-02-16,91.42,91.42,91.44,91.42,122377.0,0.0
2017-02-17,91.44,91.44,91.44,91.42,154311.0,0.0002187705097351
2017-02-21,91.42,91.42,91.44,91.42,296999.0,-0.0002187226596674
2017-02-22,91.42,91.42,91.44,91.42,270342.0,0.0
2017-02-23,91.42,91.42,91.44,91.42,402352.0,0.0
2017-02-24,91.42,91.44,91.46,91.42,725454.0,0.0
2017-02-27,91.42,91.42,91.46,91.42,177671.0,0.0
2017-02-28,91.46,91.46,91.46,91.44,175170.0,0.0004375410194705
2017-03-01,91.4,91.4,91.42,91.4,230946.0,-0.0006560244915808
2017-03-02,91.4,91.4,91.42,91.4,185852.0,0.0
2017-03-03,91.42,91.42,91.42,91.4,332062.0,0.0002188183807438
2017-03-06,91.44,91.4,91.44,91.4,193983.0,0.0002187705097351
2017-03-07,91.4,91.44,91.44,91.4,95599.0,-0.0004374453193349
2017-03-08,91.4,91.42,91.42,91.4,179947.0,0.0
2017-03-09,91.4,91.4,91.42,91.4,298198.0,0.0
2017-03-10,91.42,91.42,91.42,91.4,423813.0,0.0002188183807438
2017-03-13,91.4,91.42,91.42,91.4,300989.0,-0.0002187705097352
2017-03-14,91.4,91.4,91.42,91.4,350677.0,0.0
2017-03-15,91.42,91.4,91.42,91.4,740332.0,0.0002188183807438
2017-03-16,91.44,91.4,91.44,91.4,298298.0,0.0002187705097351
2017-03-17,91.44,91.4,91.44,91.4,182933.0,0.0
2017-03-20,91.4196,91.4,91.44,91.4,147191.0,-0.0002230971128608
2017-03-21,91.44,91.44,91.44,91.4,650287.0,0.0002231468962892
2017-03-22,91.44,91.4,91.44,91.4,555561.0,0.0
2017-03-23,91.42,91.44,91.44,91.42,339549.0,-0.0002187226596674
2017-03-24,91.44,91.42,91.44,91.42,184746.0,0.0002187705097351
2017-03-27,91.44,91.4,91.44,91.4,386839.0,0.0
2017-03-28,91.44,91.44,91.44,91.42,894352.0,0.0
2017-03-29,91.44,91.44,91.44,91.42,83390.0,0.0
2017-03-30,91.44,91.44,91.44,91.42,539403.0,0.0
2017-03-31,91.42,91.46,91.46,91.42,526629.0,-0.0002187226596674
2017-04-03,91.4,91.38,91.42,91.38,2097914.0,-0.0002187705097352
2017-04-04,91.4,91.4,91.42,91.4,714495.0,0.0
2017-04-05,91.4,91.42,91.42,91.4,581734.0,0.0
2017-04-06,91.4,91.4,91.42,91.4,246550.0,0.0
2017-04-07,91.4,91.42,91.42,91.4,129317.0,0.0
2017-04-10,91.4,91.44,91.44,91.4,429073.0,0.0
2017-04-11,91.42,91.42,91.42,91.4,161032.0,0.0002188183807438
2017-04-12,91.4,91.44,91.44,91.4,270501.0,-0.0002187705097352
2017-04-13,91.42,91.4,91.44,91.4,953326.0,0.0002188183807438
2017-04-17,91.42,91.4,91.44,91.4,753176.0,0.0
2017-04-18,91.44,91.42,91.44,91.42,100437.0,0.0002187705097351
2017-04-19,91.44,91.42,91.44,91.42,114101.0,0.0
2017-04-20,91.44,91.42,91.44,91.42,243749.0,0.0
2017-04-21,91.44,91.44,91.46,91.44,250681.0,0.0
2017-04-24,91.42,91.44,91.44,91.42,479142.0,-0.0002187226596674
2017-04-25,91.42,91.44,91.44,91.42,405758.0,0.0
2017-04-26,91.44,91.42,91.44,91.42,355462.0,0.0002187705097351
2017-04-27,91.42,91.42,91.44,91.42,376887.0,-0.0002187226596674
2017-04-28,91.46,91.43,91.46,91.42,212355.0,0.0004375410194705
2017-05-01,91.42,91.44,91.44,91.4,390279.0,-0.0004373496610539
2017-05-02,91.4,91.4,91.42,91.4,70899.0,-0.0002187705097352
2017-05-03,91.4,91.4,91.42,91.4,226512.0,0.0
2017-05-04,91.42,91.4,91.42,91.4,163453.0,0.0002188183807438
2017-05-05,91.4,91.4,91.42,91.4,254063.0,-0.0002187705097352
2017-05-08,91.42,91.41,91.44,91.4,217522.0,0.0002188183807438
2017-05-09,91.42,91.44,91.44,91.42,493406.0,0.0
2017-05-10,91.44,91.44,91.44,91.42,309451.0,0.0002187705097351
2017-05-11,91.44,91.42,91.46,91.42,397176.0,0.0
2017-05-12,91.42,91.44,91.46,91.42,129256.0,-0.0002187226596674
2017-05-15,91.44,91.44,91.46,91.44,376601.0,0.0002187705097351
2017-05-16,91.44,91.44,91.46,91.44,166191.0,0.0
2017-05-17,91.46,91.44,91.46,91.44,1395325.0,0.0002187226596674
2017-05-18,91.46,91.44,91.46,91.44,1384919.0,0.0
2017-05-19,91.44,91.44,91.46,91.44,106684.0,-0.0002186748305269
2017-05-22,91.46,91.44,91.46,91.44,63921.0,0.0002187226596674
2017-05-23,91.46,91.44,91.46,91.44,195176.0,0.0
2017-05-24,91.44,91.44,91.46,91.44,306984.0,-0.0002186748305269
2017-05-25,91.46,91.44,91.46,91.44,136336.0,0.0002187226596674
2017-05-26,91.48,91.44,91.48,91.44,143638.0,0.000218674830527
2017-05-30,91.44,91.46,91.48,91.44,190432.0,-0.0004372540445999
2017-05-31,91.44,91.46,91.46,91.44,319578.0,0.0
2017-06-01,91.42,91.4,91.42,91.4,225120.0,-0.0002187226596674
2017-06-02,91.4,91.4,91.42,91.4,417893.0,-0.0002187705097352
2017-06-05,91.42,91.4,91.42,91.4,275792.0,0.0002188183807438
2017-06-06,91.4,91.4,91.42,91.4,136339.0,-0.0002187705097352
2017-06-07,91.44,91.4,91.44,91.4,257791.0,0.0004376367614877
2017-06-08,91.42,91.44,91.44,91.42,252485.0,-0.0002187226596674
2017-06-09,91.44,91.42,91.44,91.42,184685.0,0.0002187705097351
2017-06-12,91.42,91.44,91.44,91.42,199584.0,-0.0002187226596674
2017-06-13,91.44,91.42,91.44,91.42,552572.0,0.0002187705097351
2017-06-14,91.42,91.44,91.46,91.42,64366.0,-0.0002187226596674
2017-06-15,91.42,91.42,91.44,91.42,380807.0,0.0
2017-06-16,91.46,91.42,91.46,91.42,502717.0,0.0004375410194705
2017-06-19,91.44,91.44,91.46,91.44,289710.0,-0.0002186748305269
2017-06-20,91.44,91.46,91.46,91.44,121047.0,0.0
2017-06-21,91.46,91.46,91.46,91.44,140597.0,0.0002187226596674
2017-06-22,91.48,91.46,91.48,91.44,219977.0,0.000218674830527
2017-06-23,91.46,91.48,91.48,91.46,67296.0,-0.0002186270223
2017-06-26,91.44,91.44,91.48,91.44,297831.0,-0.0002186748305269
2017-06-27,91.44,91.46,91.46,91.44,125005.0,0.0
2017-06-28,91.48,91.46,91.48,91.44,179209.0,0.0004374453193352
2017-06-29,91.46,91.44,91.48,91.44,466118.0,-0.0002186270223
2017-06-30,91.48,91.46,91.5,91.46,615318.0,0.000218674830527
2017-07-03,91.44,91.42,91.44,91.42,186107.0,-0.0004372540445999
2017-07-05,91.42,91.44,91.44,91.42,369385.0,-0.0002187226596674
2017-07-06,91.44,91.42,91.44,91.42,445496.0,0.0002187705097351
2017-07-07,91.44,91.42,91.44,91.42,140961.0,0.0
2017-07-10,91.44,91.42,91.44,91.42,185585.0,0.0
2017-07-11,91.44,91.44,91.44,91.42,136888.0,0.0
2017-07-12,91.42,91.42,91.44,91.42,403182.0,-0.0002187226596674
2017-07-13,91.42,91.44,91.46,91.42,137284.0,0.0
2017-07-14,91.46,91.42,91.46,91.42,255960.0,0.0004375410194705
2017-07-17,91.44,91.44,91.46,91.44,588917.0,-0.0002186748305269
2017-07-18,91.44,91.44,91.46,91.44,61162.0,0.0
2017-07-19,91.44,91.44,91.46,91.44,99337.0,0.0
2017-07-20,91.44,91.44,91.46,91.44,71962.0,0.0
2017-07-21,91.44,91.44,91.46,91.44,210983.0,0.0
2017-07-24,91.44,91.44,91.46,91.44,140578.0,0.0
2017-07-25,91.44,91.44,91.48,91.44,265873.0,0.0
2017-07-26,91.46,91.44,91.48,91.44,232090.0,0.0002187226596674
2017-07-27,91.48,91.48,91.48,91.46,221679.0,0.000218674830527
2017-07-28,91.46,91.46,91.48,91.46,159620.0,-0.0002186270223
2017-07-31,91.46,91.5,91.5,91.46,449596.0,0.0
2017-08-01,91.42,91.4,91.42,91.4,315590.0,-0.0004373496610539
2017-08-02,91.44,91.42,91.44,91.4,263821.0,0.0002187705097351
2017-08-03,91.44,91.4,91.44,91.4,158394.0,0.0
2017-08-04,91.44,91.42,91.44,91.4,350695.0,0.0
2017-08-07,91.44,91.4,91.44,91.4,130414.0,0.0
2017-08-08,91.44,91.44,91.44,91.42,309824.0,0.0
2017-08-09,91.44,91.44,91.44,91.42,142194.0,0.0
2017-08-10,91.44,91.42,91.44,91.42,111157.0,0.0
2017-08-11,91.46,91.44,91.46,91.421,211363.0,0.0002187226596674
2017-08-14,91.44,91.46,91.46,91.44,331157.0,-0.0002186748305269
2017-08-15,91.46,91.44,91.46,91.44,192581.0,0.0002187226596674
2017-08-16,91.44,91.46,91.46,91.44,141267.0,-0.0002186748305269
2017-08-17,91.46,91.44,91.46,91.44,363041.0,0.0002187226596674
2017-08-18,91.44,91.46,91.46,91.44,230887.0,-0.0002186748305269
2017-08-21,91.46,91.4602,91.48,91.46,483812.0,0.0002187226596674
2017-08-22,91.48,91.46,91.48,91.46,208781.0,0.000218674830527
2017-08-23,91.48,91.48,91.48,91.46,292744.0,0.0
2017-08-24,91.48,91.46,91.48,91.46,1055479.0,0.0
2017-08-25,91.46,91.46,91.48,91.46,310538.0,-0.0002186270223
2017-08-28,91.48,91.48,91.48,91.46,102044.0,0.000218674830527
2017-08-29,91.48,91.48,91.5,91.46,130471.0,0.0
2017-08-30,91.48,91.48,91.5,91.48,291132.0,0.0
2017-08-31,91.5,91.48,91.5,91.48,1212829.0,0.0002186270222999
2017-09-01,91.44,91.44,91.44,91.42,373460.0,-0.000655737704918
2017-09-05,91.4,91.44,91.44,91.4,437829.0,-0.0004374453193349
2017-09-06,91.44,91.42,91.44,91.42,927895.0,0.0004376367614877
2017-09-07,91.44,91.44,91.44,91.42,159375.0,0.0
2017-09-08,91.42,91.42,91.44,91.42,514531.0,-0.0002187226596674
2017-09-11,91.42,91.44,91.44,91.42,130956.0,0.0
2017-09-12,91.45,91.42,91.46,91.42,258117.0,0.0003281557646028
2017-09-13,91.46,91.44,91.46,91.44,438191.0,0.0001093493712409
2017-09-14,91.44,91.44,91.46,91.44,238795.0,-0.0002186748305269
2017-09-15,91.44,91.46,91.46,91.44,96544.0,0.0
2017-09-18,91.44,91.46,91.48,91.44,276404.0,0.0
2017-09-19,91.48,91.46,91.48,91.44,61304.0,0.0004374453193352
2017-09-20,91.48,91.48,91.48,91.46,129395.0,0.0
2017-09-21,91.48,91.46,91.48,91.46,107999.0,0.0
2017-09-22,91.48,91.48,91.48,91.46,133322.0,0.0
2017-09-25,91.48,91.48,91.48,91.46,158195.0,0.0
2017-09-26,91.48,91.46,91.48,91.46,255817.0,0.0
2017-09-27,91.48,91.48,91.48,91.46,229286.0,0.0
2017-09-28,91.46,91.46,91.48,91.46,76567.0,-0.0002186270223
2017-09-29,91.5,91.47,91.5,91.46,173124.0,0.0004373496610541
2017-10-02,91.44,91.44,91.44,91.42,158788.0,-0.000655737704918
2017-10-03,91.44,91.42,91.44,91.42,429234.0,0.0
2017-10-04,91.42,91.42,91.44,91.42,1119398.0,-0.0002187226596674
2017-10-05,91.44,91.42,91.44,91.42,186271.0,0.0002187705097351
2017-10-06,91.42,91.44,91.44,91.42,205440.0,-0.0002187226596674
2017-10-09,91.42,91.42,91.44,91.42,141255.0,0.0
2017-10-10,91.42,91.42,91.44,91.42,264060.0,0.0
2017-10-11,91.42,91.44,91.44,91.42,148307.0,0.0
2017-10-12,91.46,91.44,91.46,91.42,244474.0,0.0004375410194705
2017-10-13,91.46,91.46,91.46,91.44,78448.0,0.0
2017-10-16,91.44,91.44,91.46,91.44,189911.0,-0.0002186748305269
2017-10-17,91.46,91.44,91.48,91.44,227498.0,0.0002187226596674
2017-10-18,91.46,91.46,91.48,91.46,64158.0,0.0
2017-10-19,91.46,91.46,91.48,91.44,199842.0,0.0
2017-10-20,91.48,91.46,91.48,91.46,57144.0,0.000218674830527
2017-10-23,91.46,91.48,91.48,91.46,136266.0,-0.0002186270223
2017-10-24,91.5,91.46,91.5,91.46,157373.0,0.0004373496610541
2017-10-25,91.5,91.48,91.5,91.48,293916.0,0.0
2017-10-26,91.5,91.48,91.5,91.48,301070.0,0.0
2017-10-27,91.5,91.48,91.5,91.48,1063486.0,0.0
2017-10-30,91.48,91.48,91.5,91.48,286937.0,-0.0002185792349725
2017-10-31,91.5,91.48,91.5,91.48,430348.0,0.0002186270222999
2017-11-01,91.44,91.44,91.44,91.42,586088.0,-0.000655737704918
2017-11-02,91.42,91.44,91.44,91.42,137406.0,-0.0002187226596674
2017-11-03,91.42,91.42,91.44,91.42,222532.0,0.0
2017-11-06,91.44,91.42,91.44,91.42,95228.0,0.0002187705097351
2017-11-07,91.44,91.42,91.44,91.42,89965.0,0.0
2017-11-08,91.44,91.44,91.44,91.42,238772.0,0.0
2017-11-09,91.42,91.44,91.44,91.42,518036.0,-0.0002187226596674
2017-11-10,91.44,91.44,91.46,91.42,277982.0,0.0002187705097351
2017-11-13,91.44,91.46,91.46,91.44,229793.0,0.0
2017-11-14,91.44,91.46,91.46,91.44,119433.0,0.0
2017-11-15,91.44,91.44,91.46,91.44,278745.0,0.0
2017-11-16,91.46,91.44,91.46,91.4398,232887.0,0.0002187226596674
2017-11-17,91.44,91.44,91.46,91.44,164539.0,-0.0002186748305269
2017-11-20,91.46,91.44,91.48,91.44,372460.0,0.0002187226596674
2017-11-21,91.48,91.46,91.48,91.44,259082.0,0.000218674830527
2017-11-22,91.48,91.46,91.48,91.46,153622.0,0.0
2017-11-24,91.46,91.48,91.5,91.46,577027.0,-0.0002186270223
2017-11-27,91.46,91.46,91.48,91.46,373913.0,0.0
2017-11-28,91.5,91.46,91.5,91.46,244710.0,0.0004373496610541
2017-11-29,91.48,91.48,91.5,91.46,366307.0,-0.0002185792349725
2017-11-30,91.48,91.5,91.5,91.48,288234.0,0.0
2017-12-01,91.42,91.43,91.43,91.42,283202.0,-0.0006558810668998
2017-12-04,91.43,91.42,91.43,91.42,142684.0,0.0001093852548676
2017-12-05,91.44,91.43,91.44,91.42,532494.0,0.0001093732910422
2017-12-06,91.43,91.44,91.44,91.43,544935.0,-0.0001093613298336
2017-12-07,91.44,91.43,91.44,91.43,145075.0,0.0001093732910422
2017-12-08,91.45,91.44,91.45,91.43,196250.0,0.0001093613298337
2017-12-11,91.44,91.45,91.45,91.44,138895.0,-0.0001093493712411
2017-12-12,91.45,91.46,91.46,91.44,184995.0,0.0001093613298337
2017-12-13,91.44,91.45,91.45,91.44,375082.0,-0.0001093493712411
2017-12-14,91.45,91.45,91.46,91.441,143245.0,0.0001093613298337
2017-12-15,91.46,91.45,91.46,91.45,389614.0,0.0001093493712409
2017-12-18,91.47,91.45,91.47,91.45,288479.0,0.0001093374152636
2017-12-19,91.39,91.38,91.39,91.37,287642.0,-0.0008746036952006
2017-12-20,91.39,91.37,91.39,91.37,614222.0,0.0
2017-12-21,91.39,91.38,91.4,91.38,233765.0,0.0
2017-12-22,91.41,91.4,91.41,91.39,1997569.0,0.0002188423241054
2017-12-26,91.4,91.41,91.41,91.4,498320.0,-0.0001093972213104
2017-12-27,91.42,91.41,91.42,91.4,320119.0,0.0002188183807438
2017-12-28,91.42,91.41,91.42,91.41,366172.0,0.0
2017-12-29,91.4,91.41,91.43,91.4,415001.0,-0.0002187705097352
2018-01-02,91.41,91.41,91.43,91.41,790043.0,0.0001094091903719
2018-01-03,91.43,91.43,91.43,91.42,218308.0,0.0002187944426212
2018-01-04,91.44,91.44,91.44,91.42,1098129.0,0.0001093732910422
2018-01-05,91.44,91.43,91.44,91.43,247630.0,0.0
2018-01-08,91.45,91.43,91.45,91.43,199817.0,0.0001093613298337
2018-01-09,91.45,91.43,91.45,91.43,186330.0,0.0
2018-01-10,91.45,91.44,91.45,91.44,222418.0,0.0
2018-01-11,91.44,91.45,91.46,91.44,163803.0,-0.0001093493712411
2018-01-12,91.47,91.46,91.47,91.45,531342.0,0.0003280839895012
2018-01-16,91.45,91.45,91.46,91.45,280328.0,-0.0002186509238001
2018-01-17,91.47,91.45,91.47,91.45,229022.0,0.0002186987424821
2018-01-18,91.47,91.46,91.47,91.46,238903.0,0.0
2018-01-19,91.48,91.47,91.48,91.47,273305.0,0.0001093254619002
2018-01-22,91.49,91.49,91.49,91.48,285186.0,0.0001093135111498
2018-01-23,91.49,91.49,91.49,91.48,706889.0,0.0
2018-01-24,91.5,91.5,91.5,91.48,214644.0,0.0001093015630124
2018-01-25,91.5,91.5,91.5,91.49,493166.0,0.0
2018-01-26,91.52,91.5,91.52,91.5,430651.0,0.0002185792349727
2018-01-29,91.5,91.52,91.52,91.5,696392.0,-0.0002185314685314
2018-01-30,91.51,91.49,91.52,91.49,581330.0,0.0001092896174863
2018-01-31,91.52,91.51,91.52,91.51,258890.0,0.000109277674571
2018-02-01,91.43,91.41,91.4401,91.41,1016441.0,-0.0009833916083914
2018-02-02,91.44,91.44,91.44,91.43,459118.0,0.0001093732910422
2018-02-05,91.43,91.45,91.45,91.43,757045.0,-0.0001093613298336
2018-02-06,91.44,91.42,91.45,91.42,1558608.0,0.0001093732910422
2018-02-07,91.45,91.43,91.5,91.41,1294947.0,0.0001093613298337
2018-02-08,91.44,91.43,91.46,91.43,1547196.0,-0.0001093493712411
2018-02-09,91.46,91.43,91.46,91.43,2932570.0,0.0002187226596674
2018-02-12,91.46,91.46,91.46,91.45,2039339.0,0.0
2018-02-13,91.46,91.44,91.47,91.44,4352436.0,0.0
2018-02-14,91.46,91.45,91.46,91.45,549724.0,0.0
2018-02-15,91.47,91.47,91.47,91.45,924879.0,0.0001093374152636
2018-02-16,91.48,91.46,91.48,91.46,920462.0,0.0001093254619002
2018-02-20,91.48,91.47,91.48,91.46,590118.0,0.0
2018-02-21,91.47,91.48,91.48,91.47,1012408.0,-0.00010931351115
2018-02-22,91.48,91.48,91.49,91.47,468652.0,0.0001093254619002
2018-02-23,91.5,91.49,91.5,91.48,2653552.0,0.0002186270222999
2018-02-26,91.48,91.49,91.5,91.48,2981637.0,-0.0002185792349725
2018-02-27,91.5,91.48,91.5,91.48,373580.0,0.0002186270222999
2018-02-28,91.51,91.5,91.51,91.49,882236.0,0.0001092896174863
2018-03-01,91.44,91.42,91.44,91.42,1260483.0,-0.0007649437219976
2018-03-02,91.45,91.43,91.45,91.43,1353872.0,0.0001093613298337
2018-03-05,91.45,91.45,91.45,91.43,849195.0,0.0
2018-03-06,91.45,91.45,91.45,91.43,232692.0,0.0
2018-03-07,91.45,91.44,91.45,91.44,978694.0,0.0
2018-03-08,91.44,91.44,91.45,91.44,257355.0,-0.0001093493712411
2018-03-09,91.46,91.45,91.47,91.45,596475.0,0.0002187226596674
2018-03-12,91.47,91.47,91.47,91.45,506372.0,0.0001093374152636
2018-03-13,91.47,91.45,91.47,91.45,469423.0,0.0
2018-03-14,91.47,91.45,91.47,91.45,245044.0,0.0
2018-03-15,91.46,91.47,91.47,91.46,863792.0,-0.0001093254619001
2018-03-16,91.48,91.47,91.48,91.47,1216937.0,0.000218674830527
2018-03-19,91.48,91.47,91.49,91.47,466091.0,0.0
2018-03-20,91.47,91.48,91.49,91.47,444527.0,-0.00010931351115
2018-03-21,91.49,91.48,91.49,91.48,336255.0,0.0002186509238
2018-03-22,91.5,91.48,91.5,91.48,305560.0,0.0001093015630124
2018-03-23,91.51,91.5,91.51,91.5,633077.0,0.0001092896174863
2018-03-26,91.5,91.5,91.51,91.5,451257.0,-0.0001092776745711
2018-03-27,91.52,91.52,91.52,91.5,1357329.0,0.0002185792349727
2018-03-28,91.53,91.52,91.53,91.52,3030199.0,0.0001092657342658
2018-03-29,91.55,91.53,91.55,91.53,740914.0,0.0002185075931389
2018-04-02,91.44,91.44,91.44,91.42,1681613.0,-0.0012015292190059
2018-04-03,91.43,91.44,91.44,91.43,1893630.0,-0.0001093613298336
2018-04-04,91.45,91.43,91.45,91.43,3535404.0,0.0002187465820846
2018-04-05,91.46,91.46,91.46,91.45,2245751.0,0.0001093493712409
2018-04-06,91.46,91.46,91.46,91.45,310425.0,0.0
2018-04-09,91.47,91.47,91.47,91.46,238545.0,0.0001093374152636
2018-04-10,91.46,91.47,91.47,91.46,491308.0,-0.0001093254619001
2018-04-11,91.48,91.48,91.48,91.47,249314.0,0.000218674830527
2018-04-12,91.48,91.47,91.48,91.47,8103725.0,0.0
2018-04-13,91.48,91.48,91.49,91.48,287865.0,0.0
2018-04-16,91.5,91.5,91.5,91.48,321265.0,0.0002186270222999
2018-04-17,91.5,91.49,91.5,91.49,3474958.0,0.0
2018-04-18,91.49,91.5,91.5,91.49,277901.0,-0.0001092896174863
2018-04-19,91.51,91.51,91.51,91.5,473240.0,0.0002186031260247
2018-04-20,91.51,91.5,91.52,91.5,263977.0,0.0
2018-04-23,91.51,91.51,91.52,91.51,1126076.0,0.0
2018-04-24,91.52,91.51,91.53,91.51,1031569.0,0.000109277674571
2018-04-25,91.53,91.52,91.53,91.52,1001683.0,0.0001092657342658
2018-04-26,91.54,91.53,91.55,91.53,1484483.0,0.0001092537965694
2018-04-27,91.55,91.54,91.55,91.54,295805.0,0.0001092418614812
2018-04-30,91.54,91.55,91.55,91.54,325886.0,-0.0001092299290004
2018-05-01,91.44,91.43,91.45,91.43,1429828.0,-0.0010924186148132
2018-05-02,91.45,91.44,91.45,91.44,398211.0,0.0001093613298337
2018-05-03,91.45,91.46,91.46,91.45,3642703.0,0.0
2018-05-04,91.47,91.47,91.47,91.46,1208094.0,0.0002186987424821
2018-05-07,91.47,91.46,91.47,91.46,365503.0,0.0
2018-05-08,91.48,91.47,91.48,91.47,432923.0,0.0001093254619002
2018-05-09,91.48,91.46,91.48,91.46,808232.0,0.0
2018-05-10,91.48,91.48,91.49,91.48,4673602.0,0.0
2018-05-11,91.48,91.5,91.5,91.48,348873.0,0.0
2018-05-14,91.48,91.48,91.5,91.48,897594.0,0.0
2018-05-15,91.5,91.49,91.5,91.49,1825814.0,0.0002186270222999
2018-05-16,91.51,91.5,91.51,91.49,1147731.0,0.0001092896174863
2018-05-17,91.51,91.51,91.51,91.5,2799439.0,0.0
2018-05-18,91.52,91.52,91.52,91.51,1550139.0,0.000109277674571
2018-05-21,91.52,91.52,91.53,91.51,509505.0,0.0
2018-05-22,91.52,91.53,91.53,91.52,587955.0,0.0
2018-05-23,91.53,91.54,91.54,91.52,244877.0,0.0001092657342658
2018-05-24,91.55,91.54,91.55,91.54,259992.0,0.0002185075931389
2018-05-25,91.56,91.55,91.56,91.55,479545.0,0.0001092299290006
2018-05-29,91.56,91.55,91.56,91.55,845670.0,0.0
2018-05-30,91.55,91.55,91.56,91.55,450404.0,-0.0001092179991263
2018-05-31,91.57,91.58,91.58,91.56,901820.0,0.000218459858001
2018-06-01,91.45,91.45,91.45,91.44,707447.0,-0.001310472862291
2018-06-04,91.46,91.45,91.46,91.45,1174206.0,0.0001093493712409
2018-06-05,91.46,91.46,91.46,91.45,726920.0,0.0
2018-06-06,91.45,91.46,91.46,91.45,594219.0,-0.0001093374152634
2018-06-07,91.46,91.46,91.48,91.46,1595148.0,0.0001093493712409
2018-06-08,91.48,91.48,91.48,91.47,323303.0,0.000218674830527
2018-06-11,91.49,91.48,91.49,91.47,871763.0,0.0001093135111498
2018-06-12,91.49,91.49,91.49,91.48,1142091.0,0.0
2018-06-13,91.48,91.48,91.5,91.48,244088.0,-0.0001093015630122
2018-06-14,91.51,91.5,91.51,91.5,440920.0,0.0003279405334499
2018-06-15,91.51,91.51,91.51,91.5,255438.0,0.0
2018-06-18,91.5,91.52,91.52,91.5,1502886.0,-0.0001092776745711
2018-06-19,91.52,91.52,91.52,91.51,207792.0,0.0002185792349727
2018-06-20,91.51,91.53,91.53,91.51,616056.0,-0.0001092657342656
2018-06-21,91.52,91.54,91.54,91.52,782599.0,0.000109277674571
2018-06-22,91.53,91.54,91.54,91.53,289437.0,0.0001092657342658
2018-06-25,91.55,91.55,91.55,91.54,1069712.0,0.0002185075931389
2018-06-26,91.54,91.54,91.56,91.54,908587.0,-0.0001092299290004
2018-06-27,91.56,91.56,91.56,91.55,326072.0,0.0002184837229626
2018-06-28,91.56,91.56,91.57,91.56,467083.0,0.0
2018-06-29,91.58,91.58,91.58,91.57,811569.0,0.0002184359982524
2018-07-02,91.44,91.45,91.46,91.44,1826915.0,-0.0015287180607119
2018-07-03,91.46,91.45,91.46,91.45,1022351.0,0.0002187226596674
2018-07-05,91.46,91.46,91.47,91.46,1033632.0,0.0
2018-07-06,91.48,91.47,91.48,91.47,1050600.0,0.000218674830527
2018-07-09,91.48,91.47,91.49,91.47,388208.0,0.0
2018-07-10,91.49,91.49,91.49,91.47,468065.0,0.0001093135111498
2018-07-11,91.49,91.48,91.49,91.48,960692.0,0.0
2018-07-12,91.49,91.49,91.51,91.49,639171.0,0.0
2018-07-13,91.5,91.51,91.51,91.5,628898.0,0.0001093015630124
2018-07-16,91.51,91.51,91.51,91.5,377769.0,0.0001092896174863
2018-07-17,91.51,91.52,91.52,91.5,862829.0,0.0
2018-07-18,91.52,91.51,91.52,91.51,437408.0,0.000109277674571
2018-07-19,91.53,91.52,91.54,91.52,352208.0,0.0001092657342658
2018-07-20,91.54,91.54,91.54,91.53,1845041.0,0.0001092537965694
2018-07-23,91.53,91.55,91.55,91.53,293176.0,-0.0001092418614814
2018-07-24,91.55,91.54,91.55,91.54,450081.0,0.0002185075931389
2018-07-25,91.54,91.55,91.55,91.54,316207.0,-0.0001092299290004
2018-07-26,91.55,91.57,91.57,91.55,269606.0,0.0001092418614812
2018-07-27,91.57,91.57,91.57,91.56,457511.0,0.000218459858001
2018-07-30,91.56,91.58,91.58,91.56,377104.0,-0.0001092060718574
2018-07-31,91.58,91.58,91.58,91.57,778693.0,0.0002184359982524
2018-08-01,91.45,91.44,91.45,91.44,1117523.0,-0.0014195239135181
2018-08-02,91.46,91.46,91.46,91.45,691814.0,0.0001093493712409
2018-08-03,91.46,91.46,91.47,91.46,353513.0,0.0
2018-08-06,91.47,91.48,91.48,91.46,710183.0,0.0001093374152636
2018-08-07,91.48,91.48,91.48,91.46,660816.0,0.0001093254619002
2018-08-08,91.47,91.48,91.48,91.47,741375.0,-0.00010931351115
2018-08-09,91.48,91.48,91.49,91.48,340516.0,0.0001093254619002
2018-08-10,91.5,91.5,91.5,91.49,287403.0,0.0002186270222999
2018-08-13,91.51,91.51,91.51,91.5,664544.0,0.0001092896174863
2018-08-14,91.49,91.51,91.51,91.49,339761.0,-0.0002185553491422
2018-08-15,91.51,91.5,91.51,91.5,533002.0,0.0002186031260247
2018-08-16,91.51,91.52,91.53,91.51,539797.0,0.0
2018-08-17,91.52,91.52,91.53,91.52,656641.0,0.000109277674571
2018-08-20,91.52,91.52,91.53,91.52,600912.0,0.0
2018-08-21,91.53,91.54,91.54,91.53,354116.0,0.0001092657342658
2018-08-22,91.53,91.54,91.54,91.53,735744.0,0.0
2018-08-23,91.56,91.56,91.56,91.54,1007004.0,0.0003277613897083
2018-08-24,91.56,91.56,91.56,91.55,229818.0,0.0
2018-08-27,91.57,91.56,91.57,91.55,323791.0,0.0001092179991262
2018-08-28,91.57,91.56,91.57,91.56,610686.0,0.0
2018-08-29,91.56,91.58,91.58,91.56,908750.0,-0.0001092060718574
2018-08-30,91.6,91.58,91.6,91.58,748464.0,0.0004368719965048
2018-08-31,91.59,91.59,91.6,91.59,494872.0,-0.0001091703056768
2018-09-04,91.46,91.45,91.46,91.45,973863.0,-0.0014193689267388
2018-09-05,91.45,91.46,91.47,91.45,883308.0,-0.0001093374152634
2018-09-06,91.47,91.48,91.48,91.47,1809454.0,0.0002186987424821
2018-09-07,91.49,91.48,91.49,91.48,472548.0,0.0002186509238
2018-09-10,91.49,91.48,91.49,91.48,593173.0,0.0
2018-09-11,91.5,91.48,91.5,91.48,1580326.0,0.0001093015630124
2018-09-12,91.5,91.49,91.5,91.49,757782.0,0.0
2018-09-13,91.5,91.52,91.52,91.5,458720.0,0.0
2018-09-14,91.51,91.52,91.52,91.51,1126491.0,0.0001092896174863
2018-09-17,91.53,91.51,91.53,91.51,639145.0,0.000218555349142
2018-09-18,91.53,91.53,91.53,91.52,457459.0,0.0
2018-09-19,91.53,91.52,91.53,91.52,942313.0,0.0
2018-09-20,91.55,91.54,91.55,91.54,449050.0,0.0002185075931389
2018-09-21,91.55,91.54,91.55,91.54,274451.0,0.0
2018-09-24,91.56,91.55,91.56,91.55,1329606.0,0.0001092299290006
2018-09-25,91.56,91.55,91.56,91.55,662392.0,0.0
2018-09-26,91.56,91.57,91.57,91.56,257005.0,0.0
2018-09-27,91.58,91.58,91.58,91.57,343144.0,0.0002184359982524
2018-09-28,91.58,91.57,91.58,91.57,409842.0,0.0
2018-10-01,91.44,91.44,91.44,91.43,3788878.0,-0.0015287180607119
2018-10-02,91.45,91.44,91.45,91.44,584767.0,0.0001093613298337
2018-10-03,91.45,91.45,91.45,91.44,380099.0,0.0
2018-10-04,91.47,91.47,91.47,91.46,1154561.0,0.0002186987424821
2018-10-05,91.48,91.48,91.48,91.47,4664357.0,0.0001093254619002
2018-10-08,91.48,91.48,91.48,91.47,638857.0,0.0
2018-10-09,91.47,91.48,91.48,91.47,506438.0,-0.00010931351115
2018-10-10,91.49,91.49,91.49,91.48,2091075.0,0.0002186509238
2018-10-11,91.5,91.5,91.5,91.49,1687589.0,0.0001093015630124
2018-10-12,91.5,91.5,91.51,91.5,741456.0,0.0
2018-10-15,91.51,91.51,91.51,91.5,4029326.0,0.0001092896174863
2018-10-16,91.52,91.51,91.52,91.51,1265511.0,0.000109277674571
2018-10-17,91.52,91.51,91.52,91.51,6981345.0,0.0
2018-10-18,91.52,91.53,91.53,91.52,733912.0,0.0
2018-10-19,91.53,91.53,91.54,91.53,693432.0,0.0001092657342658
2018-10-22,91.55,91.53,91.55,91.53,746865.0,0.0002185075931389
2018-10-23,91.55,91.53,91.55,91.53,1982619.0,0.0
2018-10-24,91.56,91.56,91.56,91.55,1071634.0,0.0001092299290006
2018-10-25,91.57,91.56,91.58,91.56,3574773.0,0.0001092179991262
2018-10-26,91.58,91.58,91.58,91.57,6698855.0,0.0001092060718577
2018-10-29,91.58,91.58,91.58,91.57,1477394.0,0.0
2018-10-30,91.58,91.59,91.59,91.58,1303065.0,0.0
2018-10-31,91.59,91.59,91.59,91.58,2389399.0,0.0001091941471937
2018-11-01,91.46,91.46,91.46,91.45,2666627.0,-0.0014193689267388
2018-11-02,91.46,91.45,91.46,91.45,2036711.0,0.0
2018-11-05,91.47,91.46,91.47,91.46,2684090.0,0.0001093374152636
2018-11-06,91.47,91.47,91.47,91.46,1105174.0,0.0
2018-11-07,91.48,91.48,91.48,91.47,1135074.0,0.0001093254619002
2018-11-08,91.49,91.49,91.51,91.49,1624815.0,0.0001093135111498
2018-11-09,91.51,91.5,91.51,91.49,3348310.0,0.0002186031260247
2018-11-12,91.5,91.51,91.51,91.5,601500.0,-0.0001092776745711
2018-11-13,91.51,91.5,91.51,91.5,802167.0,0.0001092896174863
2018-11-14,91.5,91.51,91.51,91.5,2459485.0,-0.0001092776745711
2018-11-15,91.53,91.53,91.53,91.52,1448315.0,0.000327868852459
2018-11-16,91.54,91.54,91.54,91.53,7584284.0,0.0001092537965694
2018-11-19,91.53,91.54,91.54,91.53,1754277.0,-0.0001092418614814
2018-11-20,91.55,91.55,91.55,91.54,5355447.0,0.0002185075931389
2018-11-21,91.57,91.58,91.58,91.56,1683191.0,0.000218459858001
2018-11-23,91.57,91.57,91.58,91.56,544497.0,0.0
2018-11-26,91.58,91.58,91.58,91.57,945320.0,0.0001092060718577
2018-11-27,91.58,91.58,91.59,91.57,701262.0,0.0
2018-11-28,91.59,91.58,91.59,91.58,1464015.0,0.0001091941471937
2018-11-29,91.6,91.6,91.61,91.6,5720162.0,0.0001091822251335
2018-11-30,91.61,91.62,91.62,91.6,1795613.0,0.0001091703056768
2018-12-03,91.45,91.45,91.46,91.45,2369713.0,-0.0017465342211548
2018-12-04,91.46,91.46,91.46,91.45,1610615.0,0.0001093493712409
2018-12-06,91.48,91.48,91.49,91.47,4606197.0,0.000218674830527
2018-12-07,91.49,91.49,91.49,91.48,1924591.0,0.0001093135111498
2018-12-10,91.5,91.5,91.5,91.49,1474750.0,0.0001093015630124
2018-12-11,91.49,91.5,91.5,91.49,1734605.0,-0.0001092896174863
2018-12-12,91.51,91.51,91.51,91.5,959241.0,0.0002186031260247
2018-12-13,91.52,91.52,91.52,91.51,1409965.0,0.000109277674571
2018-12-14,91.53,91.52,91.53,91.52,939253.0,0.0001092657342658
2018-12-17,91.54,91.53,91.54,91.52,3563376.0,0.0001092537965694
2018-12-18,91.54,91.54,91.54,91.53,2394730.0,0.0
2018-12-19,91.37,91.39,91.39,91.37,2636344.0,-0.0018571116451824
2018-12-20,91.39,91.39,91.4,91.39,2938699.0,0.0002188902265514
2018-12-21,91.41,91.41,91.41,91.4,2612322.0,0.0002188423241054
2018-12-24,91.42,91.42,91.42,91.41,2979166.0,0.0001093972213106
2018-12-26,91.41,91.42,91.42,91.41,2751645.0,-0.0001093852548676
2018-12-27,91.44,91.43,91.44,91.43,3096138.0,0.0003281916639317
2018-12-28,91.45,91.45,91.45,91.44,1835789.0,0.0001093613298337
2018-12-31,91.46,91.46,91.46,91.44,3489987.0,0.0001093493712409
2019-01-02,91.45,91.47,91.47,91.45,15671570.0,-0.0001093374152634
2019-01-03,91.48,91.47,91.49,91.47,3316247.0,0.0003280481137233
2019-01-04,91.49,91.49,91.49,91.47,5482951.0,0.0001093135111498
2019-01-07,91.49,91.48,91.49,91.48,2840412.0,0.0
2019-01-08,91.49,91.49,91.49,91.48,1923062.0,0.0
2019-01-09,91.49,91.5,91.5,91.49,1486932.0,0.0
2019-01-10,91.5,91.52,91.52,91.5,1865894.0,0.0001093015630124
2019-01-11,91.52,91.52,91.52,91.51,1329218.0,0.0002185792349727
2019-01-14,91.51,91.53,91.53,91.51,1986851.0,-0.0001092657342656
2019-01-15,91.53,91.53,91.53,91.52,1177766.0,0.000218555349142
2019-01-16,91.54,91.54,91.54,91.53,1310084.0,0.0001092537965694
2019-01-17,91.56,91.55,91.56,91.55,809392.0,0.0002184837229626
2019-01-18,91.56,91.56,91.57,91.55,1950722.0,0.0
2019-01-22,91.57,91.56,91.57,91.55,1930680.0,0.0001092179991262
2019-01-23,91.57,91.58,91.58,91.57,1637681.0,0.0
2019-01-24,91.6,91.59,91.6,91.59,1200830.0,0.0003276182155727
2019-01-25,91.59,91.59,91.6,91.59,2123699.0,-0.0001091703056768
2019-01-28,91.6,91.61,91.61,91.6,1286086.0,0.0001091822251335
2019-01-29,91.6,91.6,91.61,91.6,964997.0,0.0
2019-01-30,91.62,91.61,91.62,91.61,1785287.0,0.0002183406113538
2019-01-31,91.62,91.62,91.64,91.62,4576751.0,0.0
2019-02-01,91.45,91.46,91.46,91.45,2534553.0,-0.0018554900676708
2019-02-04,91.46,91.45,91.46,91.45,3375527.0,0.0001093493712409
2019-02-05,91.46,91.46,91.47,91.46,2471294.0,0.0
2019-02-06,91.48,91.47,91.48,91.47,2135740.0,0.000218674830527
2019-02-07,91.48,91.48,91.49,91.48,1894037.0,0.0
2019-02-08,91.5,91.5,91.5,91.49,584748.0,0.0002186270222999
2019-02-11,91.49,91.5,91.5,91.49,1328213.0,-0.0001092896174863
2019-02-12,91.51,91.5,91.51,91.5,986373.0,0.0002186031260247
2019-02-13,91.51,91.51,91.51,91.5,818799.0,0.0
2019-02-14,91.53,91.53,91.54,91.53,2038560.0,0.000218555349142
2019-02-15,91.53,91.54,91.54,91.53,1547699.0,0.0
2019-02-19,91.55,91.55,91.55,91.54,1858686.0,0.0002185075931389
2019-02-20,91.55,91.55,91.55,91.54,4086704.0,0.0
2019-02-21,91.56,91.57,91.57,91.56,1288206.0,0.0001092299290006
2019-02-22,91.58,91.57,91.58,91.57,3265502.0,0.0002184359982524
2019-02-25,91.57,91.58,91.58,91.57,1026527.0,-0.0001091941471937
2019-02-26,91.58,91.58,91.59,91.58,1202434.0,0.0001092060718577
2019-02-27,91.59,91.59,91.59,91.58,1260324.0,0.0001091941471937
2019-02-28,91.61,91.6,91.61,91.6,1073797.0,0.0002183644502673
2019-03-01,91.45,91.45,91.45,91.44,2044163.0,-0.0017465342211548
2019-03-04,91.44,91.44,91.45,91.44,1554545.0,-0.0001093493712411
2019-03-05,91.45,91.45,91.46,91.45,2614088.0,0.0001093613298337
2019-03-06,91.46,91.46,91.46,91.45,706147.0,0.0001093493712409
2019-03-07,91.48,91.48,91.48,91.47,1106452.0,0.000218674830527
2019-03-08,91.49,91.49,91.49,91.48,1061122.0,0.0001093135111498
2019-03-11,91.49,91.49,91.49,91.48,861088.0,0.0
2019-03-12,91.5,91.5,91.5,91.49,938255.0,0.0001093015630124
2019-03-13,91.51,91.51,91.51,91.5,1796524.0,0.0001092896174863
2019-03-14,91.51,91.51,91.52,91.51,520146.0,0.0
2019-03-15,91.52,91.52,91.53,91.51,1115400.0,0.000109277674571
2019-03-18,91.53,91.52,91.53,91.52,1144149.0,0.0001092657342658
2019-03-19,91.53,91.54,91.54,91.53,3794353.0,0.0
2019-03-20,91.53,91.54,91.54,91.53,1988536.0,0.0
2019-03-21,91.56,91.55,91.56,91.55,1957560.0,0.0003277613897083
2019-03-22,91.56,91.56,91.56,91.55,2049594.0,0.0
2019-03-25,91.56,91.57,91.57,91.56,1231820.0,0.0
2019-03-26,91.57,91.57,91.58,91.57,661562.0,0.0001092179991262
2019-03-27,91.58,91.57,91.58,91.57,2214078.0,0.0001092060718577
2019-03-28,91.6,91.6,91.6,91.59,924149.0,0.0002183882943873
2019-03-29,91.6,91.6,91.61,91.6,1576091.0,0.0
2019-04-01,91.44,91.43,91.44,91.43,2419239.0,-0.0017467248908296
2019-04-02,91.43,91.44,91.44,91.43,1138752.0,-0.0001093613298336
2019-04-03,91.44,91.44,91.45,91.44,1422420.0,0.0001093732910422
2019-04-04,91.47,91.46,91.47,91.46,1207991.0,0.0003280839895012
2019-04-05,91.47,91.46,91.47,91.46,655711.0,0.0
2019-04-08,91.47,91.48,91.48,91.47,1349185.0,0.0
2019-04-09,91.48,91.47,91.48,91.47,1437995.0,0.0001093254619002
2019-04-10,91.48,91.49,91.49,91.48,2261559.0,0.0
2019-04-11,91.51,91.5,91.51,91.5,674925.0,0.0003279405334499
2019-04-12,91.51,91.5,91.51,91.5,890658.0,0.0
2019-04-15,91.52,91.51,91.52,91.51,1087901.0,0.000109277674571
2019-04-16,91.52,91.52,91.52,91.51,767859.0,0.0
2019-04-17,91.54,91.54,91.55,91.54,691584.0,0.0002185314685316
2019-04-18,91.55,91.55,91.55,91.54,2976386.0,0.0001092418614812
2019-04-22,91.55,91.55,91.56,91.55,1171425.0,0.0
2019-04-23,91.55,91.55,91.56,91.55,912094.0,0.0
2019-04-24,91.57,91.57,91.57,91.56,1103543.0,0.000218459858001
2019-04-25,91.59,91.59,91.59,91.58,1838460.0,0.0002184121437152
2019-04-26,91.58,91.59,91.59,91.58,2449407.0,-0.0001091822251337
2019-04-29,91.59,91.59,91.6,91.59,667707.0,0.0001091941471937
2019-04-30,91.6,91.6,91.6,91.59,1161446.0,0.0001091822251335
2019-05-01,91.43,91.43,91.43,91.42,1237597.0,-0.0018558951965064
2019-05-02,91.44,91.45,91.45,91.44,856065.0,0.0001093732910422
2019-05-03,91.45,91.45,91.46,91.45,1443502.0,0.0001093613298337
2019-05-06,91.46,91.46,91.46,91.45,879780.0,0.0001093493712409
2019-05-07,91.47,91.47,91.47,91.46,1217874.0,0.0001093374152636
2019-05-08,91.47,91.47,91.47,91.46,980925.0,0.0
2019-05-09,91.48,91.49,91.49,91.48,2029937.0,0.0001093254619002
2019-05-10,91.5,91.5,91.5,91.49,966623.0,0.0002186270222999
2019-05-13,91.49,91.5,91.5,91.49,1953020.0,-0.0001092896174863
2019-05-14,91.5,91.51,91.51,91.5,1097194.0,0.0001093015630124
2019-05-15,91.51,91.51,91.51,91.5,1062063.0,0.0001092896174863
2019-05-16,91.52,91.52,91.53,91.52,1681578.0,0.000109277674571
2019-05-17,91.53,91.54,91.54,91.53,339273.0,0.0001092657342658
2019-05-20,91.54,91.55,91.55,91.54,524345.0,0.0001092537965694
2019-05-21,91.54,91.55,91.55,91.54,673667.0,0.0
2019-05-22,91.56,91.56,91.56,91.55,1218455.0,0.0002184837229626
2019-05-23,91.58,91.57,91.58,91.57,1198911.0,0.0002184359982524
2019-05-24,91.58,91.58,91.59,91.58,1337064.0,0.0
2019-05-28,91.59,91.59,91.59,91.58,981300.0,0.0001091941471937
2019-05-29,91.59,91.6,91.6,91.59,4239629.0,0.0
2019-05-30,91.62,91.61,91.62,91.61,1223283.0,0.0003275466754013
2019-05-31,91.62,91.62,91.62,91.61,2770320.0,0.0
2019-06-03,91.44,91.44,91.45,91.44,3486934.0,-0.0019646365422397
2019-06-04,91.46,91.45,91.46,91.45,9008810.0,0.0002187226596674
2019-06-05,91.46,91.46,91.46,91.45,2028741.0,0.0
2019-06-06,91.49,91.47,91.49,91.47,7013275.0,0.0003280122457904
2019-06-07,91.48,91.49,91.49,91.48,2299035.0,-0.0001093015630122
2019-06-10,91.5,91.5,91.5,91.49,2795328.0,0.0002186270222999
2019-06-11,91.49,91.49,91.5,91.49,1563691.0,-0.0001092896174863
2019-06-12,91.5,91.5,91.51,91.5,2308831.0,0.0001093015630124
2019-06-13,91.53,91.52,91.53,91.52,4044355.0,0.000327868852459
2019-06-14,91.54,91.54,91.54,91.53,601267.0,0.0001092537965694
2019-06-17,91.54,91.54,91.55,91.54,3386041.0,0.0
2019-06-18,91.54,91.54,91.55,91.54,3183130.0,0.0
2019-06-19,91.56,91.55,91.56,91.55,521312.0,0.0002184837229626
2019-06-20,91.57,91.57,91.58,91.57,2524070.0,0.0001092179991262
2019-06-21,91.57,91.57,91.58,91.57,2016657.0,0.0
2019-06-24,91.58,91.58,91.59,91.58,1223675.0,0.0001092060718577
2019-06-25,91.58,91.59,91.59,91.58,826603.0,0.0
2019-06-26,91.6,91.59,91.6,91.59,1006382.0,0.0002183882943873
2019-06-27,91.6,91.6,91.61,91.6,615763.0,0.0
2019-06-28,91.61,91.62,91.62,91.61,1113010.0,0.0001091703056768
2019-07-01,91.44,91.45,91.46,91.44,4008160.0,-0.001855692609977
2019-07-02,91.45,91.45,91.46,91.45,5031655.0,0.0001093613298337
2019-07-03,91.48,91.48,91.48,91.47,1988645.0,0.0003280481137233
2019-07-05,91.47,91.47,91.48,91.47,1294535.0,-0.00010931351115
2019-07-08,91.47,91.48,91.48,91.47,3557022.0,0.0
2019-07-09,91.48,91.48,91.48,91.47,1612390.0,0.0001093254619002
2019-07-10,91.49,91.48,91.49,91.48,1257225.0,0.0001093135111498
2019-07-11,91.51,91.5,91.51,91.5,1230413.0,0.0002186031260247
2019-07-12,91.52,91.52,91.52,91.51,792939.0,0.000109277674571
2019-07-15,91.52,91.52,91.52,91.51,520964.0,0.0
2019-07-16,91.53,91.52,91.53,91.52,731478.0,0.0001092657342658
2019-07-17,91.53,91.53,91.53,91.52,650731.0,0.0
2019-07-18,91.56,91.54,91.56,91.54,1229460.0,0.0003277613897083
2019-07-19,91.56,91.55,91.56,91.55,1509228.0,0.0
2019-07-22,91.56,91.55,91.56,91.55,524414.0,0.0
2019-07-23,91.55,91.55,91.56,91.55,1703357.0,-0.0001092179991263
2019-07-24,91.57,91.56,91.57,91.56,793901.0,0.000218459858001
2019-07-25,91.59,91.57,91.59,91.57,1428370.0,0.0002184121437152
2019-07-26,91.58,91.59,91.59,91.58,1202754.0,-0.0001091822251337
2019-07-29,91.6,91.6,91.6,91.59,871334.0,0.0002183882943873
2019-07-30,91.6,91.59,91.6,91.59,2294153.0,0.0
2019-07-31,91.61,91.61,91.61,91.6,3291124.0,0.0001091703056768
2019-08-01,91.48,91.47,91.48,91.46,5657356.0,-0.0014190590546883
2019-08-02,91.48,91.48,91.48,91.47,5480615.0,0.0
2019-08-05,91.47,91.48,91.49,91.47,2182891.0,-0.00010931351115
2019-08-06,91.48,91.48,91.49,91.48,4954980.0,0.0001093254619002
2019-08-07,91.5,91.48,91.5,91.48,2365093.0,0.0002186270222999
2019-08-08,91.51,91.51,91.51,91.5,1279002.0,0.0001092896174863
2019-08-09,91.5,91.5,91.51,91.5,2542210.0,-0.0001092776745711
2019-08-12,91.52,91.51,91.52,91.51,2547351.0,0.0002185792349727
2019-08-13,91.53,91.51,91.53,91.51,904681.0,0.0001092657342658
2019-08-14,91.52,91.53,91.54,91.52,1988091.0,-0.0001092537965694
2019-08-15,91.56,91.55,91.56,91.54,2998276.0,0.0004370629370629
2019-08-16,91.55,91.56,91.56,91.55,2471493.0,-0.0001092179991263
2019-08-19,91.55,91.57,91.57,91.55,4950525.0,0.0
2019-08-20,91.56,91.56,91.56,91.55,1675468.0,0.0001092299290006
2019-08-21,91.55,91.56,91.57,91.55,1433729.0,-0.0001092179991263
2019-08-22,91.58,91.57,91.58,91.57,1162711.0,0.0003276897870017
2019-08-23,91.57,91.58,91.58,91.56,10788823.0,-0.0001091941471937
2019-08-26,91.58,91.59,91.59,91.58,2234679.0,0.0001092060718577
2019-08-27,91.59,91.59,91.59,91.58,1616940.0,0.0001091941471937
2019-08-28,91.58,91.59,91.59,91.58,3861848.0,-0.0001091822251337
2019-08-29,91.6,91.6,91.61,91.6,2276777.0,0.0002183882943873
2019-08-30,91.61,91.61,91.62,91.61,3418088.0,0.0001091703056768
2019-09-03,91.46,91.46,91.46,91.45,4846777.0,-0.0016373758323328
2019-09-04,91.45,91.46,91.46,91.45,1895866.0,-0.0001093374152634
2019-09-05,91.46,91.47,91.47,91.46,4888826.0,0.0001093493712409
2019-09-06,91.47,91.47,91.48,91.46,2094686.0,0.0001093374152636
2019-09-09,91.47,91.47,91.48,91.47,1064404.0,0.0
2019-09-10,91.49,91.49,91.49,91.475,2325231.0,0.0002186509238
2019-09-11,91.48,91.48,91.49,91.48,1437351.0,-0.0001093015630122
2019-09-12,91.5,91.5,91.51,91.5,1867484.0,0.0002186270222999
2019-09-13,91.5,91.51,91.51,91.5,1638255.0,0.0
2019-09-16,91.5,91.51,91.52,91.5,1119287.0,0.0
2019-09-17,91.51,91.51,91.52,91.5,1033921.0,0.0001092896174863
2019-09-18,91.53,91.52,91.53,91.51,1094527.0,0.000218555349142
2019-09-19,91.53,91.55,91.55,91.53,1980570.0,0.0
2019-09-20,91.54,91.54,91.54,91.53,2298560.0,0.0001092537965694
2019-09-23,91.56,91.54,91.56,91.54,1669943.0,0.0002184837229626
2019-09-24,91.56,91.56,91.56,91.55,1661750.0,0.0
2019-09-25,91.56,91.56,91.56,91.55,1362695.0,0.0
2019-09-26,91.58,91.57,91.58,91.57,1741087.0,0.0002184359982524
2019-09-27,91.58,91.59,91.59,91.57,1033039.0,0.0
2019-09-30,91.59,91.58,91.59,91.58,3144750.0,0.0001091941471937
2019-10-01,91.45,91.46,91.46,91.45,2016765.0,-0.0015285511518724
2019-10-02,91.45,91.46,91.46,91.45,2410697.0,0.0
2019-10-03,91.48,91.47,91.48,91.47,1101292.0,0.0003280481137233
2019-10-04,91.48,91.47,91.48,91.47,926586.0,0.0
2019-10-07,91.49,91.49,91.49,91.48,687190.0,0.0001093135111498
2019-10-08,91.49,91.49,91.49,91.48,1216598.0,0.0
2019-10-09,91.49,91.5,91.5,91.49,1713977.0,0.0
2019-10-10,91.51,91.52,91.52,91.51,1408402.0,0.0002186031260247
2019-10-11,91.52,91.52,91.52,91.51,1446113.0,0.000109277674571
2019-10-14,91.51,91.51,91.53,91.45,2720505.0,-0.0001092657342656
2019-10-15,91.52,91.51,91.52,91.51,1630503.0,0.000109277674571
2019-10-16,91.53,91.52,91.53,91.52,1620546.0,0.0001092657342658
2019-10-17,91.54,91.53,91.54,91.53,1351374.0,0.0001092537965694
2019-10-18,91.54,91.53,91.54,91.53,3141636.0,0.0
2019-10-21,91.55,91.55,91.55,91.54,820876.0,0.0001092418614812
2019-10-22,91.55,91.55,91.55,91.54,1822092.0,0.0
2019-10-23,91.55,91.54,91.55,91.54,707750.0,0.0
2019-10-24,91.57,91.56,91.57,91.56,735780.0,0.000218459858001
2019-10-25,91.57,91.56,91.57,91.56,858781.0,0.0
2019-10-28,91.56,91.57,91.57,91.56,1938921.0,-0.0001092060718574
2019-10-29,91.58,91.57,91.58,91.57,487602.0,0.0002184359982524
2019-10-30,91.59,91.58,91.59,91.57,1026436.0,0.0001091941471937
2019-10-31,91.6,91.59,91.6,91.59,1240975.0,0.0001091822251335
2019-11-01,91.46,91.46,91.47,91.46,5615469.0,-0.0015283842794759
2019-11-04,91.47,91.46,91.47,91.46,2305944.0,0.0001093374152636
2019-11-05,91.46,91.46,91.47,91.46,1253360.0,-0.0001093254619001
2019-11-06,91.47,91.47,91.48,91.47,1095841.0,0.0001093374152636
2019-11-07,91.49,91.48,91.49,91.48,1335797.0,0.0002186509238
2019-11-08,91.49,91.49,91.49,91.48,728265.0,0.0
2019-11-11,91.49,91.49,91.49,91.48,464743.0,0.0
2019-11-12,91.5,91.5,91.5,91.49,1818383.0,0.0001093015630124
2019-11-13,91.5,91.5,91.5,91.49,1170714.0,0.0
2019-11-14,91.51,91.5,91.51,91.5,3100363.0,0.0001092896174863
2019-11-15,91.5,91.51,91.51,91.5,2225761.0,-0.0001092776745711
2019-11-18,91.52,91.51,91.52,91.51,1611108.0,0.0002185792349727
2019-11-19,91.51,91.515,91.52,91.51,928816.0,-0.0001092657342656
2019-11-20,91.52,91.52,91.52,91.51,2396434.0,0.000109277674571
2019-11-21,91.52,91.52,91.53,91.52,976650.0,0.0
2019-11-22,91.53,91.53,91.54,91.53,1197977.0,0.0001092657342658
2019-11-25,91.53,91.53,91.54,91.53,955097.0,0.0
2019-11-26,91.54,91.54,91.55,91.54,952047.0,0.0001092537965694
2019-11-27,91.56,91.55,91.56,91.55,776279.0,0.0002184837229626
2019-11-29,91.56,91.55,91.56,91.55,687546.0,0.0
2019-12-02,91.45,91.44,91.45,91.44,985980.0,-0.0012013979903887
2019-12-03,91.44,91.45,91.45,91.44,2004273.0,-0.0001093493712411
2019-12-04,91.45,91.45,91.46,91.45,1007958.0,0.0001093613298337
2019-12-05,91.47,91.47,91.47,91.46,866099.0,0.0002186987424821
2019-12-06,91.47,91.46,91.47,91.46,1171348.0,0.0
2019-12-09,91.48,91.47,91.48,91.47,776185.0,0.0001093254619002
2019-12-10,91.48,91.48,91.48,91.47,1040687.0,0.0
2019-12-11,91.48,91.48,91.48,91.47,1288616.0,0.0
2019-12-12,91.5,91.5,91.5,91.49,601856.0,0.0002186270222999
2019-12-13,91.48,91.49,91.5,91.48,753143.0,-0.0002185792349725
2019-12-16,91.5,91.49,91.5,91.49,702757.0,0.0002186270222999
2019-12-17,91.49,91.5,91.51,91.49,2352993.0,-0.0001092896174863
2019-12-18,91.51,91.51,91.51,91.5,1059947.0,0.0002186031260247
2019-12-19,91.52,91.51,91.52,91.51,1412949.0,0.000109277674571
2019-12-20,91.41,91.41,91.41,91.4,1375764.0,-0.001201923076923
2019-12-23,91.41,91.4,91.41,91.4,2846579.0,0.0
2019-12-24,91.42,91.42,91.42,91.41,1042650.0,0.0001093972213106
2019-12-26,91.43,91.41,91.43,91.41,956573.0,0.0001093852548676
2019-12-27,91.42,91.42,91.43,91.42,1325813.0,-0.0001093732910424
2019-12-30,91.43,91.44,91.44,91.43,1381586.0,0.0001093852548676
2019-12-31,91.43,91.45,91.45,91.43,1406382.0,0.0
2020-01-02,91.46,91.45,91.46,91.44,3167468.0,0.0003281198731268
2020-01-03,91.46,91.46,91.46,91.45,853176.0,0.0
2020-01-06,91.45,91.46,91.47,91.45,2471905.0,-0.0001093374152634
2020-01-07,91.45,91.46,91.46,91.45,1267391.0,0.0
2020-01-08,91.47,91.46,91.47,91.46,1286106.0,0.0002186987424821
2020-01-09,91.48,91.48,91.48,91.47,984306.0,0.0001093254619002
2020-01-10,91.48,91.47,91.48,91.47,1137145.0,0.0
2020-01-13,91.48,91.48,91.48,91.47,1459520.0,0.0
2020-01-14,91.48,91.48,91.49,91.48,1056107.0,0.0
2020-01-15,91.49,91.49,91.49,91.48,862337.0,0.0001093135111498
2020-01-16,91.51,91.49,91.51,91.49,1104232.0,0.0002186031260247
2020-01-17,91.5,91.51,91.51,91.5,1323163.0,-0.0001092776745711
2020-01-21,91.51,91.51,91.51,91.5,3170687.0,0.0001092896174863
2020-01-22,91.51,91.51,91.51,91.5,1156887.0,0.0
2020-01-23,91.52,91.52,91.53,91.52,893082.0,0.000109277674571
2020-01-24,91.52,91.53,91.53,91.52,1243714.0,0.0
2020-01-27,91.53,91.52,91.53,91.52,1463477.0,0.0001092657342658
2020-01-28,91.53,91.53,91.54,91.53,1707971.0,0.0
2020-01-29,91.54,91.53,91.54,91.53,845238.0,0.0001092537965694
2020-01-30,91.54,91.54,91.55,91.54,787255.0,0.0
2020-01-31,91.54,91.55,91.55,91.54,1760687.0,0.0
2020-02-03,91.44,91.45,91.45,91.44,1826467.0,-0.0010924186148132
2020-02-04,91.44,91.45,91.45,91.44,1013704.0,0.0
2020-02-05,91.46,91.45,91.46,91.44,1015890.0,0.0002187226596674
2020-02-06,91.47,91.46,91.47,91.46,1156031.0,0.0001093374152636
2020-02-07,91.47,91.47,91.47,91.46,873085.0,0.0
2020-02-10,91.46,91.47,91.48,91.46,636000.0,-0.0001093254619001
2020-02-11,91.47,91.46,91.47,91.46,1153132.0,0.0001093374152636
2020-02-12,91.48,91.47,91.48,91.47,823581.0,0.0001093254619002
2020-02-13,91.49,91.49,91.49,91.48,1231136.0,0.0001093135111498
2020-02-14,91.49,91.5,91.5,91.48,1200794.0,0.0
2020-02-18,91.5,91.49,91.5,91.49,895108.0,0.0001093015630124
2020-02-19,91.5,91.5,91.5,91.49,1327288.0,0.0
2020-02-20,91.5,91.51,91.51,91.5,2327915.0,0.0
2020-02-21,91.52,91.51,91.52,91.51,865148.0,0.0002185792349727
2020-02-24,91.51,91.52,91.52,91.51,3162717.0,-0.0001092657342656
2020-02-25,91.51,91.52,91.52,91.51,4337324.0,0.0
2020-02-26,91.53,91.53,91.53,91.52,4843582.0,0.000218555349142
2020-02-27,91.55,91.53,91.55,91.53,7014534.0,0.0002185075931389
2020-02-28,91.54,91.54,91.55,91.54,10080488.0,-0.0001092299290004
2020-03-02,91.47,91.46,91.48,91.46,8320656.0,-0.0007646930303693
2020-03-03,91.49,91.47,91.51,91.46,6196286.0,0.0002186509238
2020-03-04,91.53,91.51,91.53,91.5,7400312.0,0.0004372062520494
2020-03-05,91.55,91.54,91.55,91.53,4722164.0,0.0002185075931389
2020-03-06,91.55,91.54,91.57,91.54,4562184.0,0.0
2020-03-09,91.59,91.58,91.63,91.56,14090055.0,0.0004369197160023
2020-03-10,91.57,91.57,91.61,91.56,10764325.0,-0.0002183644502675
2020-03-11,91.59,91.57,91.61,91.57,19939911.0,0.0002184121437152
2020-03-12,91.6,91.57,95.965,91.57,20352217.0,0.0001091822251335
2020-03-13,91.62,91.6,91.63,91.59,11068994.0,0.0002183406113538
2020-03-16,91.63,91.64,91.64,91.6,11009095.0,0.0001091464745688
2020-03-17,91.63,91.64,91.64,91.6,10016912.0,0.0
2020-03-18,91.65,91.65,91.67,91.62,11352332.0,0.0002182691258323
2020-03-19,91.63,91.64,91.65,91.6,10002902.0,-0.0002182214948173
2020-03-20,91.66,91.63,91.66,91.62,14884715.0,0.0003274036887481
2020-03-23,91.64,91.62,91.64,91.61,7880872.0,-0.0002181976871045
2020-03-24,91.64,91.62,91.64,91.58,7108393.0,0.0
2020-03-25,91.64,91.63,91.64,91.62,6265865.0,0.0
2020-03-26,91.64,91.62,91.64,91.62,5907793.0,0.0
2020-03-27,91.62,91.64,91.64,91.62,5413791.0,-0.0002182453077258
2020-03-30,91.62,91.63,91.63,91.62,4208628.0,0.0
2020-03-31,91.63,91.63,91.63,91.61,6838273.0,0.0001091464745688
2020-04-01,91.57,91.58,91.58,91.56,3865760.0,-0.0006548073774964
2020-04-02,91.58,91.57,91.58,91.56,4489336.0,0.0001092060718577
2020-04-03,91.55,91.56,91.57,91.55,4371174.0,-0.0003275824415811
2020-04-06,91.56,91.57,91.57,91.55,3804183.0,0.0001092299290006
2020-04-07,91.54,91.57,91.57,91.54,4866153.0,-0.0002184359982524
2020-04-08,91.55,91.55,91.56,91.55,3326624.0,0.0001092418614812
2020-04-09,91.53,91.55,91.56,91.53,7432675.0,-0.000218459858001
2020-04-13,91.55,91.53,91.56,91.53,4806720.0,0.0002185075931389
2020-04-14,91.56,91.53,91.56,91.53,7368801.0,0.0001092299290006
2020-04-15,91.55,91.55,91.56,91.54,5840078.0,-0.0001092179991263
2020-04-16,91.54,91.55,91.56,91.54,5563276.0,-0.0001092299290004
2020-04-17,91.56,91.55,91.56,91.55,4217441.0,0.0002184837229626
2020-04-20,91.55,91.56,91.56,91.55,5258700.0,-0.0001092179991263
2020-04-21,91.55,91.57,91.57,91.55,3527183.0,0.0
2020-04-22,91.55,91.56,91.56,91.55,2065224.0,0.0
2020-04-23,91.56,91.56,91.56,91.55,1929009.0,0.0001092299290006
2020-04-24,91.55,91.56,91.56,91.55,1618099.0,-0.0001092179991263
2020-04-27,91.55,91.55,91.56,91.54,2245095.0,0.0
2020-04-28,91.55,91.56,91.56,91.55,2744830.0,0.0
2020-04-29,91.54,91.56,91.56,91.54,5313536.0,-0.0001092299290004
2020-04-30,91.56,91.54,91.56,91.54,7305696.0,0.0002184837229626
2020-05-01,91.53,91.55,91.55,91.53,3710250.0,-0.0003276539973787
2020-05-04,91.53,91.55,91.55,91.53,5973478.0,0.0
2020-05-05,91.53,91.53,91.55,91.53,2949254.0,0.0
2020-05-06,91.54,91.55,91.55,91.53,1716338.0,0.0001092537965694
2020-05-07,91.53,91.55,91.55,91.53,2271181.0,-0.0001092418614814
2020-05-08,91.53,91.53,91.55,91.53,3101013.0,0.0
2020-05-11,91.54,91.53,91.54,91.53,3903990.0,0.0001092537965694
2020-05-12,91.54,91.53,91.54,91.53,3110453.0,0.0
2020-05-13,91.54,91.54,91.54,91.53,3524835.0,0.0
2020-05-14,91.55,91.54,91.55,91.53,4505199.0,0.0001092418614812
2020-05-15,91.53,91.54,91.54,91.53,2361844.0,-0.000218459858001
2020-05-18,91.53,91.53,91.54,91.53,2297586.0,0.0
2020-05-19,91.53,91.54,91.54,91.53,6505816.0,0.0
2020-05-20,91.53,91.54,91.54,91.53,1722441.0,0.0
2020-05-21,91.54,91.53,91.54,91.53,2400878.0,0.0001092537965694
2020-05-22,91.53,91.54,91.54,91.53,1935619.0,-0.0001092418614814
2020-05-26,91.54,91.54,91.54,91.53,4214248.0,0.0001092537965694
2020-05-27,91.53,91.53,91.54,91.53,3887387.0,-0.0001092418614814
2020-05-28,91.53,91.53,91.54,91.53,5061249.0,0.0
2020-05-29,91.53,91.53,91.54,91.53,3715787.0,0.0
2020-06-01,91.54,91.53,91.54,91.5107,2919604.0,0.0001092537965694
2020-06-02,91.54,91.54,91.54,91.53,4644616.0,0.0
2020-06-03,91.54,91.53,91.54,91.52,5447734.0,0.0
2020-06-04,91.54,91.54,91.54,91.53,3574649.0,0.0
2020-06-05,91.52,91.53,91.54,91.52,4809184.0,-0.0002184837229627
2020-06-08,91.53,91.54,91.54,91.52,3937411.0,0.0001092657342658
2020-06-09,91.53,91.53,91.54,91.52,8989102.0,0.0
2020-06-10,91.54,91.52,91.54,91.52,3090157.0,0.0001092537965694
2020-06-11,91.52,91.53,91.54,91.52,10544871.0,-0.0002184837229627
2020-06-12,91.54,91.54,91.54,91.52,8819413.0,0.0002185314685316
2020-06-15,91.535,91.54,91.54,91.53,3392788.0,-5.462093074071195e-05
2020-06-16,91.54,91.53,91.54,91.52,2417325.0,5.4623914349738456e-05
2020-06-17,91.54,91.53,91.54,91.52,3992000.0,0.0
2020-06-18,91.53,91.54,91.54,91.53,1837777.0,-0.0001092418614814
2020-06-19,91.53,91.53,91.54,91.53,3115509.0,0.0
2020-06-22,91.53,91.53,91.54,91.53,3091930.0,0.0
2020-06-23,91.53,91.53,91.54,91.53,2897993.0,0.0
2020-06-24,91.53,91.53,91.54,91.53,3778995.0,0.0
2020-06-25,91.54,91.53,91.54,91.53,1767498.0,0.0001092537965694
2020-06-26,91.53,91.53,91.54,91.53,1350094.0,-0.0001092418614814
2020-06-29,91.53,91.53,91.54,91.53,2431527.0,0.0
2020-06-30,91.53,91.53,91.54,91.53,3381091.0,0.0
2020-07-01,91.53,91.53,91.54,91.5208,3159993.0,0.0
2020-07-02,91.54,91.54,91.54,91.53,2639728.0,0.0001092537965694
2020-07-06,91.53,91.53,91.54,91.53,4064740.0,-0.0001092418614814
2020-07-07,91.53,91.53,91.54,91.53,2092687.0,0.0
2020-07-08,91.53,91.54,91.54,91.53,4376841.0,0.0
2020-07-09,91.53,91.53,91.54,91.53,1516626.0,0.0
2020-07-10,91.54,91.54,91.54,91.53,1241818.0,0.0001092537965694
2020-07-13,91.54,91.53,91.54,91.53,2126684.0,0.0
2020-07-14,91.54,91.54,91.54,91.53,1326013.0,0.0
2020-07-15,91.54,91.53,91.54,91.53,2793085.0,0.0
2020-07-16,91.53,91.54,91.54,91.5207,2395938.0,-0.0001092418614814
2020-07-17,91.54,91.53,91.54,91.53,2551357.0,0.0001092537965694
2020-07-20,91.54,91.54,91.54,91.53,1276653.0,0.0
2020-07-21,91.54,91.54,91.54,91.53,1882701.0,0.0
2020-07-22,91.53,91.53,91.54,91.53,1479219.0,-0.0001092418614814
2020-07-23,91.54,91.53,91.54,91.53,1118340.0,0.0001092537965694
2020-07-24,91.53,91.54,91.54,91.53,1009931.0,-0.0001092418614814
2020-07-27,91.53,91.53,91.54,91.53,1412413.0,0.0
2020-07-28,91.54,91.53,91.54,91.53,2012867.0,0.0001092537965694
2020-07-29,91.54,91.53,91.54,91.53,1418142.0,0.0
2020-07-30,91.53,91.54,91.54,91.53,2403337.0,-0.0001092418614814
2020-07-31,91.54,91.53,91.54,91.53,1099834.0,0.0001092537965694
2020-08-03,91.53,91.53,91.5493,91.53,1564813.0,-0.0001092418614814
2020-08-04,91.54,91.54,91.54,91.53,1654735.0,0.0001092537965694
2020-08-05,91.53,91.53,91.54,91.53,1980238.0,-0.0001092418614814
2020-08-06,91.53,91.53,91.54,91.53,1591365.0,0.0
2020-08-07,91.54,91.54,91.54,91.53,2105431.0,0.0001092537965694
2020-08-10,91.54,91.53,91.54,91.53,887593.0,0.0
2020-08-11,91.53,91.53,91.54,91.53,1734276.0,-0.0001092418614814
2020-08-12,91.53,91.53,91.54,91.53,2876274.0,0.0
2020-08-13,91.54,91.54,91.54,91.53,2350776.0,0.0001092537965694
2020-08-14,91.53,91.53,91.54,91.53,1206033.0,-0.0001092418614814
2020-08-17,91.53,91.54,91.5497,91.53,2250098.0,0.0
2020-08-18,91.54,91.54,91.54,91.53,3536186.0,0.0001092537965694
2020-08-19,91.54,91.54,91.54,91.53,1785472.0,0.0
2020-08-20,91.54,91.53,91.54,91.53,1091012.0,0.0
2020-08-21,91.54,91.54,91.54,91.53,1877075.0,0.0
2020-08-24,91.54,91.53,91.54,91.53,1276831.0,0.0
2020-08-25,91.53,91.53,91.54,91.53,1318266.0,-0.0001092418614814
2020-08-26,91.53,91.53,91.54,91.53,1058441.0,0.0
2020-08-27,91.53,91.53,91.54,91.53,1314512.0,0.0
2020-08-28,91.54,91.53,91.54,91.53,1023040.0,0.0001092537965694
2020-08-31,91.54,91.53,91.54,91.53,1467208.0,0.0
2020-09-01,91.54,91.54,91.54,91.5206,1091454.0,0.0
2020-09-02,91.54,91.54,91.54,91.53,1549970.0,0.0
2020-09-03,91.53,91.54,91.54,91.53,1942643.0,-0.0001092418614814
2020-09-04,91.54,91.53,91.54,91.53,1946149.0,0.0001092537965694
2020-09-08,91.54,91.53,91.54,91.52,3647906.0,0.0
2020-09-09,91.53,91.54,91.54,91.53,2261177.0,-0.0001092418614814
2020-09-10,91.53,91.53,91.54,91.53,1667228.0,0.0
2020-09-11,91.52,91.54,91.54,91.52,1213418.0,-0.0001092537965694
2020-09-14,91.54,91.53,91.54,91.52,2103874.0,0.0002185314685316
2020-09-15,91.52,91.53,91.53,91.52,1513286.0,-0.0002184837229627
2020-09-16,91.54,91.52,91.54,91.52,1248379.0,0.0002185314685316
2020-09-17,91.54,91.53,91.54,91.52,2402663.0,0.0
2020-09-18,91.52,91.53,91.54,91.52,841761.0,-0.0002184837229627
2020-09-21,91.52,91.52,91.54,91.52,1606005.0,0.0
2020-09-22,91.52,91.54,91.54,91.52,1571557.0,0.0
2020-09-23,91.52,91.53,91.54,91.52,2503274.0,0.0
2020-09-24,91.53,91.53,91.54,91.53,2325836.0,0.0001092657342658
2020-09-25,91.52,91.53,91.54,91.52,1971196.0,-0.0001092537965694
2020-09-28,91.53,91.53,91.54,91.52,4095153.0,0.0001092657342658
2020-09-29,91.53,91.52,91.53,91.52,2004624.0,0.0
2020-09-30,91.52,91.53,91.53,91.52,2508144.0,-0.0001092537965694
2020-10-01,91.52,91.52,91.54,91.5113,1030690.0,0.0
2020-10-02,91.52,91.53,91.53,91.52,2053794.0,0.0
2020-10-05,91.52,91.53,91.53,91.52,1286081.0,0.0
2020-10-06,91.53,91.52,91.53,91.52,2457583.0,0.0001092657342658
2020-10-07,91.52,91.52,91.53,91.52,945290.0,-0.0001092537965694
2020-10-08,91.52,91.52,91.53,91.52,832109.0,0.0
2020-10-09,91.52,91.52,91.53,91.52,965391.0,0.0
2020-10-12,91.53,91.52,91.53,91.52,2242468.0,0.0001092657342658
2020-10-13,91.52,91.53,91.53,91.52,1903924.0,-0.0001092537965694
2020-10-14,91.52,91.52,91.53,91.52,1505220.0,0.0
2020-10-15,91.52,91.53,91.53,91.52,1188766.0,0.0
2020-10-16,91.53,91.53,91.53,91.52,1253461.0,0.0001092657342658
2020-10-19,91.53,91.53,91.53,91.52,788899.0,0.0
2020-10-20,91.52,91.52,91.53,91.52,1401503.0,-0.0001092537965694
2020-10-21,91.52,91.52,91.53,91.52,1065134.0,0.0
2020-10-22,91.53,91.52,91.53,91.52,926878.0,0.0001092657342658
2020-10-23,91.53,91.53,91.53,91.52,995901.0,0.0
2020-10-26,91.53,91.52,91.53,91.52,3162437.0,0.0
2020-10-27,91.52,91.52,91.53,91.52,1034726.0,-0.0001092537965694
2020-10-28,91.52,91.53,91.53,91.52,2147580.0,0.0
2020-10-29,91.53,91.52,91.53,91.52,2664188.0,0.0001092657342658
2020-10-30,91.53,91.53,91.53,91.52,2486271.0,0.0
2020-11-02,91.53,91.52,91.53,91.52,1380483.0,0.0
2020-11-03,91.53,91.52,91.53,91.52,920076.0,0.0
2020-11-04,91.52,91.53,91.53,91.52,2331140.0,-0.0001092537965694
2020-11-05,91.53,91.52,91.53,91.52,2171361.0,0.0001092657342658
2020-11-06,91.52,91.53,91.53,91.52,1638900.0,-0.0001092537965694
2020-11-09,91.53,91.53,91.53,91.52,3195702.0,0.0001092657342658
2020-11-10,91.52,91.52,91.53,91.52,2775736.0,-0.0001092537965694
2020-11-11,91.52,91.52,91.53,91.52,960475.0,0.0
2020-11-12,91.52,91.53,91.53,91.52,1124965.0,0.0
2020-11-13,91.53,91.52,91.53,91.52,1039083.0,0.0001092657342658
2020-11-16,91.53,91.52,91.53,91.52,1092449.0,0.0
2020-11-17,91.53,91.52,91.53,91.52,1679159.0,0.0
2020-11-18,91.53,91.53,91.53,91.52,2600192.0,0.0
2020-11-19,91.53,91.53,91.53,91.52,1110422.0,0.0
2020-11-20,91.53,91.52,91.53,91.52,896172.0,0.0
2020-11-23,91.53,91.53,91.53,91.52,1082434.0,0.0
2020-11-24,91.53,91.52,91.53,91.52,2148138.0,0.0
2020-11-25,91.52,91.52,91.53,91.52,991869.0,-0.0001092537965694
2020-11-27,91.53,91.52,91.53,91.52,525059.0,0.0001092657342658
2020-11-30,91.52,91.52,91.53,91.52,1224757.0,-0.0001092537965694
2020-12-01,91.51,91.51,91.53,91.51,2887933.0,-0.0001092657342656
2020-12-02,91.52,91.51,91.53,91.51,3397440.0,0.000109277674571
2020-12-03,91.52,91.52,91.53,91.52,1342723.0,0.0
2020-12-04,91.53,91.52,91.53,91.52,1282972.0,0.0001092657342658
2020-12-07,91.51,91.52,91.53,91.51,1714923.0,-0.0002185075931387
2020-12-08,91.51,91.51,91.53,91.51,2136150.0,0.0
2020-12-09,91.51,91.52,91.52,91.51,2411340.0,0.0
2020-12-10,91.51,91.52,91.52,91.51,802797.0,0.0
2020-12-11,91.52,91.51,91.52,91.51,807374.0,0.000109277674571
2020-12-14,91.51,91.51,91.52,91.51,1270336.0,-0.0001092657342656
2020-12-15,91.51,91.51,91.52,91.51,1236547.0,0.0
2020-12-16,91.52,91.51,91.52,91.51,1036594.0,0.000109277674571
2020-12-17,91.52,91.51,91.52,91.51,1051844.0,0.0
2020-12-18,91.52,91.52,91.52,91.51,1041449.0,0.0
2020-12-21,91.52,91.51,91.52,91.51,1352868.0,0.0
2020-12-22,91.52,91.52,91.52,91.51,1140750.0,0.0
2020-12-23,91.51,91.51,91.52,91.51,1066137.0,-0.0001092657342656
2020-12-24,91.52,91.52,91.52,91.51,580479.0,0.000109277674571
2020-12-28,91.52,91.51,91.52,91.51,794580.0,0.0
2020-12-29,91.52,91.52,91.52,91.51,1590401.0,0.0
2020-12-30,91.51,91.51,91.52,91.51,1219427.0,-0.0001092657342656
2020-12-31,91.52,91.51,91.52,91.51,1343889.0,0.000109277674571
2021-01-04,91.52,91.52,91.52,91.51,1588007.0,0.0
2021-01-05,91.51,91.51,91.52,91.51,940252.0,-0.0001092657342656
2021-01-06,91.52,91.5141,91.52,91.51,1710926.0,0.000109277674571
2021-01-07,91.52,91.51,91.52,91.51,1249366.0,0.0
2021-01-08,91.51,91.51,91.52,91.51,1767550.0,-0.0001092657342656
2021-01-11,91.52,91.51,91.52,91.51,1128775.0,0.000109277674571
2021-01-12,91.51,91.52,91.52,91.51,4098770.0,-0.0001092657342656
2021-01-13,91.51,91.51,91.52,91.51,3257329.0,0.0
2021-01-14,91.52,91.51,91.52,91.51,2009296.0,0.000109277674571
2021-01-15,91.52,91.51,91.52,91.51,2250395.0,0.0
2021-01-19,91.52,91.51,91.52,91.51,1974638.0,0.0
2021-01-20,91.52,91.51,91.52,91.51,641949.0,0.0
2021-01-21,91.52,91.51,91.52,91.51,867110.0,0.0
2021-01-22,91.51,91.51,91.52,91.51,780882.0,-0.0001092657342656
2021-01-25,91.52,91.51,91.52,91.51,921381.0,0.000109277674571
2021-01-26,91.51,91.51,91.52,91.51,1878350.0,-0.0001092657342656
2021-01-27,91.51,91.52,91.52,91.51,1615400.0,0.0
2021-01-28,91.52,91.5133,91.52,91.51,1965630.0,0.000109277674571
2021-01-29,91.52,91.51,91.52,91.51,3702258.0,0.0
2021-02-01,91.52,91.52,91.5268,91.51,1563057.0,0.0
2021-02-02,91.51,91.51,91.52,91.51,1099455.0,-0.0001092657342656
2021-02-03,91.51,91.52,91.52,91.51,1207858.0,0.0
2021-02-04,91.52,91.51,91.52,91.51,944087.0,0.000109277674571
2021-02-05,91.52,91.52,91.52,91.51,726367.0,0.0
2021-02-08,91.52,91.51,91.52,91.51,1505252.0,0.0
2021-02-09,91.52,91.51,91.52,91.51,1270048.0,0.0
2021-02-10,91.51,91.52,91.52,91.51,1424715.0,-0.0001092657342656
2021-02-11,91.52,91.51,91.52,91.51,696928.0,0.000109277674571
2021-02-12,91.51,91.51,91.52,91.51,900936.0,-0.0001092657342656
2021-02-16,91.52,91.51,91.52,91.51,1026318.0,0.000109277674571
2021-02-17,91.52,91.51,91.52,91.51,781445.0,0.0
2021-02-18,91.51,91.51,91.52,91.51,1406470.0,-0.0001092657342656
2021-02-19,91.52,91.51,91.52,91.51,805203.0,0.000109277674571
2021-02-22,91.51,91.51,91.52,91.51,1284601.0,-0.0001092657342656
2021-02-23,91.51,91.51,91.52,91.51,1170013.0,0.0
2021-02-24,91.5,91.51,91.51,91.5,861621.0,-0.0001092776745711
2021-02-25,91.51,91.5,91.51,91.5,1370957.0,0.0001092896174863
2021-02-26,91.51,91.51,91.51,91.5,1971144.0,0.0
2021-03-01,91.5,91.51,91.51,91.5,1288717.0,-0.0001092776745711
2021-03-02,91.5,91.51,91.51,91.5,1588391.0,0.0
2021-03-03,91.51,91.5,91.51,91.5,1801436.0,0.0001092896174863
2021-03-04,91.51,91.51,91.51,91.5,1452397.0,0.0
2021-03-05,91.51,91.5,91.51,91.5,1248985.0,0.0
2021-03-08,91.5,91.5,91.51,91.5,1075512.0,-0.0001092776745711
2021-03-09,91.5,91.5,91.51,91.5,1518625.0,0.0
2021-03-10,91.5,91.5,91.51,91.5,1100573.0,0.0
2021-03-11,91.51,91.5,91.51,91.5,659436.0,0.0001092896174863
2021-03-12,91.5,91.5,91.51,91.5,737721.0,-0.0001092776745711
2021-03-15,91.5,91.5,91.51,91.5,976445.0,0.0
2021-03-16,91.5,91.5,91.51,91.5,1145041.0,0.0
2021-03-17,91.51,91.5,91.51,91.5,1021848.0,0.0001092896174863
2021-03-18,91.5,91.5,91.51,91.5,955697.0,-0.0001092776745711
2021-03-19,91.5,91.51,91.51,91.5,704323.0,0.0
2021-03-22,91.5,91.5,91.51,91.5,676608.0,0.0
2021-03-23,91.51,91.51,91.51,91.5,1691338.0,0.0001092896174863
2021-03-24,91.5,91.5,91.51,91.5,510501.0,-0.0001092776745711
2021-03-25,91.5,91.5,91.51,91.5,1224201.0,0.0
2021-03-26,91.5,91.5,91.51,91.5,797874.0,0.0
2021-03-29,91.5,91.5,91.51,91.5,925728.0,0.0
2021-03-30,91.51,91.5,91.51,91.5,606717.0,0.0001092896174863
2021-03-31,91.5,91.5,91.51,91.5,882380.0,-0.0001092776745711
2021-04-01,91.51,91.51,91.51,91.485,2289169.0,0.0001092896174863
2021-04-05,91.5,91.5,91.5,91.49,1014779.0,-0.0001092776745711
2021-04-06,91.49,91.49,91.5,91.49,672132.0,-0.0001092896174863
2021-04-07,91.49,91.5,91.5,91.49,1039707.0,0.0
2021-04-08,91.5,91.49,91.5,91.49,2910519.0,0.0001093015630124
2021-04-09,91.49,91.49,91.5,91.49,735823.0,-0.0001092896174863
2021-04-12,91.49,91.49,91.5,91.49,866896.0,0.0
2021-04-13,91.49,91.5,91.5,91.49,2840834.0,0.0
2021-04-14,91.49,91.49,91.5,91.49,645218.0,0.0
2021-04-15,91.5,91.5,91.5,91.49,794054.0,0.0001093015630124
2021-04-16,91.5,91.49,91.5,91.49,2055242.0,0.0
2021-04-19,91.49,91.49,91.5,91.49,754266.0,-0.0001092896174863
2021-04-20,91.49,91.49,91.5,91.49,1548574.0,0.0
2021-04-21,91.49,91.49,91.5,91.49,980029.0,0.0
2021-04-22,91.5,91.49,91.5,91.49,1226571.0,0.0001093015630124
2021-04-23,91.5,91.5,91.5,91.49,495487.0,0.0
2021-04-26,91.49,91.49,91.5,91.49,1061383.0,-0.0001092896174863
2021-04-27,91.5,91.49,91.5,91.49,787857.0,0.0001093015630124
2021-04-28,91.49,91.49,91.5,91.49,999188.0,-0.0001092896174863
2021-04-29,91.49,91.49,91.5,91.49,899781.0,0.0
2021-04-30,91.5,91.49,91.5,91.49,1064322.0,0.0001093015630124
2021-05-03,91.5,91.49,91.5,91.49,1169066.0,0.0
2021-05-04,91.49,91.49,91.5,91.49,2178225.0,-0.0001092896174863
2021-05-05,91.5,91.49,91.5,91.49,775672.0,0.0001093015630124
2021-05-06,91.5,91.49,91.5,91.49,1066557.0,0.0
2021-05-07,91.49,91.48,91.49,91.48,1829271.0,-0.0001092896174863
2021-05-10,91.49,91.48,91.49,91.48,723714.0,0.0
2021-05-11,91.49,91.48,91.49,91.48,1157087.0,0.0
2021-05-12,91.48,91.49,91.49,91.48,915682.0,-0.0001093015630122
2021-05-13,91.48,91.48,91.5,91.48,5954557.0,0.0
2021-05-14,91.48,91.48,91.49,91.48,1662908.0,0.0
2021-05-17,91.49,91.48,91.49,91.48,867108.0,0.0001093135111498
2021-05-18,91.49,91.49,91.49,91.48,1047245.0,0.0
2021-05-19,91.48,91.48,91.49,91.48,1675326.0,-0.0001093015630122
2021-05-20,91.48,91.48,91.49,91.48,852442.0,0.0
2021-05-21,91.49,91.48,91.49,91.48,785922.0,0.0001093135111498
2021-05-24,91.48,91.48,91.49,91.48,1014302.0,-0.0001093015630122
2021-05-25,91.48,91.48,91.49,91.48,686886.0,0.0
2021-05-26,91.48,91.49,91.49,91.48,998261.0,0.0
2021-05-27,91.49,91.48,91.49,91.48,675624.0,0.0001093135111498
2021-05-28,91.49,91.48,91.49,91.48,928630.0,0.0
2021-06-01,91.48,91.48,91.49,91.48,1121196.0,-0.0001093015630122
2021-06-02,91.48,91.49,91.49,91.48,1752693.0,0.0
2021-06-03,91.48,91.48,91.49,91.48,517373.0,0.0
2021-06-04,91.49,91.48,91.49,91.48,962356.0,0.0001093135111498
2021-06-07,91.47,91.48,91.49,91.47,983568.0,-0.0002186031260246
2021-06-08,91.47,91.47,91.48,91.47,833495.0,0.0
2021-06-09,91.47,91.48,91.48,91.47,1122636.0,0.0
2021-06-10,91.47,91.47,91.48,91.47,858018.0,0.0
2021-06-11,91.48,91.47,91.48,91.47,732345.0,0.0001093254619002
2021-06-14,91.47,91.47,91.48,91.47,439290.0,-0.00010931351115
2021-06-15,91.47,91.47,91.48,91.47,1008622.0,0.0
2021-06-16,91.48,91.47,91.48,91.47,575399.0,0.0001093254619002
2021-06-17,91.47,91.48,91.48,91.47,1458857.0,-0.00010931351115
2021-06-18,91.48,91.47,91.48,91.47,885270.0,0.0001093254619002
2021-06-21,91.47,91.48,91.48,91.47,846728.0,-0.00010931351115
2021-06-22,91.47,91.47,91.48,91.47,385991.0,0.0
2021-06-23,91.47,91.47,91.48,91.47,651815.0,0.0
2021-06-24,91.48,91.47,91.48,91.47,912391.0,0.0001093254619002
2021-06-25,91.48,91.47,91.48,91.47,1276520.0,0.0
2021-06-28,91.47,91.48,91.48,91.47,592670.0,-0.00010931351115
2021-06-29,91.47,91.47,91.48,91.47,887137.0,0.0
2021-06-30,91.47,91.48,91.48,91.47,555263.0,0.0
2021-07-01,91.48,91.47,91.48,91.47,584003.0,0.0001093254619002
2021-07-02,91.47,91.47,91.47,91.46,638770.0,-0.00010931351115
2021-07-06,91.46,91.46,91.47,91.46,654213.0,-0.0001093254619001
2021-07-07,91.46,91.46,91.47,91.46,820699.0,0.0
2021-07-08,91.47,91.46,91.47,91.46,934211.0,0.0001093374152636
2021-07-09,91.47,91.47,91.47,91.46,632929.0,0.0
2021-07-12,91.47,91.46,91.47,91.46,709371.0,0.0
2021-07-13,91.47,91.46,91.47,91.46,1037709.0,0.0
2021-07-14,91.46,91.46,91.47,91.46,583514.0,-0.0001093254619001
2021-07-15,91.47,91.46,91.47,91.46,961817.0,0.0001093374152636
2021-07-16,91.47,91.46,91.47,91.46,618640.0,0.0
2021-07-19,91.46,91.46,91.47,91.46,2751185.0,-0.0001093254619001
2021-07-20,91.46,91.46,91.47,91.46,1726432.0,0.0
2021-07-21,91.46,91.46,91.47,91.46,1123145.0,0.0
2021-07-22,91.47,91.46,91.47,91.46,680523.0,0.0001093374152636
2021-07-23,91.46,91.46,91.47,91.46,1078252.0,-0.0001093254619001
2021-07-26,91.47,91.46,91.47,91.46,712527.0,0.0001093374152636
2021-07-27,91.46,91.47,91.47,91.46,878730.0,-0.0001093254619001
2021-07-28,91.46,91.46,91.47,91.46,1342123.0,0.0
2021-07-29,91.47,91.46,91.47,91.46,903397.0,0.0001093374152636
2021-07-30,91.46,91.46,91.47,91.46,410792.0,-0.0001093254619001
2021-08-02,91.46,91.46,91.47,91.46,597734.0,0.0
2021-08-03,91.46,91.46,91.47,91.46,745059.0,0.0
2021-08-04,91.46,91.46,91.47,91.46,1067746.0,0.0
2021-08-05,91.46,91.46,91.47,91.46,488296.0,0.0
2021-08-06,91.47,91.46,91.47,91.46,694220.0,0.0001093374152636
2021-08-09,91.47,91.46,91.47,91.46,1642880.0,0.0
2021-08-10,91.46,91.47,91.47,91.46,937181.0,-0.0001093254619001
2021-08-11,91.46,91.46,91.47,91.46,1080508.0,0.0
2021-08-12,91.46,91.46,91.47,91.46,616541.0,0.0
2021-08-13,91.47,91.47,91.47,91.46,1124656.0,0.0001093374152636
2021-08-16,91.45,91.46,91.47,91.45,1689680.0,-0.0002186509238001
2021-08-17,91.45,91.47,91.47,91.45,1564055.0,0.0
2021-08-18,91.45,91.45,91.47,91.45,925739.0,0.0
2021-08-19,91.47,91.45,91.47,91.45,1720576.0,0.0002186987424821
2021-08-20,91.47,91.46,91.47,91.45,796178.0,0.0
2021-08-23,91.45,91.46,91.46,91.45,470734.0,-0.0002186509238001
2021-08-24,91.45,91.45,91.46,91.45,808173.0,0.0
2021-08-25,91.45,91.45,91.46,91.45,555163.0,0.0
2021-08-26,91.46,91.46,91.46,91.45,785762.0,0.0001093493712409
2021-08-27,91.46,91.46,91.46,91.45,479850.0,0.0
2021-08-30,91.46,91.46,91.46,91.45,617915.0,0.0
2021-08-31,91.45,91.45,91.46,91.45,1021285.0,-0.0001093374152634
2021-09-01,91.45,91.46,91.46,91.45,1076935.0,0.0
2021-09-02,91.47,91.45,91.47,91.45,673751.0,0.0002186987424821
2021-09-03,91.45,91.46,91.46,91.45,496299.0,-0.0002186509238001
2021-09-07,91.45,91.46,91.46,91.45,1597092.0,0.0
2021-09-08,91.45,91.45,91.46,91.45,1053484.0,0.0
2021-09-09,91.45,91.45,91.46,91.45,735522.0,0.0
2021-09-10,91.46,91.45,91.46,91.45,521662.0,0.0001093493712409
2021-09-13,91.46,91.45,91.46,91.45,5164615.0,0.0
2021-09-14,91.45,91.46,91.46,91.45,4534279.0,-0.0001093374152634
2021-09-15,91.45,91.45,91.46,91.45,1465480.0,0.0
2021-09-16,91.46,91.46,91.46,91.45,1322626.0,0.0001093493712409
2021-09-17,91.45,91.45,91.46,91.45,810942.0,-0.0001093374152634
2021-09-20,91.46,91.45,91.46,91.45,1087121.0,0.0001093493712409
2021-09-21,91.45,91.45,91.46,91.45,1462343.0,-0.0001093374152634
2021-09-22,91.45,91.45,91.46,91.45,1062239.0,0.0
2021-09-23,91.46,91.45,91.46,91.45,1108446.0,0.0001093493712409
2021-09-24,91.45,91.46,91.46,91.45,1912114.0,-0.0001093374152634
2021-09-27,91.45,91.46,91.46,91.44,2605888.0,0.0
2021-09-28,91.45,91.46,91.46,91.44,978754.0,0.0
2021-09-29,91.46,91.45,91.46,91.45,787593.0,0.0001093493712409
2021-09-30,91.46,91.45,91.46,91.45,777692.0,0.0
2021-10-01,91.46,91.46,91.46,91.44,1484680.0,0.0
2021-10-04,91.44,91.45,91.45,91.44,757484.0,-0.0002186748305269
2021-10-05,91.45,91.44,91.45,91.44,537807.0,0.0001093613298337
2021-10-06,91.45,91.44,91.45,91.44,1394867.0,0.0
2021-10-07,91.45,91.44,91.45,91.44,775374.0,0.0
2021-10-08,91.45,91.45,91.45,91.44,487554.0,0.0
2021-10-11,91.45,91.44,91.45,91.44,622199.0,0.0
2021-10-12,91.45,91.44,91.45,91.44,580231.0,0.0
2021-10-13,91.45,91.44,91.45,91.44,934211.0,0.0
2021-10-14,91.44,91.45,91.45,91.44,610462.0,-0.0001093493712411
2021-10-15,91.45,91.44,91.45,91.44,798672.0,0.0001093613298337
2021-10-18,91.44,91.44,91.45,91.44,650094.0,-0.0001093493712411
2021-10-19,91.44,91.44,91.45,91.44,585451.0,0.0
2021-10-20,91.44,91.45,91.45,91.44,2241499.0,0.0
2021-10-21,91.44,91.44,91.45,91.44,733494.0,0.0
2021-10-22,91.44,91.44,91.45,91.43,720963.0,0.0
2021-10-25,91.45,91.45,91.45,91.44,674138.0,0.0001093613298337
2021-10-26,91.43,91.44,91.45,91.43,1092606.0,-0.0002186987424821
2021-10-27,91.43,91.44,91.45,91.43,779574.0,0.0
2021-10-28,91.45,91.44,91.45,91.44,663821.0,0.0002187465820846
2021-10-29,91.45,91.44,91.45,91.43,886944.0,0.0
2021-11-01,91.45,91.44,91.45,91.44,1121835.0,0.0
2021-11-02,91.43,91.44,91.45,91.43,699367.0,-0.0002186987424821
2021-11-03,91.43,91.44,91.44,91.43,1099457.0,0.0
2021-11-04,91.44,91.44,91.45,91.43,791500.0,0.0001093732910422
2021-11-05,91.44,91.44,91.44,91.43,829074.0,0.0
2021-11-08,91.45,91.44,91.45,91.43,1379295.0,0.0001093613298337
2021-11-09,91.43,91.44,91.44,91.43,962777.0,-0.0002186987424821
2021-11-10,91.43,91.44,91.45,91.43,1147633.0,0.0
2021-11-11,91.44,91.44,91.44,91.43,789270.0,0.0001093732910422
2021-11-12,91.44,91.43,91.44,91.43,558608.0,0.0
2021-11-15,91.44,91.44,91.44,91.43,670800.0,0.0
2021-11-16,91.43,91.44,91.44,91.43,1105894.0,-0.0001093613298336
2021-11-17,91.43,91.43,91.44,91.43,1197200.0,0.0
2021-11-18,91.44,91.43,91.44,91.43,801973.0,0.0001093732910422
2021-11-19,91.44,91.44,91.44,91.43,1430268.0,0.0
2021-11-22,91.44,91.43,91.44,91.43,778859.0,0.0
2021-11-23,91.43,91.43,91.44,91.43,771457.0,-0.0001093613298336
2021-11-24,91.44,91.43,91.44,91.43,676966.0,0.0001093732910422
2021-11-26,91.43,91.43,91.44,91.43,735830.0,-0.0001093613298336
2021-11-29,91.44,91.43,91.44,91.43,1067129.0,0.0001093732910422
2021-11-30,91.43,91.44,91.44,91.43,2554800.0,-0.0001093613298336
2021-12-01,91.44,91.44,91.44,91.43,1989361.0,0.0001093732910422
2021-12-02,91.44,91.44,91.44,91.43,1502392.0,0.0
2021-12-03,91.43,91.44,91.44,91.43,717928.0,-0.0001093613298336
2021-12-06,91.43,91.44,91.44,91.43,796680.0,0.0
2021-12-07,91.43,91.44,91.44,91.43,617896.0,0.0
2021-12-08,91.44,91.43,91.44,91.43,1446597.0,0.0001093732910422
2021-12-09,91.43,91.43,91.44,91.43,1110692.0,-0.0001093613298336
2021-12-10,91.44,91.44,91.44,91.43,935323.0,0.0001093732910422
2021-12-13,91.44,91.43,91.44,91.43,462637.0,0.0
2021-12-14,91.44,91.44,91.44,91.43,817245.0,0.0
2021-12-15,91.44,91.43,91.44,91.43,1653884.0,0.0
2021-12-16,91.43,91.43,91.44,91.43,809563.0,-0.0001093613298336
2021-12-17,91.44,91.44,91.44,91.43,1063885.0,0.0001093732910422
2021-12-20,91.43,91.43,91.44,91.43,2235072.0,-0.0001093613298336
2021-12-21,91.42,91.43,91.44,91.42,2372256.0,-0.0001093732910424
2021-12-22,91.42,91.43,91.44,91.42,1001906.0,0.0
2021-12-23,91.42,91.42,91.43,91.42,571440.0,0.0
2021-12-27,91.43,91.42,91.43,91.42,730397.0,0.0001093852548676
2021-12-28,91.42,91.43,91.43,91.42,1933107.0,-0.0001093732910424
2021-12-29,91.42,91.42,91.43,91.42,1246326.0,0.0
2021-12-30,91.43,91.42,91.43,91.42,836968.0,0.0001093852548676
2021-12-31,91.43,91.42,91.43,91.42,871356.0,0.0
2022-01-03,91.42,91.43,91.43,91.42,1763954.0,-0.0001093732910424
2022-01-04,91.43,91.42,91.43,91.42,2511866.0,0.0001093852548676
2022-01-05,91.43,91.43,91.43,91.42,1637334.0,0.0
2022-01-06,91.43,91.43,91.43,91.42,1077863.0,0.0
2022-01-07,91.43,91.43,91.43,91.42,766929.0,0.0
2022-01-10,91.42,91.42,91.43,91.42,1846827.0,-0.0001093732910424
2022-01-11,91.41,91.42,91.42,91.41,1847537.0,-0.0001093852548676
2022-01-12,91.42,91.42,91.43,91.42,959742.0,0.0001093972213106
2022-01-13,91.43,91.42,91.43,91.42,1056470.0,0.0001093852548676
2022-01-14,91.43,91.42,91.43,91.42,563968.0,0.0
2022-01-18,91.41,91.43,91.43,91.41,3068086.0,-0.0002187465820847
2022-01-19,91.43,91.43,91.43,91.42,2074856.0,0.0002187944426212
2022-01-20,91.43,91.43,91.43,91.42,1628710.0,0.0
2022-01-21,91.42,91.42,91.43,91.41,2937724.0,-0.0001093732910424
2022-01-24,91.43,91.41,91.43,91.41,4854902.0,0.0001093852548676
2022-01-25,91.41,91.42,91.43,91.41,4776822.0,-0.0002187465820847
2022-01-26,91.42,91.41,91.428,91.41,3694420.0,0.0001093972213106
2022-01-27,91.43,91.41,91.43,91.41,6218713.0,0.0001093852548676
2022-01-28,91.41,91.42,91.43,91.41,4811083.0,-0.0002187465820847
2022-01-31,91.43,91.42,91.4313,91.41,26333328.0,0.0002187944426212
2022-02-01,91.42,91.41,91.43,91.41,6452697.0,-0.0001093732910424
2022-02-02,91.43,91.42,91.43,91.42,2119831.0,0.0001093852548676
2022-02-03,91.43,91.42,91.43,91.41,2322977.0,0.0
2022-02-04,91.41,91.42,91.42,91.41,6725993.0,-0.0002187465820847
2022-02-07,91.41,91.42,91.42,91.41,1667495.0,0.0
2022-02-08,91.42,91.42,91.42,91.41,24173903.0,0.0001093972213106
2022-02-09,91.41,91.41,91.42,91.41,4386781.0,-0.0001093852548676
2022-02-10,91.41,91.41,91.42,91.4,6107148.0,0.0
2022-02-11,91.41,91.41,91.42,91.4,3164565.0,0.0
2022-02-14,91.4,91.41,91.42,91.4,1876418.0,-0.0001093972213104
2022-02-15,91.42,91.41,91.42,91.41,923130.0,0.0002188183807438
2022-02-16,91.42,91.42,91.42,91.41,1057544.0,0.0
2022-02-17,91.41,91.42,91.42,91.41,2324934.0,-0.0001093852548676
2022-02-18,91.42,91.42,91.42,91.41,1485372.0,0.0001093972213106
2022-02-22,91.42,91.41,91.42,91.41,2188480.0,0.0
2022-02-23,91.41,91.41,91.42,91.41,11535012.0,-0.0001093852548676
2022-02-24,91.41,91.42,91.43,91.41,8393431.0,0.0
2022-02-25,91.41,91.42,91.42,91.41,1846508.0,0.0
2022-02-28,91.41,91.42,91.42,91.41,1769274.0,0.0
2022-03-01,91.41,91.42,91.42,91.41,4195949.0,0.0
2022-03-02,91.41,91.42,91.42,91.41,2298795.0,0.0
2022-03-03,91.42,91.42,91.42,91.41,2265532.0,0.0001093972213106
2022-03-04,91.42,91.41,91.42,91.41,1237781.0,0.0
2022-03-07,91.42,91.4,91.42,91.4,15932139.0,0.0
2022-03-08,91.42,91.42,91.42,91.41,7738708.0,0.0
2022-03-09,91.42,91.42,91.42,91.41,2580692.0,0.0
2022-03-10,91.42,91.42,91.42,91.41,2353081.0,0.0
2022-03-11,91.41,91.42,91.42,91.41,805083.0,-0.0001093852548676
2022-03-14,91.42,91.41,91.42,91.41,3886760.0,0.0001093972213106
2022-03-15,91.4,91.42,91.42,91.4,6259725.0,-0.0002187705097352
2022-03-16,91.42,91.41,91.42,91.4,1773220.0,0.0002188183807438
2022-03-17,91.42,91.41,91.42,91.41,5463376.0,0.0
2022-03-18,91.41,91.42,91.42,91.41,3115342.0,-0.0001093852548676
2022-03-21,91.41,91.41,91.42,91.41,3961402.0,0.0
2022-03-22,91.41,91.42,91.42,91.41,3440149.0,0.0
2022-03-23,91.43,91.41,91.43,91.41,2205557.0,0.0002187944426212
2022-03-24,91.43,91.42,91.43,91.42,1749551.0,0.0
2022-03-25,91.41,91.43,91.43,91.41,2840144.0,-0.0002187465820847
2022-03-28,91.41,91.42,91.42,91.41,2839375.0,0.0
2022-03-29,91.41,91.42,91.43,91.41,4356421.0,0.0
2022-03-30,91.43,91.41,91.43,91.41,5278355.0,0.0002187944426212
2022-03-31,91.43,91.43,91.43,91.42,4311591.0,0.0
2022-04-01,91.43,91.42,91.43,91.41,2302479.0,0.0
2022-04-04,91.42,91.41,91.42,91.41,2478592.0,-0.0001093732910424
2022-04-05,91.41,91.41,91.42,91.41,2060903.0,-0.0001093852548676
2022-04-06,91.42,91.42,91.42,91.41,2698868.0,0.0001093972213106
2022-04-07,91.42,91.41,91.42,91.41,2615047.0,0.0
2022-04-08,91.41,91.41,91.42,91.41,4726233.0,-0.0001093852548676
2022-04-11,91.42,91.42,91.42,91.41,3597076.0,0.0001093972213106
2022-04-12,91.42,91.41,91.42,91.41,5780445.0,0.0
2022-04-13,91.42,91.41,91.42,91.41,3719154.0,0.0
2022-04-14,91.41,91.41,91.42,91.41,1612695.0,-0.0001093852548676
2022-04-18,91.42,91.41,91.42,91.41,2689015.0,0.0001093972213106
2022-04-19,91.41,91.41,91.42,91.41,3194934.0,-0.0001093852548676
2022-04-20,91.43,91.41,91.43,91.41,1901727.0,0.0002187944426212
2022-04-21,91.43,91.43,91.43,91.42,3573678.0,0.0
2022-04-22,91.42,91.41,91.43,91.41,2183289.0,-0.0001093732910424
2022-04-25,91.43,91.41,91.43,91.41,10561917.0,0.0001093852548676
2022-04-26,91.42,91.42,91.43,91.42,4266944.0,-0.0001093732910424
2022-04-27,91.42,91.42,91.43,91.42,7534822.0,0.0
2022-04-28,91.44,91.42,91.44,91.42,5876873.0,0.0002187705097351
2022-04-29,91.42,91.43,91.43,91.42,2678683.0,-0.0002187226596674
2022-05-02,91.43,91.44,91.44,91.42,7420849.0,0.0001093852548676
2022-05-03,91.42,91.44,91.44,91.42,5964338.0,-0.0001093732910424
2022-05-04,91.44,91.42,91.44,91.42,3019440.0,0.0002187705097351
2022-05-05,91.44,91.44,91.44,91.43,4886780.0,0.0
2022-05-06,91.44,91.43,91.44,91.43,4785765.0,0.0
2022-05-09,91.43,91.45,91.45,91.43,8826980.0,-0.0001093613298336
2022-05-10,91.43,91.44,91.45,91.43,8261231.0,0.0
2022-05-11,91.43,91.43,91.45,91.43,6387065.0,0.0
2022-05-12,91.44,91.44,91.45,91.43,9010979.0,0.0001093732910422
2022-05-13,91.45,91.43,91.45,91.43,14920587.0,0.0001093613298337
2022-05-16,91.44,91.44,91.44,91.43,2700385.0,-0.0001093493712411
2022-05-17,91.44,91.43,91.45,91.43,2456574.0,0.0
2022-05-18,91.44,91.44,91.45,91.43,4456327.0,0.0
2022-05-19,91.46,91.45,91.46,91.44,4009022.0,0.0002187226596674
2022-05-20,91.46,91.45,91.46,91.44,3051648.0,0.0
2022-05-23,91.46,91.45,91.46,91.45,2073249.0,0.0
2022-05-24,91.45,91.46,91.46,91.45,3355304.0,-0.0001093374152634
2022-05-25,91.46,91.45,91.46,91.45,1700715.0,0.0001093493712409
2022-05-26,91.48,91.45,91.48,91.45,3220490.0,0.000218674830527
2022-05-27,91.46,91.47,91.47,91.45,2958531.0,-0.0002186270223
2022-05-31,91.45,91.47,91.47,91.4448,19779318.0,-0.0001093374152634
2022-06-01,91.42,91.44,91.44,91.4181,18526178.0,-0.0003280481137233
2022-06-02,91.44,91.43,91.44,91.42,1281963.0,0.0002187705097351
2022-06-03,91.42,91.43,91.44,91.42,3103992.0,-0.0002187226596674
2022-06-06,91.43,91.43,91.43,91.42,1593377.0,0.0001093852548676
2022-06-07,91.42,91.43,91.44,91.42,1682072.0,-0.0001093732910424
2022-06-08,91.43,91.44,91.44,91.43,2004563.0,0.0001093852548676
2022-06-09,91.44,91.44,91.44,91.43,1762579.0,0.0001093732910422
2022-06-10,91.42,91.44,91.44,91.42,7140378.0,-0.0002187226596674
2022-06-13,91.43,91.43,91.4319,91.42,37231486.0,0.0001093852548676
2022-06-14,91.42,91.42,91.42,91.41,8434316.0,-0.0001093732910424
2022-06-15,91.43,91.42,91.43,91.41,2895195.0,0.0001093852548676
2022-06-16,91.45,91.43,91.45,91.42,5284129.0,0.0002187465820846
2022-06-17,91.44,91.44,91.45,91.44,3422310.0,-0.0001093493712411
2022-06-21,91.46,91.45,91.46,91.44,5266288.0,0.0002187226596674
2022-06-22,91.47,91.46,91.47,91.45,2871247.0,0.0001093374152636
2022-06-23,91.47,91.47,91.47,91.46,4669524.0,0.0
2022-06-24,91.45,91.47,91.47,91.45,3544219.0,-0.0002186509238001
2022-06-27,91.45,91.46,91.46,91.45,7641929.0,0.0
2022-06-28,91.47,91.46,91.47,91.46,2885276.0,0.0002186987424821
2022-06-29,91.48,91.45,91.48,91.45,1893586.0,0.0001093254619002
2022-06-30,91.49,91.48,91.49,91.47,4423534.0,0.0001093135111498
2022-07-01,91.43,91.43,91.44,91.41,35879424.0,-0.0006558093780739
2022-07-05,91.43,91.43,91.43,91.42,9036629.0,0.0
2022-07-06,91.43,91.43,91.43,91.42,3783225.0,0.0
2022-07-07,91.43,91.44,91.44,91.42,1840509.0,0.0
2022-07-08,91.42,91.43,91.43,91.42,1363881.0,-0.0001093732910424
2022-07-11,91.43,91.42,91.43,91.42,2316937.0,0.0001093852548676
2022-07-12,91.42,91.43,91.43,91.42,15559677.0,-0.0001093732910424
2022-07-13,91.42,91.42,91.43,91.4,12606516.0,0.0
2022-07-14,91.43,91.41,91.43,91.41,5037654.0,0.0001093852548676
2022-07-15,91.42,91.43,91.43,91.42,6939634.0,-0.0001093732910424
2022-07-18,91.42,91.42,91.43,91.41,3639676.0,0.0
2022-07-19,91.42,91.43,91.43,91.42,6771199.0,0.0
2022-07-20,91.42,91.43,91.44,91.42,4695792.0,0.0
2022-07-21,91.45,91.43,91.45,91.42,3627931.0,0.0003281557646028
2022-07-22,91.46,91.45,91.46,91.44,3511348.0,0.0001093493712409
2022-07-25,91.45,91.45,91.45,91.44,3172032.0,-0.0001093374152634
2022-07-26,91.45,91.45,91.45,91.44,1477242.0,0.0
2022-07-27,91.45,91.45,91.46,91.44,2611151.0,0.0
2022-07-28,91.46,91.46,91.47,91.46,7732607.0,0.0001093493712409
2022-07-29,91.47,91.46,91.48,91.46,6626569.0,0.0001093374152636
2022-08-01,91.38,91.37,91.39,91.37,10760712.0,-0.0009839291571007
2022-08-02,91.39,91.38,91.39,91.38,3115625.0,0.0001094331363538
2022-08-03,91.38,91.4,91.4,91.38,4216611.0,-0.0001094211620528
2022-08-04,91.4,91.41,91.42,91.4,6491003.0,0.0002188662727073
2022-08-05,91.42,91.42,91.42,91.41,1852722.0,0.0002188183807438
2022-08-08,91.43,91.41,91.43,91.41,2745546.0,0.0001093852548676
2022-08-09,91.42,91.41,91.43,91.41,3834297.0,-0.0001093732910424
2022-08-10,91.43,91.42,91.44,91.42,3782254.0,0.0001093852548676
2022-08-11,91.43,91.44,91.45,91.43,6543746.0,0.0
2022-08-12,91.45,91.44,91.45,91.44,2110862.0,0.0002187465820846
2022-08-15,91.44,91.44,91.45,91.44,5605739.0,-0.0001093493712411
2022-08-16,91.45,91.46,91.46,91.45,4336346.0,0.0001093613298337
2022-08-17,91.45,91.46,91.47,91.45,3673499.0,0.0
2022-08-18,91.49,91.48,91.49,91.47,2227933.0,0.0004373974849642
2022-08-19,91.49,91.48,91.49,91.47,4136832.0,0.0
2022-08-22,91.5,91.48,91.5,91.48,5597719.0,0.0001093015630124
2022-08-23,91.48,91.5,91.5,91.48,6860334.0,-0.0002185792349725
2022-08-24,91.51,91.5,91.51,91.4901,2585844.0,0.0003279405334499
2022-08-25,91.52,91.51,91.52,91.51,3997726.0,0.000109277674571
2022-08-26,91.52,91.51,91.53,91.51,5442884.0,0.0
2022-08-29,91.52,91.52,91.53,91.52,7337569.0,0.0
2022-08-30,91.53,91.53,91.5443,91.52,32133202.0,0.0001092657342658
2022-08-31,91.55,91.54,91.55,91.53,9405195.0,0.0002185075931389
2022-09-01,91.43,91.43,91.43,91.42,8175109.0,-0.0013107591480064
2022-09-02,91.44,91.43,91.44,91.42,5871715.0,0.0001093732910422
2022-09-06,91.44,91.43,91.44,91.43,7990857.0,0.0
2022-09-07,91.45,91.43,91.45,91.43,5180702.0,0.0001093613298337
2022-09-08,91.47,91.47,91.47,91.45,4564663.0,0.0002186987424821
2022-09-09,91.47,91.46,91.47,91.46,1905251.0,0.0
2022-09-12,91.46,91.47,91.48,91.46,5377049.0,-0.0001093254619001
2022-09-13,91.48,91.46,91.48,91.46,6223350.0,0.000218674830527
2022-09-14,91.48,91.48,91.48,91.47,4226926.0,0.0
2022-09-15,91.51,91.49,91.51,91.49,5787069.0,0.0003279405334499
2022-09-16,91.51,91.51,91.51,91.5,3512330.0,0.0
2022-09-19,91.51,91.51,91.52,91.5,5158070.0,0.0
2022-09-20,91.5,91.52,91.52,91.5,3792708.0,-0.0001092776745711
2022-09-21,91.52,91.51,91.53,91.51,3739967.0,0.0002185792349727
2022-09-22,91.56,91.54,91.56,91.53,10975057.0,0.0004370629370629
2022-09-23,91.56,91.55,91.56,91.54,15103284.0,0.0
2022-09-26,91.54,91.56,91.56,91.54,7695770.0,-0.0002184359982524
2022-09-27,91.57,91.56,91.57,91.56,5871149.0,0.0003277255844438
2022-09-28,91.58,91.57,91.58,91.56,6710111.0,0.0001092060718577
2022-09-29,91.6,91.6,91.6,91.59,5973287.0,0.0002183882943873
2022-09-30,91.6,91.6,91.6,91.58,9858399.0,0.0
2022-10-03,91.42,91.45,91.45,91.42,7300909.0,-0.0019650655021833
2022-10-04,91.45,91.45,91.45,91.43,6583107.0,0.0003281557646028
2022-10-05,91.45,91.45,91.46,91.44,6425861.0,0.0
2022-10-06,91.47,91.48,91.48,91.47,3415672.0,0.0002186987424821
2022-10-07,91.47,91.4743,91.48,91.47,5033711.0,0.0
2022-10-10,91.48,91.49,91.49,91.48,5591104.0,0.0001093254619002
2022-10-11,91.48,91.48,91.49,91.48,7847118.0,0.0
2022-10-12,91.48,91.49,91.49,91.48,4389339.0,0.0
2022-10-13,91.51,91.5,91.51,91.5,5012885.0,0.0003279405334499
2022-10-14,91.51,91.51,91.51,91.5,3124280.0,0.0
2022-10-17,91.51,91.52,91.52,91.51,6373192.0,0.0
2022-10-18,91.51,91.51,91.52,91.51,4985930.0,0.0
2022-10-19,91.51,91.52,91.52,91.51,4334648.0,0.0
2022-10-20,91.55,91.53,91.55,91.53,4561899.0,0.0004371106982843
2022-10-21,91.56,91.55,91.56,91.54,4658633.0,0.0001092299290006
2022-10-24,91.55,91.55,91.56,91.55,2286675.0,-0.0001092179991263
2022-10-25,91.55,91.55,91.57,91.55,7035322.0,0.0
2022-10-26,91.57,91.56,91.57,91.56,8138626.0,0.000218459858001
2022-10-27,91.6,91.59,91.6,91.58,4473955.0,0.0003276182155727
2022-10-28,91.59,91.6,91.6,91.5851,25494561.0,-0.0001091703056768
2022-10-31,91.59,91.6,91.61,91.59,6145771.0,0.0
2022-11-01,91.39,91.4053,91.41,91.39,6054480.0,-0.0021836445026749
2022-11-02,91.42,91.415,91.42,91.41,3272726.0,0.0003282634861583
2022-11-03,91.45,91.44,91.45,91.43,8957807.0,0.0003281557646028
2022-11-04,91.47,91.46,91.47,91.45,9427707.0,0.0002186987424821
2022-11-07,91.46,91.47,91.47,91.46,6503873.0,-0.0001093254619001
2022-11-08,91.47,91.47,91.48,91.47,5842979.0,0.0001093374152636
2022-11-09,91.52,91.505,91.52,91.5,3602526.0,0.0005466273095002
2022-11-10,91.53,91.52,91.53,91.52,5835670.0,0.0001092657342658
2022-11-11,91.52,91.525,91.53,91.52,6645404.0,-0.0001092537965694
2022-11-14,91.52,91.54,91.54,91.52,10435379.0,0.0
2022-11-15,91.54,91.54,91.54,91.53,9800775.0,0.0002185314685316
2022-11-16,91.55,91.54,91.55,91.54,7824129.0,0.0001092418614812
2022-11-17,91.58,91.57,91.58,91.57,4772984.0,0.0003276897870017
2022-11-18,91.58,91.57,91.58,91.57,7062934.0,0.0
2022-11-21,91.59,91.59,91.59,91.58,3437283.0,0.0001091941471937
2022-11-22,91.61,91.59,91.61,91.59,5261176.0,0.0002183644502673
2022-11-23,91.63,91.62,91.64,91.62,4144440.0,0.0002183167776443
2022-11-25,91.63,91.64,91.64,91.63,2543090.0,0.0
2022-11-28,91.64,91.64,91.65,91.64,4456155.0,0.000109134562916
2022-11-29,91.67,91.66,91.67,91.65,3754663.0,0.0003273679615889
2022-11-30,91.67,91.661,91.67,91.66,5418275.0,0.0
2022-12-01,91.43,91.43,91.44,91.43,10968003.0,-0.0026180866150321
2022-12-02,91.44,91.45,91.45,91.44,10316345.0,0.0001093732910422
2022-12-05,91.45,91.45,91.46,91.45,8943739.0,0.0001093613298337
2022-12-06,91.48,91.47,91.48,91.46,9646932.0,0.0003280481137233
2022-12-07,91.48,91.49,91.5,91.48,9798553.0,0.0
2022-12-08,91.54,91.51,91.54,91.51,3855858.0,0.0006558810668999
2022-12-09,91.53,91.53,91.54,91.53,7718939.0,-0.0001092418614814
2022-12-12,91.54,91.55,91.55,91.54,4383623.0,0.0001092537965694
2022-12-13,91.54,91.55,91.56,91.54,6645767.0,0.0
2022-12-14,91.57,91.56,91.57,91.54,6898429.0,0.0003277255844438
2022-12-15,91.59,91.58,91.59,91.58,7772108.0,0.0002184121437152
2022-12-16,91.59,91.6,91.6,91.59,4121690.0,0.0
2022-12-19,91.33,91.34,91.34,91.33,8627050.0,-0.0028387378534775
2022-12-20,91.34,91.35,91.35,91.34,5204285.0,0.0001094930471916
2022-12-21,91.35,91.36,91.36,91.35,6471770.0,0.0001094810597765
2022-12-22,91.41,91.39,91.41,91.39,6594154.0,0.0006568144499179
2022-12-23,91.41,91.4,91.41,91.4,3683089.0,0.0
2022-12-27,91.41,91.41,91.42,91.41,4267948.0,0.0
2022-12-28,91.44,91.44,91.44,91.42,4123246.0,0.0003281916639317
2022-12-29,91.48,91.47,91.48,91.47,5637384.0,0.0004374453193352
2022-12-30,91.47,91.47,91.47,91.46,6536978.0,-0.00010931351115
2023-01-03,91.48,91.48,91.48,91.47,12503054.0,0.0001093254619002
2023-01-04,91.47,91.48,91.49,91.47,9074489.0,-0.00010931351115
2023-01-05,91.5,91.5,91.51,91.49,6454130.0,0.0003279763857002
2023-01-06,91.49,91.5,91.51,91.49,4623537.0,-0.0001092896174863
2023-01-09,91.51,91.5,91.51,91.5,9734546.0,0.0002186031260247
2023-01-10,91.5,91.51,91.52,91.5,5606657.0,-0.0001092776745711
2023-01-11,91.5,91.51,91.52,91.5,8601349.0,0.0
2023-01-12,91.57,91.56,91.57,91.56,8086875.0,0.0007650273224042
2023-01-13,91.58,91.57,91.58,91.57,5501731.0,0.0001092060718577
2023-01-17,91.58,91.58,91.59,91.58,9495439.0,0.0
2023-01-18,91.59,91.59,91.6,91.59,4944801.0,0.0001091941471937
2023-01-19,91.63,91.62,91.63,91.62,6491335.0,0.0004367289005349
2023-01-20,91.64,91.64,91.64,91.63,4532379.0,0.000109134562916
2023-01-23,91.64,91.65,91.65,91.64,9166448.0,0.0
2023-01-24,91.65,91.66,91.66,91.65,5073702.0,0.0001091226538629
2023-01-25,91.66,91.67,91.68,91.66,7570284.0,0.0001091107474084
2023-01-26,91.71,91.7,91.71,91.7,5116540.0,0.0005454942177611
2023-01-27,91.72,91.72,91.72,91.71,5232054.0,0.0001090393632101
2023-01-30,91.72,91.72,91.73,91.72,4281510.0,0.0
2023-01-31,91.73,91.73,91.74,91.73,7362580.0,0.0001090274749238
2023-02-01,91.4,91.42,91.42,91.4,9423976.0,-0.0035975144445655
2023-02-02,91.44,91.44,91.45,91.44,11984466.0,0.0004376367614877
2023-02-03,91.46,91.46,91.46,91.45,8934696.0,0.0002187226596674
2023-02-06,91.47,91.47,91.47,91.46,5928213.0,0.0001093374152636
2023-02-07,91.48,91.48,91.48,91.47,4283241.0,0.0001093254619002
2023-02-08,91.48,91.49,91.49,91.48,4101519.0,0.0
2023-02-09,91.51,91.51,91.52,91.51,4909424.0,0.0003279405334499
2023-02-10,91.52,91.52,91.53,91.52,4580836.0,0.000109277674571
2023-02-13,91.54,91.54,91.54,91.53,8903955.0,0.0002185314685316
2023-02-14,91.54,91.54,91.55,91.54,4056633.0,0.0
2023-02-15,91.56,91.56,91.56,91.55,4897020.0,0.0002184837229626
2023-02-16,91.61,91.61,91.61,91.6,5556380.0,0.0005460899956313
2023-02-17,91.62,91.62,91.62,91.61,4398602.0,0.0001091583888221
2023-02-21,91.62,91.63,91.635,91.62,17021270.0,0.0
2023-02-22,91.65,91.63,91.65,91.63,18697179.0,0.0003274394237067
2023-02-23,91.68,91.68,91.68,91.67,4863169.0,0.0003273322422259
2023-02-24,91.69,91.69,91.69,91.68,7735469.0,0.0001090750436298
2023-02-27,91.7,91.69,91.7,91.69,7477368.0,0.0001090631475624
2023-02-28,91.71,91.71,91.71,91.7,8086877.0,0.0001090512540893
2023-03-01,91.46,91.47,91.47,91.46,11005645.0,-0.0027259840802529
2023-03-02,91.49,91.5,91.5,91.49,9639282.0,0.0003280122457904
2023-03-03,91.51,91.5,91.51,91.5,7068260.0,0.0002186031260247
2023-03-06,91.52,91.52,91.52,91.51,6131236.0,0.000109277674571
2023-03-07,91.52,91.53,91.54,91.52,4330695.0,0.0
2023-03-08,91.54,91.54,91.54,91.53,8207040.0,0.0002185314685316
2023-03-09,91.56,91.56,91.57,91.56,6450460.0,0.0002184837229626
2023-03-10,91.58,91.58,91.59,91.58,13475706.0,0.0002184359982524
2023-03-13,91.6,91.63,91.63,91.6,21685163.0,0.0002183882943873
2023-03-14,91.61,91.62,91.63,91.61,35715154.0,0.0001091703056768
2023-03-15,91.66,91.65,91.66,91.64,11411672.0,0.0005457919441109
2023-03-16,91.7,91.69,91.7,91.69,9346998.0,0.000436395374209
2023-03-17,91.72,91.69,91.72,91.69,8580305.0,0.0002181025081788
2023-03-20,91.73,91.72,91.73,91.71,8169649.0,0.0001090274749238
2023-03-21,91.73,91.72,91.74,91.72,7888533.0,0.0
2023-03-22,91.75,91.74,91.75,91.74,8202639.0,0.0002180311784585
2023-03-23,91.79,91.77,91.79,91.77,5769458.0,0.0004359673024523
2023-03-24,91.81,91.8,91.81,91.79,7399618.0,0.0002178886588952
2023-03-27,91.8,91.8,91.81,91.8,6188622.0,-0.0001089205968849
2023-03-28,91.82,91.82,91.83,91.82,6215010.0,0.0002178649237472
2023-03-29,91.82,91.82,91.84,91.82,4705650.0,0.0
2023-03-30,91.84,91.84,91.85,91.82,9284749.0,0.0002178174689611
2023-03-31,91.82,91.84,91.84,91.82,11615498.0,-0.0002177700348433
2023-04-03,91.47,91.48,91.48,91.47,12448638.0,-0.0038118057068176
2023-04-04,91.48,91.48,91.49,91.48,10265808.0,0.0001093254619002
2023-04-05,91.53,91.53,91.54,91.53,6913877.0,0.0005465675557498
2023-04-06,91.54,91.55,91.55,91.54,4941406.0,0.0001092537965694
2023-04-10,91.55,91.56,91.56,91.55,5741944.0,0.0001092418614812
2023-04-11,91.56,91.56,91.57,91.56,7722550.0,0.0001092299290006
2023-04-12,91.58,91.58,91.59,91.57,8786248.0,0.0002184359982524
2023-04-13,91.63,91.62,91.63,91.62,8673892.0,0.0005459707359685
2023-04-14,91.63,91.63,91.64,91.62,9391111.0,0.0
2023-04-17,91.65,91.64,91.65,91.64,5173786.0,0.0002182691258323
2023-04-18,91.66,91.65,91.67,91.65,4540656.0,0.0001091107474084
2023-04-19,91.67,91.68,91.68,91.67,5901933.0,0.0001090988435523
2023-04-20,91.74,91.72,91.74,91.71,6034406.0,0.0007636085960509
2023-04-21,91.73,91.73,91.73,91.72,5880897.0,-0.0001090037061258
2023-04-24,91.74,91.75,91.75,91.73,8195934.0,0.0001090155892291
2023-04-25,91.73,91.74,91.75,91.73,4222514.0,-0.0001090037061258
2023-04-26,91.75,91.74,91.75,91.74,7365235.0,0.0002180311784585
2023-04-27,91.78,91.78,91.79,91.77,5585429.0,0.0003269754768393
2023-04-28,91.78,91.77,91.78,91.77,6539074.0,0.0
2023-05-01,91.43,91.44,91.45,91.43,11273342.0,-0.0038134669862714
2023-05-02,91.41,91.44,91.44,91.41,5495889.0,-0.0002187465820847
2023-05-03,91.42,91.43,91.43,91.42,5533058.0,0.0001093972213106
2023-05-04,91.45,91.46,91.46,91.44,8052718.0,0.0003281557646028
2023-05-05,91.47,91.47,91.49,91.46,7170198.0,0.0002186987424821
2023-05-08,91.48,91.48,91.49,91.48,5508603.0,0.0001093254619002
2023-05-09,91.49,91.5,91.5,91.49,6850301.0,0.0001093135111498
2023-05-10,91.5,91.51,91.52,91.5,4831812.0,0.0001093015630124
2023-05-11,91.56,91.56,91.57,91.55,6159808.0,0.0006557377049181
2023-05-12,91.58,91.58,91.58,91.57,4328558.0,0.0002184359982524
2023-05-15,91.59,91.58,91.59,91.58,4056073.0,0.0001091941471937
2023-05-16,91.58,91.59,91.6,91.58,8530375.0,-0.0001091822251337
2023-05-17,91.6,91.6,91.61,91.6,5415399.0,0.0002183882943873
2023-05-18,91.65,91.64,91.65,91.63,6433957.0,0.0005458515283844
2023-05-19,91.65,91.66,91.66,91.64,6447435.0,0.0
2023-05-22,91.66,91.66,91.66,91.65,8404900.0,0.0001091107474084
2023-05-23,91.66,91.66,91.67,91.66,5050528.0,0.0
2023-05-24,91.66,91.67,91.68,91.66,4762054.0,0.0
2023-05-25,91.72,91.73,91.73,91.72,5264007.0,0.0006545930613135
2023-05-26,91.74,91.75,91.76,91.74,5923209.0,0.0002180549498473
2023-05-30,91.75,91.76,91.77,91.75,11529270.0,0.0001090037061259
2023-05-31,91.77,91.77,91.78,91.77,9807373.0,0.0002179836512261
2023-06-01,91.45,91.45,91.45,91.44,10700452.0,-0.0034869783153534
2023-06-02,91.46,91.46,91.46,91.44,10257549.0,0.0001093493712409
2023-06-05,91.46,91.47,91.47,91.45,10103633.0,0.0
2023-06-06,91.48,91.48,91.49,91.47,6120926.0,0.000218674830527
2023-06-07,91.49,91.49,91.51,91.49,6483083.0,0.0001093135111498
2023-06-08,91.54,91.53,91.54,91.53,8802012.0,0.0005465078150619
2023-06-09,91.55,91.54,91.55,91.54,6456740.0,0.0001092418614812
2023-06-12,91.56,91.56,91.57,91.56,3781329.0,0.0001092299290006
2023-06-13,91.58,91.57,91.58,91.57,6784247.0,0.0002184359982524
2023-06-14,91.6,91.59,91.6,91.58,5756288.0,0.0002183882943873
2023-06-15,91.64,91.64,91.65,91.64,9827278.0,0.0004366812227074
2023-06-16,91.65,91.66,91.66,91.65,4765337.0,0.0001091226538629
2023-06-20,91.67,91.66,91.67,91.66,6174256.0,0.0002182214948172
2023-06-21,91.67,91.68,91.69,91.67,4945331.0,0.0
2023-06-22,91.71,91.71,91.72,91.71,4704645.0,0.000436347769172
2023-06-23,91.72,91.72,91.73,91.72,3851471.0,0.0001090393632101
2023-06-26,91.73,91.74,91.75,91.73,7241346.0,0.0001090274749238
2023-06-27,91.75,91.75,91.76,91.75,5476342.0,0.0002180311784585
2023-06-28,91.76,91.77,91.77,91.76,4486792.0,0.0001089918256131
2023-06-29,91.79,91.8,91.81,91.79,5728011.0,0.0003269398430689
2023-06-30,91.82,91.82,91.83,91.82,8054807.0,0.0003268329883427
2023-07-03,91.47,91.46,91.47,91.46,7158185.0,-0.0038118057068176
2023-07-05,91.48,91.48,91.49,91.47,7987862.0,0.0001093254619002
2023-07-06,91.51,91.51,91.52,91.51,7569955.0,0.0003279405334499
2023-07-07,91.52,91.52,91.53,91.52,6490997.0,0.000109277674571
2023-07-10,91.54,91.53,91.54,91.53,4185982.0,0.0002185314685316
2023-07-11,91.55,91.55,91.56,91.55,5569134.0,0.0001092418614812
2023-07-12,91.57,91.56,91.57,91.56,7188077.0,0.000218459858001
2023-07-13,91.61,91.6,91.61,91.6,5902610.0,0.0004368242874304
2023-07-14,91.62,91.61,91.62,91.61,6505849.0,0.0001091583888221
2023-07-17,91.63,91.63,91.63,91.62,3932615.0,0.0001091464745688
2023-07-18,91.63,91.64,91.64,91.63,4791005.0,0.0
2023-07-19,91.65,91.65,91.66,91.65,5132137.0,0.0002182691258323
2023-07-20,91.7,91.69,91.7,91.68,5047573.0,0.0005455537370431
2023-07-21,91.7,91.7,91.71,91.7,4087140.0,0.0
2023-07-24,91.71,91.71,91.72,91.71,3752360.0,0.0001090512540893
2023-07-25,91.72,91.73,91.73,91.72,4170511.0,0.0001090393632101
2023-07-26,91.73,91.74,91.74,91.73,4699978.0,0.0001090274749238
2023-07-27,91.78,91.77,91.78,91.77,4727801.0,0.0005450779461462
2023-07-28,91.79,91.79,91.8,91.79,3714538.0,0.0001089561996077
2023-07-31,91.8,91.8,91.81,91.8,6722741.0,0.0001089443294475
2023-08-01,91.43,91.43,91.43,91.42,13371033.0,-0.0040305010893245
2023-08-02,91.44,91.44,91.44,91.43,8217435.0,0.0001093732910422
2023-08-03,91.48,91.48,91.48,91.47,5729211.0,0.0004374453193352
2023-08-04,91.5,91.49,91.5,91.49,6200044.0,0.0002186270222999
2023-08-07,91.5,91.51,91.51,91.5,5977994.0,0.0
2023-08-08,91.52,91.52,91.52,91.51,6517873.0,0.0002185792349727
2023-08-09,91.53,91.53,91.54,91.53,4293045.0,0.0001092657342658
2023-08-10,91.58,91.56,91.58,91.56,5120647.0,0.000546268982847
2023-08-11,91.59,91.58,91.59,91.58,3669147.0,0.0001091941471937
2023-08-14,91.6,91.59,91.6,91.59,6596068.0,0.0001091822251335
2023-08-15,91.61,91.6,91.61,91.6,4853142.0,0.0001091703056768
2023-08-16,91.63,91.62,91.63,91.62,7890326.0,0.0002183167776443
2023-08-17,91.67,91.66,91.67,91.66,5621651.0,0.0004365382516644
2023-08-18,91.68,91.68,91.68,91.67,6774433.0,0.000109086942293
2023-08-21,91.69,91.69,91.69,91.68,5959691.0,0.0001090750436298
2023-08-22,91.7,91.71,91.71,91.7,5790320.0,0.0001090631475624
2023-08-23,91.72,91.71,91.72,91.71,9529319.0,0.0002181025081788
2023-08-24,91.75,91.75,91.76,91.75,6746698.0,0.0003270824247709
2023-08-25,91.77,91.76,91.77,91.76,4882975.0,0.0002179836512261
2023-08-28,91.79,91.78,91.79,91.78,4264068.0,0.0002179361447096
2023-08-29,91.78,91.8,91.8,91.78,9168234.0,-0.0001089443294477
2023-08-30,91.8,91.8,91.81,91.79,6427024.0,0.0002179123992154
2023-08-31,91.86,91.85,91.86,91.85,7771549.0,0.0006535947712418
2023-09-01,91.47,91.469,91.47,91.46,21540522.0,-0.004245591116917
2023-09-05,91.49,91.489,91.49,91.48,8316301.0,0.0002186509238
2023-09-06,91.49,91.5,91.5,91.49,6524802.0,0.0
2023-09-07,91.54,91.53,91.54,91.53,6808090.0,0.0005465078150619
2023-09-08,91.55,91.54,91.55,91.54,6420359.0,0.0001092418614812
2023-09-11,91.55,91.57,91.57,91.55,8027074.0,0.0
2023-09-12,91.58,91.57,91.58,91.57,9948398.0,0.0003276897870017
2023-09-13,91.59,91.58,91.59,91.58,4696195.0,0.0001091941471937
2023-09-14,91.62,91.62,91.63,91.62,4214826.0,0.0003275466754013
2023-09-15,91.64,91.64,91.64,91.63,4688759.0,0.0002182929491376
2023-09-18,91.65,91.66,91.66,91.65,7376159.0,0.0001091226538629
2023-09-19,91.66,91.66,91.67,91.66,4357493.0,0.0001091107474084
2023-09-20,91.67,91.67,91.68,91.67,5946196.0,0.0001090988435523
2023-09-21,91.72,91.71,91.72,91.71,7526646.0,0.000545434711465
2023-09-22,91.73,91.73,91.74,91.73,15684404.0,0.0001090274749238
2023-09-25,91.74,91.75,91.75,91.74,7491954.0,0.0001090155892291
2023-09-26,91.75,91.75,91.76,91.75,7130600.0,0.0001090037061259
2023-09-27,91.78,91.78,91.78,91.76,7669707.0,0.0003269754768393
2023-09-28,91.81,91.8,91.82,91.8,8426352.0,0.0003268685988233
2023-09-29,91.82,91.82,91.83,91.82,9081532.0,0.0001089205968847
2023-10-02,91.44,91.45,91.45,91.44,22550368.0,-0.0041385319102591
2023-10-03,91.46,91.46,91.46,91.45,10648812.0,0.0002187226596674
2023-10-04,91.47,91.46,91.47,91.46,26575749.0,0.0001093374152636
2023-10-05,91.53,91.52,91.53,91.52,8295301.0,0.0006559527714005
2023-10-06,91.53,91.54,91.54,91.53,9856139.0,0.0
2023-10-09,91.54,91.54,91.55,91.53,5972285.0,0.0001092537965694
2023-10-10,91.54,91.55,91.56,91.54,8463658.0,0.0
2023-10-11,91.56,91.55,91.56,91.55,6839359.0,0.0002184837229626
2023-10-12,91.6,91.6,91.6,91.59,7528682.0,0.0004368719965048
2023-10-13,91.62,91.61,91.62,91.61,15044288.0,0.0002183406113538
2023-10-16,91.63,91.64,91.64,91.62,8181787.0,0.0001091464745688
2023-10-17,91.64,91.64,91.65,91.64,5363207.0,0.000109134562916
2023-10-18,91.65,91.65,91.66,91.65,6069544.0,0.0001091226538629
2023-10-19,91.69,91.69,91.7,91.69,4551547.0,0.0004364429896344
2023-10-20,91.71,91.71,91.71,91.7,4887085.0,0.0002181262951248
2023-10-23,91.72,91.73,91.73,91.72,14352697.0,0.0001090393632101
2023-10-24,91.73,91.74,91.74,91.73,12544151.0,0.0001090274749238
2023-10-25,91.74,91.75,91.75,91.74,12375965.0,0.0001090155892291
2023-10-26,91.78,91.79,91.79,91.78,9919980.0,0.0004360148245041
2023-10-27,91.81,91.8,91.82,91.8,28351222.0,0.0003268685988233
2023-10-30,91.82,91.81,91.82,91.81,25136882.0,0.0001089205968847
2023-10-31,91.82,91.82,91.83,91.82,16748409.0,0.0
2023-11-01,91.44,91.44,91.44,91.43,25791850.0,-0.0041385319102591
2023-11-02,91.47,91.471,91.48,91.47,11970792.0,0.0003280839895012
2023-11-03,91.48,91.48,91.49,91.48,13721127.0,0.0001093254619002
2023-11-06,91.49,91.495,91.5,91.49,28039215.0,0.0001093135111498
2023-11-07,91.51,91.51,91.52,91.51,6950988.0,0.0002186031260247
2023-11-08,91.52,91.525,91.53,91.52,9180829.0,0.000109277674571
2023-11-09,91.57,91.56,91.57,91.56,11886828.0,0.0005463286713285
2023-11-10,91.58,91.58,91.59,91.58,5574226.0,0.0001092060718577
2023-11-13,91.59,91.59,91.6,91.59,6166730.0,0.0001091941471937
2023-11-14,91.6,91.6,91.61,91.6,11126530.0,0.0001091822251335
2023-11-15,91.62,91.63,91.63,91.62,10552705.0,0.0002183406113538
2023-11-16,91.66,91.66,91.67,91.66,7802852.0,0.0004365858982753
2023-11-17,91.68,91.67,91.68,91.67,6794144.0,0.0002181976871047
2023-11-20,91.68,91.685,91.69,91.68,8516563.0,0.0
2023-11-21,91.71,91.72,91.72,91.71,13067070.0,0.0003272251308898
2023-11-22,91.75,91.76,91.76,91.75,7628016.0,0.0004361574528406
2023-11-24,91.76,91.76,91.77,91.76,2838982.0,0.0001089918256131
2023-11-27,91.77,91.77,91.78,91.77,9166036.0,0.0001089799476894
2023-11-28,91.79,91.79,91.8,91.79,7244736.0,0.0002179361447096
2023-11-29,91.8,91.8,91.81,91.8,6942212.0,0.0001089443294475
2023-11-30,91.84,91.84,91.85,91.84,18629938.0,0.0004357298474946
2023-12-01,91.44,91.45,91.45,91.44,21247844.0,-0.0043554006968641
2023-12-04,91.44,91.45,91.46,91.44,15502991.0,0.0
2023-12-05,91.46,91.47,91.47,91.46,6463431.0,0.0002187226596674
2023-12-06,91.47,91.47,91.48,91.47,6941736.0,0.0001093374152636
2023-12-07,91.51,91.51,91.52,91.51,7369288.0,0.0004373018476002
2023-12-08,91.53,91.53,91.54,91.53,5730106.0,0.000218555349142
2023-12-11,91.55,91.55,91.55,91.54,5613480.0,0.0002185075931389
2023-12-12,91.55,91.56,91.56,91.55,7885886.0,0.0
2023-12-13,91.56,91.56,91.57,91.56,6781752.0,0.0001092299290006
2023-12-14,91.6,91.6,91.61,91.6,13475435.0,0.0004368719965048
2023-12-15,91.63,91.62,91.63,91.62,6917564.0,0.0003275109170306
2023-12-18,91.22,91.22,91.22,91.21,8910931.0,-0.004474517079559
2023-12-19,91.22,91.225,91.235,91.22,6977328.0,0.0
2023-12-20,91.24,91.24,91.25,91.24,8098694.0,0.0002192501644375
2023-12-21,91.3,91.29,91.3,91.29,5055220.0,0.0006576063130205
2023-12-22,91.31,91.3,91.31,91.3,7471575.0,0.0001095290251917
2023-12-26,91.33,91.33,91.33,91.32,4638805.0,0.0002190340597962
2023-12-27,91.33,91.33,91.34,91.33,4717657.0,0.0
2023-12-28,91.39,91.38,91.39,91.38,5605061.0,0.000656958283149
2023-12-29,91.39,91.4,91.4,91.39,5588567.0,0.0
2024-01-02,91.4,91.4,91.41,91.4,9445457.0,0.0001094211620527
2024-01-03,91.43,91.41,91.43,91.41,6793453.0,0.000328227571116
2024-01-04,91.46,91.46,91.47,91.46,5840204.0,0.0003281198731268
2024-01-05,91.47,91.48,91.48,91.47,4991770.0,0.0001093374152636
2024-01-08,91.48,91.48,91.49,91.48,4889873.0,0.0001093254619002
2024-01-09,91.49,91.495,91.5,91.49,5080805.0,0.0001093135111498
2024-01-10,91.51,91.51,91.52,91.51,8798589.0,0.0002186031260247
2024-01-11,91.56,91.56,91.57,91.56,5947134.0,0.0005463883728553
2024-01-12,91.58,91.57,91.58,91.57,5049228.0,0.0002184359982524
2024-01-16,91.59,91.59,91.6,91.59,6485231.0,0.0001091941471937
2024-01-17,91.61,91.6,91.61,91.6,5915682.0,0.0002183644502673
2024-01-18,91.65,91.64,91.65,91.64,5270513.0,0.0004366335552887
2024-01-19,91.66,91.66,91.66,91.65,5444552.0,0.0001091107474084
2024-01-22,91.67,91.67,91.68,91.67,6114020.0,0.0001090988435523
2024-01-23,91.68,91.68,91.69,91.68,4961785.0,0.000109086942293
2024-01-24,91.69,91.691,91.7,91.69,6486095.0,0.0001090750436298
2024-01-25,91.74,91.74,91.74,91.73,6059517.0,0.0005453157378121
2024-01-26,91.75,91.75,91.75,91.74,5612929.0,0.0001090037061259
2024-01-29,91.76,91.76,91.77,91.76,5646110.0,0.0001089918256131
2024-01-30,91.77,91.77,91.78,91.77,30704159.0,0.0001089799476894
2024-01-31,91.78,91.785,91.79,91.78,10964444.0,0.0001089680723549
2024-02-01,91.42,91.42,91.43,91.42,14759198.0,-0.0039224231858793
2024-02-02,91.44,91.44,91.44,91.43,8157678.0,0.0002187705097351
2024-02-05,91.44,91.45,91.45,91.44,6923421.0,0.0
2024-02-06,91.46,91.46,91.46,91.45,5037906.0,0.0002187226596674
2024-02-07,91.47,91.48,91.48,91.47,8475361.0,0.0001093374152636
2024-02-08,91.51,91.52,91.52,91.51,5406347.0,0.0004373018476002
2024-02-09,91.52,91.52,91.53,91.52,5087015.0,0.000109277674571
2024-02-12,91.54,91.54,91.54,91.53,7216834.0,0.0002185314685316
2024-02-13,91.54,91.54,91.55,91.54,7655093.0,0.0
2024-02-14,91.56,91.56,91.57,91.56,6028047.0,0.0002184837229626
2024-02-15,91.61,91.62,91.62,91.61,4800582.0,0.0005460899956313
2024-02-16,91.63,91.62,91.63,91.62,6052632.0,0.0002183167776443
2024-02-20,91.64,91.65,91.65,91.64,4841054.0,0.000109134562916
2024-02-21,91.65,91.65,91.66,91.65,5167987.0,0.0001091226538629
2024-02-22,91.7,91.69,91.7,91.69,7474034.0,0.0005455537370431
2024-02-23,91.71,91.7,91.71,91.7,5608617.0,0.0001090512540893
2024-02-26,91.71,91.715,91.72,91.71,4644794.0,0.0
2024-02-27,91.73,91.73,91.74,91.73,6027487.0,0.0002180787264203
2024-02-28,91.74,91.74,91.75,91.74,3917619.0,0.0001090155892291
2024-02-29,91.78,91.78,91.79,91.78,13028942.0,0.0004360148245041
2024-03-01,91.45,91.44,91.45,91.44,13095372.0,-0.0035955545870559
2024-03-04,91.46,91.455,91.46,91.45,8628321.0,0.0001093493712409
2024-03-05,91.46,91.47,91.47,91.46,10329533.0,0.0
2024-03-06,91.48,91.49,91.49,91.48,6751956.0,0.000218674830527
2024-03-07,91.52,91.53,91.53,91.52,4388642.0,0.0004372540445998
2024-03-08,91.53,91.53,91.54,91.53,4298947.0,0.0001092657342658
2024-03-11,91.54,91.55,91.55,91.54,5117938.0,0.0001092537965694
2024-03-12,91.57,91.56,91.57,91.56,4136599.0,0.0003277255844438
2024-03-13,91.57,91.58,91.58,91.57,4478385.0,0.0
2024-03-14,91.61,91.61,91.62,91.61,4602968.0,0.0004368242874304
2024-03-15,91.63,91.63,91.63,91.62,4445587.0,0.0002183167776443
2024-03-18,91.64,91.64,91.64,91.63,5594431.0,0.000109134562916
2024-03-19,91.66,91.65,91.66,91.65,5681897.0,0.0002182453077257
2024-03-20,91.67,91.66,91.67,91.66,4398241.0,0.0001090988435523
2024-03-21,91.7,91.7,91.71,91.7,7534914.0,0.0003272608268789
2024-03-22,91.71,91.71,91.72,91.71,4686398.0,0.0001090512540893
2024-03-25,91.73,91.74,91.74,91.73,4049959.0,0.0002180787264203
2024-03-26,91.74,91.74,91.75,91.74,4275961.0,0.0001090155892291
2024-03-27,91.8,91.79,91.8,91.79,5350734.0,0.0006540222367561
2024-03-28,91.8,91.8,91.81,91.8,10199202.0,0.0
2024-04-01,91.42,91.42,91.43,91.42,14208235.0,-0.0041394335511981
2024-04-02,91.44,91.435,91.44,91.43,8902535.0,0.0002187705097351
2024-04-03,91.44,91.45,91.45,91.44,8433880.0,0.0
2024-04-04,91.48,91.48,91.49,91.48,6620414.0,0.0004374453193352
2024-04-05,91.5,91.5,91.5,91.49,5463180.0,0.0002186270222999
2024-04-08,91.51,91.515,91.52,91.51,4983819.0,0.0001092896174863
2024-04-09,91.52,91.52,91.53,91.52,5578078.0,0.000109277674571
2024-04-10,91.54,91.53,91.54,91.53,4799657.0,0.0002185314685316
2024-04-11,91.57,91.57,91.58,91.57,5081524.0,0.0003277255844438
2024-04-12,91.58,91.58,91.59,91.58,7030175.0,0.0001092060718577
2024-04-15,91.6,91.59,91.6,91.59,7376723.0,0.0002183882943873
2024-04-16,91.61,91.62,91.62,91.61,8427001.0,0.0001091703056768
2024-04-17,91.62,91.63,91.63,91.62,10975341.0,0.0001091583888221
2024-04-18,91.67,91.66,91.67,91.66,7379151.0,0.0005457323728443
2024-04-19,91.68,91.68,91.68,91.67,6855085.0,0.000109086942293
2024-04-22,91.7,91.695,91.7,91.69,6628445.0,0.00021815008726
2024-04-23,91.71,91.71,91.71,91.7,5991946.0,0.0001090512540893
2024-04-24,91.71,91.71,91.72,91.71,7103529.0,0.0
2024-04-25,91.76,91.76,91.76,91.75,5351054.0,0.0005451968160508
2024-04-26,91.76,91.77,91.77,91.76,6842826.0,0.0
2024-04-29,91.78,91.78,91.79,91.78,7880036.0,0.0002179598953793
2024-04-30,91.79,91.79,91.8,91.79,13723641.0,0.0001089561996077
2024-05-01,91.42,91.425,91.43,91.42,13814723.0,-0.0040309401895631
2024-05-02,91.47,91.47,91.47,91.46,8928181.0,0.0005469262743382
2024-05-03,91.48,91.48,91.48,91.47,7417903.0,0.0001093254619002
2024-05-06,91.48,91.49,91.49,91.48,8050964.0,0.0
2024-05-07,91.49,91.5,91.5,91.49,5471718.0,0.0001093135111498
2024-05-08,91.51,91.51,91.52,91.51,4992461.0,0.0002186031260247
2024-05-09,91.56,91.55,91.56,91.55,5300426.0,0.0005463883728553
2024-05-10,91.56,91.56,91.57,91.56,4157590.0,0.0
2024-05-13,91.58,91.57,91.58,91.57,4583692.0,0.0002184359982524
2024-05-14,91.59,91.6,91.6,91.59,6834419.0,0.0001091941471937
2024-05-15,91.6,91.61,91.61,91.6,6416111.0,0.0001091822251335
2024-05-16,91.64,91.65,91.65,91.64,8627377.0,0.0004366812227074
2024-05-17,91.65,91.66,91.66,91.65,4260460.0,0.0001091226538629
2024-05-20,91.67,91.67,91.68,91.67,4460536.0,0.0002182214948172
2024-05-21,91.68,91.69,91.69,91.68,3358350.0,0.000109086942293
2024-05-22,91.7,91.7,91.71,91.69,5629592.0,0.00021815008726
2024-05-23,91.76,91.75,91.76,91.75,5209963.0,0.0006543075245366
2024-05-24,91.77,91.76,91.77,91.76,4187414.0,0.0001089799476894
2024-05-28,91.76,91.76,91.77,91.76,4940918.0,-0.0001089680723547
2024-05-29,91.78,91.77,91.78,91.77,4961205.0,0.0002179598953793
2024-05-30,91.8,91.79,91.8,91.79,5727284.0,0.0002179123992154
2024-05-31,91.82,91.82,91.83,91.82,12454843.0,0.0002178649237472
2024-06-03,91.43,91.449,91.45,91.43,15275151.0,-0.0042474406447395
2024-06-04,91.45,91.445,91.46,91.44,8302257.0,0.0002187465820846
2024-06-05,91.46,91.47,91.47,91.46,8099310.0,0.0001093493712409
2024-06-06,91.47,91.48,91.48,91.47,4720806.0,0.0001093374152636
2024-06-07,91.51,91.51,91.52,91.51,5032614.0,0.0004373018476002
2024-06-10,91.53,91.52,91.53,91.52,4095844.0,0.000218555349142
2024-06-11,91.54,91.55,91.55,91.54,4831680.0,0.0001092537965694
2024-06-12,91.56,91.56,91.56,91.55,6373619.0,0.0002184837229626
2024-06-13,91.57,91.58,91.58,91.57,5132557.0,0.0001092179991262
2024-06-14,91.62,91.6,91.62,91.6,5226529.0,0.0005460303592881
2024-06-17,91.63,91.63,91.63,91.62,5347519.0,0.0001091464745688
2024-06-18,91.65,91.64,91.65,91.64,6273184.0,0.0002182691258323
2024-06-20,91.67,91.66,91.67,91.66,5238822.0,0.0002182214948172
2024-06-21,91.7,91.7,91.71,91.7,5431875.0,0.0003272608268789
2024-06-24,91.72,91.72,91.72,91.71,5280395.0,0.0002181025081788
2024-06-25,91.72,91.73,91.74,91.72,3547887.0,0.0
2024-06-26,91.73,91.73,91.74,91.73,4098083.0,0.0001090274749238
2024-06-27,91.75,91.75,91.76,91.75,4487234.0,0.0002180311784585
2024-06-28,91.78,91.78,91.79,91.78,10410825.0,0.0003269754768393
2024-07-01,91.42,91.42,91.42,91.41,11882656.0,-0.0039224231858793
2024-07-02,91.43,91.43,91.43,91.42,8228057.0,0.0001093852548676
2024-07-03,91.46,91.46,91.46,91.45,4240077.0,0.0003281198731268
2024-07-05,91.49,91.5,91.5,91.49,4316494.0,0.0003280122457904
2024-07-08,91.51,91.5,91.52,91.5,4748083.0,0.0002186031260247
2024-07-09,91.51,91.52,91.53,91.51,4323263.0,0.0
2024-07-10,91.53,91.54,91.54,91.52,4653501.0,0.000218555349142
2024-07-11,91.54,91.54,91.55,91.54,5960308.0,0.0001092537965694
2024-07-12,91.58,91.58,91.59,91.58,5871959.0,0.0004369674459252
2024-07-15,91.6,91.59,91.6,91.59,6130484.0,0.0002183882943873
2024-07-16,91.6,91.61,91.61,91.6,5457006.0,0.0
2024-07-17,91.63,91.62,91.63,91.61,7883424.0,0.0003275109170306
2024-07-18,91.64,91.63,91.64,91.62,5746039.0,0.000109134562916
2024-07-19,91.67,91.68,91.68,91.67,4604884.0,0.0003273679615889
2024-07-22,91.69,91.68,91.69,91.68,6777721.0,0.0002181738845858
2024-07-23,91.69,91.69,91.71,91.69,8687910.0,0.0
2024-07-24,91.72,91.72,91.72,91.71,5548031.0,0.0003271894426872
2024-07-25,91.72,91.72,91.73,91.72,5926523.0,0.0
2024-07-26,91.77,91.77,91.77,91.75,4299275.0,0.0005451373746183
2024-07-29,91.77,91.78,91.78,91.77,4097449.0,0.0
2024-07-30,91.78,91.79,91.79,91.78,6748041.0,0.0001089680723549
2024-07-31,91.8,91.79,91.8,91.79,12395013.0,0.0002179123992154
2024-08-01,91.42,91.41,91.42,91.41,18244894.0,-0.0041394335511981
2024-08-02,91.47,91.46,91.47,91.45,14492034.0,0.0005469262743382
2024-08-05,91.47,91.47,91.48,91.47,21054236.0,0.0
2024-08-06,91.49,91.48,91.49,91.48,9774271.0,0.0002186509238
2024-08-07,91.51,91.5,91.51,91.49,14277119.0,0.0002186031260247
2024-08-08,91.52,91.51,91.52,91.51,6945964.0,0.000109277674571
2024-08-09,91.54,91.54,91.55,91.54,7714465.0,0.0002185314685316
2024-08-12,91.57,91.55,91.57,91.55,6167053.0,0.0003277255844438
2024-08-13,91.58,91.57,91.58,91.57,7486712.0,0.0001092060718577
2024-08-14,91.59,91.58,91.6,91.58,5103806.0,0.0001091941471937
2024-08-15,91.6,91.6,91.61,91.59,6864965.0,0.0001091822251335
2024-08-16,91.65,91.63,91.65,91.63,8828859.0,0.0005458515283844
2024-08-19,91.65,91.66,91.66,91.65,5960003.0,0.0
2024-08-20,91.67,91.66,91.67,91.66,5868897.0,0.0002182214948172
2024-08-21,91.69,91.69,91.69,91.6799,4315703.0,0.0002181738845858
2024-08-22,91.69,91.69,91.7,91.69,5643979.0,0.0
2024-08-23,91.73,91.73,91.74,91.73,6458023.0,0.0004362525902499
2024-08-26,91.74,91.74,91.75,91.74,6712331.0,0.0001090155892291
2024-08-27,91.76,91.76,91.76,91.75,6549617.0,0.0002180074122521
2024-08-28,91.77,91.77,91.77,91.76,6373558.0,0.0001089799476894
2024-08-29,91.77,91.78,91.79,91.77,4766820.0,0.0
2024-08-30,91.82,91.825,91.83,91.82,12422235.0,0.000544840361774
2024-09-03,91.46,91.45,91.46,91.44,18003278.0,-0.0039207144412981
2024-09-04,91.47,91.47,91.47,91.46,6427394.0,0.0001093374152636
2024-09-05,91.48,91.48,91.49,91.47,7293030.0,0.0001093254619002
2024-09-06,91.53,91.53,91.53,91.52,7105225.0,0.0005465675557498
2024-09-09,91.53,91.54,91.54,91.53,5391773.0,0.0
2024-09-10,91.56,91.54,91.56,91.54,4815259.0,0.0003277613897083
2024-09-11,91.56,91.56,91.57,91.56,7429469.0,0.0
2024-09-12,91.57,91.57,91.58,91.57,5189827.0,0.0001092179991262
2024-09-13,91.62,91.61,91.62,91.61,8183467.0,0.0005460303592881
2024-09-16,91.64,91.63,91.64,91.63,6037391.0,0.0002182929491376
2024-09-17,91.65,91.66,91.66,91.65,9658206.0,0.0001091226538629
2024-09-18,91.67,91.66,91.68,91.66,7621151.0,0.0002182214948172
2024-09-19,91.69,91.68,91.69,91.68,8001060.0,0.0002181738845858
2024-09-20,91.73,91.72,91.73,91.72,6438670.0,0.0004362525902499
2024-09-23,91.74,91.74,91.74,91.73,6998757.0,0.0001090155892291
2024-09-24,91.75,91.75,91.76,91.75,11580222.0,0.0001090037061259
2024-09-25,91.77,91.76,91.77,91.76,5875805.0,0.0002179836512261
2024-09-26,91.77,91.77,91.78,91.77,4937719.0,0.0
2024-09-27,91.8,91.8,91.81,91.8,8616730.0,0.0003269042170643
2024-09-30,91.81,91.81,91.82,91.81,11440961.0,0.0001089324618737
2024-10-01,91.46,91.46,91.46,91.45,13695697.0,-0.0038122208909705
2024-10-02,91.47,91.47,91.47,91.46,7391816.0,0.0001093374152636
2024-10-03,91.49,91.48,91.49,91.48,5394932.0,0.0002186509238
2024-10-04,91.51,91.515,91.52,91.51,6248676.0,0.0002186031260247
2024-10-07,91.53,91.52,91.53,91.52,6735471.0,0.000218555349142
2024-10-08,91.53,91.54,91.54,91.53,5266476.0,0.0
2024-10-09,91.54,91.54,91.55,91.54,6200816.0,0.0001092537965694
2024-10-10,91.55,91.56,91.56,91.55,4717768.0,0.0001092418614812
2024-10-11,91.6,91.6,91.6,91.585,6011019.0,0.0005461496450027
2024-10-14,91.59,91.6,91.61,91.59,4174902.0,-0.0001091703056768
2024-10-15,91.62,91.61,91.62,91.6,5906416.0,0.0003275466754013
2024-10-16,91.62,91.63,91.63,91.62,5757294.0,0.0
2024-10-17,91.64,91.64,91.64,91.63,4395799.0,0.0002182929491376
2024-10-18,91.67,91.68,91.68,91.66,5286810.0,0.0003273679615889
2024-10-21,91.69,91.68,91.69,91.67,5874668.0,0.0002181738845858
2024-10-22,91.7,91.7,91.7,91.69,4191457.0,0.0001090631475624
2024-10-23,91.7,91.71,91.71,91.7,5462296.0,0.0
2024-10-24,91.71,91.72,91.72,91.71,4688959.0,0.0001090512540893
2024-10-25,91.75,91.74,91.75,91.74,6048352.0,0.0004361574528406
2024-10-28,91.75,91.76,91.76,91.75,5718610.0,0.0
2024-10-29,91.77,91.77,91.78,91.76,4704757.0,0.0002179836512261
2024-10-30,91.78,91.78,91.79,91.78,4965759.0,0.0001089680723549
2024-10-31,91.8,91.79,91.8,91.79,12141684.0,0.0002179123992154
2024-11-01,91.48,91.48,91.48,91.47,15201456.0,-0.0034858387799563
2024-11-04,91.5,91.5,91.5,91.49,9477075.0,0.0002186270222999
2024-11-05,91.5,91.5,91.51,91.5,4689473.0,0.0
2024-11-06,91.52,91.51,91.52,91.51,9978203.0,0.0002185792349727
2024-11-07,91.53,91.52,91.53,91.52,7827884.0,0.0001092657342658
2024-11-08,91.58,91.565,91.58,91.56,8280947.0,0.000546268982847
2024-11-11,91.57,91.57,91.58,91.57,8165699.0,-0.0001091941471937
2024-11-12,91.58,91.58,91.59,91.58,5526251.0,0.0001092060718577
2024-11-13,91.6,91.59,91.6,91.59,4860484.0,0.0002183882943873
2024-11-14,91.6,91.61,91.61,91.6,6138386.0,0.0
2024-11-15,91.63,91.64,91.64,91.63,9715678.0,0.0003275109170306
2024-11-18,91.64,91.65,91.66,91.64,7411016.0,0.000109134562916
2024-11-19,91.67,91.66,91.67,91.65,7470650.0,0.0003273679615889
2024-11-20,91.68,91.67,91.68,91.67,5538237.0,0.000109086942293
2024-11-21,91.69,91.69,91.69,91.68,5889666.0,0.0001090750436298
2024-11-22,91.72,91.71,91.72,91.71,6694305.0,0.0003271894426872
2024-11-25,91.73,91.72,91.73,91.72,5107671.0,0.0001090274749238
2024-11-26,91.73,91.73,91.74,91.73,6691983.0,0.0
2024-11-27,91.76,91.75,91.76,91.75,6120741.0,0.0003270467676876
2024-11-29,91.78,91.78,91.8,91.78,9410504.0,0.0002179598953793
2024-12-02,91.47,91.47,91.47,91.46,12973949.0,-0.0033776421878405
2024-12-03,91.49,91.48,91.49,91.48,5673466.0,0.0002186509238
2024-12-04,91.5,91.51,91.51,91.5,5963411.0,0.0001093015630124
2024-12-05,91.51,91.52,91.52,91.51,5880194.0,0.0001092896174863
2024-12-06,91.55,91.55,91.55,91.54,5706612.0,0.0004371106982843
2024-12-09,91.56,91.56,91.57,91.56,8793111.0,0.0001092299290006
2024-12-10,91.58,91.57,91.58,91.57,5400294.0,0.0002184359982524
2024-12-11,91.59,91.58,91.59,91.58,5845891.0,0.0001091941471937
2024-12-12,91.61,91.6,91.61,91.6,4770228.0,0.0002183644502673
2024-12-13,91.64,91.64,91.64,91.63,6271898.0,0.0003274751664665
2024-12-16,91.65,91.65,91.65,91.64,6761745.0,0.0001091226538629
2024-12-17,91.66,91.66,91.66,91.65,5827373.0,0.0001091107474084
2024-12-18,91.66,91.66,91.67,91.66,9268213.0,0.0
2024-12-19,91.29,91.3,91.3,91.29,13876413.0,-0.0040366572114334
2024-12-20,91.33,91.32,91.33,91.32,12689995.0,0.0004381640924524
2024-12-23,91.33,91.33,91.34,91.33,6572846.0,0.0
2024-12-24,91.35,91.35,91.36,91.35,4145575.0,0.0002189860943828
2024-12-26,91.37,91.37,91.37,91.36,6209339.0,0.0002189381499726
2024-12-27,91.41,91.41,91.41,91.4,6143543.0,0.0004377804531026
2024-12-30,91.41,91.41,91.42,91.41,8990109.0,0.0
2024-12-31,91.43,91.44,91.44,91.43,7301458.0,0.0002187944426212
2025-01-02,91.45,91.445,91.45,91.44,10756930.0,0.0002187465820846
2025-01-03,91.46,91.475,91.475,91.46,7837946.0,0.0001093493712409
2025-01-06,91.47,91.47,91.48,91.47,7827119.0,0.0001093374152636
2025-01-07,91.49,91.49,91.5,91.48,6956798.0,0.0002186509238
2025-01-08,91.51,91.51,91.51,91.5,6673080.0,0.0002186031260247
2025-01-10,91.54,91.55,91.55,91.54,10112191.0,0.0003278330237133
2025-01-13,91.55,91.55,91.56,91.55,7854368.0,0.0001092418614812
2025-01-14,91.57,91.56,91.57,91.56,6078338.0,0.000218459858001
2025-01-15,91.58,91.58,91.58,91.57,7253802.0,0.0001092060718577
2025-01-16,91.58,91.59,91.59,91.58,6997772.0,0.0
2025-01-17,91.63,91.62,91.63,91.62,7745463.0,0.0005459707359685
2025-01-21,91.63,91.63,91.64,91.63,10266168.0,0.0
2025-01-22,91.65,91.64,91.65,91.64,6019215.0,0.0002182691258323
2025-01-23,91.65,91.66,91.66,91.65,6561518.0,0.0
2025-01-24,91.69,91.69,91.69,91.68,7242209.0,0.0004364429896344
2025-01-27,91.7,91.69,91.7,91.69,7909563.0,0.0001090631475624
2025-01-28,91.7,91.71,91.71,91.7,6485527.0,0.0
2025-01-29,91.71,91.72,91.72,91.71,5688820.0,0.0001090512540893
2025-01-30,91.72,91.73,91.73,91.72,7369880.0,0.0001090393632101
2025-01-31,91.75,91.75,91.76,91.75,13675867.0,0.0003270824247709
2025-02-03,91.45,91.45,91.45,91.44,17508899.0,-0.0032697547683923
2025-02-04,91.45,91.46,91.46,91.45,9295883.0,0.0
2025-02-05,91.46,91.46,91.47,91.46,6249634.0,0.0001093493712409
2025-02-06,91.48,91.48,91.48,91.47,8308294.0,0.000218674830527
2025-02-07,91.5,91.51,91.51,91.5,6391119.0,0.0002186270222999
2025-02-10,91.51,91.52,91.52,91.51,5466481.0,0.0001092896174863
2025-02-11,91.52,91.52,91.53,91.52,6959355.0,0.000109277674571
2025-02-12,91.53,91.53,91.54,91.53,6275670.0,0.0001092657342658
2025-02-13,91.55,91.55,91.55,91.54,6340489.0,0.0002185075931389
2025-02-14,91.58,91.58,91.59,91.58,6058947.0,0.0003276897870017
2025-02-18,91.6,91.59,91.6,91.59,8777164.0,0.0002183882943873
2025-02-19,91.61,91.61,91.61,91.6,5685822.0,0.0001091703056768
2025-02-20,91.63,91.62,91.63,91.62,5454920.0,0.0002183167776443
2025-02-21,91.66,91.65,91.66,91.65,7185895.0,0.0003274036887481
2025-02-24,91.67,91.67,91.67,91.66,9061427.0,0.0001090988435523
2025-02-25,91.67,91.68,91.68,91.67,8348278.0,0.0
2025-02-26,91.69,91.685,91.69,91.68,8610608.0,0.0002181738845858
2025-02-27,91.7,91.7,91.7,91.69,6620550.0,0.0001090631475624
2025-02-28,91.72,91.72,91.73,91.72,13721503.0,0.0002181025081788
2025-03-03,91.45,91.45,91.45,91.44,17874415.0,-0.0029437418229393
2025-03-04,91.45,91.46,91.46,91.45,12187385.0,0.0
2025-03-05,91.46,91.46,91.47,91.46,11850807.0,0.0001093493712409
2025-03-06,91.47,91.48,91.48,91.47,10301673.0,0.0001093374152636
2025-03-07,91.51,91.5,91.51,91.5,10375693.0,0.0004373018476002
2025-03-10,91.52,91.51,91.52,91.51,29758961.0,0.000109277674571
2025-03-11,91.53,91.52,91.53,91.52,19162992.0,0.0001092657342658
2025-03-12,91.54,91.54,91.54,91.53,20095782.0,0.0001092537965694
2025-03-13,91.56,91.54,91.56,91.54,14549104.0,0.0002184837229626
2025-03-14,91.58,91.58,91.59,91.58,15908978.0,0.0002184359982524
2025-03-17,91.6,91.6,91.6,91.59,9386370.0,0.0002183882943873
2025-03-18,91.6,91.6,91.61,91.6,8773134.0,0.0
2025-03-19,91.61,91.61,91.62,91.61,8833157.0,0.0001091703056768
2025-03-20,91.63,91.62,91.63,91.62,8490976.0,0.0002183167776443
2025-03-21,91.66,91.66,91.66,91.65,6544310.0,0.0003274036887481
2025-03-24,91.66,91.67,91.67,91.66,8056300.0,0.0
2025-03-25,91.67,91.67,91.68,91.67,18837101.0,0.0001090988435523
2025-03-26,91.68,91.69,91.69,91.68,7207499.0,0.000109086942293
2025-03-27,91.7,91.69,91.7,91.69,8399330.0,0.00021815008726
2025-03-28,91.73,91.72,91.73,91.72,10052245.0,0.0003271537622682
2025-03-31,91.73,91.73,91.74,91.73,22045840.0,0.0
2025-04-01,91.43,91.43,91.43,91.42,19110156.0,-0.0032704676768777
2025-04-02,91.44,91.43,91.44,91.43,9035476.0,0.0001093732910422
2025-04-03,91.45,91.45,91.45,91.44,24029524.0,0.0001093613298337
2025-04-04,91.48,91.48,91.49,91.47,33920185.0,0.0003280481137233
2025-04-07,91.49,91.495,91.5,91.48,37205967.0,0.0001093135111498
2025-04-08,91.51,91.49,91.52,91.49,21800865.0,0.0002186031260247
2025-04-09,91.51,91.5,91.51,91.5,22907025.0,0.0
2025-04-10,91.52,91.51,91.52,91.51,23678142.0,0.000109277674571
2025-04-11,91.56,91.55,91.56,91.54,34807587.0,0.0004370629370629
2025-04-14,91.56,91.56,91.56,91.55,18027069.0,0.0
2025-04-15,91.58,91.57,91.58,91.56,10082103.0,0.0002184359982524
2025-04-16,91.59,91.58,91.59,91.58,12016201.0,0.0001091941471937
2025-04-17,91.63,91.63,91.64,91.62,8243801.0,0.0004367289005349
2025-04-21,91.64,91.63,91.64,91.63,10032163.0,0.000109134562916
2025-04-22,91.64,91.64,91.65,91.64,9201231.0,0.0
2025-04-23,91.66,91.66,91.66,91.65,8478518.0,0.0002182453077257
2025-04-24,91.66,91.66,91.67,91.66,20381674.0,0.0
2025-04-25,91.7,91.69,91.7,91.69,11894109.0,0.000436395374209
2025-04-28,91.71,91.7,91.71,91.7,9934414.0,0.0001090512540893
2025-04-29,91.71,91.71,91.72,91.71,19478867.0,0.0
2025-04-30,91.72,91.72,91.73,91.72,17498419.0,0.0001090393632101
2025-05-01,91.43,91.43,91.43,91.42,15747591.0,-0.0031617967727866
2025-05-02,91.46,91.45,91.46,91.45,14267358.0,0.0003281198731268
2025-05-05,91.46,91.47,91.47,91.46,26580773.0,0.0
2025-05-06,91.48,91.47,91.48,91.47,8429264.0,0.000218674830527
2025-05-07,91.48,91.48,91.49,91.48,6226615.0,0.0
2025-05-08,91.5,91.49,91.5,91.49,9354591.0,0.0002186270222999
2025-05-09,91.53,91.53,91.53,91.52,9062438.0,0.000327868852459
2025-05-12,91.53,91.53,91.54,91.53,14491950.0,0.0
2025-05-13,91.55,91.55,91.55,91.54,23455708.0,0.0002185075931389
2025-05-14,91.55,91.55,91.56,91.55,9141920.0,0.0
2025-05-15,91.56,91.57,91.57,91.56,6657063.0,0.0001092299290006
2025-05-16,91.6,91.6,91.6,91.59,8755973.0,0.0004368719965048
2025-05-19,91.6,91.6,91.61,91.6,7618150.0,0.0
2025-05-20,91.62,91.61,91.62,91.61,7925405.0,0.0002183406113538
2025-05-21,91.63,91.63,91.64,91.63,12007364.0,0.0001091464745688
2025-05-22,91.65,91.64,91.65,91.64,7876470.0,0.0002182691258323
2025-05-23,91.69,91.68,91.69,91.68,14805890.0,0.0004364429896344
2025-05-27,91.69,91.69,91.7,91.69,8996482.0,0.0
2025-05-28,91.7,91.7,91.71,91.7,9887592.0,0.0001090631475624
2025-05-29,91.71,91.71,91.72,91.71,7530202.0,0.0001090512540893
2025-05-30,91.74,91.74,91.75,91.74,19202143.0,0.0003271180896302
2025-06-02,91.44,91.45,91.45,91.44,17013885.0,-0.0032701111837801
2025-06-03,91.46,91.45,91.46,91.45,8454734.0,0.0002187226596674
2025-06-04,91.46,91.46,91.47,91.46,14872205.0,0.0
2025-06-05,91.47,91.47,91.48,91.47,7863576.0,0.0001093374152636
2025-06-06,91.5,91.5,91.51,91.5,7582061.0,0.0003279763857002
2025-06-09,91.52,91.51,91.52,91.51,8127967.0,0.0002185792349727
2025-06-10,91.53,91.52,91.53,91.52,9514613.0,0.0001092657342658
2025-06-11,91.53,91.53,91.54,91.53,7435673.0,0.0
2025-06-12,91.54,91.54,91.55,91.54,5315909.0,0.0001092537965694
2025-06-13,91.58,91.575,91.58,91.57,6221318.0,0.0004369674459252
2025-06-16,91.58,91.59,91.59,91.58,8456926.0,0.0
2025-06-17,91.6,91.59,91.6,91.59,5518281.0,0.0002183882943873
2025-06-18,91.62,91.61,91.62,91.61,5063812.0,0.0002183406113538
2025-06-20,91.64,91.645,91.65,91.64,6516931.0,0.0002182929491376
2025-06-23,91.66,91.65,91.66,91.65,6474150.0,0.0002182453077257
2025-06-24,91.66,91.66,91.67,91.66,16266628.0,0.0
2025-06-25,91.67,91.68,91.68,91.67,7119547.0,0.0001090988435523
2025-06-26,91.68,91.68,91.69,91.68,7976074.0,0.000109086942293
2025-06-27,91.72,91.72,91.73,91.72,6878897.0,0.00043630017452
2025-06-30,91.73,91.735,91.74,91.73,16763414.0,0.0001090274749238
2025-07-01,91.44,91.44,91.44,91.43,18374221.0,-0.0031614520876486
2025-07-02,91.45,91.45,91.45,91.44,6569183.0,0.0001093613298337
2025-07-03,91.5,91.49,91.51,91.49,4860755.0,0.0005467468562054
2025-07-07,91.51,91.5,91.51,91.5,11518445.0,0.0001092896174863
2025-07-08,91.51,91.51,91.52,91.51,10532382.0,0.0
2025-07-09,91.52,91.52,91.53,91.52,10322884.0,0.000109277674571
2025-07-10,91.54,91.53,91.54,91.53,9514439.0,0.0002185314685316
2025-07-11,91.56,91.56,91.57,91.56,5713912.0,0.0002184837229626
2025-07-14,91.57,91.58,91.58,91.57,6587124.0,0.0001092179991262
2025-07-15,91.58,91.58,91.59,91.58,6166514.0,0.0001092060718577
2025-07-16,91.6,91.59,91.6,91.59,6745178.0,0.0002183882943873
2025-07-17,91.6,91.61,91.61,91.6,6559948.0,0.0
2025-07-18,91.64,91.63,91.65,91.63,6681363.0,0.0004366812227074
2025-07-21,91.66,91.655,91.66,91.65,6678707.0,0.0002182453077257
2025-07-22,91.67,91.67,91.67,91.66,4792133.0,0.0001090988435523
2025-07-23,91.68,91.67,91.68,91.67,6437313.0,0.000109086942293
2025-07-24,91.68,91.68,91.69,91.68,4807687.0,0.0
2025-07-25,91.71,91.71,91.72,91.71,5153871.0,0.0003272251308898
2025-07-28,91.72,91.728,91.73,91.72,6305339.0,0.0001090393632101
2025-07-29,91.73,91.73,91.74,91.73,7664348.0,0.0001090274749238
2025-07-30,91.74,91.74,91.75,91.74,6895082.0,0.0001090155892291
2025-07-31,91.75,91.75,91.76,91.75,11795120.0,0.0001090037061259
2025-08-01,91.47,91.465,91.47,91.46,20144832.0,-0.0030517711171662
2025-08-04,91.48,91.48,91.48,91.47,20328030.0,0.0001093254619002
2025-08-05,91.48,91.49,91.49,91.48,8588430.0,0.0
2025-08-06,91.51,91.5,91.51,91.49,7208805.0,0.0003279405334499
2025-08-07,91.51,91.51,91.52,91.51,7157927.0,0.0
2025-08-08,91.54,91.545,91.55,91.54,6243476.0,0.0003278330237133
2025-08-11,91.55,91.55,91.56,91.55,8361380.0,0.0001092418614812
2025-08-12,91.56,91.56,91.57,91.56,6601652.0,0.0001092299290006
2025-08-13,91.57,91.57,91.58,91.57,6791520.0,0.0001092179991262
2025-08-14,91.58,91.59,91.59,91.58,6475803.0,0.0001092060718577
2025-08-15,91.62,91.62,91.62,91.61,5354597.0,0.0004367765887749
2025-08-18,91.62,91.62,91.63,91.62,15606181.0,0.0
2025-08-19,91.64,91.64,91.64,91.63,11862669.0,0.0002182929491376
2025-08-20,91.66,91.65,91.66,91.65,6916013.0,0.0002182453077257
2025-08-21,91.66,91.66,91.67,91.66,4655992.0,0.0
2025-08-22,91.69,91.7,91.7,91.69,7468111.0,0.0003272965306568
2025-08-25,91.7,91.7,91.71,91.7,7319848.0,0.0001090631475624
2025-08-26,91.71,91.72,91.72,91.71,8729619.0,0.0001090512540893
2025-08-27,91.72,91.72,91.73,91.72,4919409.0,0.0001090393632101
2025-08-28,91.73,91.73,91.74,91.73,5490307.0,0.0001090274749238
2025-08-29,91.77,91.77,91.78,91.77,11546491.0,0.0004360623569168
2025-09-02,91.47,91.47,91.47,91.46,13477101.0,-0.0032690421706439
2025-09-03,91.48,91.48,91.48,91.47,7040690.0,0.0001093254619002
2025-09-04,91.5,91.49,91.5,91.48,9180575.0,0.0002186270222999
2025-09-05,91.53,91.52,91.53,91.52,10223048.0,0.000327868852459
2025-09-08,91.54,91.54,91.55,91.54,9201216.0,0.0001092537965694
2025-09-09,91.55,91.55,91.55,91.54,8740752.0,0.0001092418614812
2025-09-10,91.56,91.55,91.56,91.55,9027224.0,0.0001092299290006
2025-09-11,91.57,91.565,91.57,91.56,9714279.0,0.0001092179991262
2025-09-12,91.6,91.59,91.6,91.59,7154204.0,0.0003276182155727
2025-09-15,91.61,91.6,91.61,91.6,8876159.0,0.0001091703056768
2025-09-16,91.62,91.62,91.63,91.62,7036433.0,0.0001091583888221
2025-09-17,91.63,91.63,91.64,91.63,5395879.0,0.0001091464745688
2025-09-18,91.64,91.645,91.65,91.64,6032912.0,0.000109134562916
2025-09-19,91.68,91.68,91.68,91.67,6689775.0,0.0004364906154519
2025-09-22,91.69,91.68,91.69,91.68,6255236.0,0.0001090750436298
2025-09-23,91.69,91.69,91.7,91.69,7854733.0,0.0
2025-09-24,91.71,91.7,91.71,91.7,6711459.0,0.0002181262951248
2025-09-25,91.71,91.71,91.72,91.71,11455135.0,0.0
2025-09-26,91.74,91.74,91.74,91.73,7888818.0,0.0003271180896302
2025-09-29,91.75,91.74,91.75,91.74,6928540.0,0.0001090037061259
2025-09-30,91.75,91.75,91.76,91.75,14165796.0,0.0
2025-10-01,91.46,91.46,91.46,91.45,15501352.0,-0.0031607629427793
2025-10-02,91.47,91.47,91.47,91.46,7225201.0,0.0001093374152636
2025-10-03,91.49,91.5,91.5,91.49,6177597.0,0.0002186509238
2025-10-06,91.51,91.51,91.51,91.5,7041180.0,0.0002186031260247
2025-10-07,91.51,91.51,91.52,91.51,7071890.0,0.0
2025-10-08,91.53,91.53,91.53,91.52,7236340.0,0.000218555349142
2025-10-09,91.53,91.53,91.54,91.53,9389837.0,0.0
2025-10-10,91.57,91.56,91.57,91.56,14647983.0,0.0004370151862775
2025-10-13,91.58,91.57,91.58,91.56,13286035.0,0.0001092060718577
2025-10-14,91.58,91.59,91.59,91.58,8281841.0,0.0
2025-10-15,91.59,91.6,91.6,91.59,11747891.0,0.0001091941471937
2025-10-16,91.6,91.6,91.6,91.59,7811843.0,0.0001091822251335
2025-10-17,91.62,91.63,91.63,91.62,10183451.0,0.0002183406113538
2025-10-20,91.64,91.64,91.64,91.63,8215427.0,0.0002182929491376
2025-10-21,91.64,91.65,91.65,91.64,6989615.0,0.0
2025-10-22,91.66,91.66,91.66,91.65,13191440.0,0.0002182453077257
2025-10-23,91.67,91.66,91.67,91.66,7399494.0,0.0001090988435523
2025-10-24,91.7,91.695,91.7,91.69,8743117.0,0.0003272608268789
2025-10-27,91.7,91.7,91.71,91.7,11472440.0,0.0
2025-10-28,91.71,91.72,91.72,91.71,13039430.0,0.0001090512540893
2025-10-29,91.74,91.72,91.74,91.72,13416272.0,0.0003271180896302
2025-10-30,91.74,91.74,91.75,91.74,7897153.0,0.0
2025-10-31,91.76,91.76,91.77,91.76,14371020.0,0.0002180074122521
2025-11-03,91.47,91.47,91.47,91.47,17922825.0,-0.0031604184829991
2025-11-04,91.48,91.48,91.48,91.47,12162133.0,0.0001093254619002
2025-11-05,91.49,91.5,91.5,91.485,7973159.0,0.0001093135111498
2025-11-06,91.5,91.5,91.51,91.5,15915822.0,0.0001093015630124
2025-11-07,91.53,91.53,91.54,91.53,11524997.0,0.000327868852459
2025-11-10,91.55,91.55,91.55,91.54,13043674.0,0.0002185075931389
2025-11-11,91.54,91.55,91.55,91.54,6181174.0,-0.0001092299290004
2025-11-12,91.55,91.55,91.56,91.55,6371181.0,0.0001092418614812
2025-11-13,91.56,91.562,91.57,91.56,6625925.0,0.0001092299290006
2025-11-14,91.6,91.6,91.6,91.59,10192246.0,0.0004368719965048
2025-11-17,91.6,91.6,91.61,91.6,9766975.0,0.0
2025-11-18,91.62,91.615,91.62,91.61,9642597.0,0.0002183406113538
2025-11-19,91.62,91.63,91.63,91.62,6206233.0,0.0
2025-11-20,91.64,91.63,91.64,91.62,10933880.0,0.0002182929491376
2025-11-21,91.66,91.66,91.66,91.655,9431841.0,0.0002182453077257
2025-11-24,91.66,91.66,91.67,91.66,7347137.0,0.0
2025-11-25,91.68,91.68,91.68,91.67,8992406.0,0.0002181976871047
2025-11-26,91.69,91.7,91.7,91.69,6749472.0,0.0001090750436298
2025-11-28,91.72,91.72,91.73,91.72,10775168.0,0.0003271894426872
2025-12-01,91.45,91.46,91.46,91.45,16856813.0,-0.0029437418229393
2025-12-02,91.48,91.47,91.48,91.46,7403391.0,0.0003280481137233
2025-12-03,91.49,91.48,91.49,91.48,6530873.0,0.0001093135111498
2025-12-04,91.5,91.5,91.51,91.5,7236673.0,0.0001093015630124
2025-12-05,91.52,91.53,91.53,91.52,7308351.0,0.0002185792349727
2025-12-08,91.53,91.53,91.54,91.53,7578991.0,0.0001092657342658
2025-12-09,91.55,91.55,91.55,91.54,9285593.0,0.0002185075931389
2025-12-10,91.55,91.55,91.56,91.55,6974239.0,0.0
2025-12-11,91.56,91.56,91.57,91.56,7144470.0,0.0001092299290006
2025-12-12,91.6,91.6,91.6,91.59,6040672.0,0.0004368719965048
