datetime,open,high,low,close,volume
2025-06-02 13:30:00,587.76,589.74,586.02,586.33,6162503
2025-06-02 14:00:00,586.46,588.61,585.06,588.59,5531510
2025-06-02 14:30:00,588.59,589.94,588.12,589.36,3468554
2025-06-02 15:00:00,589.37,589.68,588.325,588.55,2692492
2025-06-02 15:30:00,588.53,590.06,588.13,589.87,2020592
2025-06-02 16:00:00,589.85,589.97,588.98,589.39,1298326
2025-06-02 16:30:00,589.37,590.19,589.04,590.0,1341249
2025-06-02 17:00:00,589.97,590.61,589.72,589.84,1340427
2025-06-02 17:30:00,589.85,590.22,589.5,589.915,1111835
2025-06-02 18:00:00,589.93,591.7,589.54,591.5,2855194
2025-06-02 18:30:00,591.52,591.96,591.175,591.85,2073088
2025-06-02 19:00:00,591.86,592.72,591.745,592.31,3386798
2025-06-02 19:30:00,592.315,592.79,591.65,592.71,8720834
2025-06-02 20:00:00,592.71,592.71,592.71,592.71,0
2025-06-03 13:30:00,592.34,593.27,592.05,592.49,4282396
2025-06-03 14:00:00,592.75,593.9,591.85,593.835,3597080
2025-06-03 14:30:00,593.84,594.41,593.17,594.41,2842030
2025-06-03 15:00:00,594.405,595.16,594.36,594.96,3017769
2025-06-03 15:30:00,594.96,595.7,594.83,595.63,2647419
2025-06-03 16:00:00,595.627,596.25,595.24,596.055,2458145
2025-06-03 16:30:00,596.065,596.67,596.02,596.52,2178448
2025-06-03 17:00:00,596.51,597.08,596.255,596.745,2124894
2025-06-03 17:30:00,596.745,596.97,596.06,596.14,2493049
2025-06-03 18:00:00,596.139,596.195,594.8,596.17,4610420
2025-06-03 18:30:00,596.16,596.47,595.905,596.36,2353575
2025-06-03 19:00:00,596.36,596.51,595.78,596.22,3631900
2025-06-03 19:30:00,596.21,596.5,595.23,596.09,8620079
2025-06-03 20:00:00,596.09,596.09,596.09,596.09,0
2025-06-04 13:30:00,596.96,597.95,596.51,596.77,4826432
2025-06-04 14:00:00,596.78,597.7,595.49,597.58,5215278
2025-06-04 14:30:00,597.58,597.77,596.695,597.59,2561732
2025-06-04 15:00:00,597.586,597.875,596.97,596.97,2052608
2025-06-04 15:30:00,596.965,597.41,596.41,596.84,2366286
2025-06-04 16:00:00,596.85,596.94,595.791,595.91,2404570
2025-06-04 16:30:00,595.91,596.84,595.87,596.78,1684330
2025-06-04 17:00:00,596.78,597.43,596.75,597.318,1749595
2025-06-04 17:30:00,597.317,597.67,597.05,597.57,1657246
2025-06-04 18:00:00,597.59,597.93,597.29,597.58,2159874
2025-06-04 18:30:00,597.58,597.68,596.84,597.0,2387734
2025-06-04 19:00:00,596.99,597.6,596.71,597.03,2485388
2025-06-04 19:30:00,597.02,597.245,595.84,595.93,8348028
2025-06-04 20:00:00,595.93,595.93,595.93,595.93,0
2025-06-05 13:30:00,597.63,597.905,593.91,594.25,6159292
2025-06-05 14:00:00,594.26,596.21,594.17,596.15,3452780
2025-06-05 14:30:00,596.15,597.58,594.0,597.36,7050073
2025-06-05 15:00:00,597.35,598.735,597.06,598.68,3724903
2025-06-05 15:30:00,598.69,599.0,598.17,598.78,2490253
2025-06-05 16:00:00,598.77,598.95,597.03,597.9,2946539
2025-06-05 16:30:00,597.895,598.02,594.26,594.68,4645722
2025-06-05 17:00:00,594.72,596.68,594.305,596.46,3091230
2025-06-05 17:30:00,596.46,596.98,595.68,595.82,2037145
2025-06-05 18:00:00,595.81,596.02,593.06,595.33,4367002
2025-06-05 18:30:00,595.34,596.12,595.09,595.26,2751176
2025-06-05 19:00:00,595.25,595.51,591.05,592.484,8049271
2025-06-05 19:30:00,592.5,594.77,592.2,593.05,12659478
2025-06-05 20:00:00,593.05,593.05,593.05,593.05,0
2025-06-06 13:30:00,598.66,600.83,598.06,600.378,7750545
2025-06-06 14:00:00,600.37,600.48,598.85,599.145,3522501
2025-06-06 14:30:00,599.14,599.94,598.65,599.3,2369595
2025-06-06 15:00:00,599.275,600.37,597.25,598.49,4656905
2025-06-06 15:30:00,598.5,599.23,597.97,598.73,2368684
2025-06-06 16:00:00,598.76,599.39,598.38,598.59,1575120
2025-06-06 16:30:00,598.57,598.89,596.86,597.61,2709495
2025-06-06 17:00:00,597.6,598.59,597.125,598.23,2057364
2025-06-06 17:30:00,598.23,599.05,598.21,598.96,1488153
2025-06-06 18:00:00,598.97,600.13,598.96,599.58,2876292
2025-06-06 18:30:00,599.57,600.64,599.465,599.67,2872287
2025-06-06 19:00:00,599.66,600.06,599.18,599.31,2766849
2025-06-06 19:30:00,599.31,599.85,598.91,599.14,8827584
2025-06-06 20:00:00,599.14,599.14,599.14,599.14,0
2025-06-09 13:30:00,599.72,599.99,598.49,598.97,4056256
2025-06-09 14:00:00,598.98,599.97,598.79,599.75,3335398
2025-06-09 14:30:00,599.74,600.4,599.03,599.53,3475766
2025-06-09 15:00:00,599.54,599.86,599.05,599.215,1810931
2025-06-09 15:30:00,599.21,600.01,599.19,599.835,1679922
2025-06-09 16:00:00,599.82,600.015,599.36,599.8,1600248
2025-06-09 16:30:00,599.79,601.1,599.78,600.685,2268579
2025-06-09 17:00:00,600.68,601.13,600.105,600.825,1858894
2025-06-09 17:30:00,600.83,601.215,600.56,600.9,1557405
2025-06-09 18:00:00,600.89,601.25,600.74,600.97,1503076
2025-06-09 18:30:00,600.98,601.22,600.34,600.99,2684967
2025-06-09 19:00:00,600.98,601.14,600.33,600.5,2143369
2025-06-09 19:30:00,600.5,600.74,599.42,599.68,8874999
2025-06-09 20:00:00,599.68,599.68,599.68,599.68,0
2025-06-10 13:30:00,600.22,601.13,600.16,600.57,4024738
2025-06-10 14:00:00,600.6,601.27,600.51,601.19,2542896
2025-06-10 14:30:00,601.19,601.81,601.0,601.078,2643678
2025-06-10 15:00:00,601.08,601.49,600.88,601.135,2364958
2025-06-10 15:30:00,601.13,601.285,599.09,601.235,4697079
2025-06-10 16:00:00,601.24,601.98,601.24,601.89,2381054
2025-06-10 16:30:00,601.89,602.29,601.74,602.18,1929482
2025-06-10 17:00:00,602.17,602.67,601.72,601.92,2468786
2025-06-10 17:30:00,601.9,602.009,601.27,601.28,2124732
2025-06-10 18:00:00,601.26,601.29,600.12,600.901,3887513
2025-06-10 18:30:00,600.91,602.89,600.85,602.46,3688919
2025-06-10 19:00:00,602.48,603.47,602.31,602.65,4299196
2025-06-10 19:30:00,602.66,603.23,601.61,603.0,9510153
2025-06-10 20:00:00,603.08,603.08,603.08,603.08,0
2025-06-11 13:30:00,604.19,604.25,602.25,603.63,5399466
2025-06-11 14:00:00,603.635,604.885,603.3,604.76,2848283
2025-06-11 14:30:00,604.75,605.06,604.38,604.69,2277774
2025-06-11 15:00:00,604.68,604.988,603.46,604.2,2812703
2025-06-11 15:30:00,604.23,604.44,603.23,603.585,2175777
2025-06-11 16:00:00,603.61,603.87,601.96,603.225,3739626
2025-06-11 16:30:00,603.28,603.6,602.74,603.405,2174788
2025-06-11 17:00:00,603.42,604.43,603.26,604.35,1919461
2025-06-11 17:30:00,604.34,604.445,602.36,602.44,2243661
2025-06-11 18:00:00,602.42,602.78,599.27,600.58,7177192
2025-06-11 18:30:00,600.61,602.16,599.86,600.74,4706971
2025-06-11 19:00:00,600.75,601.12,599.93,600.42,3875923
2025-06-11 19:30:00,600.43,601.59,599.73,601.36,8601873
2025-06-11 20:00:00,601.36,601.36,601.36,601.36,0
2025-06-12 13:30:00,600.01,601.24,599.52,600.81,4535062
2025-06-12 14:00:00,600.81,602.64,600.61,602.52,4019423
2025-06-12 14:30:00,602.52,603.13,602.35,602.7,3038992
2025-06-12 15:00:00,602.695,603.62,601.54,602.41,5035241
2025-06-12 15:30:00,602.41,602.61,601.74,602.5,2328334
2025-06-12 16:00:00,602.49,603.32,601.915,602.98,3199657
2025-06-12 16:30:00,602.97,603.42,602.02,602.45,2802282
2025-06-12 17:00:00,602.435,603.34,602.37,602.97,1834465
2025-06-12 17:30:00,602.98,603.56,602.94,603.13,1618104
2025-06-12 18:00:00,603.12,603.429,602.42,602.82,2169471
2025-06-12 18:30:00,602.82,603.365,602.46,603.31,2703145
2025-06-12 19:00:00,603.3,603.57,603.08,603.26,2728892
2025-06-12 19:30:00,603.27,603.75,602.39,603.75,8004345
2025-06-12 20:00:00,603.75,603.75,603.75,603.75,0
2025-06-13 13:30:00,598.5,600.37,597.86,598.78,6941030
2025-06-13 14:00:00,598.81,599.167,596.63,596.85,4415152
2025-06-13 14:30:00,596.88,599.42,596.65,599.205,4275297
2025-06-13 15:00:00,599.22,600.67,598.92,600.58,2921150
2025-06-13 15:30:00,600.59,601.71,600.292,601.24,3358374
2025-06-13 16:00:00,601.22,601.85,600.74,600.901,1986015
2025-06-13 16:30:00,600.91,601.49,600.285,600.99,2080473
2025-06-13 17:00:00,600.997,601.17,599.17,599.49,3029896
2025-06-13 17:30:00,599.49,600.15,598.96,599.731,2666484
2025-06-13 18:00:00,599.74,600.29,597.0,597.12,4942457
2025-06-13 18:30:00,597.13,597.36,595.59,597.07,6956565
2025-06-13 19:00:00,597.07,597.685,596.04,596.32,5392350
2025-06-13 19:30:00,596.335,597.25,595.48,597.0,13310728
2025-06-13 20:00:00,597.0,597.0,597.0,597.0,0
2025-06-16 13:30:00,600.4,603.41,600.22,603.205,8361957
2025-06-16 14:00:00,603.21,604.19,602.965,604.1,4685206
2025-06-16 14:30:00,604.11,604.45,603.71,603.92,3678216
2025-06-16 15:00:00,603.9,604.09,603.27,603.36,3255530
2025-06-16 15:30:00,603.37,603.84,602.77,603.14,3128743
2025-06-16 16:00:00,603.13,603.66,602.83,603.05,1872327
2025-06-16 16:30:00,603.06,603.21,602.47,602.71,2097841
2025-06-16 17:00:00,602.71,603.56,602.33,603.4,2489183
2025-06-16 17:30:00,603.415,603.71,602.13,602.31,2687623
2025-06-16 18:00:00,602.31,602.87,602.255,602.58,2070631
2025-06-16 18:30:00,602.585,602.77,601.85,602.5,2665328
2025-06-16 19:00:00,602.51,602.62,601.64,602.04,4297964
2025-06-16 19:30:00,602.07,602.8,601.79,602.68,10295917
2025-06-16 20:00:00,602.68,602.68,602.68,602.68,0
2025-06-17 13:30:00,600.21,601.01,599.18,600.99,5812510
2025-06-17 14:00:00,601.03,601.64,600.331,601.14,3234715
2025-06-17 14:30:00,601.13,601.4,600.37,600.47,2504312
2025-06-17 15:00:00,600.47,601.75,600.38,600.44,2544452
2025-06-17 15:30:00,600.431,601.22,600.22,600.72,2315208
2025-06-17 16:00:00,600.71,601.58,600.54,601.14,2451841
2025-06-17 16:30:00,601.13,601.59,599.5,599.75,3609382
2025-06-17 17:00:00,599.76,600.2,598.77,598.81,3577723
2025-06-17 17:30:00,598.82,599.9,597.41,597.93,4772410
2025-06-17 18:00:00,597.93,598.18,596.96,597.37,5178301
2025-06-17 18:30:00,597.385,598.16,596.76,598.15,3996689
2025-06-17 19:00:00,598.155,598.37,597.38,598.27,3914436
2025-06-17 19:30:00,598.255,598.61,597.29,597.53,10389703
2025-06-17 20:00:00,597.53,597.53,597.53,597.53,0
2025-06-18 13:30:00,598.44,599.588,597.36,599.178,4599803
2025-06-18 14:00:00,599.15,601.04,598.73,600.742,3794396
2025-06-18 14:30:00,600.74,601.22,600.54,600.85,2315571
2025-06-18 15:00:00,600.855,600.9,599.895,600.14,1521356
2025-06-18 15:30:00,600.14,600.52,599.62,599.709,1770081
2025-06-18 16:00:00,599.69,600.32,599.4,599.455,1452905
2025-06-18 16:30:00,599.45,600.11,599.38,599.41,1553020
2025-06-18 17:00:00,599.4,599.705,598.82,598.825,1489632
2025-06-18 17:30:00,598.825,599.97,598.04,599.61,2411022
2025-06-18 18:00:00,600.03,601.0,598.45,599.34,3947245
2025-06-18 18:30:00,599.36,600.87,596.67,597.0,5927585
2025-06-18 19:00:00,596.99,598.93,596.47,596.84,6822609
2025-06-18 19:30:00,596.86,598.795,596.63,597.48,8566331
2025-06-18 20:00:00,597.44,597.44,597.44,597.44,0
2025-06-20 13:30:00,598.38,599.46,597.16,597.25,6406749
2025-06-20 14:00:00,597.25,597.59,595.311,596.14,4142359
2025-06-20 14:30:00,596.13,596.61,593.98,594.24,4247851
2025-06-20 15:00:00,594.23,595.63,593.5,595.115,3391925
2025-06-20 15:30:00,595.13,596.37,594.6,594.65,2719241
2025-06-20 16:00:00,594.657,595.355,594.225,594.965,2156672
2025-06-20 16:30:00,594.97,595.7,594.88,595.28,1943395
2025-06-20 17:00:00,595.28,595.97,593.35,593.36,2694116
2025-06-20 17:30:00,593.36,594.1,592.86,593.99,2973913
2025-06-20 18:00:00,594.0,595.35,593.89,594.93,2426516
2025-06-20 18:30:00,594.92,595.225,593.36,593.49,2190839
2025-06-20 19:00:00,593.51,594.01,593.24,593.46,3121407
2025-06-20 19:30:00,593.47,594.97,593.25,594.24,13188898
2025-06-20 20:00:00,594.28,594.28,594.28,594.28,0
2025-06-23 13:30:00,595.04,596.75,593.6,596.75,5653306
2025-06-23 14:00:00,596.74,598.29,596.73,597.597,4649798
2025-06-23 14:30:00,597.6,597.77,596.42,596.46,3012160
2025-06-23 15:00:00,596.44,597.66,596.345,596.43,2537773
2025-06-23 15:30:00,596.39,596.73,595.75,595.85,2686716
2025-06-23 16:00:00,595.86,596.08,594.16,594.24,2942449
2025-06-23 16:30:00,594.25,595.46,591.89,593.58,9233214
2025-06-23 17:00:00,593.58,598.0,593.19,597.88,5837749
2025-06-23 17:30:00,597.89,599.34,597.89,598.58,4783766
2025-06-23 18:00:00,598.57,599.13,598.32,598.42,3034316
2025-06-23 18:30:00,598.42,598.8,597.99,598.46,3217959
2025-06-23 19:00:00,598.47,599.44,598.41,599.22,3958358
2025-06-23 19:30:00,599.23,600.54,598.92,600.15,9574238
2025-06-23 20:00:00,600.15,600.15,600.15,600.15,0
2025-06-24 13:30:00,604.33,605.45,603.8,603.88,6531129
2025-06-24 14:00:00,603.87,604.96,603.41,604.625,4127199
2025-06-24 14:30:00,604.63,605.355,604.53,605.0,2952503
2025-06-24 15:00:00,605.0,605.82,604.95,605.78,2752828
2025-06-24 15:30:00,605.78,606.165,605.66,605.785,2118175
2025-06-24 16:00:00,605.78,606.595,605.655,606.5,1895183
2025-06-24 16:30:00,606.505,607.175,606.32,606.64,2545359
2025-06-24 17:00:00,606.62,606.96,606.3,606.35,2261855
2025-06-24 17:30:00,606.33,607.36,606.33,607.18,1950490
2025-06-24 18:00:00,607.17,607.46,606.95,607.01,2221897
2025-06-24 18:30:00,607.009,607.35,606.87,607.315,2162469
2025-06-24 19:00:00,607.315,607.69,607.315,607.48,2881341
2025-06-24 19:30:00,607.49,607.85,606.7,606.78,9998099
2025-06-24 20:00:00,606.78,606.78,606.78,606.78,0
2025-06-25 13:30:00,607.91,608.61,607.45,608.19,6869812
2025-06-25 14:00:00,608.19,608.35,607.31,607.73,3654708
2025-06-25 14:30:00,607.72,608.41,607.51,607.73,2965025
2025-06-25 15:00:00,607.72,607.805,606.86,607.17,3473904
2025-06-25 15:30:00,607.17,607.17,606.48,606.89,2659648
2025-06-25 16:00:00,606.87,607.27,606.8,606.95,1481203
2025-06-25 16:30:00,606.94,607.1,606.42,606.73,1625977
2025-06-25 17:00:00,606.72,607.14,606.26,607.02,2336268
2025-06-25 17:30:00,607.02,607.08,605.54,606.24,3162522
2025-06-25 18:00:00,606.26,606.55,606.05,606.408,1683456
2025-06-25 18:30:00,606.41,606.51,606.06,606.41,1604042
2025-06-25 19:00:00,606.425,607.37,606.4,606.995,2610022
2025-06-25 19:30:00,607.0,607.2,606.37,607.09,8449484
2025-06-25 20:00:00,607.12,607.12,607.12,607.12,0
2025-06-26 13:30:00,608.99,609.39,608.37,609.22,5115132
2025-06-26 14:00:00,609.22,609.98,609.07,609.95,3259264
2025-06-26 14:30:00,609.96,610.64,609.945,610.4,3388062
2025-06-26 15:00:00,610.41,610.865,610.04,610.05,2465973
2025-06-26 15:30:00,610.06,610.66,609.83,610.53,2048562
2025-06-26 16:00:00,610.54,611.128,610.46,610.89,1988303
2025-06-26 16:30:00,610.88,611.125,610.675,610.84,1327996
2025-06-26 17:00:00,610.85,611.28,610.64,611.23,1489007
2025-06-26 17:30:00,611.215,611.59,611.215,611.29,1858695
2025-06-26 18:00:00,611.28,612.12,611.15,611.745,3052213
2025-06-26 18:30:00,611.745,611.915,611.095,611.452,2867000
2025-06-26 19:00:00,611.46,611.82,611.26,611.595,3083225
2025-06-26 19:30:00,611.59,612.31,611.23,611.93,11573358
2025-06-26 20:00:00,611.87,611.87,611.87,611.87,0
2025-06-27 13:30:00,612.88,614.66,612.7,614.45,4879712
2025-06-27 14:00:00,614.5,615.5,614.45,614.9,4349526
2025-06-27 14:30:00,614.9,615.55,614.6,614.815,2809572
2025-06-27 15:00:00,614.81,615.39,614.6,615.35,1928849
2025-06-27 15:30:00,615.345,616.1,615.3,615.9,2443311
2025-06-27 16:00:00,615.89,616.35,615.69,616.3,2059109
2025-06-27 16:30:00,616.29,616.39,615.645,615.945,2109326
2025-06-27 17:00:00,615.95,615.96,615.26,615.39,1481646
2025-06-27 17:30:00,615.395,615.58,613.27,614.12,5147176
2025-06-27 18:00:00,614.12,614.38,612.33,612.39,4065206
2025-06-27 18:30:00,612.39,612.6,610.83,611.06,7497415
2025-06-27 19:00:00,611.05,612.71,611.01,612.43,5427961
2025-06-27 19:30:00,612.42,615.14,612.41,614.69,14299515
2025-06-27 20:00:00,614.91,614.91,614.91,614.91,0
2025-06-30 13:30:00,617.38,617.49,615.96,616.39,5622520
2025-06-30 14:00:00,616.42,616.82,615.93,616.73,3789603
2025-06-30 14:30:00,616.74,616.775,615.688,616.055,2485310
2025-06-30 15:00:00,616.05,616.59,615.71,616.22,3067827
2025-06-30 15:30:00,616.222,616.925,616.1,616.48,2167236
2025-06-30 16:00:00,616.485,616.9,616.11,616.22,1574536
2025-06-30 16:30:00,616.24,617.13,616.195,616.66,2027120
2025-06-30 17:00:00,616.66,616.82,616.22,616.515,1685898
2025-06-30 17:30:00,616.515,616.64,615.04,615.83,3249247
2025-06-30 18:00:00,615.83,616.44,615.63,616.04,3373584
2025-06-30 18:30:00,616.03,616.95,615.32,616.92,4014501
2025-06-30 19:00:00,616.93,618.25,616.91,617.895,6757579
2025-06-30 19:30:00,617.89,619.22,617.4,617.95,19742936
2025-06-30 20:00:00,617.85,617.85,617.85,617.85,0
2025-07-01 13:30:00,616.36,617.74,616.255,617.162,4645956
2025-07-01 14:00:00,617.165,618.065,616.75,617.03,4032896
2025-07-01 14:30:00,617.02,617.61,616.13,616.45,4004704
2025-07-01 15:00:00,616.45,617.49,615.52,617.29,4793759
2025-07-01 15:30:00,617.28,617.49,616.08,616.98,2605484
2025-07-01 16:00:00,616.97,618.1,616.71,617.3,3229348
2025-07-01 16:30:00,617.31,618.135,617.05,617.12,2270939
2025-07-01 17:00:00,617.13,618.26,617.0,618.07,2354364
2025-07-01 17:30:00,618.08,618.83,617.76,618.62,2142755
2025-07-01 18:00:00,618.61,618.699,617.919,617.99,2756342
2025-07-01 18:30:00,617.995,618.51,617.685,617.69,2174391
2025-07-01 19:00:00,617.695,618.38,616.7,618.365,5409288
2025-07-01 19:30:00,618.37,618.72,617.43,617.65,9294552
2025-07-01 20:00:00,617.65,617.65,617.65,617.65,0
2025-07-02 13:30:00,617.24,617.64,616.61,617.3,4265949
2025-07-02 14:00:00,617.29,618.72,617.28,618.65,4206084
2025-07-02 14:30:00,618.659,619.165,618.2,618.82,4276098
2025-07-02 15:00:00,618.81,619.12,618.55,618.76,2598344
2025-07-02 15:30:00,618.76,619.455,618.74,619.265,2514909
2025-07-02 16:00:00,619.265,619.33,618.86,619.14,1972987
2025-07-02 16:30:00,619.13,619.601,619.0,619.548,2060074
2025-07-02 17:00:00,619.55,619.675,619.12,619.465,1831804
2025-07-02 17:30:00,619.46,619.72,619.28,619.45,1712868
2025-07-02 18:00:00,619.455,619.69,619.23,619.59,2243368
2025-07-02 18:30:00,619.6,619.94,619.585,619.848,2421156
2025-07-02 19:00:00,619.845,620.17,619.72,619.73,2988153
2025-07-02 19:30:00,619.74,620.49,619.61,620.45,8485609
2025-07-02 20:00:00,620.45,620.45,620.45,620.45,0
2025-07-03 13:30:00,622.45,624.545,622.43,624.24,6494543
2025-07-03 14:00:00,624.24,625.11,624.08,624.99,4157439
2025-07-03 14:30:00,625.0,625.47,624.79,625.3,2906518
2025-07-03 15:00:00,625.302,625.785,625.17,625.39,2973978
2025-07-03 15:30:00,625.38,626.08,625.36,625.895,3137422
2025-07-03 16:00:00,625.89,626.05,625.55,625.735,3416776
2025-07-03 16:30:00,625.72,626.28,624.87,625.34,8899072
2025-07-03 17:00:00,625.34,625.34,625.34,625.34,0
2025-07-03 18:00:00,625.34,625.34,625.34,625.34,0
2025-07-03 19:00:00,625.34,625.34,625.34,625.34,0
2025-07-03 19:30:00,625.34,625.34,625.34,625.34,0
2025-07-07 13:30:00,623.36,624.03,622.88,623.6,3920339
2025-07-07 14:00:00,623.61,623.795,622.53,623.04,2457798
2025-07-07 14:30:00,623.045,623.105,621.96,622.1,2926893
2025-07-07 15:00:00,622.12,622.39,621.56,622.04,2399869
2025-07-07 15:30:00,622.034,622.22,621.18,621.75,2255006
2025-07-07 16:00:00,621.761,622.29,619.241,620.58,7072662
2025-07-07 16:30:00,620.581,621.235,619.48,619.795,3678749
2025-07-07 17:00:00,619.8,621.02,619.591,620.165,2335506
2025-07-07 17:30:00,620.165,621.41,619.56,620.03,3864374
2025-07-07 18:00:00,620.02,620.37,617.88,617.97,4207774
2025-07-07 18:30:00,617.98,620.22,617.87,620.155,3340901
2025-07-07 19:00:00,620.17,620.39,619.375,619.46,3464781
2025-07-07 19:30:00,619.462,621.0,619.39,620.68,11360846
2025-07-07 20:00:00,620.68,620.68,620.68,620.68,0
2025-07-08 13:30:00,621.35,621.665,620.55,620.66,3896154
2025-07-08 14:00:00,620.645,620.93,619.642,620.02,3098389
2025-07-08 14:30:00,620.01,621.495,619.52,620.448,4545067
2025-07-08 15:00:00,620.44,621.1,619.72,620.0,2713854
2025-07-08 15:30:00,619.995,621.22,619.98,621.09,2023134
2025-07-08 16:00:00,621.1,622.11,620.52,621.9,2899826
2025-07-08 16:30:00,621.92,622.05,620.4,620.8,3680027
2025-07-08 17:00:00,620.79,620.95,619.84,620.85,2441395
2025-07-08 17:30:00,620.855,621.31,620.2,621.12,1865582
2025-07-08 18:00:00,621.12,621.302,620.61,620.67,2000021
2025-07-08 18:30:00,620.665,620.925,620.3,620.47,2026393
2025-07-08 19:00:00,620.48,620.64,620.09,620.485,2715361
2025-07-08 19:30:00,620.485,620.81,619.99,620.33,8792902
2025-07-08 20:00:00,620.34,620.34,620.34,620.34,0
2025-07-09 13:30:00,622.77,624.72,622.65,624.24,5478958
2025-07-09 14:00:00,624.24,624.54,623.15,623.335,3292938
2025-07-09 14:30:00,623.33,623.34,621.07,621.34,6133974
2025-07-09 15:00:00,621.35,622.32,620.911,622.13,3780702
2025-07-09 15:30:00,622.14,622.54,621.31,621.93,2926390
2025-07-09 16:00:00,621.94,622.41,621.55,621.82,2135906
2025-07-09 16:30:00,621.815,622.368,621.73,622.02,1533935
2025-07-09 17:00:00,622.01,622.675,621.62,622.32,2183316
2025-07-09 17:30:00,622.325,622.79,622.06,622.43,2391481
2025-07-09 18:00:00,622.43,623.309,622.393,622.87,3005238
2025-07-09 18:30:00,622.855,623.57,622.82,623.41,2369173
2025-07-09 19:00:00,623.41,623.77,623.1,623.59,3710358
2025-07-09 19:30:00,623.598,624.21,623.41,624.06,8584543
2025-07-09 20:00:00,624.06,624.06,624.06,624.06,0
2025-07-10 13:30:00,624.2,624.418,623.12,623.36,4605294
2025-07-10 14:00:00,623.37,624.26,623.01,623.75,4168542
2025-07-10 14:30:00,623.745,625.1,623.745,624.865,3230368
2025-07-10 15:00:00,624.86,625.575,624.83,625.51,2758507
2025-07-10 15:30:00,625.52,625.785,625.37,625.69,1686847
2025-07-10 16:00:00,625.69,625.775,625.025,625.57,2249327
2025-07-10 16:30:00,625.57,625.78,625.24,625.53,1557228
2025-07-10 17:00:00,625.535,626.23,625.531,626.09,1883740
2025-07-10 17:30:00,626.09,626.77,626.08,626.585,2632854
2025-07-10 18:00:00,626.58,626.87,626.45,626.61,2177219
2025-07-10 18:30:00,626.615,626.67,626.09,626.25,2424653
2025-07-10 19:00:00,626.24,626.56,626.12,626.22,2675292
2025-07-10 19:30:00,626.22,626.675,625.21,625.82,8910798
2025-07-10 20:00:00,625.82,625.82,625.82,625.82,0
2025-07-11 13:30:00,622.74,623.52,621.53,623.19,5377714
2025-07-11 14:00:00,623.19,624.26,622.98,624.02,2859015
2025-07-11 14:30:00,624.02,624.37,623.26,623.85,2617920
2025-07-11 15:00:00,623.82,623.9,622.71,623.35,3197980
2025-07-11 15:30:00,623.37,624.64,623.36,623.77,3113834
2025-07-11 16:00:00,623.76,624.09,623.15,623.935,2296276
2025-07-11 16:30:00,623.93,624.425,623.56,624.35,1858065
2025-07-11 17:00:00,624.36,624.58,624.12,624.43,2006206
2025-07-11 17:30:00,624.44,624.58,623.75,624.46,2423601
2025-07-11 18:00:00,624.48,624.7,624.1,624.26,2326464
2025-07-11 18:30:00,624.26,624.86,624.17,624.33,2699096
2025-07-11 19:00:00,624.32,624.72,623.13,624.4,5204604
2025-07-11 19:30:00,624.405,624.58,623.47,623.62,8486037
2025-07-11 20:00:00,623.62,623.62,623.62,623.62,0
2025-07-14 13:30:00,623.16,623.46,621.8,622.71,5437443
2025-07-14 14:00:00,622.72,623.71,622.26,622.67,3486492
2025-07-14 14:30:00,622.66,623.52,622.37,623.43,2985849
2025-07-14 15:00:00,623.43,624.16,623.28,624.15,2893121
2025-07-14 15:30:00,624.16,624.39,623.77,623.94,2399881
2025-07-14 16:00:00,623.93,624.32,623.81,623.88,1463405
2025-07-14 16:30:00,623.861,624.48,623.63,624.29,1856271
2025-07-14 17:00:00,624.29,624.97,624.29,624.73,2047589
2025-07-14 17:30:00,624.728,624.98,624.425,624.67,1744246
2025-07-14 18:00:00,624.67,625.0,624.595,624.93,1536719
2025-07-14 18:30:00,624.94,625.158,624.91,624.96,1592549
2025-07-14 19:00:00,624.96,625.12,624.46,624.69,2663153
2025-07-14 19:30:00,624.68,624.99,624.3,624.77,6991560
2025-07-14 20:00:00,624.81,624.81,624.81,624.81,0
2025-07-15 13:30:00,627.52,627.86,625.585,625.7,5893594
2025-07-15 14:00:00,625.71,626.395,625.26,625.4,3630863
2025-07-15 14:30:00,625.41,625.58,623.8,623.99,5017572
2025-07-15 15:00:00,624.0,625.21,623.9,625.12,3973569
2025-07-15 15:30:00,625.121,625.39,624.51,624.86,2735754
2025-07-15 16:00:00,624.86,624.99,624.01,624.26,2758220
2025-07-15 16:30:00,624.27,624.575,623.01,623.17,3298984
2025-07-15 17:00:00,623.18,623.89,622.95,623.85,3257426
2025-07-15 17:30:00,623.85,624.62,623.85,624.6,2409337
2025-07-15 18:00:00,624.6,624.87,624.29,624.61,2365738
2025-07-15 18:30:00,624.615,624.83,623.015,623.03,3899871
2025-07-15 19:00:00,623.04,623.78,623.04,623.34,4217049
2025-07-15 19:30:00,623.34,623.8,622.06,622.14,9341485
2025-07-15 20:00:00,622.14,622.14,622.14,622.14,0
2025-07-16 13:30:00,623.74,624.12,622.02,622.05,5095064
2025-07-16 14:00:00,622.07,622.86,621.68,622.491,3172072
2025-07-16 14:30:00,622.51,623.37,621.51,622.23,6429399
2025-07-16 15:00:00,622.24,623.36,619.46,621.41,12831492
2025-07-16 15:30:00,621.37,622.54,618.05,621.94,14707709
2025-07-16 16:00:00,621.97,622.24,621.04,621.65,4265146
2025-07-16 16:30:00,621.67,623.135,621.14,623.1,2904269
2025-07-16 17:00:00,623.11,623.79,622.91,623.08,2467607
2025-07-16 17:30:00,623.06,623.375,622.92,623.11,1517254
2025-07-16 18:00:00,623.1,623.46,622.72,623.38,1995658
2025-07-16 18:30:00,623.39,624.36,623.35,624.33,2370594
2025-07-16 19:00:00,624.34,624.52,623.825,624.13,2498435
2025-07-16 19:30:00,624.12,624.73,623.885,624.2,7218249
2025-07-16 20:00:00,624.22,624.22,624.22,624.22,0
2025-07-17 13:30:00,624.4,626.198,624.18,625.87,4942434
2025-07-17 14:00:00,625.87,626.23,624.84,625.469,3311345
2025-07-17 14:30:00,625.47,625.92,625.01,625.83,2693584
2025-07-17 15:00:00,625.825,626.72,625.79,626.66,3321294
2025-07-17 15:30:00,626.655,627.27,626.56,627.215,2635635
2025-07-17 16:00:00,627.21,627.51,626.78,626.84,2605459
2025-07-17 16:30:00,626.84,626.92,626.525,626.82,1700992
2025-07-17 17:00:00,626.8,627.098,626.665,627.02,2147852
2025-07-17 17:30:00,627.03,627.48,626.98,627.431,1569733
2025-07-17 18:00:00,627.43,627.88,627.14,627.84,2551246
2025-07-17 18:30:00,627.845,628.14,627.645,627.98,2308448
2025-07-17 19:00:00,627.972,628.405,627.945,627.97,3277516
2025-07-17 19:30:00,627.971,628.32,627.65,628.04,12673733
2025-07-17 20:00:00,628.04,628.04,628.04,628.04,0
2025-07-18 13:30:00,629.3,629.47,628.44,629.24,4664998
2025-07-18 14:00:00,629.26,629.33,627.24,627.38,4149931
2025-07-18 14:30:00,627.37,627.91,627.12,627.17,2381420
2025-07-18 15:00:00,627.18,627.695,626.91,627.63,2215086
2025-07-18 15:30:00,627.62,628.17,627.578,628.1,1786924
2025-07-18 16:00:00,628.12,628.16,626.54,626.93,2823164
2025-07-18 16:30:00,626.95,627.385,626.48,626.67,2559033
2025-07-18 17:00:00,626.67,627.21,626.46,626.96,2035777
2025-07-18 17:30:00,626.96,627.53,626.795,627.1,1384848
2025-07-18 18:00:00,627.11,627.4,626.66,627.1,1903740
2025-07-18 18:30:00,627.1,627.41,627.04,627.23,1561690
2025-07-18 19:00:00,627.225,627.6,627.02,627.39,2264381
2025-07-18 19:30:00,627.37,627.76,627.01,627.58,7466394
2025-07-18 20:00:00,627.58,627.58,627.58,627.58,0
2025-07-21 13:30:00,628.77,630.78,628.67,630.78,4721655
2025-07-21 14:00:00,630.78,631.33,630.38,631.26,3941754
2025-07-21 14:30:00,631.27,631.39,630.64,631.02,2906420
2025-07-21 15:00:00,631.025,631.35,630.88,631.288,2130741
2025-07-21 15:30:00,631.29,631.54,631.08,631.16,2229533
2025-07-21 16:00:00,631.17,631.17,630.535,630.755,2328428
2025-07-21 16:30:00,630.75,631.32,630.725,631.24,1699976
2025-07-21 17:00:00,631.25,631.49,631.221,631.39,1478885
2025-07-21 17:30:00,631.39,631.52,631.11,631.155,1384578
2025-07-21 18:00:00,631.155,631.27,631.04,631.2,1649814
2025-07-21 18:30:00,631.19,631.2,630.32,630.39,3073539
2025-07-21 19:00:00,630.391,630.4,629.11,629.45,5279433
2025-07-21 19:30:00,629.445,629.68,628.34,628.77,10452547
2025-07-21 20:00:00,628.77,628.77,628.77,628.77,0
2025-07-22 13:30:00,629.1,629.19,626.19,626.77,6900275
2025-07-22 14:00:00,626.77,627.41,626.25,627.06,3631038
2025-07-22 14:30:00,627.04,628.035,626.972,627.965,2785461
2025-07-22 15:00:00,627.965,628.115,627.33,627.65,2092155
2025-07-22 15:30:00,627.67,628.06,627.43,627.69,2213452
2025-07-22 16:00:00,627.69,628.125,627.04,627.18,2246524
2025-07-22 16:30:00,627.19,627.975,627.07,627.85,1887774
2025-07-22 17:00:00,627.85,629.22,627.78,629.09,2213611
2025-07-22 17:30:00,629.1,629.18,628.3,628.34,1961807
2025-07-22 18:00:00,628.34,628.767,627.52,628.39,2853126
2025-07-22 18:30:00,628.4,629.53,628.37,629.33,2895008
2025-07-22 19:00:00,629.328,629.46,628.97,629.195,2727511
2025-07-22 19:30:00,629.195,629.73,628.75,628.86,8431211
2025-07-22 20:00:00,628.86,628.86,628.86,628.86,0
2025-07-23 13:30:00,631.55,631.75,629.82,629.96,5287079
2025-07-23 14:00:00,629.97,630.74,629.73,630.74,3003510
2025-07-23 14:30:00,630.75,630.78,630.09,630.73,2011913
2025-07-23 15:00:00,630.73,630.925,630.325,630.86,2236761
2025-07-23 15:30:00,630.855,632.79,630.47,631.97,4239069
2025-07-23 16:00:00,631.96,632.61,631.38,631.67,3083940
2025-07-23 16:30:00,631.63,632.11,631.349,631.851,1781157
2025-07-23 17:00:00,631.85,632.195,631.525,632.115,1711674
2025-07-23 17:30:00,632.11,632.885,631.79,632.555,3641118
2025-07-23 18:00:00,632.56,633.65,632.55,633.245,3016698
2025-07-23 18:30:00,633.255,633.48,633.105,633.28,2158576
2025-07-23 19:00:00,633.29,633.39,632.955,633.34,3270295
2025-07-23 19:30:00,633.34,634.21,632.94,634.21,8156721
2025-07-23 20:00:00,634.21,634.21,634.21,634.21,0
2025-07-24 13:30:00,634.6,635.39,633.99,635.11,5407147
2025-07-24 14:00:00,635.11,635.34,634.07,634.8,3909033
2025-07-24 14:30:00,634.8,635.62,634.73,635.529,2709492
2025-07-24 15:00:00,635.525,635.89,635.39,635.535,2836150
2025-07-24 15:30:00,635.55,635.73,635.25,635.511,2027215
2025-07-24 16:00:00,635.515,635.58,634.28,634.55,2801942
2025-07-24 16:30:00,634.53,635.02,634.45,634.885,2297435
2025-07-24 17:00:00,634.88,635.98,634.76,635.36,2549192
2025-07-24 17:30:00,635.365,635.588,635.125,635.255,1707116
2025-07-24 18:00:00,635.25,636.15,635.23,635.78,4680350
2025-07-24 18:30:00,635.785,635.93,634.69,635.19,3902597
2025-07-24 19:00:00,635.192,635.755,635.13,635.45,3056038
2025-07-24 19:30:00,635.445,635.575,634.25,634.42,9964498
2025-07-24 20:00:00,634.42,634.42,634.42,634.42,0
2025-07-25 13:30:00,635.09,635.6,634.84,635.29,3895675
2025-07-25 14:00:00,635.28,635.61,634.87,635.495,2695555
2025-07-25 14:30:00,635.48,636.13,635.29,635.82,2938602
2025-07-25 15:00:00,635.83,636.095,635.7,635.985,1762162
2025-07-25 15:30:00,635.98,636.08,635.61,635.925,1553249
2025-07-25 16:00:00,635.92,636.93,635.79,636.765,3034672
2025-07-25 16:30:00,636.76,636.96,636.6,636.845,1821331
2025-07-25 17:00:00,636.845,637.13,636.67,637.045,1513842
2025-07-25 17:30:00,637.05,637.36,637.05,637.135,1898944
2025-07-25 18:00:00,637.14,637.53,636.97,637.34,2171193
2025-07-25 18:30:00,637.345,637.54,637.175,637.18,1702557
2025-07-25 19:00:00,637.185,637.58,637.18,637.33,2257424
2025-07-25 19:30:00,637.34,637.49,636.625,637.01,9819336
2025-07-25 20:00:00,637.1,637.1,637.1,637.1,0
2025-07-28 13:30:00,637.48,637.84,637.08,637.45,5280113
2025-07-28 14:00:00,637.45,638.04,637.27,637.73,3215236
2025-07-28 14:30:00,637.748,637.9,637.24,637.43,2261867
2025-07-28 15:00:00,637.43,637.52,636.33,637.07,2895126
2025-07-28 15:30:00,637.08,637.57,636.98,637.38,1543294
2025-07-28 16:00:00,637.38,637.65,637.045,637.4,1455145
2025-07-28 16:30:00,637.4,637.41,636.75,636.885,1502782
2025-07-28 17:00:00,636.875,637.145,636.16,636.31,2196186
2025-07-28 17:30:00,636.34,636.76,636.065,636.09,1405813
2025-07-28 18:00:00,636.08,636.23,635.54,636.078,3338616
2025-07-28 18:30:00,636.08,636.29,635.82,636.05,2056225
2025-07-28 19:00:00,636.04,636.14,635.69,636.05,2327562
2025-07-28 19:30:00,636.05,637.02,635.82,636.94,6647007
2025-07-28 20:00:00,636.94,636.94,636.94,636.94,0
2025-07-29 13:30:00,638.35,638.67,637.24,638.02,4627018
2025-07-29 14:00:00,637.93,638.09,637.38,637.75,2780168
2025-07-29 14:30:00,637.75,637.86,636.54,636.7,3099736
2025-07-29 15:00:00,636.7,637.01,635.18,635.24,3643783
2025-07-29 15:30:00,635.26,636.21,634.69,635.88,3407588
2025-07-29 16:00:00,635.88,636.04,635.41,635.66,2122651
2025-07-29 16:30:00,635.64,636.225,635.1,636.155,1815877
2025-07-29 17:00:00,636.17,636.56,636.05,636.189,2235138
2025-07-29 17:30:00,636.19,636.39,634.94,635.58,2720990
2025-07-29 18:00:00,635.581,635.76,635.135,635.315,2157482
2025-07-29 18:30:00,635.31,635.86,635.2,635.32,1697051
2025-07-29 19:00:00,635.32,635.61,635.03,635.105,2653337
2025-07-29 19:30:00,635.105,635.4,634.335,635.26,8722064
2025-07-29 20:00:00,635.26,635.26,635.26,635.26,0
2025-07-30 13:30:00,635.92,636.23,635.29,635.71,4167219
2025-07-30 14:00:00,635.71,636.665,635.39,636.37,2484942
2025-07-30 14:30:00,636.36,636.82,636.195,636.26,2083412
2025-07-30 15:00:00,636.28,636.36,635.0,635.32,2620500
2025-07-30 15:30:00,635.325,636.175,635.09,636.175,1618487
2025-07-30 16:00:00,636.17,636.72,635.99,636.61,2116180
2025-07-30 16:30:00,636.62,637.34,636.24,636.475,1380158
2025-07-30 17:00:00,636.465,636.66,636.145,636.2,1072439
2025-07-30 17:30:00,636.21,636.95,636.115,636.64,1660736
2025-07-30 18:00:00,636.64,637.11,636.01,636.8,2670517
2025-07-30 18:30:00,636.79,637.68,632.59,632.73,8160313
2025-07-30 19:00:00,632.7,633.99,631.54,632.15,8749893
2025-07-30 19:30:00,632.15,634.635,631.61,634.46,11454920
2025-07-30 20:00:00,634.46,634.46,634.46,634.46,0
2025-07-31 13:30:00,639.455,639.85,637.69,639.445,8732572
2025-07-31 14:00:00,639.435,639.809,638.495,638.81,4458569
2025-07-31 14:30:00,638.801,639.15,636.51,636.61,4437239
2025-07-31 15:00:00,636.61,637.38,635.06,636.2,4833231
2025-07-31 15:30:00,636.21,637.55,636.11,637.52,2924079
2025-07-31 16:00:00,637.53,638.23,637.21,638.08,2211588
2025-07-31 16:30:00,638.08,638.31,637.51,637.77,2479356
2025-07-31 17:00:00,637.77,637.79,634.41,634.83,3617175
2025-07-31 17:30:00,634.83,635.655,633.065,633.36,5564728
2025-07-31 18:00:00,633.34,634.26,631.43,634.16,6054004
2025-07-31 18:30:00,634.18,635.125,634.04,634.34,3774800
2025-07-31 19:00:00,634.35,634.85,632.62,632.925,4935322
2025-07-31 19:30:00,632.92,633.68,630.765,632.08,17027268
2025-07-31 20:00:00,632.08,632.08,632.08,632.08,0
2025-08-01 13:30:00,626.3,626.34,621.1,621.17,11857043
2025-08-01 14:00:00,621.15,623.52,619.65,623.35,9669256
2025-08-01 14:30:00,623.35,624.07,621.78,621.97,7768843
2025-08-01 15:00:00,621.96,622.979,621.39,621.51,5667889
2025-08-01 15:30:00,621.5,624.035,621.38,623.93,5233628
2025-08-01 16:00:00,623.93,624.965,623.918,624.23,5112418
2025-08-01 16:30:00,624.23,624.46,621.2,621.37,6947867
2025-08-01 17:00:00,621.38,621.79,620.335,620.51,6782959
2025-08-01 17:30:00,620.52,621.41,620.21,620.67,5191657
2025-08-01 18:00:00,620.66,621.81,619.29,621.64,5671261
2025-08-01 18:30:00,621.64,623.11,620.95,621.38,6791978
2025-08-01 19:00:00,621.37,622.3,620.97,621.78,7459723
2025-08-01 19:30:00,621.78,623.3,620.84,621.72,16003664
2025-08-01 20:00:00,621.72,621.72,621.72,621.72,0
2025-08-04 13:30:00,625.67,629.205,625.58,629.14,8130579
2025-08-04 14:00:00,629.14,629.53,628.27,629.43,4156283
2025-08-04 14:30:00,629.43,629.7,628.46,629.158,4449345
2025-08-04 15:00:00,629.14,629.56,628.65,628.98,3064167
2025-08-04 15:30:00,628.97,630.05,628.59,629.92,3090679
2025-08-04 16:00:00,629.92,630.17,629.62,629.73,2404760
2025-08-04 16:30:00,629.735,630.45,629.68,630.17,1989875
2025-08-04 17:00:00,630.17,630.52,630.06,630.315,1958599
2025-08-04 17:30:00,630.32,630.49,629.39,629.76,2365280
2025-08-04 18:00:00,629.765,630.315,629.73,630.0,2839973
2025-08-04 18:30:00,629.99,630.4,629.775,629.895,2129577
2025-08-04 19:00:00,629.89,630.75,629.74,630.31,4035588
2025-08-04 19:30:00,630.305,631.215,629.921,631.11,9891930
2025-08-04 20:00:00,631.17,631.17,631.17,631.17,0
2025-08-05 13:30:00,631.79,632.605,631.17,631.24,4775946
2025-08-05 14:00:00,631.16,631.44,629.19,629.85,4843610
2025-08-05 14:30:00,629.84,629.84,627.04,627.88,6686902
2025-08-05 15:00:00,627.88,628.67,627.43,627.925,3703593
2025-08-05 15:30:00,627.915,628.395,627.16,628.055,2771289
2025-08-05 16:00:00,628.05,629.185,627.96,629.019,2252022
2025-08-05 16:30:00,629.015,629.8,627.8,628.88,3074121
2025-08-05 17:00:00,628.88,629.825,628.68,629.708,1465582
2025-08-05 17:30:00,629.72,630.32,629.52,630.13,1880783
2025-08-05 18:00:00,630.14,630.225,628.531,628.54,3323979
2025-08-05 18:30:00,628.55,629.01,627.87,628.44,2804398
2025-08-05 19:00:00,628.43,629.11,628.36,628.98,2653147
2025-08-05 19:30:00,628.99,629.04,627.81,627.97,7160606
2025-08-05 20:00:00,627.97,627.97,627.97,627.97,0
2025-08-06 13:30:00,629.05,629.98,628.27,628.95,5377165
2025-08-06 14:00:00,628.95,630.61,628.13,628.755,3964516
2025-08-06 14:30:00,628.75,631.01,628.38,630.98,3329283
2025-08-06 15:00:00,630.97,632.05,630.41,631.915,3139378
2025-08-06 15:30:00,631.915,632.91,631.16,632.68,3553443
2025-08-06 16:00:00,632.705,632.85,632.18,632.39,1885896
2025-08-06 16:30:00,632.38,632.98,631.85,632.24,1958318
2025-08-06 17:00:00,632.23,632.63,631.94,632.297,1474867
2025-08-06 17:30:00,632.31,632.7,632.0,632.235,1640987
2025-08-06 18:00:00,632.235,633.11,632.18,632.915,1883593
2025-08-06 18:30:00,632.92,633.19,632.49,632.59,1961972
2025-08-06 19:00:00,632.6,633.16,632.56,633.02,2340044
2025-08-06 19:30:00,633.02,633.44,632.39,632.78,10128181
2025-08-06 20:00:00,632.78,632.78,632.78,632.78,0
2025-08-07 13:30:00,636.24,636.98,635.3,636.56,6212052
2025-08-07 14:00:00,636.56,636.82,633.12,633.77,5768402
2025-08-07 14:30:00,633.77,634.235,632.39,632.75,4343523
2025-08-07 15:00:00,632.753,633.14,631.76,631.93,3586517
2025-08-07 15:30:00,631.945,632.44,631.35,631.84,3000389
2025-08-07 16:00:00,631.839,632.6,631.132,632.21,2586190
2025-08-07 16:30:00,632.21,632.61,630.07,631.24,3852436
2025-08-07 17:00:00,631.24,631.87,630.0,630.05,3137383
2025-08-07 17:30:00,630.05,631.08,629.69,630.757,3172570
2025-08-07 18:00:00,630.76,631.04,629.11,629.77,3273262
2025-08-07 18:30:00,629.77,630.87,629.46,630.531,2469572
2025-08-07 19:00:00,630.56,630.79,630.01,630.37,2688542
2025-08-07 19:30:00,630.38,632.36,630.26,632.25,7690926
2025-08-07 20:00:00,632.25,632.25,632.25,632.25,0
2025-08-08 13:30:00,634.06,635.95,633.74,635.95,5544027
2025-08-08 14:00:00,635.94,636.78,635.755,636.44,4275842
2025-08-08 14:30:00,636.45,637.04,635.7,635.83,3191520
2025-08-08 15:00:00,635.84,636.48,635.57,635.995,2525818
2025-08-08 15:30:00,636.0,636.445,634.86,636.335,2881180
2025-08-08 16:00:00,636.345,637.36,636.28,636.895,2329622
2025-08-08 16:30:00,636.895,637.12,636.44,636.55,1773386
2025-08-08 17:00:00,636.55,636.85,636.125,636.391,1793375
2025-08-08 17:30:00,636.39,637.33,636.38,637.229,1533349
2025-08-08 18:00:00,637.23,637.645,636.94,637.22,2030635
2025-08-08 18:30:00,637.215,637.515,637.21,637.225,2232002
2025-08-08 19:00:00,637.23,637.625,637.04,637.235,2850605
2025-08-08 19:30:00,637.24,637.27,636.05,637.15,8908245
2025-08-08 20:00:00,637.18,637.18,637.18,637.18,0
2025-08-11 13:30:00,637.46,637.76,636.88,637.7,4305488
2025-08-11 14:00:00,637.69,637.97,637.2,637.25,2853764
2025-08-11 14:30:00,637.245,637.43,636.57,636.76,2455249
2025-08-11 15:00:00,636.76,637.3,636.53,637.07,1979401
2025-08-11 15:30:00,637.08,637.89,636.79,637.86,2033182
2025-08-11 16:00:00,637.87,638.95,637.79,638.55,2823008
2025-08-11 16:30:00,638.55,638.61,637.305,637.32,2190016
2025-08-11 17:00:00,637.33,637.61,636.91,637.18,1645057
2025-08-11 17:30:00,637.186,637.42,636.4,636.85,2163089
2025-08-11 18:00:00,636.84,636.88,636.28,636.505,3182758
2025-08-11 18:30:00,636.51,636.88,635.56,636.48,2487880
2025-08-11 19:00:00,636.475,636.64,635.995,636.28,1627246
2025-08-11 19:30:00,636.28,636.38,634.66,635.92,11021846
2025-08-11 20:00:00,635.92,635.92,635.92,635.92,0
2025-08-12 13:30:00,638.29,639.875,636.97,637.17,8371377
2025-08-12 14:00:00,637.18,639.551,636.79,639.33,4228287
2025-08-12 14:30:00,639.329,640.23,638.86,639.879,3185540
2025-08-12 15:00:00,639.89,641.03,639.825,640.53,3708769
2025-08-12 15:30:00,640.53,641.27,640.31,641.19,2596133
2025-08-12 16:00:00,641.18,641.5,640.86,641.38,1770145
2025-08-12 16:30:00,641.38,641.99,641.37,641.705,1951762
2025-08-12 17:00:00,641.7,641.845,641.435,641.54,1551363
2025-08-12 17:30:00,641.55,642.145,641.425,642.085,1613176
2025-08-12 18:00:00,642.09,642.615,642.086,642.248,2148457
2025-08-12 18:30:00,642.245,642.3,641.975,642.01,1986522
2025-08-12 19:00:00,642.015,642.43,641.99,642.325,2308169
2025-08-12 19:30:00,642.325,642.85,641.98,642.69,9227121
2025-08-12 20:00:00,642.69,642.69,642.69,642.69,0
2025-08-13 13:30:00,644.91,646.19,644.49,645.59,5821952
2025-08-13 14:00:00,645.58,645.719,643.99,644.244,4315782
2025-08-13 14:30:00,644.25,644.405,643.58,643.81,3377278
2025-08-13 15:00:00,643.81,644.11,643.07,643.69,3414308
2025-08-13 15:30:00,643.69,644.255,643.34,643.45,2236078
2025-08-13 16:00:00,643.42,643.915,643.23,643.26,1426714
2025-08-13 16:30:00,643.27,643.56,642.68,643.007,1745728
2025-08-13 17:00:00,643.01,643.7,642.7,643.659,1965303
2025-08-13 17:30:00,643.65,643.76,642.775,643.525,1690301
2025-08-13 18:00:00,643.526,644.2,643.39,643.905,1858833
2025-08-13 18:30:00,643.91,644.31,643.24,643.992,2252405
2025-08-13 19:00:00,643.99,644.73,643.831,644.32,2612597
2025-08-13 19:30:00,644.32,645.1,643.91,644.89,7485236
2025-08-13 20:00:00,644.89,644.89,644.89,644.89,0
2025-08-14 13:30:00,642.79,644.25,642.34,644.068,5782331
2025-08-14 14:00:00,644.079,644.615,643.7,644.24,2693979
2025-08-14 14:30:00,644.26,645.545,644.21,644.74,2969024
2025-08-14 15:00:00,644.745,644.79,642.96,643.31,2848389
2025-08-14 15:30:00,643.309,644.22,642.98,644.05,2535495
2025-08-14 16:00:00,644.05,644.09,642.665,643.11,2036799
2025-08-14 16:30:00,643.11,644.26,642.985,644.18,1510136
2025-08-14 17:00:00,644.18,645.05,644.09,645.01,1676115
2025-08-14 17:30:00,645.02,645.06,644.25,644.68,1598286
2025-08-14 18:00:00,644.69,644.725,643.91,644.05,2384547
2025-08-14 18:30:00,644.04,644.95,643.95,644.58,2306597
2025-08-14 19:00:00,644.59,645.49,644.48,645.01,3070856
2025-08-14 19:30:00,645.0,645.62,644.84,644.94,7086848
2025-08-14 20:00:00,644.95,644.95,644.95,644.95,0
2025-08-15 13:30:00,645.99,646.09,643.26,643.415,5155207
2025-08-15 14:00:00,643.47,644.65,643.21,644.17,3343984
2025-08-15 14:30:00,644.165,644.33,643.37,643.53,2230587
2025-08-15 15:00:00,643.53,644.28,643.26,643.49,2140075
2025-08-15 15:30:00,643.48,644.14,642.515,643.37,3050190
2025-08-15 16:00:00,643.37,643.94,643.08,643.33,2142130
2025-08-15 16:30:00,643.325,644.28,643.3,644.06,1813680
2025-08-15 17:00:00,644.06,644.296,643.74,644.165,1852565
2025-08-15 17:30:00,644.16,644.81,644.12,644.72,2001172
2025-08-15 18:00:00,644.72,644.88,643.98,644.52,2689933
2025-08-15 18:30:00,644.52,644.64,643.81,644.255,2130178
2025-08-15 19:00:00,644.25,644.28,643.32,643.8,3185120
2025-08-15 19:30:00,643.8,644.13,643.13,643.44,7281299
2025-08-15 20:00:00,643.44,643.44,643.44,643.44,0
2025-08-18 13:30:00,642.86,643.8,642.53,642.74,4473227
2025-08-18 14:00:00,642.75,643.935,642.71,642.92,2717238
2025-08-18 14:30:00,642.89,643.43,642.3,643.22,2327256
2025-08-18 15:00:00,643.25,643.44,642.6,642.75,1679983
2025-08-18 15:30:00,642.75,643.039,642.5,642.725,1213284
2025-08-18 16:00:00,642.725,643.28,642.69,643.123,1188935
2025-08-18 16:30:00,643.13,643.36,642.18,642.49,1379681
2025-08-18 17:00:00,642.5,643.2,642.48,643.165,1163391
2025-08-18 17:30:00,643.16,643.815,642.651,642.79,1841467
2025-08-18 18:00:00,642.78,643.01,642.44,642.75,1448756
2025-08-18 18:30:00,642.75,643.56,642.75,643.405,2034013
2025-08-18 19:00:00,643.41,643.56,643.06,643.24,1888412
2025-08-18 19:30:00,643.235,644.0,643.145,643.3,5677157
2025-08-18 20:00:00,643.3,643.3,643.3,643.3,0
2025-08-19 13:30:00,643.12,643.43,641.99,642.88,5721994
2025-08-19 14:00:00,642.89,644.105,642.82,643.05,3746481
2025-08-19 14:30:00,643.04,643.54,641.2,641.255,4995702
2025-08-19 15:00:00,641.25,641.695,640.47,641.57,3443938
2025-08-19 15:30:00,641.59,641.91,640.62,640.73,2392914
2025-08-19 16:00:00,640.73,641.1,640.17,640.325,2274039
2025-08-19 16:30:00,640.33,640.625,639.331,639.71,2987135
2025-08-19 17:00:00,639.71,639.86,638.805,639.68,2886674
2025-08-19 17:30:00,639.695,640.11,639.625,639.84,1867024
2025-08-19 18:00:00,639.83,639.88,638.82,639.07,2309741
2025-08-19 18:30:00,639.071,639.28,638.66,639.03,2230877
2025-08-19 19:00:00,639.02,639.25,638.48,639.21,3702839
2025-08-19 19:30:00,639.22,639.91,638.715,639.81,9386732
2025-08-19 20:00:00,639.81,639.81,639.81,639.81,0
2025-08-20 13:30:00,639.4,639.66,634.96,635.31,10776693
2025-08-20 14:00:00,635.3,636.29,633.67,633.94,7607946
2025-08-20 14:30:00,633.93,634.42,632.95,633.18,4231995
2025-08-20 15:00:00,633.19,636.43,633.185,636.34,4588336
2025-08-20 15:30:00,636.34,636.9,634.72,635.18,3314391
2025-08-20 16:00:00,635.19,637.476,635.075,637.43,3199923
2025-08-20 16:30:00,637.42,637.45,635.93,636.22,2311479
2025-08-20 17:00:00,636.25,637.21,636.13,636.57,1689731
2025-08-20 17:30:00,636.57,637.96,636.51,637.18,1771932
2025-08-20 18:00:00,637.185,637.33,635.21,635.82,3718650
2025-08-20 18:30:00,635.81,637.38,635.75,636.73,2816621
2025-08-20 19:00:00,636.72,638.87,636.71,638.27,3858203
2025-08-20 19:30:00,638.275,639.06,637.805,638.11,8505262
2025-08-20 20:00:00,638.11,638.11,638.11,638.11,0
2025-08-21 13:30:00,636.28,636.51,634.31,635.06,5770775
2025-08-21 14:00:00,635.03,637.97,634.6,637.83,3072768
2025-08-21 14:30:00,637.84,637.885,636.1,637.21,1839774
2025-08-21 15:00:00,637.21,637.44,635.3,636.69,2350587
2025-08-21 15:30:00,636.75,637.59,635.43,635.62,1867056
2025-08-21 16:00:00,635.61,635.89,634.96,635.22,2162084
2025-08-21 16:30:00,635.251,636.0,634.67,634.88,1549987
2025-08-21 17:00:00,634.88,635.467,633.81,634.395,2014167
2025-08-21 17:30:00,634.41,636.2,634.34,635.87,2112936
2025-08-21 18:00:00,635.86,636.19,635.435,635.522,1494322
2025-08-21 18:30:00,635.525,636.27,635.09,636.045,1975538
2025-08-21 19:00:00,636.06,636.52,635.89,635.92,1936199
2025-08-21 19:30:00,635.915,635.98,635.08,635.55,7121379
2025-08-21 20:00:00,635.55,635.55,635.55,635.55,0
2025-08-22 13:30:00,637.76,639.72,637.25,638.91,5455969
2025-08-22 14:00:00,638.77,645.55,638.67,644.25,14148867
2025-08-22 14:30:00,644.27,646.17,644.214,645.69,4978629
2025-08-22 15:00:00,645.68,646.27,645.47,645.98,4435817
2025-08-22 15:30:00,645.98,646.5,645.3,645.439,3152324
2025-08-22 16:00:00,645.44,645.91,644.695,644.8,2712407
2025-08-22 16:30:00,644.81,645.441,644.295,644.78,1627182
2025-08-22 17:00:00,644.77,646.26,644.75,646.16,2468526
2025-08-22 17:30:00,646.17,646.4,645.69,645.8,1777841
2025-08-22 18:00:00,645.81,646.04,645.285,645.43,2373000
2025-08-22 18:30:00,645.42,645.86,645.255,645.47,2597832
2025-08-22 19:00:00,645.47,645.64,645.052,645.08,3170088
2025-08-22 19:30:00,645.065,645.455,644.295,645.3,12791187
2025-08-22 20:00:00,645.31,645.31,645.31,645.31,0
2025-08-25 13:30:00,644.04,644.369,643.41,644.34,5454796
2025-08-25 14:00:00,644.34,644.67,643.76,644.13,3406053
2025-08-25 14:30:00,644.13,644.46,643.74,644.38,2113463
2025-08-25 15:00:00,644.38,645.05,644.23,644.91,2018887
2025-08-25 15:30:00,644.92,645.065,644.505,644.96,1688059
2025-08-25 16:00:00,644.965,645.145,644.79,644.91,1449666
2025-08-25 16:30:00,644.915,645.29,644.82,644.985,1299328
2025-08-25 17:00:00,644.98,645.015,644.41,644.65,1474966
2025-08-25 17:30:00,644.64,644.82,644.025,644.495,1692465
2025-08-25 18:00:00,644.495,644.565,643.94,644.2,1835262
2025-08-25 18:30:00,644.19,644.28,643.895,643.96,1563320
2025-08-25 19:00:00,643.96,644.15,643.62,643.69,2422316
2025-08-25 19:30:00,643.7,643.84,642.35,642.47,7702148
2025-08-25 20:00:00,642.47,642.47,642.47,642.47,0
2025-08-26 13:30:00,642.2,642.85,641.57,642.49,4357176
2025-08-26 14:00:00,642.56,643.27,642.38,643.069,2958645
2025-08-26 14:30:00,643.08,643.18,642.49,642.68,1917265
2025-08-26 15:00:00,642.68,642.88,642.295,642.43,1643234
2025-08-26 15:30:00,642.41,642.91,642.291,642.78,1038484
2025-08-26 16:00:00,642.8,643.55,642.8,643.33,1642798
2025-08-26 16:30:00,643.33,643.5,643.1,643.281,1041533
2025-08-26 17:00:00,643.28,643.59,642.89,643.53,1136704
2025-08-26 17:30:00,643.531,643.581,642.435,642.865,1490000
2025-08-26 18:00:00,642.84,643.53,642.79,643.52,1493417
2025-08-26 18:30:00,643.53,644.09,643.51,643.87,1845035
2025-08-26 19:00:00,643.87,644.71,643.615,644.54,2665988
2025-08-26 19:30:00,644.54,645.51,643.92,645.02,9372228
2025-08-26 20:00:00,645.16,645.16,645.16,645.16,0
2025-08-27 13:30:00,644.57,645.53,644.42,645.328,4151876
2025-08-27 14:00:00,645.32,646.34,645.26,646.12,2978698
2025-08-27 14:30:00,646.1,646.41,645.75,646.245,2050821
2025-08-27 15:00:00,646.24,646.54,646.18,646.305,1548664
2025-08-27 15:30:00,646.3,646.69,645.91,646.54,1683610
2025-08-27 16:00:00,646.535,646.6,645.48,645.94,1672728
2025-08-27 16:30:00,645.94,646.53,645.38,646.28,1911622
2025-08-27 17:00:00,646.28,646.55,646.04,646.45,1513826
2025-08-27 17:30:00,646.44,646.82,646.44,646.75,1171093
2025-08-27 18:00:00,646.74,647.355,646.58,647.23,2134541
2025-08-27 18:30:00,647.24,647.31,647.01,647.02,1518403
2025-08-27 19:00:00,647.03,647.058,645.82,646.69,3261727
2025-08-27 19:30:00,646.69,647.37,646.56,646.57,5889606
2025-08-27 20:00:00,646.63,646.63,646.63,646.63,0
2025-08-28 13:30:00,647.24,648.09,645.34,646.06,6466086
2025-08-28 14:00:00,646.05,646.68,645.58,646.03,3082279
2025-08-28 14:30:00,646.03,647.17,645.94,646.875,2598028
2025-08-28 15:00:00,646.89,647.656,646.08,646.27,2604427
2025-08-28 15:30:00,646.275,647.19,646.275,647.067,1851304
2025-08-28 16:00:00,647.065,648.42,646.94,648.16,2116919
2025-08-28 16:30:00,648.165,648.365,647.62,647.68,1711035
2025-08-28 17:00:00,647.675,648.15,647.45,648.13,1453723
2025-08-28 17:30:00,648.115,648.515,648.075,648.376,1808738
2025-08-28 18:00:00,648.38,648.68,648.315,648.65,2070693
2025-08-28 18:30:00,648.65,649.055,648.63,648.98,2826201
2025-08-28 19:00:00,648.98,649.25,648.84,648.935,2382853
2025-08-28 19:30:00,648.93,649.48,648.73,648.934,9009577
2025-08-28 20:00:00,648.92,648.92,648.92,648.92,0
2025-08-29 13:30:00,647.47,647.84,645.34,645.497,6786141
2025-08-29 14:00:00,645.49,646.063,643.63,644.625,7012742
2025-08-29 14:30:00,644.63,645.11,643.14,643.735,3865988
2025-08-29 15:00:00,643.739,644.77,643.68,644.439,2261483
2025-08-29 15:30:00,644.47,644.55,643.71,643.76,2061041
2025-08-29 16:00:00,643.76,644.76,643.75,644.21,1856110
2025-08-29 16:30:00,644.21,645.04,644.2,644.7,1615108
2025-08-29 17:00:00,644.7,644.7,643.46,643.99,2367828
2025-08-29 17:30:00,643.995,645.014,643.84,644.64,1938608
2025-08-29 18:00:00,644.63,644.7,644.17,644.29,1814933
2025-08-29 18:30:00,644.3,644.74,644.172,644.48,1562515
2025-08-29 19:00:00,644.47,644.99,644.305,644.63,3057409
2025-08-29 19:30:00,644.64,645.17,643.76,645.15,13654274
2025-08-29 20:00:00,645.05,645.05,645.05,645.05,0
2025-09-02 13:30:00,637.5,639.36,636.05,639.33,9839996
2025-09-02 14:00:00,639.25,640.14,638.18,639.35,4180712
2025-09-02 14:30:00,639.35,639.63,637.23,637.65,3288622
2025-09-02 15:00:00,637.66,637.94,636.17,636.5,2714375
2025-09-02 15:30:00,636.51,636.515,634.92,635.19,3122462
2025-09-02 16:00:00,635.21,636.07,635.03,635.62,2292874
2025-09-02 16:30:00,635.63,636.97,635.61,636.91,2234357
2025-09-02 17:00:00,636.91,637.85,636.53,637.63,2271405
2025-09-02 17:30:00,637.65,639.035,637.63,638.3,3005200
2025-09-02 18:00:00,638.28,638.81,637.65,637.71,1752594
2025-09-02 18:30:00,637.72,638.94,637.32,638.1,2611655
2025-09-02 19:00:00,638.1,639.31,638.08,639.125,2629323
2025-09-02 19:30:00,639.13,640.49,639.04,640.365,11704924
2025-09-02 20:00:00,640.27,640.27,640.27,640.27,0
2025-09-03 13:30:00,642.67,643.23,641.83,642.055,6868359
2025-09-03 14:00:00,642.03,643.22,641.59,642.415,4359035
2025-09-03 14:30:00,642.41,644.16,642.39,643.99,3421698
2025-09-03 15:00:00,643.99,644.21,642.29,642.45,3135565
2025-09-03 15:30:00,642.44,642.97,642.12,642.32,2605513
2025-09-03 16:00:00,642.31,643.125,641.995,642.44,1959290
2025-09-03 16:30:00,642.45,642.52,641.43,641.825,2342647
2025-09-03 17:00:00,641.82,642.85,641.82,642.255,1827868
2025-09-03 17:30:00,642.25,642.43,640.625,640.971,2753044
2025-09-03 18:00:00,640.99,641.29,640.54,641.091,2360720
2025-09-03 18:30:00,641.1,641.28,640.46,640.86,2480145
2025-09-03 19:00:00,640.86,641.2,640.56,641.035,2398530
2025-09-03 19:30:00,641.04,643.74,641.01,643.6,11954355
2025-09-03 20:00:00,643.74,643.74,643.74,643.74,0
2025-09-04 13:30:00,644.42,645.3,644.19,645.018,5133033
2025-09-04 14:00:00,644.8,645.11,643.51,644.86,4663961
2025-09-04 14:30:00,644.86,645.78,644.84,645.65,3395978
2025-09-04 15:00:00,645.66,646.435,645.31,646.255,2924893
2025-09-04 15:30:00,646.26,646.59,645.82,646.2,2064286
2025-09-04 16:00:00,646.2,646.56,645.83,645.941,1636812
2025-09-04 16:30:00,645.945,646.5,645.81,645.94,1575871
2025-09-04 17:00:00,645.95,646.97,645.92,646.879,1824504
2025-09-04 17:30:00,646.88,647.462,646.59,647.142,2151753
2025-09-04 18:00:00,647.15,647.61,647.15,647.23,1896618
2025-09-04 18:30:00,647.24,647.68,647.08,647.63,1888470
2025-09-04 19:00:00,647.62,648.25,647.595,647.891,3067080
2025-09-04 19:30:00,647.89,649.15,647.81,649.05,11308704
2025-09-04 20:00:00,649.12,649.12,649.12,649.12,0
2025-09-05 13:30:00,651.48,652.21,650.54,651.06,7691116
2025-09-05 14:00:00,651.03,651.03,646.05,646.505,7815321
2025-09-05 14:30:00,646.53,646.66,644.09,644.21,7105321
2025-09-05 15:00:00,644.18,646.28,643.33,646.221,4881870
2025-09-05 15:30:00,646.23,646.9,645.34,645.705,3648140
2025-09-05 16:00:00,645.71,646.75,645.29,645.75,2664027
2025-09-05 16:30:00,645.79,646.47,645.23,646.44,2319052
2025-09-05 17:00:00,646.42,646.55,645.37,645.665,2354048
2025-09-05 17:30:00,645.67,646.06,644.61,645.141,2504138
2025-09-05 18:00:00,645.16,645.99,644.9,645.708,2639442
2025-09-05 18:30:00,645.75,646.31,645.735,646.27,2315504
2025-09-05 19:00:00,646.265,647.41,645.9,647.168,3685185
2025-09-05 19:30:00,647.16,647.27,646.15,647.21,8561804
2025-09-05 20:00:00,647.24,647.24,647.24,647.24,0
2025-09-08 13:30:00,648.62,649.06,648.054,648.355,5942714
2025-09-08 14:00:00,648.355,648.9,647.75,648.773,3432715
2025-09-08 14:30:00,648.78,649.765,648.66,649.35,2821561
2025-09-08 15:00:00,649.35,649.81,649.14,649.765,2318855
2025-09-08 15:30:00,649.78,649.84,648.5,649.36,2335854
2025-09-08 16:00:00,649.36,649.4,648.38,648.62,1870985
2025-09-08 16:30:00,648.63,648.805,647.78,648.55,1997319
2025-09-08 17:00:00,648.54,648.76,647.99,648.51,1512833
2025-09-08 17:30:00,648.51,648.68,647.23,647.576,1506982
2025-09-08 18:00:00,647.57,648.51,647.36,648.405,2257244
2025-09-08 18:30:00,648.4,648.58,647.91,648.19,1922976
2025-09-08 19:00:00,648.19,648.237,647.335,647.61,3219842
2025-09-08 19:30:00,647.625,648.88,647.47,648.83,10443198
2025-09-08 20:00:00,648.83,648.83,648.83,648.83,0
2025-09-09 13:30:00,648.97,649.495,648.54,649.04,4298422
2025-09-09 14:00:00,649.05,649.73,648.43,648.74,4552421
2025-09-09 14:30:00,648.73,648.805,647.22,648.35,4664826
2025-09-09 15:00:00,648.375,648.835,647.79,648.75,2556024
2025-09-09 15:30:00,648.76,648.825,648.04,648.28,2140042
2025-09-09 16:00:00,648.28,649.06,648.17,648.855,2195254
2025-09-09 16:30:00,648.85,649.21,648.765,649.03,1743531
2025-09-09 17:00:00,649.035,649.8,649.02,649.565,2475621
2025-09-09 17:30:00,649.565,649.98,649.48,649.78,1784667
2025-09-09 18:00:00,649.8,649.99,649.57,649.84,1849263
2025-09-09 18:30:00,649.83,650.1,649.615,649.85,2054241
2025-09-09 19:00:00,649.845,650.14,649.55,650.065,2374638
2025-09-09 19:30:00,650.07,650.86,649.695,650.37,7425041
2025-09-09 20:00:00,650.33,650.33,650.33,650.33,0
2025-09-10 13:30:00,653.62,653.885,652.68,653.562,7872458
2025-09-10 14:00:00,653.565,654.55,653.48,653.895,4632928
2025-09-10 14:30:00,653.885,654.03,653.305,653.42,3571118
2025-09-10 15:00:00,653.41,653.615,652.46,652.85,4131612
2025-09-10 15:30:00,652.86,653.63,652.34,653.325,2618593
2025-09-10 16:00:00,653.325,653.41,652.62,652.65,1698078
2025-09-10 16:30:00,652.66,653.03,652.16,652.91,1751106
2025-09-10 17:00:00,652.9,653.46,652.11,652.275,2090080
2025-09-10 17:30:00,652.27,652.72,651.94,652.31,2137900
2025-09-10 18:00:00,652.32,652.41,651.4,651.66,2870095
2025-09-10 18:30:00,651.67,652.13,651.39,651.99,3084349
2025-09-10 19:00:00,651.999,652.14,650.63,650.86,4252621
2025-09-10 19:30:00,650.85,652.7,650.69,652.21,9753290
2025-09-10 20:00:00,652.21,652.21,652.21,652.21,0
2025-09-11 13:30:00,654.18,655.63,653.59,655.615,7127805
2025-09-11 14:00:00,655.6,656.25,655.38,655.95,4064825
2025-09-11 14:30:00,655.94,657.0,655.855,656.63,3890308
2025-09-11 15:00:00,656.625,657.59,656.54,657.45,3107653
2025-09-11 15:30:00,657.45,657.8,656.64,657.21,2709155
2025-09-11 16:00:00,657.22,657.72,657.11,657.38,2057061
2025-09-11 16:30:00,657.37,657.536,656.855,657.12,1558433
2025-09-11 17:00:00,657.12,657.555,656.88,657.115,1792256
2025-09-11 17:30:00,657.12,657.58,657.01,657.58,1636588
2025-09-11 18:00:00,657.58,657.66,657.17,657.33,2822594
2025-09-11 18:30:00,657.33,657.735,657.16,657.505,2186951
2025-09-11 19:00:00,657.515,657.83,657.4,657.74,3013345
2025-09-11 19:30:00,657.745,658.33,657.465,657.63,10674529
2025-09-11 20:00:00,657.63,657.63,657.63,657.63,0
2025-09-12 13:30:00,657.6,658.068,657.145,657.64,5850825
2025-09-12 14:00:00,657.66,658.2,657.32,657.96,3574897
2025-09-12 14:30:00,657.97,658.48,657.685,658.385,2610580
2025-09-12 15:00:00,658.395,658.435,657.62,657.64,2322630
2025-09-12 15:30:00,657.63,657.815,657.21,657.6,2189666
2025-09-12 16:00:00,657.6,658.06,657.31,658.06,1893848
2025-09-12 16:30:00,658.066,658.2,657.65,658.08,2086578
2025-09-12 17:00:00,658.08,658.28,657.795,658.1,1852059
2025-09-12 17:30:00,658.095,658.461,657.9,658.385,1929774
2025-09-12 18:00:00,658.38,658.565,658.23,658.51,2435975
2025-09-12 18:30:00,658.515,659.11,658.32,658.795,3648227
2025-09-12 19:00:00,658.795,658.945,658.07,658.14,4595523
2025-09-12 19:30:00,658.15,658.33,656.9,657.41,13885948
2025-09-12 20:00:00,657.41,657.41,657.41,657.41,0
2025-09-15 13:30:00,659.64,660.73,659.475,660.72,6964338
2025-09-15 14:00:00,660.72,660.735,659.98,660.69,3608176
2025-09-15 14:30:00,660.7,661.04,660.33,661.03,3481484
2025-09-15 15:00:00,661.02,661.04,660.23,660.365,2905555
2025-09-15 15:30:00,660.365,660.82,660.24,660.605,2171868
2025-09-15 16:00:00,660.62,660.89,660.44,660.62,2006623
2025-09-15 16:30:00,660.625,660.88,660.07,660.125,1945534
2025-09-15 17:00:00,660.12,660.385,659.53,659.72,2608785
2025-09-15 17:30:00,659.73,660.66,659.72,660.59,2392577
2025-09-15 18:00:00,660.58,660.6,659.88,659.89,2451753
2025-09-15 18:30:00,659.89,660.105,659.34,659.99,3091431
2025-09-15 19:00:00,659.999,660.16,659.7,660.03,2722612
2025-09-15 19:30:00,660.04,660.91,659.76,660.91,9684884
2025-09-15 20:00:00,660.91,660.91,660.91,660.91,0
2025-09-16 13:30:00,661.47,661.78,660.03,660.2,6810374
2025-09-16 14:00:00,660.2,660.518,659.63,659.91,4873153
2025-09-16 14:30:00,659.91,660.3,659.71,659.89,2483785
2025-09-16 15:00:00,659.89,660.115,659.39,659.601,2642206
2025-09-16 15:30:00,659.6,659.945,659.21,659.655,2418941
2025-09-16 16:00:00,659.655,659.96,659.53,659.88,1442375
2025-09-16 16:30:00,659.88,660.08,659.48,659.905,1691585
2025-09-16 17:00:00,659.91,660.44,659.908,660.279,1531151
2025-09-16 17:30:00,660.27,660.36,659.927,660.18,1581803
2025-09-16 18:00:00,660.17,660.405,660.03,660.205,1564750
2025-09-16 18:30:00,660.21,660.74,660.095,660.6,2061431
2025-09-16 19:00:00,660.6,660.73,660.03,660.165,2765598
2025-09-16 19:30:00,660.16,660.66,659.68,659.94,10274663
2025-09-16 20:00:00,660.0,660.0,660.0,660.0,0
2025-09-17 13:30:00,660.01,660.655,659.64,659.915,5560356
2025-09-17 14:00:00,659.915,659.96,659.09,659.17,3683260
2025-09-17 14:30:00,659.165,659.64,659.04,659.36,2457359
2025-09-17 15:00:00,659.35,659.67,658.865,658.945,1573455
2025-09-17 15:30:00,658.945,659.33,658.875,659.27,1396596
2025-09-17 16:00:00,659.28,659.34,658.73,658.91,1097358
2025-09-17 16:30:00,658.9,658.985,658.13,658.31,1948131
2025-09-17 17:00:00,658.315,658.74,658.31,658.672,1467416
2025-09-17 17:30:00,658.675,659.68,658.665,659.68,2065908
2025-09-17 18:00:00,659.69,661.72,657.13,660.36,11002716
2025-09-17 18:30:00,660.38,660.57,654.3,657.71,13698152
2025-09-17 19:00:00,657.73,660.68,657.505,660.07,9474585
2025-09-17 19:30:00,660.05,660.57,658.5,659.18,10828891
2025-09-17 20:00:00,659.18,659.18,659.18,659.18,0
2025-09-18 13:30:00,661.89,662.44,660.27,662.09,10769884
2025-09-18 14:00:00,662.08,664.51,662.07,664.49,6877091
2025-09-18 14:30:00,664.48,664.89,662.715,662.76,4848346
2025-09-18 15:00:00,662.77,663.99,662.6,663.39,3690979
2025-09-18 15:30:00,663.385,663.94,662.175,662.56,2698034
2025-09-18 16:00:00,662.56,663.56,662.31,663.48,2193321
2025-09-18 16:30:00,663.486,664.19,663.44,663.98,2156078
2025-09-18 17:00:00,663.97,664.23,663.265,663.32,2078619
2025-09-18 17:30:00,663.33,663.45,662.52,662.76,2438998
2025-09-18 18:00:00,662.765,663.275,662.59,662.8,2027276
2025-09-18 18:30:00,662.79,663.51,662.34,663.26,2474784
2025-09-18 19:00:00,663.26,663.44,662.665,662.68,3741845
2025-09-18 19:30:00,662.68,663.04,661.955,662.26,12291999
2025-09-18 20:00:00,662.26,662.26,662.26,662.26,0
2025-09-19 13:30:00,662.33,662.7,661.32,662.125,8090484
2025-09-19 14:00:00,662.13,662.4,661.67,661.875,3229278
2025-09-19 14:30:00,661.88,662.21,660.96,661.6,3389325
2025-09-19 15:00:00,661.61,661.945,660.63,660.7,2833472
2025-09-19 15:30:00,660.7,661.615,660.37,661.59,2433049
2025-09-19 16:00:00,661.58,662.68,661.57,662.46,3022592
2025-09-19 16:30:00,662.46,662.76,662.13,662.515,2156998
2025-09-19 17:00:00,662.516,662.66,662.21,662.46,1568501
2025-09-19 17:30:00,662.46,662.89,662.455,662.7,2046014
2025-09-19 18:00:00,662.705,662.83,662.325,662.525,2859046
2025-09-19 18:30:00,662.525,663.11,662.42,663.07,2508853
2025-09-19 19:00:00,663.07,664.05,663.04,663.85,4989312
2025-09-19 19:30:00,663.848,664.55,663.385,663.62,14353976
2025-09-19 20:00:00,663.7,663.7,663.7,663.7,0
2025-09-22 13:30:00,662.2,663.565,662.17,663.43,6410580
2025-09-22 14:00:00,663.431,664.14,663.175,664.07,3966920
2025-09-22 14:30:00,664.06,665.075,663.895,664.96,3659337
2025-09-22 15:00:00,664.965,665.32,664.695,664.93,3010803
2025-09-22 15:30:00,664.94,665.035,664.48,664.585,2252363
2025-09-22 16:00:00,664.585,665.93,664.56,665.855,4409707
2025-09-22 16:30:00,665.859,666.5,665.79,666.405,3459603
2025-09-22 17:00:00,666.408,666.53,666.11,666.49,2037264
2025-09-22 17:30:00,666.495,666.78,666.27,666.36,2258214
2025-09-22 18:00:00,666.36,666.62,666.03,666.55,3195115
2025-09-22 18:30:00,666.55,666.82,666.46,666.78,2068949
2025-09-22 19:00:00,666.785,667.24,666.765,667.135,2661520
2025-09-22 19:30:00,667.13,667.29,666.71,666.84,9173419
2025-09-22 20:00:00,666.795,666.84,666.785,666.84,1100
2025-09-23 13:30:00,666.72,667.34,666.57,666.78,6038930
2025-09-23 14:00:00,666.77,667.245,666.36,666.61,4200636
2025-09-23 14:30:00,666.62,666.76,666.155,666.35,2824140
2025-09-23 15:00:00,666.349,666.47,666.02,666.16,2108698
2025-09-23 15:30:00,666.15,666.24,665.49,665.571,2345432
2025-09-23 16:00:00,665.575,665.69,664.97,665.23,3233399
2025-09-23 16:30:00,665.23,665.84,664.88,665.14,3235866
2025-09-23 17:00:00,665.14,665.25,663.61,663.61,3500027
2025-09-23 17:30:00,663.61,663.85,662.035,663.21,6861715
2025-09-23 18:00:00,663.2,663.38,662.21,662.67,3563212
2025-09-23 18:30:00,662.66,663.32,661.98,662.12,3358039
2025-09-23 19:00:00,662.12,662.81,662.1,662.39,3458367
2025-09-23 19:30:00,662.39,663.54,662.29,663.21,10922301
2025-09-23 20:00:00,663.21,663.21,663.21,663.21,0
2025-09-24 13:30:00,664.51,664.61,662.42,663.015,6310528
2025-09-24 14:00:00,663.01,663.49,662.65,663.17,3755304
2025-09-24 14:30:00,663.16,663.655,662.785,663.02,2670211
2025-09-24 15:00:00,662.99,663.13,662.4,662.665,2044097
2025-09-24 15:30:00,662.67,662.685,660.26,660.38,4263067
2025-09-24 16:00:00,660.37,661.12,659.67,660.92,5204705
2025-09-24 16:30:00,660.92,661.11,660.4,660.51,2050414
2025-09-24 17:00:00,660.5,661.68,660.44,661.38,2370366
2025-09-24 17:30:00,661.379,661.8,660.39,660.54,2815290
2025-09-24 18:00:00,660.55,660.68,659.96,660.39,2974369
2025-09-24 18:30:00,660.39,661.15,660.26,661.112,2689825
2025-09-24 19:00:00,661.12,661.12,660.57,660.802,2249743
2025-09-24 19:30:00,660.8,661.38,660.485,661.1,8816951
2025-09-24 20:00:00,661.1,661.1,661.1,661.1,0
2025-09-25 13:30:00,657.94,657.98,655.08,655.99,10860807
2025-09-25 14:00:00,655.99,659.15,655.58,658.52,7091107
2025-09-25 14:30:00,658.51,659.1,658.24,658.78,3305377
2025-09-25 15:00:00,658.78,658.79,657.19,657.528,3945767
2025-09-25 15:30:00,657.545,659.406,657.475,658.91,3591616
2025-09-25 16:00:00,658.915,659.235,657.94,658.055,2411244
2025-09-25 16:30:00,658.05,658.98,657.59,657.775,2338742
2025-09-25 17:00:00,657.79,658.36,656.57,657.24,2953734
2025-09-25 17:30:00,657.23,657.465,655.51,655.565,3021565
2025-09-25 18:00:00,655.56,657.15,654.405,656.969,6568456
2025-09-25 18:30:00,656.94,658.155,656.66,657.8,4143031
2025-09-25 19:00:00,657.805,658.02,657.055,657.47,3124805
2025-09-25 19:30:00,657.47,658.26,657.04,658.05,7801830
2025-09-25 20:00:00,658.05,658.05,658.05,658.05,0
2025-09-26 13:30:00,659.51,661.9,658.92,661.83,8174053
2025-09-26 14:00:00,661.84,662.37,657.88,658.69,6334356
2025-09-26 14:30:00,658.7,659.96,658.12,658.45,3465455
2025-09-26 15:00:00,658.45,659.93,658.05,659.89,2413679
2025-09-26 15:30:00,659.92,660.06,658.635,658.716,2391836
2025-09-26 16:00:00,658.72,660.76,658.5,660.43,2353614
2025-09-26 16:30:00,660.43,661.495,660.07,661.29,2277360
2025-09-26 17:00:00,661.305,661.74,661.14,661.63,2018997
2025-09-26 17:30:00,661.635,661.755,660.76,661.33,2035646
2025-09-26 18:00:00,661.325,662.02,660.85,661.77,2571681
2025-09-26 18:30:00,661.78,662.14,661.47,661.895,2221379
2025-09-26 19:00:00,661.9,662.01,661.3,661.59,1882116
2025-09-26 19:30:00,661.595,661.95,661.15,661.82,8059855
2025-09-26 20:00:00,661.82,661.82,661.82,661.82,0
2025-09-29 13:30:00,664.36,664.76,663.725,664.61,6495314
2025-09-29 14:00:00,664.62,665.28,663.99,664.76,4245329
2025-09-29 14:30:00,664.75,665.17,664.29,664.47,2764912
2025-09-29 15:00:00,664.47,664.657,663.21,663.525,3844422
2025-09-29 15:30:00,663.535,663.655,662.84,663.33,3170399
2025-09-29 16:00:00,663.305,663.8,662.935,663.475,2251872
2025-09-29 16:30:00,663.5,663.7,662.85,663.065,1484450
2025-09-29 17:00:00,663.08,663.086,662.4,662.56,2386349
2025-09-29 17:30:00,662.57,663.09,662.19,662.96,2669628
2025-09-29 18:00:00,662.95,663.595,662.9,663.46,2509028
2025-09-29 18:30:00,663.46,663.58,663.06,663.34,2474917
2025-09-29 19:00:00,663.34,663.345,661.86,662.64,5401507
2025-09-29 19:30:00,662.64,663.76,662.61,663.68,10979093
2025-09-29 20:00:00,663.68,663.68,663.68,663.68,0
2025-09-30 13:30:00,662.93,663.28,661.969,663.065,5482339
2025-09-30 14:00:00,663.075,663.551,662.235,662.89,3869893
2025-09-30 14:30:00,662.91,663.38,661.691,663.23,3538986
2025-09-30 15:00:00,663.25,663.63,661.61,662.19,2846151
2025-09-30 15:30:00,662.185,663.16,661.89,663.002,2548894
2025-09-30 16:00:00,663.01,664.053,662.59,663.41,2051394
2025-09-30 16:30:00,663.42,663.665,662.615,662.78,1580359
2025-09-30 17:00:00,662.78,662.91,661.78,662.06,2451626
2025-09-30 17:30:00,662.059,663.085,661.812,662.51,2351864
2025-09-30 18:00:00,662.51,664.03,662.425,663.85,3661834
2025-09-30 18:30:00,663.84,664.63,663.6,664.43,2676405
2025-09-30 19:00:00,664.421,665.51,664.36,665.405,4464176
2025-09-30 19:30:00,665.38,666.65,664.85,666.205,19029085
2025-09-30 20:00:00,666.18,666.18,666.18,666.18,0
2025-10-01 13:30:00,663.17,665.39,663.06,663.682,9018852
2025-10-01 14:00:00,663.71,665.71,663.41,665.585,4182780
2025-10-01 14:30:00,665.6,666.06,665.26,665.81,3537509
2025-10-01 15:00:00,665.82,666.44,665.75,666.328,2908154
2025-10-01 15:30:00,666.33,667.18,666.32,667.0,3019978
2025-10-01 16:00:00,667.01,667.16,666.61,666.9,1895100
2025-10-01 16:30:00,666.9,667.035,666.43,666.91,1766033
2025-10-01 17:00:00,666.92,668.09,666.82,667.999,2854743
2025-10-01 17:30:00,668.01,668.035,667.605,667.952,1640891
2025-10-01 18:00:00,667.96,668.935,667.89,668.76,2849116
2025-10-01 18:30:00,668.76,669.35,668.73,669.1,2343186
2025-10-01 19:00:00,669.1,669.37,668.725,669.1,3042767
2025-10-01 19:30:00,669.105,669.26,668.45,668.5,10397374
2025-10-01 20:00:00,668.45,668.45,668.45,668.45,0
2025-10-02 13:30:00,670.45,670.565,668.75,669.3,6932678
2025-10-02 14:00:00,669.28,669.53,668.29,668.735,3459009
2025-10-02 14:30:00,668.752,669.02,667.54,667.56,2930215
2025-10-02 15:00:00,667.56,668.12,667.02,667.61,2867074
2025-10-02 15:30:00,667.6,668.42,666.78,668.305,2107782
2025-10-02 16:00:00,668.3,668.35,667.61,668.135,1549520
2025-10-02 16:30:00,668.135,668.59,667.55,668.37,1463333
2025-10-02 17:00:00,668.39,668.71,667.94,668.495,1512186
2025-10-02 17:30:00,668.49,669.08,668.332,668.895,1993107
2025-10-02 18:00:00,668.89,669.67,668.85,669.56,2115514
2025-10-02 18:30:00,669.56,669.73,669.22,669.42,1832191
2025-10-02 19:00:00,669.415,669.63,669.22,669.45,1908535
2025-10-02 19:30:00,669.45,669.49,668.82,669.22,9403111
2025-10-02 20:00:00,669.22,669.22,669.22,669.22,0
2025-10-03 13:30:00,669.99,671.57,669.93,670.67,5222237
2025-10-03 14:00:00,670.71,671.55,669.97,671.365,4044802
2025-10-03 14:30:00,671.36,672.28,671.32,672.1,3001404
2025-10-03 15:00:00,672.09,672.12,671.55,671.76,2315499
2025-10-03 15:30:00,671.75,672.615,671.35,672.51,2720911
2025-10-03 16:00:00,672.505,672.675,672.22,672.43,1619856
2025-10-03 16:30:00,672.44,672.545,672.0,672.2,1456880
2025-10-03 17:00:00,672.2,672.2,670.25,670.265,4782275
2025-10-03 17:30:00,670.27,670.95,668.16,669.24,5610748
2025-10-03 18:00:00,669.245,670.705,668.27,670.55,5035306
2025-10-03 18:30:00,670.568,670.685,669.28,669.9,2709723
2025-10-03 19:00:00,669.91,670.26,669.4,669.62,3208394
2025-10-03 19:30:00,669.63,670.24,668.77,669.24,7776043
2025-10-03 20:00:00,669.21,669.21,669.21,669.21,0
2025-10-06 13:30:00,671.62,671.65,669.89,669.95,7204445
2025-10-06 14:00:00,669.95,670.71,669.455,670.5,4175636
2025-10-06 14:30:00,670.495,670.855,670.145,670.77,2370910
2025-10-06 15:00:00,670.77,671.375,670.71,671.17,2037968
2025-10-06 15:30:00,671.16,671.925,671.045,671.83,2224150
2025-10-06 16:00:00,671.82,671.885,671.292,671.8,1581436
2025-10-06 16:30:00,671.8,671.845,671.36,671.71,1291302
2025-10-06 17:00:00,671.71,672.32,671.33,672.08,1946359
2025-10-06 17:30:00,672.09,672.35,671.79,672.28,1890286
2025-10-06 18:00:00,672.28,672.47,672.04,672.24,2098191
2025-10-06 18:30:00,672.245,672.51,672.0,672.11,1835848
2025-10-06 19:00:00,672.105,672.15,671.65,671.73,2156797
2025-10-06 19:30:00,671.74,672.09,671.54,671.61,7281199
2025-10-06 20:00:00,671.61,671.61,671.61,671.61,0
2025-10-07 13:30:00,672.54,672.99,672.07,672.095,5514922
2025-10-07 14:00:00,672.095,672.37,671.26,671.3,3221920
2025-10-07 14:30:00,671.295,671.69,670.58,670.91,3835883
2025-10-07 15:00:00,670.9,671.09,668.81,669.23,8734450
2025-10-07 15:30:00,669.23,669.4,667.67,668.23,7297708
2025-10-07 16:00:00,668.22,668.845,667.67,668.39,4233517
2025-10-07 16:30:00,668.4,669.54,668.13,668.36,2934538
2025-10-07 17:00:00,668.36,669.39,668.18,668.92,2073371
2025-10-07 17:30:00,668.92,669.19,668.29,668.33,1741476
2025-10-07 18:00:00,668.33,668.92,667.81,668.64,2204298
2025-10-07 18:30:00,668.64,669.078,668.55,669.0,1669368
2025-10-07 19:00:00,669.001,669.14,668.53,668.57,2218937
2025-10-07 19:30:00,668.57,669.4,668.55,669.12,8083200
2025-10-07 20:00:00,669.12,669.12,669.12,669.12,0
2025-10-08 13:30:00,670.25,670.59,669.42,670.385,6682292
2025-10-08 14:00:00,670.375,671.96,670.3,671.91,4535845
2025-10-08 14:30:00,671.906,672.165,671.34,671.75,3237325
2025-10-08 15:00:00,671.75,672.73,671.685,672.53,2833528
2025-10-08 15:30:00,672.53,672.96,672.36,672.8,2093811
2025-10-08 16:00:00,672.8,673.099,672.55,672.645,1819217
2025-10-08 16:30:00,672.64,672.78,672.23,672.72,1471107
2025-10-08 17:00:00,672.71,673.03,672.44,672.915,1312185
2025-10-08 17:30:00,672.92,673.0,672.525,672.65,1604507
2025-10-08 18:00:00,672.65,673.14,672.47,672.85,2708937
2025-10-08 18:30:00,672.845,672.87,672.17,672.241,2187735
2025-10-08 19:00:00,672.24,673.01,672.15,672.875,3044969
2025-10-08 19:30:00,672.879,673.206,672.66,673.11,9794114
2025-10-08 20:00:00,673.11,673.11,673.11,673.11,0
2025-10-09 13:30:00,673.53,673.94,671.57,671.73,7266878
2025-10-09 14:00:00,671.73,672.24,671.12,671.18,4176116
2025-10-09 14:30:00,671.16,671.53,669.97,671.4,5057093
2025-10-09 15:00:00,671.4,671.851,670.67,670.75,2659396
2025-10-09 15:30:00,670.745,671.51,669.99,671.33,3030773
2025-10-09 16:00:00,671.355,671.58,670.54,670.965,1701604
2025-10-09 16:30:00,670.955,671.125,669.65,669.76,2162337
2025-10-09 17:00:00,669.75,670.38,669.34,669.47,3277290
2025-10-09 17:30:00,669.46,670.38,669.21,670.18,2355896
2025-10-09 18:00:00,670.2,670.33,669.33,669.815,1995276
2025-10-09 18:30:00,669.83,670.08,669.518,669.92,1687433
2025-10-09 19:00:00,669.925,670.67,669.825,670.48,2990931
2025-10-09 19:30:00,670.475,671.26,670.44,671.08,9335711
2025-10-09 20:00:00,671.16,671.16,671.16,671.16,0
2025-10-10 13:30:00,672.13,673.95,671.88,673.17,6539333
2025-10-10 14:00:00,673.16,673.36,671.8,672.565,3841054
2025-10-10 14:30:00,672.562,673.065,667.66,668.725,5993044
2025-10-10 15:00:00,668.72,668.72,661.93,662.42,24806214
2025-10-10 15:30:00,662.42,664.09,659.47,661.52,15537008
2025-10-10 16:00:00,661.5,662.66,660.22,661.5,7123150
2025-10-10 16:30:00,661.51,662.756,658.91,659.04,5907052
2025-10-10 17:00:00,659.02,659.89,657.74,659.84,5303657
2025-10-10 17:30:00,659.82,660.93,658.77,659.64,4075539
2025-10-10 18:00:00,659.63,660.09,658.64,659.11,3678936
2025-10-10 18:30:00,659.12,659.51,656.78,657.215,4528662
2025-10-10 19:00:00,657.215,658.26,655.51,656.12,5154336
2025-10-10 19:30:00,656.13,656.81,652.84,653.02,19075100
2025-10-10 20:00:00,653.02,653.02,653.02,653.02,0
2025-10-13 13:30:00,660.65,663.0,659.8,662.88,10964328
2025-10-13 14:00:00,662.875,663.23,660.111,660.87,6255059
2025-10-13 14:30:00,660.89,662.48,659.95,660.211,3797946
2025-10-13 15:00:00,660.2,662.85,659.768,662.695,3556082
2025-10-13 15:30:00,662.69,663.175,662.23,662.99,2591026
2025-10-13 16:00:00,663.01,665.13,662.64,663.49,3658602
2025-10-13 16:30:00,663.48,664.37,663.02,664.27,2049361
2025-10-13 17:00:00,664.28,664.61,662.915,663.18,2069267
2025-10-13 17:30:00,663.17,663.31,662.37,663.26,1702041
2025-10-13 18:00:00,663.26,664.05,663.17,663.95,2070112
2025-10-13 18:30:00,663.95,664.27,661.82,662.21,3294501
2025-10-13 19:00:00,662.24,663.35,661.68,662.725,3544635
2025-10-13 19:30:00,662.74,663.65,662.63,663.04,8803629
2025-10-13 20:00:00,663.04,663.04,663.04,663.04,0
2025-10-14 13:30:00,657.17,657.41,653.17,656.8,9808411
2025-10-14 14:00:00,656.78,659.91,656.49,659.77,6002223
2025-10-14 14:30:00,659.78,660.32,659.041,659.85,3320399
2025-10-14 15:00:00,659.85,661.11,659.49,659.68,2532506
2025-10-14 15:30:00,659.7,663.08,659.64,662.46,4095883
2025-10-14 16:00:00,662.43,663.96,661.44,663.67,3207004
2025-10-14 16:30:00,663.67,665.64,663.57,664.355,3434340
2025-10-14 17:00:00,664.35,665.58,663.65,665.33,2261416
2025-10-14 17:30:00,665.34,665.83,664.39,665.209,2114072
2025-10-14 18:00:00,665.19,665.37,664.601,665.14,2220470
2025-10-14 18:30:00,665.15,665.35,664.452,664.95,1820099
2025-10-14 19:00:00,664.96,665.36,664.64,664.75,2438846
2025-10-14 19:30:00,664.75,664.8,660.28,662.16,15931589
2025-10-14 20:00:00,662.23,662.23,662.23,662.23,0
2025-10-15 13:30:00,666.82,668.58,666.05,668.411,7937964
2025-10-15 14:00:00,668.415,670.23,668.31,669.68,3676429
2025-10-15 14:30:00,669.68,669.895,668.63,669.02,2068803
2025-10-15 15:00:00,669.07,669.17,667.64,667.641,2049624
2025-10-15 15:30:00,667.66,667.84,663.915,665.26,4392639
2025-10-15 16:00:00,665.27,666.458,664.91,665.58,2782855
2025-10-15 16:30:00,665.61,665.76,663.93,664.1,1774952
2025-10-15 17:00:00,664.1,664.11,658.93,660.78,7317288
2025-10-15 17:30:00,660.79,664.51,660.7,664.23,2972579
2025-10-15 18:00:00,664.24,664.91,663.45,664.261,2202558
2025-10-15 18:30:00,664.21,665.836,664.19,665.7,1965786
2025-10-15 19:00:00,665.74,665.825,664.61,665.37,2494614
2025-10-15 19:30:00,665.37,665.46,663.25,665.17,11080478
2025-10-15 20:00:00,665.17,665.17,665.17,665.17,0
2025-10-16 13:30:00,666.82,668.08,666.11,666.665,6188574
2025-10-16 14:00:00,666.66,667.57,665.42,666.94,5043538
2025-10-16 14:30:00,666.95,668.71,666.79,667.11,3840578
2025-10-16 15:00:00,667.1,668.04,665.47,665.75,3250979
2025-10-16 15:30:00,665.76,666.78,663.93,664.44,5005656
2025-10-16 16:00:00,664.44,665.15,662.29,662.46,4085611
2025-10-16 16:30:00,662.46,663.5,659.33,663.28,7881612
2025-10-16 17:00:00,663.28,664.26,661.34,663.47,5136943
2025-10-16 17:30:00,663.46,664.0,661.12,661.81,3394562
2025-10-16 18:00:00,661.8,661.95,657.45,658.35,6322698
2025-10-16 18:30:00,658.29,660.69,657.11,660.58,4905675
2025-10-16 19:00:00,660.61,660.93,657.99,659.01,4483562
2025-10-16 19:30:00,659.02,661.25,658.14,660.68,11974899
2025-10-16 20:00:00,660.64,660.64,660.64,660.64,0
2025-10-17 13:30:00,659.5,662.48,658.23,660.65,10317915
2025-10-17 14:00:00,660.64,663.715,659.66,662.4,5032286
2025-10-17 14:30:00,662.4,662.4,659.33,659.57,3799633
2025-10-17 15:00:00,659.57,661.68,658.51,659.41,3723178
2025-10-17 15:30:00,659.39,662.24,658.14,661.73,3696034
2025-10-17 16:00:00,661.73,663.36,661.63,663.12,2569079
2025-10-17 16:30:00,663.1,663.635,661.25,662.0,2699570
2025-10-17 17:00:00,662.02,662.13,660.55,661.19,2083470
2025-10-17 17:30:00,661.12,663.06,660.71,662.87,2575193
2025-10-17 18:00:00,662.88,665.04,662.88,664.65,3279184
2025-10-17 18:30:00,664.66,665.1,664.03,664.37,2439929
2025-10-17 19:00:00,664.38,665.755,664.37,665.115,3062281
2025-10-17 19:30:00,665.13,665.13,664.03,664.39,8441151
2025-10-17 20:00:00,664.39,664.39,664.39,664.39,0
2025-10-20 13:30:00,667.32,669.455,667.27,668.76,5713520
2025-10-20 14:00:00,668.73,670.39,668.73,670.3,3575692
2025-10-20 14:30:00,670.28,671.46,669.81,671.22,2963140
2025-10-20 15:00:00,671.22,671.25,670.26,670.97,2161407
2025-10-20 15:30:00,670.975,671.31,670.16,670.64,2427353
2025-10-20 16:00:00,670.65,670.94,670.21,670.83,1558334
2025-10-20 16:30:00,670.805,671.09,670.3,671.02,1349418
2025-10-20 17:00:00,671.025,672.01,671.02,671.62,1943256
2025-10-20 17:30:00,671.62,672.12,671.545,671.77,1236692
2025-10-20 18:00:00,671.775,672.21,671.73,671.88,1578409
2025-10-20 18:30:00,671.87,671.92,671.175,671.65,2037653
2025-10-20 19:00:00,671.62,672.03,671.21,671.72,2205112
2025-10-20 19:30:00,671.71,672.1,671.2,671.3,8173985
2025-10-20 20:00:00,671.3,671.3,671.3,671.3,0
2025-10-21 13:30:00,671.44,671.78,670.15,670.58,4705520
2025-10-21 14:00:00,670.6,671.9,669.981,670.59,3684516
2025-10-21 14:30:00,670.6,672.64,670.26,672.605,3072595
2025-10-21 15:00:00,672.59,672.731,671.535,671.95,2844499
2025-10-21 15:30:00,671.97,672.515,671.4,672.218,2090613
2025-10-21 16:00:00,672.2,672.69,672.14,672.65,1893536
2025-10-21 16:30:00,672.65,672.99,671.355,671.42,3263327
2025-10-21 17:00:00,671.42,672.16,670.76,671.6,2819711
2025-10-21 17:30:00,671.61,672.31,671.25,672.2,1455300
2025-10-21 18:00:00,672.21,672.52,671.78,672.286,1883249
2025-10-21 18:30:00,672.27,672.43,671.795,671.93,1451423
2025-10-21 19:00:00,671.93,672.27,671.69,671.885,2055411
2025-10-21 19:30:00,671.88,672.4,671.16,671.29,6088426
2025-10-21 20:00:00,671.29,671.29,671.29,671.29,0
2025-10-22 13:30:00,672.0,672.0,670.45,671.215,4047917
2025-10-22 14:00:00,671.215,671.61,669.32,669.338,3117723
2025-10-22 14:30:00,669.32,670.13,668.09,670.08,5137910
2025-10-22 15:00:00,670.08,670.41,667.6,667.89,3657272
2025-10-22 15:30:00,667.89,669.765,667.39,669.008,2985556
2025-10-22 16:00:00,669.0,669.2,667.15,667.63,2084920
2025-10-22 16:30:00,667.645,668.22,664.01,667.19,8470844
2025-10-22 17:00:00,667.18,667.65,664.73,665.31,2904815
2025-10-22 17:30:00,665.33,665.86,663.3,664.78,3811183
2025-10-22 18:00:00,664.78,666.2,663.76,665.64,3283899
2025-10-22 18:30:00,665.6,666.56,665.05,666.49,2465559
2025-10-22 19:00:00,666.51,667.64,665.54,667.46,4694892
2025-10-22 19:30:00,667.45,668.36,667.29,667.86,8790732
2025-10-22 20:00:00,667.8,667.8,667.8,667.8,0
2025-10-23 13:30:00,668.12,670.74,667.8,670.118,5483750
2025-10-23 14:00:00,670.12,670.37,668.12,669.37,3941819
2025-10-23 14:30:00,669.36,670.39,668.99,670.22,2511700
2025-10-23 15:00:00,670.23,670.31,669.091,670.09,1962058
2025-10-23 15:30:00,670.09,670.72,668.73,670.24,2016869
2025-10-23 16:00:00,670.235,671.08,670.14,670.52,1890097
2025-10-23 16:30:00,670.51,671.53,670.502,671.46,1936419
2025-10-23 17:00:00,671.465,671.65,670.4,670.99,2712728
2025-10-23 17:30:00,671.0,672.46,671.0,672.387,2548084
2025-10-23 18:00:00,672.375,672.55,671.72,672.48,1954329
2025-10-23 18:30:00,672.48,672.71,672.29,672.59,1522696
2025-10-23 19:00:00,672.6,672.7,672.27,672.435,2355927
2025-10-23 19:30:00,672.44,672.44,671.3,671.66,10284979
2025-10-23 20:00:00,671.76,671.76,671.76,671.76,0
2025-10-24 13:30:00,676.46,677.79,675.65,677.47,6623301
2025-10-24 14:00:00,677.47,677.94,676.725,676.74,3416477
2025-10-24 14:30:00,676.74,677.65,675.91,676.68,2813888
2025-10-24 15:00:00,676.685,678.38,676.475,678.19,3199351
2025-10-24 15:30:00,678.19,678.42,677.47,677.96,2499033
2025-10-24 16:00:00,677.98,678.46,677.83,677.88,1810182
2025-10-24 16:30:00,677.89,678.245,677.21,677.908,1848955
2025-10-24 17:00:00,677.92,678.23,677.63,678.04,1039575
2025-10-24 17:30:00,678.05,678.43,677.95,678.06,1372238
2025-10-24 18:00:00,678.07,678.34,677.87,678.15,1271205
2025-10-24 18:30:00,678.14,678.33,677.75,678.2,1669400
2025-10-24 19:00:00,678.19,678.47,678.05,678.22,2374989
2025-10-24 19:30:00,678.22,678.27,676.765,677.26,11619461
2025-10-24 20:00:00,677.25,677.25,677.25,677.25,0
2025-10-27 13:30:00,682.73,683.23,682.115,683.145,5765971
2025-10-27 14:00:00,683.13,683.61,682.4,683.02,4079001
2025-10-27 14:30:00,683.0,683.36,682.57,682.65,2593194
2025-10-27 15:00:00,682.665,683.37,682.55,683.365,1950768
2025-10-27 15:30:00,683.36,683.6,683.2,683.418,1861660
2025-10-27 16:00:00,683.42,683.78,683.375,683.53,1838711
2025-10-27 16:30:00,683.525,683.88,683.506,683.77,1534923
2025-10-27 17:00:00,683.79,683.79,683.17,683.46,1871031
2025-10-27 17:30:00,683.45,683.99,683.315,683.9,2521634
2025-10-27 18:00:00,683.9,683.965,683.76,683.86,1265480
2025-10-27 18:30:00,683.87,684.25,683.865,684.134,2460274
2025-10-27 19:00:00,684.135,684.3,684.0,684.24,2567590
2025-10-27 19:30:00,684.24,685.54,684.185,685.24,11765461
2025-10-27 20:00:00,685.24,685.24,685.24,685.24,0
2025-10-28 13:30:00,687.05,687.225,685.12,685.73,5824642
2025-10-28 14:00:00,685.74,686.158,685.5,686.11,2245732
2025-10-28 14:30:00,686.105,686.37,685.59,685.82,2472484
2025-10-28 15:00:00,685.81,686.21,685.37,685.52,1297690
2025-10-28 15:30:00,685.53,685.61,684.83,685.585,1978277
2025-10-28 16:00:00,685.59,686.224,685.58,686.18,1540607
2025-10-28 16:30:00,686.185,688.32,686.06,686.87,3525361
2025-10-28 17:00:00,686.86,687.37,686.86,686.98,1712700
2025-10-28 17:30:00,686.99,687.71,686.875,687.625,2014364
2025-10-28 18:00:00,687.63,688.4,687.54,688.04,2421132
2025-10-28 18:30:00,688.03,688.19,687.78,688.13,1860159
2025-10-28 19:00:00,688.14,688.905,687.82,688.695,3110467
2025-10-28 19:30:00,688.69,688.69,686.905,687.05,9451838
2025-10-28 20:00:00,687.06,687.06,687.06,687.06,0
2025-10-29 13:30:00,688.72,689.69,688.15,689.64,6167277
2025-10-29 14:00:00,689.64,689.7,688.45,688.99,3642926
2025-10-29 14:30:00,688.98,689.11,687.81,688.375,3991548
2025-10-29 15:00:00,688.37,688.82,688.05,688.24,3555989
2025-10-29 15:30:00,688.245,688.38,687.84,688.0,2874439
2025-10-29 16:00:00,688.01,688.53,687.59,688.48,1773432
2025-10-29 16:30:00,688.47,688.78,688.305,688.568,1340541
2025-10-29 17:00:00,688.57,688.81,687.74,687.86,1285040
2025-10-29 17:30:00,687.85,688.54,687.62,688.17,1722399
2025-10-29 18:00:00,688.09,688.94,687.33,688.04,3168449
2025-10-29 18:30:00,688.02,688.72,682.87,686.12,11901486
2025-10-29 19:00:00,686.19,686.83,684.47,685.45,4660243
2025-10-29 19:30:00,685.43,687.39,684.05,687.39,9228824
2025-10-29 20:00:00,687.39,687.39,687.39,687.39,0
2025-10-30 13:30:00,683.9,685.64,681.39,685.05,8460491
2025-10-30 14:00:00,685.078,685.94,683.25,683.44,4549223
2025-10-30 14:30:00,683.44,685.72,683.42,684.49,3106609
2025-10-30 15:00:00,684.49,685.53,684.4,684.8,1808362
2025-10-30 15:30:00,684.8,684.91,683.01,683.35,2474038
2025-10-30 16:00:00,683.36,685.15,683.22,684.9,1839499
2025-10-30 16:30:00,684.88,684.94,683.58,684.41,1756649
2025-10-30 17:00:00,684.4,684.61,683.07,684.33,1848790
2025-10-30 17:30:00,684.347,684.64,683.6,684.38,1617928
2025-10-30 18:00:00,684.38,684.39,682.54,682.96,2785709
2025-10-30 18:30:00,682.96,683.49,682.165,682.35,2604523
2025-10-30 19:00:00,682.33,682.43,680.34,681.31,3945813
2025-10-30 19:30:00,681.31,681.985,679.83,679.83,10199511
2025-10-30 20:00:00,679.83,679.83,679.83,679.83,0
2025-10-31 13:30:00,685.04,685.08,682.865,683.55,5536158
2025-10-31 14:00:00,683.55,683.64,682.21,683.24,3218244
2025-10-31 14:30:00,683.23,684.75,683.09,684.48,2579272
2025-10-31 15:00:00,684.48,684.745,683.61,683.76,2291699
2025-10-31 15:30:00,683.77,684.18,682.05,682.06,3610522
2025-10-31 16:00:00,682.07,682.37,680.51,681.77,3861851
2025-10-31 16:30:00,681.74,682.45,680.13,680.365,2283647
2025-10-31 17:00:00,680.36,680.8,679.24,679.79,3339748
2025-10-31 17:30:00,679.82,681.49,679.43,680.849,2210722
2025-10-31 18:00:00,680.81,682.44,680.81,682.298,2712924
2025-10-31 18:30:00,682.297,682.75,681.73,682.59,2451090
2025-10-31 19:00:00,682.58,684.28,682.29,684.08,3549439
2025-10-31 19:30:00,684.08,684.8,681.89,682.06,15130306
2025-10-31 20:00:00,682.06,682.06,682.06,682.06,0
2025-11-03 14:30:00,685.67,685.8,682.175,682.52,6966296
2025-11-03 15:00:00,682.515,683.01,680.24,680.39,4981801
2025-11-03 15:30:00,680.385,682.8,679.94,682.42,3985107
2025-11-03 16:00:00,682.49,682.9,681.825,682.05,2041916
2025-11-03 16:30:00,682.04,683.61,681.95,683.43,2289146
2025-11-03 17:00:00,683.43,683.9,682.43,682.755,2149125
2025-11-03 17:30:00,682.761,683.975,682.73,683.855,1554945
2025-11-03 18:00:00,683.85,684.21,683.531,683.64,1472354
2025-11-03 18:30:00,683.64,684.23,683.4,683.82,1364008
2025-11-03 19:00:00,683.81,683.88,683.08,683.251,2197413
2025-11-03 19:30:00,683.25,683.64,682.58,683.47,2389341
2025-11-03 20:00:00,683.47,683.655,683.03,683.13,2236635
2025-11-03 20:30:00,683.13,683.41,682.45,683.34,8066997
2025-11-03 21:00:00,683.35,683.35,683.34,683.34,15000
2025-11-04 14:30:00,676.11,678.815,674.67,678.8,9412625
2025-11-04 15:00:00,678.79,679.645,678.31,679.24,4089751
2025-11-04 15:30:00,679.25,679.96,677.63,678.13,3320847
2025-11-04 16:00:00,678.15,678.82,677.56,678.15,3029974
2025-11-04 16:30:00,678.15,678.63,677.44,678.13,2767591
2025-11-04 17:00:00,678.15,678.205,675.68,676.94,3533177
2025-11-04 17:30:00,676.93,677.25,675.725,675.92,2734638
2025-11-04 18:00:00,675.92,676.126,674.98,675.22,2422527
2025-11-04 18:30:00,675.22,676.42,674.71,676.08,3342166
2025-11-04 19:00:00,676.07,676.68,675.66,676.23,3699800
2025-11-04 19:30:00,676.25,676.375,674.58,675.225,3402308
2025-11-04 20:00:00,675.21,676.23,675.02,675.985,3616653
2025-11-04 20:30:00,676.0,676.535,674.615,675.24,11500869
2025-11-04 21:00:00,675.24,675.24,675.24,675.24,0
2025-11-05 14:30:00,674.98,677.6,674.17,677.17,6889394
2025-11-05 15:00:00,677.28,678.09,675.4,677.41,6154960
2025-11-05 15:30:00,677.41,678.278,676.95,677.85,3188136
2025-11-05 16:00:00,677.85,678.398,676.76,678.34,3203921
2025-11-05 16:30:00,678.34,679.75,678.085,679.368,3556790
2025-11-05 17:00:00,679.37,680.1,679.03,680.03,2379887
2025-11-05 17:30:00,680.03,680.86,679.94,680.198,2781963
2025-11-05 18:00:00,680.2,680.708,680.02,680.38,1872566
2025-11-05 18:30:00,680.38,680.86,680.23,680.595,1672864
2025-11-05 19:00:00,680.61,680.612,679.74,680.2,2558259
2025-11-05 19:30:00,680.2,680.52,680.1,680.215,1800669
2025-11-05 20:00:00,680.225,680.52,679.67,679.76,2805710
2025-11-05 20:30:00,679.76,679.865,677.4,677.545,12882110
2025-11-05 21:00:00,677.58,677.58,677.58,677.58,0
2025-11-06 14:30:00,676.47,677.38,674.03,674.05,6341946
2025-11-06 15:00:00,674.03,675.37,672.52,674.61,7322498
2025-11-06 15:30:00,674.63,674.67,670.76,670.91,7033850
2025-11-06 16:00:00,670.922,672.02,670.22,671.34,4312779
2025-11-06 16:30:00,671.34,671.37,669.01,669.44,3829637
2025-11-06 17:00:00,669.47,671.13,668.72,669.54,3785228
2025-11-06 17:30:00,669.52,671.58,669.28,671.04,3235021
2025-11-06 18:00:00,671.07,671.44,669.13,670.95,3525997
2025-11-06 18:30:00,670.94,672.21,670.93,671.43,2461193
2025-11-06 19:00:00,671.42,673.525,671.28,673.4,3366419
2025-11-06 19:30:00,673.41,673.7,672.03,673.01,3866257
2025-11-06 20:00:00,673.02,673.35,672.24,672.367,3191483
2025-11-06 20:30:00,672.37,672.72,669.53,670.31,13135499
2025-11-06 21:00:00,670.31,670.31,670.31,670.31,0
2025-11-07 14:30:00,667.91,667.98,664.35,666.345,10900807
2025-11-07 15:00:00,666.42,667.22,663.97,665.88,6775582
2025-11-07 15:30:00,665.88,666.31,663.27,663.36,6451361
2025-11-07 16:00:00,663.31,664.03,662.25,662.76,6369441
2025-11-07 16:30:00,662.78,663.37,661.33,662.03,4741872
2025-11-07 17:00:00,662.05,664.275,661.205,663.5,4525295
2025-11-07 17:30:00,663.5,664.05,662.01,663.95,3590967
2025-11-07 18:00:00,663.94,665.575,663.58,665.3,3318704
2025-11-07 18:30:00,665.285,666.09,664.22,665.45,3160712
2025-11-07 19:00:00,665.44,666.68,665.2,666.55,3609428
2025-11-07 19:30:00,666.59,669.98,666.545,669.79,8328720
2025-11-07 20:00:00,669.81,670.03,667.92,668.72,6723249
2025-11-07 20:30:00,668.73,671.08,668.67,670.97,10560701
2025-11-07 21:00:00,670.97,670.97,670.97,670.97,0
2025-11-10 14:30:00,677.235,679.2,677.03,678.525,10055489
2025-11-10 15:00:00,678.52,679.22,678.16,678.88,4149593
2025-11-10 15:30:00,678.88,678.99,676.15,676.18,4627555
2025-11-10 16:00:00,676.165,676.82,675.24,675.64,4392697
2025-11-10 16:30:00,675.64,676.67,675.03,676.62,2675966
2025-11-10 17:00:00,676.61,677.85,676.45,677.52,2942370
2025-11-10 17:30:00,677.52,679.75,677.52,679.42,3095441
2025-11-10 18:00:00,679.43,680.05,679.34,679.51,2502673
2025-11-10 18:30:00,679.505,680.54,679.495,679.849,2232572
2025-11-10 19:00:00,679.85,680.956,679.85,680.755,2200272
2025-11-10 19:30:00,680.755,681.67,680.54,681.27,3387156
2025-11-10 20:00:00,681.28,682.08,681.15,681.22,3603174
2025-11-10 20:30:00,681.23,682.18,681.03,681.43,11625992
2025-11-10 21:00:00,681.44,681.44,681.44,681.44,0
2025-11-11 14:30:00,679.95,680.845,679.42,680.645,4766355
2025-11-11 15:00:00,680.65,680.67,678.82,679.365,3506420
2025-11-11 15:30:00,679.36,679.69,678.73,679.25,2558803
2025-11-11 16:00:00,679.28,680.74,679.05,679.29,2630504
2025-11-11 16:30:00,679.283,680.26,678.76,679.7,2127360
2025-11-11 17:00:00,679.695,681.39,679.69,681.02,2365125
2025-11-11 17:30:00,681.02,682.25,680.95,682.09,2147881
2025-11-11 18:00:00,682.09,683.24,682.03,682.89,2998419
2025-11-11 18:30:00,682.89,683.31,682.16,683.092,2638673
2025-11-11 19:00:00,683.095,683.32,682.45,683.14,2390509
2025-11-11 19:30:00,683.14,683.42,682.71,683.145,2072638
2025-11-11 20:00:00,683.148,683.55,682.78,682.84,3049702
2025-11-11 20:30:00,682.84,683.57,682.29,683.0,10221125
2025-11-11 21:00:00,683.0,683.0,683.0,683.0,0
2025-11-12 14:30:00,684.79,684.96,683.12,683.61,6448524
2025-11-12 15:00:00,683.61,684.27,682.81,683.23,3800790
2025-11-12 15:30:00,683.23,683.26,681.795,682.29,3364587
2025-11-12 16:00:00,682.31,682.52,681.14,682.35,2954031
2025-11-12 16:30:00,682.33,683.01,680.945,681.81,2913717
2025-11-12 17:00:00,681.8,682.8,681.54,682.44,2179192
2025-11-12 17:30:00,682.42,683.85,682.38,683.68,2439079
2025-11-12 18:00:00,683.68,683.93,683.05,683.462,1860792
2025-11-12 18:30:00,683.46,684.15,683.26,683.64,1879714
2025-11-12 19:00:00,683.631,683.8,682.48,682.74,2546259
2025-11-12 19:30:00,682.75,683.255,682.24,682.735,2917133
2025-11-12 20:00:00,682.7,683.41,682.092,683.325,2874617
2025-11-12 20:30:00,683.33,684.07,682.662,683.38,10631041
2025-11-12 21:00:00,683.38,683.38,683.38,683.38,0
2025-11-13 14:30:00,680.5,680.71,677.53,678.72,7649125
2025-11-13 15:00:00,678.73,680.86,677.97,678.9,5194692
2025-11-13 15:30:00,678.905,679.03,675.34,676.3,6706710
2025-11-13 16:00:00,676.31,676.81,674.96,675.64,4856252
2025-11-13 16:30:00,675.63,676.62,674.22,675.11,4363872
2025-11-13 17:00:00,675.12,676.17,674.33,675.904,3768722
2025-11-13 17:30:00,675.95,676.5,673.97,674.23,3616735
2025-11-13 18:00:00,674.24,674.76,672.595,672.76,3586345
2025-11-13 18:30:00,672.77,672.895,671.52,672.76,4804392
2025-11-13 19:00:00,672.77,673.55,671.58,673.45,3948352
2025-11-13 19:30:00,673.47,673.63,670.52,671.66,4996112
2025-11-13 20:00:00,671.64,672.06,670.53,671.68,6134418
2025-11-13 20:30:00,671.69,673.02,670.76,672.04,14569200
2025-11-13 21:00:00,672.04,672.04,672.04,672.04,0
2025-11-14 14:30:00,665.38,668.845,663.265,668.75,13044593
2025-11-14 15:00:00,668.72,669.96,666.92,669.74,7052865
2025-11-14 15:30:00,669.75,672.82,669.16,672.364,6712977
2025-11-14 16:00:00,672.36,674.87,670.89,674.48,4879283
2025-11-14 16:30:00,674.47,675.02,672.76,674.65,3787360
2025-11-14 17:00:00,674.615,675.64,674.205,674.94,3015286
2025-11-14 17:30:00,674.95,675.66,673.13,674.027,4271472
2025-11-14 18:00:00,674.01,674.36,672.14,672.99,4547401
2025-11-14 18:30:00,672.95,673.78,671.49,673.25,4518391
2025-11-14 19:00:00,673.26,674.44,672.27,674.04,3927741
2025-11-14 19:30:00,674.05,674.9,673.62,674.67,3200676
2025-11-14 20:00:00,674.67,675.12,672.21,672.46,4511262
2025-11-14 20:30:00,672.458,673.11,671.17,671.91,9590459
2025-11-14 21:00:00,671.93,671.93,671.93,671.93,0
2025-11-17 14:30:00,669.7,673.71,668.92,672.82,7229073
2025-11-17 15:00:00,672.83,673.15,670.47,672.05,4448601
2025-11-17 15:30:00,672.03,672.37,670.14,670.675,4254695
2025-11-17 16:00:00,670.705,670.98,667.77,670.52,5660934
2025-11-17 16:30:00,670.53,673.0,670.372,673.0,3662712
2025-11-17 17:00:00,672.99,672.99,671.705,672.39,2096318
2025-11-17 17:30:00,672.39,672.59,669.15,669.233,3117844
2025-11-17 18:00:00,669.23,669.48,668.22,668.64,3146641
2025-11-17 18:30:00,668.63,669.91,666.5,666.522,3739115
2025-11-17 19:00:00,666.521,666.9,664.97,665.77,5489532
2025-11-17 19:30:00,665.78,666.141,662.54,662.56,6041038
2025-11-17 20:00:00,662.56,664.05,662.17,663.88,7345725
2025-11-17 20:30:00,663.89,665.78,663.095,665.67,14357186
2025-11-17 21:00:00,665.67,665.67,665.67,665.67,0
2025-11-18 14:30:00,662.095,664.26,658.42,658.56,14880890
2025-11-18 15:00:00,658.55,660.31,656.8,659.1,10907580
2025-11-18 15:30:00,659.12,660.2,657.11,657.11,6850688
2025-11-18 16:00:00,657.12,661.87,655.86,661.48,7440123
2025-11-18 16:30:00,661.49,662.37,660.72,661.17,5094226
2025-11-18 17:00:00,661.16,661.86,658.56,658.57,3812004
2025-11-18 17:30:00,658.57,664.375,657.91,663.75,5761666
2025-11-18 18:00:00,663.78,664.46,663.1,663.47,3933508
2025-11-18 18:30:00,663.47,665.12,662.7,663.14,4562879
2025-11-18 19:00:00,663.144,664.25,662.57,662.97,3556440
2025-11-18 19:30:00,662.95,664.96,662.434,664.419,4679559
2025-11-18 20:00:00,664.439,664.94,661.5,662.45,5473369
2025-11-18 20:30:00,662.47,662.78,660.0,660.08,13809027
2025-11-18 21:00:00,660.08,660.08,660.08,660.08,0
2025-11-19 14:30:00,660.78,665.86,660.11,665.85,8685680
2025-11-19 15:00:00,665.865,667.34,665.42,666.32,7297990
2025-11-19 15:30:00,666.32,666.555,662.6,662.79,5123602
2025-11-19 16:00:00,662.795,663.53,661.28,661.86,5885206
2025-11-19 16:30:00,661.86,662.59,660.78,662.47,4139582
2025-11-19 17:00:00,662.48,662.98,660.23,661.16,4085293
2025-11-19 17:30:00,661.1,661.93,658.745,661.3,5667995
2025-11-19 18:00:00,661.3,662.62,660.82,660.84,4084929
2025-11-19 18:30:00,660.84,663.33,660.76,662.69,4420012
2025-11-19 19:00:00,662.675,662.79,659.48,659.74,4305464
2025-11-19 19:30:00,659.77,662.01,659.33,661.12,3835230
2025-11-19 20:00:00,661.11,664.4,661.0,663.52,4843473
2025-11-19 20:30:00,663.51,664.76,661.74,662.63,9497011
2025-11-19 21:00:00,662.63,662.63,662.63,662.63,0
2025-11-20 14:30:00,672.91,675.11,672.47,675.11,11128208
2025-11-20 15:00:00,675.105,675.41,672.79,674.94,6610609
2025-11-20 15:30:00,674.93,675.56,672.63,672.67,4693231
2025-11-20 16:00:00,672.675,672.705,667.42,667.68,11121366
2025-11-20 16:30:00,667.66,668.17,659.39,659.75,15303407
2025-11-20 17:00:00,659.77,662.38,656.6,658.38,15712958
2025-11-20 17:30:00,658.41,659.54,655.45,657.011,10500736
2025-11-20 18:00:00,657.023,661.97,656.72,659.44,9531009
2025-11-20 18:30:00,659.42,660.0,654.12,655.08,6457565
2025-11-20 19:00:00,655.0,657.54,653.86,656.94,5844936
2025-11-20 19:30:00,656.92,658.25,655.21,658.07,5835598
2025-11-20 20:00:00,658.01,658.11,655.35,656.21,6617920
2025-11-20 20:30:00,656.22,656.56,651.89,652.53,18537154
2025-11-20 21:00:00,652.53,652.53,652.53,652.53,0
2025-11-21 14:30:00,655.05,656.47,653.13,654.83,11043132
2025-11-21 15:00:00,654.85,655.94,652.34,652.96,8540855
2025-11-21 15:30:00,653.01,654.39,650.85,653.01,7367896
2025-11-21 16:00:00,652.99,655.97,651.08,655.875,4818814
2025-11-21 16:30:00,655.885,660.83,655.22,660.82,6699364
2025-11-21 17:00:00,660.83,661.19,659.36,660.52,6067053
2025-11-21 17:30:00,660.53,661.512,659.71,660.23,3669363
2025-11-21 18:00:00,660.26,660.46,656.88,658.13,4654852
2025-11-21 18:30:00,658.11,664.09,658.0,662.29,6028615
2025-11-21 19:00:00,662.32,664.55,662.27,664.23,4637597
2025-11-21 19:30:00,664.24,664.52,660.95,661.67,4758770
2025-11-21 20:00:00,661.63,662.2,659.42,659.44,4792389
2025-11-21 20:30:00,659.43,661.25,658.23,659.0,14373103
2025-11-21 21:00:00,659.03,659.03,659.03,659.03,0
2025-11-24 14:30:00,662.69,665.53,661.59,664.22,8193853
2025-11-24 15:00:00,664.21,665.78,663.99,665.435,5717053
2025-11-24 15:30:00,665.43,667.2,664.95,666.677,3995140
2025-11-24 16:00:00,666.68,668.39,666.59,667.91,3698517
2025-11-24 16:30:00,667.885,668.49,667.2,667.48,2464983
2025-11-24 17:00:00,667.49,668.36,666.9,668.21,2205127
2025-11-24 17:30:00,668.22,669.38,667.94,669.1,2522911
2025-11-24 18:00:00,669.1,669.75,669.1,669.15,2196681
2025-11-24 18:30:00,669.15,669.51,668.78,669.23,1713978
2025-11-24 19:00:00,669.22,669.81,668.69,668.96,2426362
2025-11-24 19:30:00,668.955,669.0,667.87,668.36,3823076
2025-11-24 20:00:00,668.37,669.49,668.33,668.92,3361335
2025-11-24 20:30:00,668.92,670.06,668.56,668.67,14041883
2025-11-24 21:00:00,668.73,668.73,668.73,668.73,0
2025-11-25 14:30:00,668.63,669.98,664.48,668.81,10075047
2025-11-25 15:00:00,668.855,668.886,665.92,668.46,6537845
2025-11-25 15:30:00,668.46,671.07,668.44,669.54,5367606
2025-11-25 16:00:00,669.535,671.0,668.86,670.62,3772418
2025-11-25 16:30:00,670.62,671.94,670.22,671.751,2988349
2025-11-25 17:00:00,671.75,673.88,671.69,673.33,4137887
2025-11-25 17:30:00,673.33,674.375,673.15,673.331,3204484
2025-11-25 18:00:00,673.31,674.06,673.22,674.04,2817500
2025-11-25 18:30:00,674.03,674.4,673.57,673.82,2272627
2025-11-25 19:00:00,673.81,673.995,672.7,673.34,3322590
2025-11-25 19:30:00,673.3,674.11,672.44,674.0,3399604
2025-11-25 20:00:00,674.0,674.79,674.0,674.52,4217875
2025-11-25 20:30:00,674.52,676.21,674.455,675.02,10452618
2025-11-25 21:00:00,675.02,675.02,675.02,675.02,0
2025-11-26 14:30:00,677.63,679.48,677.11,677.18,7001221
2025-11-26 15:00:00,677.16,678.55,676.72,678.2,4053965
2025-11-26 15:30:00,678.19,679.62,678.061,679.59,2992341
2025-11-26 16:00:00,679.59,680.87,679.48,680.64,3215330
2025-11-26 16:30:00,680.64,681.69,680.29,681.409,3385408
2025-11-26 17:00:00,681.41,681.56,680.43,680.97,2483390
2025-11-26 17:30:00,680.97,681.7,680.87,681.09,2183488
2025-11-26 18:00:00,681.08,681.56,679.75,681.07,3424580
2025-11-26 18:30:00,681.07,681.14,679.59,680.385,2767456
2025-11-26 19:00:00,680.4,681.29,680.13,681.23,2989060
2025-11-26 19:30:00,681.22,681.42,680.49,680.88,3198195
2025-11-26 20:00:00,680.89,681.59,680.59,681.205,3981080
2025-11-26 20:30:00,681.2,681.4,679.62,679.7,10852250
2025-11-26 21:00:00,679.68,679.68,679.68,679.68,0
2025-11-28 14:30:00,680.86,681.85,680.5,681.265,4362583
2025-11-28 15:00:00,681.27,682.32,681.03,681.695,3602503
2025-11-28 15:30:00,681.7,682.63,681.61,682.47,3250550
2025-11-28 16:00:00,682.47,682.94,681.65,682.15,3453564
2025-11-28 16:30:00,682.185,682.91,681.8,682.72,3460775
2025-11-28 17:00:00,682.718,683.0,682.22,682.22,3330290
2025-11-28 17:30:00,682.21,683.665,681.88,683.39,10363832
2025-11-28 18:00:00,683.39,683.39,683.39,683.39,0
2025-11-28 19:00:00,683.39,683.39,683.39,683.39,0
2025-11-28 20:00:00,683.39,683.39,683.39,683.39,0
2025-11-28 20:30:00,683.39,683.39,683.39,683.39,0
2025-12-01 14:30:00,678.81,681.86,678.74,681.55,6398375
2025-12-01 15:00:00,681.57,681.79,679.59,679.675,3953647
2025-12-01 15:30:00,679.68,681.83,678.84,681.73,3181322
2025-12-01 16:00:00,681.71,681.8,680.12,681.11,1802813
2025-12-01 16:30:00,681.12,682.44,681.07,681.93,1954095
2025-12-01 17:00:00,681.978,682.51,681.295,682.01,1516606
2025-12-01 17:30:00,682.03,682.79,681.73,682.005,1374588
2025-12-01 18:00:00,682.0,682.79,681.975,682.49,1345902
2025-12-01 18:30:00,682.5,682.99,682.49,682.815,1582845
2025-12-01 19:00:00,682.81,682.849,680.48,680.49,3145771
2025-12-01 19:30:00,680.5,681.095,679.82,680.14,3033602
2025-12-01 20:00:00,680.14,681.015,680.03,680.765,2548565
2025-12-01 20:30:00,680.77,681.07,679.375,680.27,12550585
2025-12-01 21:00:00,680.27,680.27,680.27,680.27,0
2025-12-02 14:30:00,681.92,682.96,681.49,682.35,4898164
2025-12-02 15:00:00,682.35,683.28,681.42,681.642,3846368
2025-12-02 15:30:00,681.63,683.68,680.85,683.54,4309285
2025-12-02 16:00:00,683.51,683.82,679.67,679.83,5147792
2025-12-02 16:30:00,679.88,681.27,679.328,680.59,3494616
2025-12-02 17:00:00,680.59,682.65,680.48,682.5,2419811
2025-12-02 17:30:00,682.53,682.84,679.99,680.02,2368652
2025-12-02 18:00:00,680.01,681.6,679.93,680.98,1953423
2025-12-02 18:30:00,681.01,681.37,680.22,681.065,1777762
2025-12-02 19:00:00,681.055,681.94,680.76,681.39,3106505
2025-12-02 19:30:00,681.393,682.61,681.3,682.48,3014613
2025-12-02 20:00:00,682.49,682.7,682.01,682.51,2785606
2025-12-02 20:30:00,682.52,682.88,681.36,681.43,8726626
2025-12-02 21:00:00,681.53,681.53,681.53,681.53,0
2025-12-03 14:30:00,680.57,681.5,679.69,680.83,6186600
2025-12-03 15:00:00,680.83,682.34,680.78,681.57,3671674
2025-12-03 15:30:00,681.57,682.94,681.33,682.3,3635710
2025-12-03 16:00:00,682.35,682.99,681.66,682.27,2342953
2025-12-03 16:30:00,682.28,683.55,681.61,682.21,2738177
2025-12-03 17:00:00,682.21,683.7,682.1,683.56,2212058
2025-12-03 17:30:00,683.57,684.1,683.25,683.89,1841391
2025-12-03 18:00:00,683.89,684.185,683.475,684.01,1535707
2025-12-03 18:30:00,684.01,684.5,683.787,683.87,1750892
2025-12-03 19:00:00,683.87,684.44,683.85,684.35,1788456
2025-12-03 19:30:00,684.35,684.74,684.165,684.64,2113849
2025-12-03 20:00:00,684.66,684.91,684.19,684.483,3058629
2025-12-03 20:30:00,684.485,684.62,683.55,683.89,10163573
2025-12-03 21:00:00,683.89,683.89,683.89,683.89,0
2025-12-04 14:30:00,685.3,685.37,682.75,683.03,6141687
2025-12-04 15:00:00,683.04,683.81,682.17,683.535,3552005
2025-12-04 15:30:00,683.56,684.56,683.132,683.31,3571390
2025-12-04 16:00:00,683.325,683.76,682.21,683.275,2927506
2025-12-04 16:30:00,683.28,684.56,682.86,684.36,2685925
2025-12-04 17:00:00,684.35,684.58,683.37,684.0,2322978
2025-12-04 17:30:00,683.98,684.495,683.595,684.289,1641197
2025-12-04 18:00:00,684.32,684.77,683.465,684.66,1799810
2025-12-04 18:30:00,684.65,684.75,683.91,684.095,2162284
2025-12-04 19:00:00,684.1,684.23,681.34,682.2,4308518
2025-12-04 19:30:00,682.181,683.96,681.99,683.19,3572684
2025-12-04 20:00:00,683.18,683.46,682.31,682.735,3754770
2025-12-04 20:30:00,682.715,684.58,682.7,684.45,7223549
2025-12-04 21:00:00,684.39,684.39,684.39,684.39,0
2025-12-05 14:30:00,685.47,687.13,685.32,687.09,6248645
2025-12-05 15:00:00,687.06,688.3,686.725,687.88,4884318
2025-12-05 15:30:00,687.88,688.39,686.26,686.65,4125275
2025-12-05 16:00:00,686.68,687.12,685.7,685.88,3735683
2025-12-05 16:30:00,685.9,686.64,685.02,685.93,3482370
2025-12-05 17:00:00,685.91,686.26,685.24,685.39,2140438
2025-12-05 17:30:00,685.39,686.43,684.58,686.29,2765461
2025-12-05 18:00:00,686.3,686.705,685.52,686.595,2295846
2025-12-05 18:30:00,686.6,686.97,686.08,686.2,1948209
2025-12-05 19:00:00,686.2,686.4,685.64,685.955,1913028
2025-12-05 19:30:00,685.965,686.38,685.57,686.21,1852043
2025-12-05 20:00:00,686.22,686.3,685.58,685.995,2534836
2025-12-05 20:30:00,685.99,686.03,684.6,685.69,9919570
2025-12-05 21:00:00,685.69,685.69,685.69,685.69,0
2025-12-08 14:30:00,686.59,686.64,684.98,685.51,5458510
2025-12-08 15:00:00,685.5,685.775,683.872,684.43,3299104
2025-12-08 15:30:00,684.44,685.05,683.57,683.65,3096492
2025-12-08 16:00:00,683.66,684.11,682.91,684.04,2676827
2025-12-08 16:30:00,684.06,684.12,683.02,683.34,1528830
2025-12-08 17:00:00,683.335,683.36,682.19,682.695,2016665
2025-12-08 17:30:00,682.69,684.31,682.6,684.05,2591065
2025-12-08 18:00:00,684.03,684.4,682.77,682.794,1939651
2025-12-08 18:30:00,682.79,683.145,681.57,682.05,2794461
2025-12-08 19:00:00,682.038,682.59,681.66,682.22,2126827
2025-12-08 19:30:00,682.23,682.82,682.15,682.43,2079156
2025-12-08 20:00:00,682.43,682.78,682.18,682.645,2877476
2025-12-08 20:30:00,682.655,683.76,682.06,683.63,9492005
2025-12-08 21:00:00,683.63,683.63,683.63,683.63,0
2025-12-09 14:30:00,683.15,684.53,682.82,684.49,5447734
2025-12-09 15:00:00,684.47,684.94,683.76,684.17,3427327
2025-12-09 15:30:00,684.16,684.57,683.585,684.46,2778191
2025-12-09 16:00:00,684.475,685.34,684.44,684.84,2521839
2025-12-09 16:30:00,684.84,685.385,684.52,684.985,2524462
2025-12-09 17:00:00,684.99,685.34,684.27,684.67,1988028
2025-12-09 17:30:00,684.67,684.86,683.62,684.25,2681634
2025-12-09 18:00:00,684.245,684.49,683.88,684.19,2016791
2025-12-09 18:30:00,684.2,684.345,683.35,684.06,2199494
2025-12-09 19:00:00,684.06,684.14,683.64,683.73,1876566
2025-12-09 19:30:00,683.732,683.82,683.2,683.64,2243334
2025-12-09 20:00:00,683.63,683.853,683.3,683.3,2766338
2025-12-09 20:30:00,683.29,683.61,682.59,683.03,10308454
2025-12-09 21:00:00,683.04,683.04,683.04,683.04,0
2025-12-10 14:30:00,682.56,683.33,681.31,683.0,6054113
2025-12-10 15:00:00,682.995,683.46,682.72,683.0,3351217
2025-12-10 15:30:00,683.01,683.23,681.67,682.185,3511557
2025-12-10 16:00:00,682.19,683.87,681.45,683.76,3437444
2025-12-10 16:30:00,683.75,683.84,683.01,683.56,2272645
2025-12-10 17:00:00,683.56,683.7,682.95,683.11,1686811
2025-12-10 17:30:00,683.1,684.22,682.92,683.8,1727928
2025-12-10 18:00:00,683.8,684.06,682.7,682.74,2037940
2025-12-10 18:30:00,682.73,683.38,682.445,682.67,2688623
2025-12-10 19:00:00,682.74,685.74,682.74,684.22,7686494
2025-12-10 19:30:00,684.23,688.06,683.36,688.02,11480817
2025-12-10 20:00:00,688.04,688.83,687.08,688.15,8024170
2025-12-10 20:30:00,688.14,688.97,687.22,687.57,12941115
2025-12-10 21:00:00,687.57,687.57,687.57,687.57,0
2025-12-11 14:30:00,685.14,685.82,682.29,682.6,9724389
2025-12-11 15:00:00,682.59,686.799,682.165,686.21,6776367
2025-12-11 15:30:00,686.21,686.45,684.07,685.65,4899845
2025-12-11 16:00:00,685.68,686.14,684.4,684.595,3205628
2025-12-11 16:30:00,684.63,686.97,684.63,685.415,4220683
2025-12-11 17:00:00,685.415,687.91,685.395,687.41,4157967
2025-12-11 17:30:00,687.41,688.035,686.98,687.25,3057802
2025-12-11 18:00:00,687.24,688.19,687.09,687.59,2291158
2025-12-11 18:30:00,687.59,688.625,687.3,687.99,2769283
2025-12-11 19:00:00,688.0,688.79,687.85,688.66,3293216
2025-12-11 19:30:00,688.665,689.25,688.59,688.89,3477793
2025-12-11 20:00:00,688.89,689.16,688.41,688.425,3381560
2025-12-11 20:30:00,688.41,689.18,687.99,689.12,12067707
2025-12-11 21:00:00,689.17,689.17,689.17,689.17,0
2025-12-12 14:30:00,688.17,688.88,687.17,687.42,6294454
2025-12-12 15:00:00,687.45,687.54,683.63,683.74,8256150
2025-12-12 15:30:00,683.71,685.61,681.31,681.52,9243404
2025-12-12 16:00:00,681.51,682.46,679.7,681.08,10199913
2025-12-12 16:30:00,681.07,681.14,679.174,680.43,5405217
2025-12-12 17:00:00,680.38,683.02,680.33,681.43,4352749
2025-12-12 17:30:00,681.43,683.24,680.945,682.74,2994763
2025-12-12 18:00:00,682.73,684.34,682.38,683.74,4049156
2025-12-12 18:30:00,683.76,683.9,682.47,682.58,2649264
2025-12-12 19:00:00,682.575,682.67,681.21,681.47,4526806
2025-12-12 19:30:00,681.48,682.27,681.46,681.995,3243032
2025-12-12 20:00:00,681.98,682.515,681.1,681.438,4652298
2025-12-12 20:30:00,681.44,681.87,680.07,681.76,14436217
2025-12-12 21:00:00,681.76,681.76,681.76,681.76,0
