model,q_long_extreme,q_long_moderate,return,sharpe,sortino,max_dd,calmar,pct_3x,pct_1x,pct_cash,total_trades
Ridge,5,20,1.0330735421467891,0.8982646928201741,0.6322155917739454,-0.1795251592219451,0.8199907385392944,12.82642089093702,16.513056835637478,70.6605222734255,233
Ridge,5,30,1.059966712263794,0.8854058682755218,0.6680485488376786,-0.17083780358514822,0.8787899265237762,12.82642089093702,25.038402457757297,62.13517665130568,223
Ridge,5,40,0.9863844821725889,0.8072252080010296,0.6258081976217796,-0.1659888832794198,0.8558523722297329,12.82642089093702,34.024577572964674,53.149001536098304,232
Ridge,5,50,1.0065744448377538,0.7958463788672795,0.6676322274842985,-0.1561977848073803,0.9238259066747789,12.82642089093702,41.474654377880185,45.69892473118279,242
Ridge,5,60,0.9901898199002868,0.7620032713185696,0.6875495859446967,-0.17577754533914905,0.8105990405483521,12.82642089093702,47.926267281105986,39.247311827956985,255
Ridge,10,20,1.16852992993481,0.9379603558898728,0.7078874197214025,-0.1617834793011884,0.998992727758521,19.35483870967742,9.984639016897082,70.6605222734255,232
Ridge,10,30,1.2260037641057453,0.9476289556663615,0.745570638720908,-0.15173551832490664,1.1040040890416234,19.35483870967742,18.509984639016896,62.13517665130568,228
Ridge,10,40,1.0067678038592325,0.7559864775028147,0.5971909938539186,-0.2025685492725275,0.7124546333733088,19.35483870967742,27.49615975422427,53.149001536098304,247
Ridge,10,50,1.1386278193984576,0.8423980573323246,0.7377591669892153,-0.1516346466655133,1.045294969587588,19.35483870967742,34.946236559139784,45.69892473118279,257
Ridge,10,60,1.1685544399306025,0.8429149311149816,0.7893878422595123,-0.14808370408985289,1.0914304273587387,19.35483870967742,41.39784946236559,39.247311827956985,268
Ridge,15,20,1.193392922979723,0.8933431889771243,0.6404621338827138,-0.2087799094830748,0.786409190852405,24.270353302611365,5.0691244239631335,70.6605222734255,197
Ridge,15,30,1.0697519673960487,0.7888236822428584,0.5854164209206096,-0.24972303535763235,0.6054144895411968,24.270353302611365,13.594470046082948,62.13517665130568,211
Ridge,15,40,0.9901067408684978,0.7170530708038161,0.5530903586276579,-0.23274185884791054,0.6121626741354064,24.270353302611365,22.58064516129032,53.149001536098304,231
Ridge,15,50,0.9772838802464829,0.6856962872325761,0.5735193812153908,-0.21325026562136287,0.6614171892703977,24.270353302611365,30.030721966205835,45.69892473118279,248
Ridge,15,60,1.0629630089453461,0.7383863871557423,0.64997036862756,-0.2357242418695743,0.6382633298213672,24.270353302611365,36.48233486943164,39.247311827956985,256
Ridge,20,30,2.0634966898500458,1.2670283013146475,1.0456332604707286,-0.17672625972957817,1.3691066959914149,29.339477726574504,8.525345622119817,62.13517665130568,211
Ridge,20,40,1.906631081084599,1.1700637679280304,1.00060436465705,-0.15597014112905305,1.470706518860973,29.339477726574504,17.51152073732719,53.149001536098304,251
Ridge,20,50,1.8033051645025728,1.1121808335854675,1.0042124803469523,-0.18746499563212665,1.1778402625622644,29.339477726574504,24.961597542242703,45.69892473118279,269
Ridge,20,60,1.5682612481216363,0.9679251877691389,0.9412998884745558,-0.254624794060185,0.7865955668980675,29.339477726574504,31.413210445468508,39.247311827956985,299
Ridge,25,30,2.121255125828933,1.2149101979872958,1.0440636462832196,-0.20393127950847867,1.2085202554302217,33.87096774193548,3.9938556067588324,62.13517665130568,206
Ridge,25,40,1.6826294683827059,0.98968323905815,0.8948615249701092,-0.21767809476904695,0.9667993808632016,33.87096774193548,12.980030721966207,53.149001536098304,278
Ridge,25,50,1.669560230849568,0.9777619166753273,0.9133613890621363,-0.18004892526242763,1.162503072292814,33.87096774193548,20.43010752688172,45.69892473118279,286
Ridge,25,60,1.8581072833488856,1.03931119399601,1.0424779354055902,-0.16209666941854917,1.3904479687104951,33.87096774193548,26.881720430107524,39.247311827956985,306
Ridge,30,40,1.5133304714575084,0.8861521499654007,0.7118909352852522,-0.205036937906993,0.9523870584013534,37.864823348694316,8.986175115207374,53.149001536098304,236
Ridge,30,50,1.400275888910306,0.8218920638298337,0.700237928204515,-0.25210473850612986,0.7325297125588125,37.864823348694316,16.43625192012289,45.69892473118279,256
Ridge,30,60,1.386359768584854,0.8215752899344906,0.7477018992282708,-0.2431660310900938,0.7539775324090471,37.864823348694316,22.887864823348693,39.247311827956985,278
Lasso,5,20,0.39120595719374807,0.35609470009997546,0.2542120301139342,-0.20273442710274303,0.32550031845388466,8.064516129032258,13.13364055299539,78.80184331797236,209
Lasso,5,30,0.391603167271777,0.23395451044091914,0.20285128216636672,-0.18072071457241456,0.36547565447205754,8.064516129032258,22.887864823348693,69.04761904761905,405
Lasso,5,40,0.5553097921769443,0.3235580674753748,0.3069328035344874,-0.18239449914659356,0.4893003742443293,8.064516129032258,33.87096774193548,58.06451612903226,553
Lasso,5,50,0.4878781904677063,0.262068879820566,0.26736122234498993,-0.22274267899764894,0.358895157926596,8.064516129032258,44.16282642089094,47.77265745007681,580
Lasso,5,60,0.32594417637009787,0.13156655527422761,0.13869465790875724,-0.24930528775852384,0.22511817182045443,8.064516129032258,52.764976958525345,39.1705069124424,529
Lasso,10,20,0.22697292800222724,0.07475990675047434,0.03968541354443171,-0.21633878214900987,0.1866724263325726,11.597542242703533,9.600614439324117,78.80184331797236,159
Lasso,10,30,0.03432519963581848,-0.19672514643242645,-0.12572702611415343,-0.24598622792075325,0.02664169630909114,11.597542242703533,19.35483870967742,69.04761904761905,277
Lasso,10,40,0.25657630774859297,0.06859148686232652,0.06297779403147019,-0.21743718837633536,0.20785890394948534,11.597542242703533,30.337941628264208,58.06451612903226,560
Lasso,10,50,0.32499299947409277,0.12515713359203062,0.12450496013859569,-0.230579303385548,0.24276451310254316,11.597542242703533,40.62980030721966,47.77265745007681,565
Lasso,10,60,0.07255992953490775,-0.10228649924287342,-0.10256314636232591,-0.29328274088680645,0.046542282762724624,11.597542242703533,49.23195084485407,39.1705069124424,500
Lasso,15,20,0.24321470545025337,0.08804466395595259,0.0403258797375147,-0.21313218015111077,0.20192112951290553,16.666666666666664,4.531490015360983,78.80184331797236,128
Lasso,15,30,0.28680850784590683,0.13715081296476922,0.07860167686399086,-0.22079037313285593,0.22653519055929852,16.666666666666664,14.285714285714285,69.04761904761905,201
Lasso,15,40,0.21423969638004725,0.03262045225148977,0.028115322822604375,-0.19040598823876836,0.20107545457407772,16.666666666666664,25.268817204301076,58.06451612903226,501
Lasso,15,50,0.09782872546510313,-0.08581748104901182,-0.07259060666237703,-0.25824580154729054,0.0705872674454981,16.666666666666664,35.56067588325653,47.77265745007681,466
Lasso,15,60,-0.048027810429749684,-0.2404220589526307,-0.20328483840823725,-0.3596847493863477,-0.02635951256620131,16.666666666666664,44.16282642089094,39.1705069124424,411
Lasso,20,30,0.10632101308445918,-0.09127366467781027,-0.05021814191098515,-0.17692482252371594,0.11162155638117405,21.19815668202765,9.754224270353303,69.04761904761905,213
Lasso,20,40,0.04759326428568844,-0.12387398026804412,-0.10587727559884764,-0.28929456353093425,0.031247473396315797,21.19815668202765,20.737327188940093,58.06451612903226,512
Lasso,20,50,0.011777229320505178,-0.17036071784397042,-0.14731541809447368,-0.3596597778258195,0.0063079474300916216,21.19815668202765,31.02918586789555,47.77265745007681,472
Lasso,20,60,-0.1370752769999719,-0.34756030213701455,-0.2902150179446179,-0.42183211180120517,-0.06668803538349274,21.19815668202765,39.63133640552996,39.1705069124424,416
Lasso,25,30,0.22659015436151275,0.04121632513511952,0.029686867191273395,-0.3486792443839048,0.11564112059814542,26.113671274961597,4.838709677419355,69.04761904761905,317
Lasso,25,40,0.5013149938430816,0.2290625427970492,0.21887973099648048,-0.25554997378709815,0.3201803045862439,26.113671274961597,15.821812596006144,58.06451612903226,548
Lasso,25,50,0.3631296739755334,0.1384519062003792,0.13665318704215962,-0.24039139876074223,0.25704750507946245,26.113671274961597,26.113671274961597,47.77265745007681,566
Lasso,25,60,0.18263640511021384,0.002374430406836492,0.0023314192031797893,-0.3158013593458579,0.10449545847312751,26.113671274961597,34.715821812596005,39.1705069124424,533
Lasso,30,40,0.4277092363644377,0.1744638482029017,0.1575421451053688,-0.2564398315002607,0.27822236415749746,30.952380952380953,10.98310291858679,58.06451612903226,487
Lasso,30,50,0.48671751636809635,0.21743120358898552,0.20442669822558818,-0.24789320449745303,0.32182472840223186,30.952380952380953,21.274961597542244,47.77265745007681,513
Lasso,30,60,0.3620061811042061,0.13612300605036087,0.1277840195352038,-0.28417412364929884,0.2168479387620225,30.952380952380953,29.877112135176652,39.1705069124424,499
ElasticNet,5,20,0.42352860212037835,0.40502255126715986,0.29089037417206787,-0.20273442710274303,0.34892638768983425,8.064516129032258,13.13364055299539,78.80184331797236,210
ElasticNet,5,30,0.35872147105024466,0.19919912683863417,0.1727441934581039,-0.18072071457241456,0.3382376598280187,8.064516129032258,22.811059907834103,69.12442396313364,405
ElasticNet,5,40,0.5647751692072336,0.329919906406157,0.31333352384151936,-0.1693534722837243,0.5345363593223679,8.064516129032258,33.7173579109063,58.21812596006144,556
ElasticNet,5,50,0.46852947089011643,0.24726362745565247,0.2511606547794204,-0.2249624696219138,0.34320723072559356,8.064516129032258,43.93241167434716,48.003072196620586,576
ElasticNet,5,60,0.3782484978290128,0.17397970102051677,0.1834537703381593,-0.24930528775852384,0.25695895743444974,8.064516129032258,52.764976958525345,39.1705069124424,546
ElasticNet,10,20,0.24760247026234405,0.10642259696826119,0.0571336002615805,-0.21633878214900987,0.20221700499898715,11.52073732718894,9.67741935483871,78.80184331797236,163
ElasticNet,10,30,0.006564849320374044,-0.23926149204214964,-0.15545546811827782,-0.25673507238032206,0.004936083535114681,11.52073732718894,19.35483870967742,69.12442396313364,284
ElasticNet,10,40,0.2649238225792614,0.07564268152687952,0.06957270912596517,-0.21759368662479736,0.21386896025875124,11.52073732718894,30.261136712749614,58.21812596006144,561
ElasticNet,10,50,0.34550527064727765,0.14220490952574613,0.14088098645210112,-0.230579303385548,0.25640184093680374,11.52073732718894,40.476190476190474,48.003072196620586,557
ElasticNet,10,60,0.1187831877612997,-0.056923471614018624,-0.05785692244043203,-0.2691854959460607,0.08158641524246521,11.52073732718894,49.30875576036866,39.1705069124424,523
ElasticNet,15,20,0.2666772249619036,0.11945266301287484,0.056350926292832434,-0.21313218015111077,0.2196625373332742,16.589861751152075,4.6082949308755765,78.80184331797236,140
ElasticNet,15,30,0.25063179839786054,0.09155317772898157,0.052746486759332994,-0.22079037313285593,0.20035936585196104,16.589861751152075,14.285714285714285,69.12442396313364,201
ElasticNet,15,40,0.29780387316015,0.10755081939901193,0.09347213694766804,-0.19040598823876798,0.271773825162755,16.589861751152075,25.19201228878648,58.21812596006144,503
ElasticNet,15,50,0.19411319568142793,0.014085931930373392,0.012352769510308054,-0.25601313883947174,0.13644813539242326,16.589861751152075,35.40706605222734,48.003072196620586,464
ElasticNet,15,60,-0.11637604493224851,-0.3159659627982373,-0.2766470515709103,-0.41112245362878685,-0.05755482056061974,16.589861751152075,44.23963133640553,39.1705069124424,451
ElasticNet,20,30,0.07577589962552489,-0.13026829786540678,-0.07232367175746075,-0.17692482252371594,0.08047257796275799,21.19815668202765,9.67741935483871,69.12442396313364,214
ElasticNet,20,40,0.09792882478778675,-0.07512909502736399,-0.06457347298386734,-0.26624438293989866,0.06853415614965751,21.19815668202765,20.583717357910906,58.21812596006144,516
ElasticNet,20,50,-0.02341158429011181,-0.20933721708000144,-0.1799256921732262,-0.38260227171461186,-0.011956707420235758,21.19815668202765,30.798771121351763,48.003072196620586,465
ElasticNet,20,60,-0.08201816188782207,-0.2758909635786095,-0.23671641422228507,-0.3902493936077175,-0.042093598553562345,21.19815668202765,39.63133640552996,39.1705069124424,443
ElasticNet,25,30,0.5357585563835896,0.28000035568027964,0.20763099270805227,-0.22643356323979913,0.38237263022171764,26.036866359447004,4.838709677419355,69.12442396313364,313
ElasticNet,25,40,0.613360595289965,0.2988061733849201,0.2833045980413883,-0.23493134653706993,0.41288075871076035,26.036866359447004,15.745007680491552,58.21812596006144,536
ElasticNet,25,50,0.5272753192133839,0.24871325936137378,0.2454516628322855,-0.2675579674690262,0.31924935951864086,26.036866359447004,25.960061443932414,48.003072196620586,561
ElasticNet,25,60,0.3527163959505817,0.13225112464295014,0.13110696360907179,-0.3408564473437275,0.17666447286414924,26.036866359447004,34.7926267281106,39.1705069124424,539
ElasticNet,30,40,0.5115695251314532,0.22445882433281725,0.2040685025175354,-0.22766022555700152,0.3656691504751886,30.87557603686636,10.906298003072196,58.21812596006144,485
ElasticNet,30,50,0.38462853858772816,0.14826038735118124,0.13865032659130594,-0.2862564847295872,0.22711381278734222,30.87557603686636,21.121351766513058,48.003072196620586,513
ElasticNet,30,60,0.2662003182607948,0.06558919769917218,0.06294664446085974,-0.30668296112572746,0.15240775264803136,30.87557603686636,29.953917050691242,39.1705069124424,523
RandomForest,5,20,0.3380554662320534,0.17558010952198747,0.11734897162679592,-0.17492458214015189,0.3314766743302101,11.751152073732719,12.442396313364055,75.80645161290323,226
RandomForest,5,30,0.5302649821486571,0.34653489184632885,0.25697255593799506,-0.17066746048423742,0.5028997414346069,11.751152073732719,19.35483870967742,68.89400921658986,269
RandomForest,5,40,0.4237466507781831,0.23501530138032814,0.19219994792159345,-0.17083102441670447,0.41427564759145047,11.751152073732719,28.03379416282642,60.215053763440864,280
RandomForest,5,50,0.6019016712115828,0.368192424884916,0.3227997717195591,-0.17083102441670447,0.5589515853626826,11.751152073732719,35.33026113671275,52.91858678955453,309
RandomForest,5,60,0.4866114094839318,0.2660252923860327,0.2480649044161778,-0.21415390513083563,0.37245758924935357,11.751152073732719,43.39477726574501,44.85407066052227,330
RandomForest,10,20,0.13850492759259247,-0.04759592640189757,-0.03048484271171183,-0.2626257626268086,0.09680743902144745,15.591397849462366,8.60215053763441,75.80645161290323,225
RandomForest,10,30,0.3044010956965002,0.1235323192399831,0.08836464525139232,-0.17746958122042683,0.29740331152822347,15.591397849462366,15.514592933947775,68.89400921658986,275
RandomForest,10,40,0.102684149553677,-0.07908427651678922,-0.062056573311133956,-0.20353985132564806,0.09383388928686247,15.591397849462366,24.193548387096776,60.215053763440864,300
RandomForest,10,50,0.4587742688710523,0.23986533969334292,0.20963697504669918,-0.17698408387343095,0.4284003476773852,15.591397849462366,31.490015360983104,52.91858678955453,318
RandomForest,10,60,0.3632658755051468,0.15959390813337268,0.14725264500844268,-0.18351633282903246,0.33682311283345606,15.591397849462366,39.55453149001536,44.85407066052227,338
RandomForest,15,20,0.23890919394198762,0.07311131899569713,0.048736681525808595,-0.17492458214015189,0.24202297010480384,20.967741935483872,3.225806451612903,75.80645161290323,212
RandomForest,15,30,0.09108049159147069,-0.09659659378272398,-0.06699327118655164,-0.24827590980244976,0.0685303844790841,20.967741935483872,10.138248847926267,68.89400921658986,267
RandomForest,15,40,0.05303743531286664,-0.13742219760899504,-0.10707335750009436,-0.25165514746437045,0.03994567953669335,20.967741935483872,18.817204301075268,60.215053763440864,294
RandomForest,15,50,0.2779597158428353,0.09100095459259713,0.07703747806455045,-0.2307211909035524,0.2107105328903148,20.967741935483872,26.113671274961597,52.91858678955453,324
RandomForest,15,60,0.26323109510562626,0.075286145476113,0.06827352615654615,-0.19937321354000817,0.23205388312770528,20.967741935483872,34.17818740399385,44.85407066052227,338
RandomForest,20,30,0.07166903371739752,-0.11372224740180728,-0.08174379742824493,-0.2429597726017134,0.05551138271325811,24.193548387096776,6.912442396313365,68.89400921658986,256
RandomForest,20,40,-0.08290514333886967,-0.28543505753057685,-0.22297861549778206,-0.2853360753612024,-0.05821560829294606,24.193548387096776,15.591397849462366,60.215053763440864,292
RandomForest,20,50,0.09890707007553412,-0.07577354656086328,-0.06404313960432806,-0.24549094918805422,0.07504296090251236,24.193548387096776,22.887864823348693,52.91858678955453,322
RandomForest,20,60,0.08497590888215822,-0.08572076507669979,-0.07750932322556324,-0.22275698455809892,0.07142592903609554,24.193548387096776,30.952380952380953,44.85407066052227,347
RandomForest,25,30,0.0556581847972617,-0.1255008502516374,-0.08931632735741694,-0.34898649903486917,0.03019768571922639,27.72657450076805,3.3794162826420893,68.89400921658986,244
RandomForest,25,40,0.06697001490485599,-0.1104590042428684,-0.08844858668552405,-0.2745160987654313,0.045991465417830904,27.72657450076805,12.05837173579109,60.215053763440864,280
RandomForest,25,50,0.26057117274118347,0.07191758197762367,0.06240126682829314,-0.2415193770774972,0.18979249661435246,27.72657450076805,19.35483870967742,52.91858678955453,312
RandomForest,25,60,0.15470750384943388,-0.022253770774002438,-0.020198331789282892,-0.2534489592250414,0.11139347771668101,27.72657450076805,27.419354838709676,44.85407066052227,342
RandomForest,30,40,0.170329528718407,-0.008507189942654413,-0.006982189311416976,-0.25135873153308586,0.12297338047742806,31.105990783410135,8.678955453149001,60.215053763440864,301
RandomForest,30,50,0.24552598757096455,0.055752408558023776,0.04861281229388691,-0.26855734935493186,0.16164489397141749,31.105990783410135,15.97542242703533,52.91858678955453,337
RandomForest,30,60,0.21357544373055304,0.027836861100420364,0.025936459059307578,-0.308538865134197,0.12373161322270268,31.105990783410135,24.03993855606759,44.85407066052227,368
GradientBoosting,5,20,0.5857271808518749,0.2613799835810764,0.24219858315631754,-0.23136892838672643,0.403410380880152,74.50076804915514,7.603686635944701,17.895545314900154,146
GradientBoosting,5,30,0.5203857871774904,0.22190813665311973,0.2075310804019227,-0.23136892838672649,0.36508060145130516,74.50076804915514,9.831029185867896,15.668202764976957,151
GradientBoosting,5,40,0.5124131039868562,0.21714740361784932,0.2038808571090605,-0.23136892838672676,0.36031330318904403,74.50076804915514,10.291858678955453,15.207373271889402,153
GradientBoosting,5,50,0.5135577676045173,0.21768132090830764,0.20523142428247693,-0.23136892838672682,0.36099900357463,74.50076804915514,10.75268817204301,14.746543778801843,153
GradientBoosting,5,60,0.5458180115962681,0.2365177971708605,0.22324846925848899,-0.23136892838672674,0.38015437801732244,74.50076804915514,11.29032258064516,14.208909370199693,153
GradientBoosting,10,20,0.591581682419847,0.26722557766966454,0.2457495007706428,-0.2313689283867266,0.4067821225337761,78.03379416282642,4.070660522273426,17.895545314900154,141
GradientBoosting,10,30,0.6007518273845369,0.2721483047151871,0.2523084094984814,-0.2313689283867269,0.4120433708721214,78.03379416282642,6.29800307219662,15.668202764976957,145
GradientBoosting,10,40,0.5923577163015492,0.26725875068357774,0.24877596925604914,-0.23136892838672707,0.4072283071246196,78.03379416282642,6.7588325652841785,15.207373271889402,147
GradientBoosting,10,50,0.5935628856691968,0.2677711813093323,0.25031901191003797,-0.23136892838672726,0.40792087781909975,78.03379416282642,7.2196620583717355,14.746543778801843,147
GradientBoosting,10,60,0.6275283732166295,0.2870523238878203,0.26866105923432076,-0.23136892838672626,0.4272681776889217,78.03379416282642,7.757296466973887,14.208909370199693,147
GradientBoosting,15,20,0.6972278548396382,0.3176642615983833,0.303586808530712,-0.23136892838672674,0.46597187966331327,80.03072196620585,2.0737327188940093,17.895545314900154,159
GradientBoosting,15,30,0.7366907614556468,0.33730047656387563,0.3264162020120696,-0.23136892838672604,0.48732026020401625,80.03072196620585,4.301075268817205,15.668202764976957,167
GradientBoosting,15,40,0.7275838062617905,0.33246796700043985,0.32296767222410866,-0.2313689283867265,0.48242863288943677,80.03072196620585,4.761904761904762,15.207373271889402,169
GradientBoosting,15,50,0.7288913209376973,0.33293962647338254,0.3247198493614501,-0.2313689283867265,0.48313221604099177,80.03072196620585,5.22273425499232,14.746543778801843,169
GradientBoosting,15,60,0.765741223229137,0.35193485261841545,0.3436274207858253,-0.23136892838672662,0.5027871542659614,80.03072196620585,5.76036866359447,14.208909370199693,169
GradientBoosting,20,30,0.7372292056436733,0.3348317939137111,0.32846251979812474,-0.23136892838672726,0.4876088269857095,82.10445468509985,2.227342549923195,15.668202764976957,162
GradientBoosting,20,40,0.7281194269263711,0.3300394943599583,0.3249634739869655,-0.23136892838672632,0.4827169061719989,82.10445468509985,2.6881720430107525,15.207373271889402,164
GradientBoosting,20,50,0.729427346984566,0.3305105962119553,0.3266985481042979,-0.23136892838672668,0.48342053153875725,82.10445468509985,3.14900153609831,14.746543778801843,164
GradientBoosting,20,60,0.7662886742321082,0.34935415219997845,0.3456992435416226,-0.23136892838672649,0.5030766490660432,82.10445468509985,3.686635944700461,14.208909370199693,164
GradientBoosting,25,30,0.6636975932323026,0.2926540761189344,0.2903093584553622,-0.23136892838672626,0.44751601178927486,84.10138248847926,0.2304147465437788,15.668202764976957,166
GradientBoosting,25,40,0.654973403656385,0.28796749926300724,0.28668372166431694,-0.23136892838672693,0.44266486908119895,84.10138248847926,0.6912442396313364,15.207373271889402,168
GradientBoosting,25,50,0.6562259634486569,0.28845561524625085,0.2882660621651358,-0.23136892838672732,0.44336262916300084,84.10138248847926,1.1520737327188941,14.746543778801843,168
GradientBoosting,25,60,0.6915270631687527,0.3069330544530649,0.3070548248788633,-0.2313689283867268,0.46285489709674554,84.10138248847926,1.6897081413210446,14.208909370199693,168
GradientBoosting,30,40,0.6712442376624037,0.2957764402330892,0.29483823921497804,-0.23136892838672699,0.45169585221060515,84.33179723502305,0.4608294930875576,15.207373271889402,167
GradientBoosting,30,50,0.672509111968268,0.2962602228862246,0.29644490398269396,-0.23136892838672715,0.4523949348041566,84.33179723502305,0.9216589861751152,14.746543778801843,167
GradientBoosting,30,60,0.7081572736607789,0.314721337905078,0.3152478547825358,-0.23136892838672676,0.4719241477480032,84.33179723502305,1.4592933947772657,14.208909370199693,167
XGBoost,5,20,0.10932382793645234,-0.05171667808326487,-0.049211771652616795,-0.36236904561802313,0.05597539124092281,77.49615975422427,19.431643625192013,3.0721966205837172,104
XGBoost,5,30,0.10932382793645234,-0.05171667808326487,-0.049211771652616795,-0.36236904561802313,0.05597539124092281,77.49615975422427,19.431643625192013,3.0721966205837172,104
XGBoost,5,40,0.10932382793645234,-0.05171667808326487,-0.049211771652616795,-0.36236904561802313,0.05597539124092281,77.49615975422427,19.431643625192013,3.0721966205837172,104
XGBoost,5,50,0.10932382793645234,-0.05171667808326487,-0.049211771652616795,-0.36236904561802313,0.05597539124092281,77.49615975422427,19.431643625192013,3.0721966205837172,104
XGBoost,5,60,0.10932382793645234,-0.05171667808326487,-0.049211771652616795,-0.36236904561802313,0.05597539124092281,77.49615975422427,19.431643625192013,3.0721966205837172,104
XGBoost,10,20,0.17034821556731528,-0.006945808158853572,-0.006281272930100024,-0.2810514076604511,0.1099927558161148,93.24116743471582,3.686635944700461,3.0721966205837172,84
XGBoost,10,30,0.17034821556731528,-0.006945808158853572,-0.006281272930100024,-0.2810514076604511,0.1099927558161148,93.24116743471582,3.686635944700461,3.0721966205837172,84
XGBoost,10,40,0.17034821556731528,-0.006945808158853572,-0.006281272930100024,-0.2810514076604511,0.1099927558161148,93.24116743471582,3.686635944700461,3.0721966205837172,84
XGBoost,10,50,0.17034821556731528,-0.006945808158853572,-0.006281272930100024,-0.2810514076604511,0.1099927558161148,93.24116743471582,3.686635944700461,3.0721966205837172,84
XGBoost,10,60,0.17034821556731528,-0.006945808158853572,-0.006281272930100024,-0.2810514076604511,0.1099927558161148,93.24116743471582,3.686635944700461,3.0721966205837172,84
XGBoost,15,20,0.2299700908848028,0.037485098441321175,0.032655176321832506,-0.24442550200093435,0.16723247303419275,96.92780337941628,0.0,3.0721966205837172,72
XGBoost,15,30,0.2299700908848028,0.037485098441321175,0.032655176321832506,-0.24442550200093435,0.16723247303419275,96.92780337941628,0.0,3.0721966205837172,72
XGBoost,15,40,0.2299700908848028,0.037485098441321175,0.032655176321832506,-0.24442550200093435,0.16723247303419275,96.92780337941628,0.0,3.0721966205837172,72
XGBoost,15,50,0.2299700908848028,0.037485098441321175,0.032655176321832506,-0.24442550200093435,0.16723247303419275,96.92780337941628,0.0,3.0721966205837172,72
XGBoost,15,60,0.2299700908848028,0.037485098441321175,0.032655176321832506,-0.24442550200093435,0.16723247303419275,96.92780337941628,0.0,3.0721966205837172,72
XGBoost,20,30,0.2299700908848028,0.037485098441321175,0.032655176321832506,-0.24442550200093435,0.16723247303419275,96.92780337941628,0.0,3.0721966205837172,72
XGBoost,20,40,0.2299700908848028,0.037485098441321175,0.032655176321832506,-0.24442550200093435,0.16723247303419275,96.92780337941628,0.0,3.0721966205837172,72
XGBoost,20,50,0.2299700908848028,0.037485098441321175,0.032655176321832506,-0.24442550200093435,0.16723247303419275,96.92780337941628,0.0,3.0721966205837172,72
XGBoost,20,60,0.2299700908848028,0.037485098441321175,0.032655176321832506,-0.24442550200093435,0.16723247303419275,96.92780337941628,0.0,3.0721966205837172,72
XGBoost,25,30,0.2299700908848028,0.037485098441321175,0.032655176321832506,-0.24442550200093435,0.16723247303419275,96.92780337941628,0.0,3.0721966205837172,72
XGBoost,25,40,0.2299700908848028,0.037485098441321175,0.032655176321832506,-0.24442550200093435,0.16723247303419275,96.92780337941628,0.0,3.0721966205837172,72
XGBoost,25,50,0.2299700908848028,0.037485098441321175,0.032655176321832506,-0.24442550200093435,0.16723247303419275,96.92780337941628,0.0,3.0721966205837172,72
XGBoost,25,60,0.2299700908848028,0.037485098441321175,0.032655176321832506,-0.24442550200093435,0.16723247303419275,96.92780337941628,0.0,3.0721966205837172,72
XGBoost,30,40,0.2299700908848028,0.037485098441321175,0.032655176321832506,-0.24442550200093435,0.16723247303419275,96.92780337941628,0.0,3.0721966205837172,72
XGBoost,30,50,0.2299700908848028,0.037485098441321175,0.032655176321832506,-0.24442550200093435,0.16723247303419275,96.92780337941628,0.0,3.0721966205837172,72
XGBoost,30,60,0.2299700908848028,0.037485098441321175,0.032655176321832506,-0.24442550200093435,0.16723247303419275,96.92780337941628,0.0,3.0721966205837172,72
LightGBM,5,20,0.26396454309669215,0.08840335899984919,0.05813198319203504,-0.18327693621721747,0.25307536029418604,7.910906298003072,14.285714285714285,77.80337941628265,291
LightGBM,5,30,0.05359528102662203,-0.14068620350180588,-0.10511063977538371,-0.23197060865593294,0.043781738663228195,7.910906298003072,23.27188940092166,68.81720430107528,343
LightGBM,5,40,0.16434290880157665,-0.015530314103485333,-0.012865415185598954,-0.21173062512363702,0.14115886297274657,7.910906298003072,31.490015360983104,60.59907834101382,393
LightGBM,5,50,0.6903119470701955,0.4225049084408992,0.38631937746939293,-0.19692966727614672,0.5430175789119038,7.910906298003072,40.55299539170507,51.536098310291855,442
LightGBM,5,60,0.6684550337422341,0.39014791771420254,0.3815356728735152,-0.22346677037819807,0.4660709333563359,7.910906298003072,50.614439324116745,41.474654377880185,446
LightGBM,10,20,0.2630981434259865,0.0745877987766697,0.04619159890357982,-0.2641910775939312,0.1750400316956392,13.13364055299539,9.062980030721967,77.80337941628265,278
LightGBM,10,30,0.056345854393049066,-0.11973753468245413,-0.0823663888956487,-0.27537902469314324,0.03873192535588289,13.13364055299539,18.049155145929337,68.81720430107528,322
LightGBM,10,40,0.25346048123102705,0.06383083456248877,0.04877428294423903,-0.2208619336690048,0.20236233620514416,13.13364055299539,26.26728110599078,60.59907834101382,367
LightGBM,10,50,0.6229710282021319,0.3382936645172808,0.28484464335764603,-0.22809006202359852,0.43079633498072695,13.13364055299539,35.33026113671275,51.536098310291855,430
LightGBM,10,60,0.6389552257942821,0.3367231617571621,0.30706549095441615,-0.27994633015793435,0.35844587537899014,13.13364055299539,45.39170506912442,41.474654377880185,449
LightGBM,15,20,0.40755049156170453,0.18925187906999572,0.12025934327488721,-0.26267858598274163,0.2604044371809729,17.895545314900154,4.301075268817205,77.80337941628265,254
LightGBM,15,30,0.14428498045945592,-0.0327451643164413,-0.022788637445278852,-0.2736004325695409,0.09659953778539988,17.895545314900154,13.287250384024576,68.81720430107528,319
LightGBM,15,40,0.4055438635083064,0.1911175846335831,0.15522301801058433,-0.23465968581270552,0.2902403092294761,17.895545314900154,21.50537634408602,60.59907834101382,372
LightGBM,15,50,0.8161750858477181,0.4733887988581175,0.4134436680606111,-0.23029456537651305,0.5316267602692016,17.895545314900154,30.568356374807987,51.536098310291855,433
LightGBM,15,60,0.8360442270830168,0.4764709853577348,0.4576020164140746,-0.20833363511130235,0.5990248126806964,17.895545314900154,40.62980030721966,41.474654377880185,453
LightGBM,20,30,0.16444389751618038,-0.01277602113530188,-0.009230678475089696,-0.2707477914787879,0.11045313644025138,22.19662058371736,8.986175115207374,68.81720430107528,324
LightGBM,20,40,0.37705573946600923,0.1558331921237062,0.12799574594981472,-0.22593198817406768,0.28275294254270483,22.19662058371736,17.20430107526882,60.59907834101382,378
LightGBM,20,50,0.8032825817254095,0.42980824654477445,0.37986328975464684,-0.21307470686048136,0.5673322983840539,22.19662058371736,26.26728110599078,51.536098310291855,444
LightGBM,20,60,0.8524757327364285,0.45210324261540663,0.4390698275932726,-0.18989120307591345,0.6674260368795568,22.19662058371736,36.32872503840246,41.474654377880185,471
LightGBM,25,30,0.15176480242052048,-0.025553615628596506,-0.02001202803364612,-0.33449931061657734,0.08288467663564639,27.265745007680493,3.9170506912442393,68.81720430107528,305
LightGBM,25,40,0.32637961219745804,0.11758916819736287,0.09957952073875215,-0.2651845758286597,0.2118911684026677,27.265745007680493,12.135176651305683,60.59907834101382,372
LightGBM,25,50,0.630396386500325,0.3262109196839987,0.29207892427566734,-0.2362687421224823,0.41999250225027984,27.265745007680493,21.19815668202765,51.536098310291855,436
LightGBM,25,60,0.5194042142677062,0.24630936054379882,0.23731723613462477,-0.26146957780513685,0.32253374083486025,27.265745007680493,31.259600614439325,41.474654377880185,470
LightGBM,30,40,0.33339125238843104,0.1202220747737697,0.10346300929567208,-0.21896873434477257,0.2615378846038983,31.182795698924732,8.218125960061444,60.59907834101382,354
LightGBM,30,50,0.6367728656396912,0.3214963357355462,0.2940256657764523,-0.21672022057105295,0.46170990946402246,31.182795698924732,17.28110599078341,51.536098310291855,433
LightGBM,30,60,0.4994545852722725,0.22824728033961691,0.22220133035501258,-0.23846983196048374,0.34202427688489123,31.182795698924732,27.342549923195087,41.474654377880185,472
CatBoost,5,20,0.10273545061420974,-0.10256564634340871,-0.07518419373589263,-0.23878703637999313,0.08002156472898837,7.910906298003072,13.210445468509985,78.87864823348694,379
CatBoost,5,30,0.3794423756029095,0.2191517340393219,0.18945882525556446,-0.1558963287879249,0.4120659058682183,7.910906298003072,21.19815668202765,70.89093701996929,459
CatBoost,5,40,0.27243465674091727,0.09647253300686508,0.08976690205995838,-0.15276161784793463,0.3124894571518905,7.910906298003072,32.104454685099846,59.98463901689708,528
CatBoost,5,50,0.29874691323162783,0.1147871599101642,0.11356800314595611,-0.15665023250858415,0.33128095605530894,7.910906298003072,42.626728110599075,49.46236559139785,558
CatBoost,5,60,0.21925046965047756,0.03809056353896496,0.03988207941518395,-0.20626497831146995,0.1896293073663595,7.910906298003072,51.075268817204304,41.013824884792626,522
CatBoost,10,20,0.19885039151628936,0.022803641375377888,0.015924002518888918,-0.23751057745320067,0.15041814347342453,12.59600614439324,8.525345622119817,78.87864823348694,360
CatBoost,10,30,0.4056955321368303,0.22112051996466767,0.18172299542085965,-0.170793806672746,0.3989020907162864,12.59600614439324,16.513056835637478,70.89093701996929,457
CatBoost,10,40,0.22332151840037096,0.04249125253855045,0.03781681882699524,-0.1852543720572227,0.21475613900535961,12.59600614439324,27.419354838709676,59.98463901689708,535
CatBoost,10,50,0.18375053207483605,0.0038259836543032806,0.0035728170562515124,-0.2125799115017938,0.1561205355221467,12.59600614439324,37.94162826420891,49.46236559139785,577
CatBoost,10,60,0.020148863518923976,-0.15871389478735035,-0.15489431615791427,-0.2924953235236631,0.01322576758263062,12.59600614439324,46.39016897081413,41.013824884792626,550
CatBoost,15,20,0.1749077442523257,-0.005047578867780433,-0.0036692122616357194,-0.2778274103150865,0.114062722163577,16.359447004608295,4.761904761904762,78.87864823348694,355
CatBoost,15,30,0.47277806916968745,0.25995961620694263,0.21894909475041635,-0.19714882100016506,0.3946827123688351,16.359447004608295,12.749615975422426,70.89093701996929,452
CatBoost,15,40,0.4197770223291195,0.20451729476887426,0.1878117753741486,-0.1823805552570657,0.38486914404605976,16.359447004608295,23.655913978494624,59.98463901689708,537
CatBoost,15,50,0.3110716598689742,0.10987522607194554,0.10622787911028259,-0.22938117840644864,0.23463095594112365,16.359447004608295,34.17818740399385,49.46236559139785,591
CatBoost,15,60,0.1632305209202598,-0.014492722260458958,-0.014515303831779451,-0.25751899174890736,0.11532020295098658,16.359447004608295,42.626728110599075,41.013824884792626,570
CatBoost,20,30,0.44073734195463676,0.22883347433790963,0.1881716351793248,-0.18612396758667538,0.39346113251191883,21.121351766513058,7.987711213517665,70.89093701996929,450
CatBoost,20,40,0.32062098360990454,0.12013529419527665,0.10590856254259448,-0.20314558794851906,0.2722243812032102,21.121351766513058,18.89400921658986,59.98463901689708,528
CatBoost,20,50,0.12558557145103233,-0.04935335478679195,-0.0446672901641226,-0.24817447914398097,0.09332785745738133,21.121351766513058,29.416282642089094,49.46236559139785,587
CatBoost,20,60,0.039919495695421636,-0.13714348689256992,-0.124212268296566,-0.3220799265420438,0.023611823671464898,21.121351766513058,37.864823348694316,41.013824884792626,525
CatBoost,25,30,0.5150733749597118,0.2658122629433156,0.22534189804857704,-0.21546072535160649,0.38862705036982576,25.115207373271893,3.9938556067588324,70.89093701996929,427
CatBoost,25,40,0.35395581406471677,0.14002967489861964,0.12676172246965656,-0.21448618484443788,0.28162732956062947,25.115207373271893,14.90015360983103,59.98463901689708,521
CatBoost,25,50,0.3354470176470252,0.12185896867816337,0.116763130487787,-0.2561560161838935,0.22480017558375645,25.115207373271893,25.42242703533026,49.46236559139785,593
CatBoost,25,60,0.412594393826901,0.1872837138289011,0.18525180422567208,-0.24958643279902004,0.27702874507208236,25.115207373271893,33.87096774193548,41.013824884792626,550
CatBoost,30,40,0.6947914600863039,0.36329850665382035,0.34909410840897426,-0.2050428545972786,0.5242974226164347,29.10906298003072,10.906298003072196,59.98463901689708,528
CatBoost,30,50,0.6204517753792642,0.305218923759323,0.3102151045197935,-0.2107069518077876,0.46476966870329356,29.10906298003072,21.428571428571427,49.46236559139785,609
CatBoost,30,60,0.3983229453650565,0.1594343556882583,0.1675503794463122,-0.27504808131070296,0.24375165158115744,29.10906298003072,29.877112135176652,41.013824884792626,601
AutoARIMA,5,20,0.17493486477982145,-0.2520600781220898,-0.01623454241414601,-0.006675798216641406,4.747650980482038,0.0,0.07680491551459294,99.9231950844854,2
AutoARIMA,5,30,0.17373920999207448,-0.31248001883031307,-0.024125191477420403,-0.007666950790784336,4.107378956604983,0.0,0.15360983102918588,99.84639016897081,4
AutoARIMA,5,40,0.10310187312790431,-0.6991253743029301,-0.07676141764951182,-0.06731298095026529,0.28484321120775047,0.0,0.6144393241167435,99.38556067588326,8
AutoARIMA,5,50,0.054387971479234576,-0.133450504295929,-0.1391187839377912,-0.37935841648088026,0.02715935610839752,0.0,99.69278033794163,0.30721966205837176,57
AutoARIMA,5,60,0.054387971479234576,-0.133450504295929,-0.1391187839377912,-0.37935841648088026,0.02715935610839752,0.0,99.69278033794163,0.30721966205837176,57
AutoARIMA,10,20,0.17493486477982145,-0.2520600781220898,-0.01623454241414601,-0.006675798216641406,4.747650980482038,0.0,0.07680491551459294,99.9231950844854,2
AutoARIMA,10,30,0.17373920999207448,-0.31248001883031307,-0.024125191477420403,-0.007666950790784336,4.107378956604983,0.0,0.15360983102918588,99.84639016897081,4
AutoARIMA,10,40,0.10310187312790431,-0.6991253743029301,-0.07676141764951182,-0.06731298095026529,0.28484321120775047,0.0,0.6144393241167435,99.38556067588326,8
AutoARIMA,10,50,0.054387971479234576,-0.133450504295929,-0.1391187839377912,-0.37935841648088026,0.02715935610839752,0.0,99.69278033794163,0.30721966205837176,57
AutoARIMA,10,60,0.054387971479234576,-0.133450504295929,-0.1391187839377912,-0.37935841648088026,0.02715935610839752,0.0,99.69278033794163,0.30721966205837176,57
AutoARIMA,15,20,0.17493486477982145,-0.2520600781220898,-0.01623454241414601,-0.006675798216641406,4.747650980482038,0.0,0.07680491551459294,99.9231950844854,2
AutoARIMA,15,30,0.17373920999207448,-0.31248001883031307,-0.024125191477420403,-0.007666950790784336,4.107378956604983,0.0,0.15360983102918588,99.84639016897081,4
AutoARIMA,15,40,0.10310187312790431,-0.6991253743029301,-0.07676141764951182,-0.06731298095026529,0.28484321120775047,0.0,0.6144393241167435,99.38556067588326,8
AutoARIMA,15,50,0.054387971479234576,-0.133450504295929,-0.1391187839377912,-0.37935841648088026,0.02715935610839752,0.0,99.69278033794163,0.30721966205837176,57
AutoARIMA,15,60,0.054387971479234576,-0.133450504295929,-0.1391187839377912,-0.37935841648088026,0.02715935610839752,0.0,99.69278033794163,0.30721966205837176,57
AutoARIMA,20,30,0.15783808232425867,-0.42334902424536697,-0.028349051281914596,-0.02111049461222381,1.3629014810319475,0.07680491551459294,0.07680491551459294,99.84639016897081,4
AutoARIMA,20,40,0.0881576985055601,-0.7719133096180972,-0.0880797120768432,-0.07994847547730395,0.20621497457688595,0.07680491551459294,0.5376344086021506,99.38556067588326,8
AutoARIMA,20,50,0.03968673327771155,-0.14974829175721655,-0.15612633178482768,-0.3793584164808804,0.01993165114813508,0.07680491551459294,99.61597542242704,0.30721966205837176,58
AutoARIMA,20,60,0.03968673327771155,-0.14974829175721655,-0.15612633178482768,-0.3793584164808804,0.01993165114813508,0.07680491551459294,99.61597542242704,0.30721966205837176,58
AutoARIMA,25,30,0.15783808232425867,-0.42334902424536697,-0.028349051281914596,-0.02111049461222381,1.3629014810319475,0.07680491551459294,0.07680491551459294,99.84639016897081,4
AutoARIMA,25,40,0.0881576985055601,-0.7719133096180972,-0.0880797120768432,-0.07994847547730395,0.20621497457688595,0.07680491551459294,0.5376344086021506,99.38556067588326,8
AutoARIMA,25,50,0.03968673327771155,-0.14974829175721655,-0.15612633178482768,-0.3793584164808804,0.01993165114813508,0.07680491551459294,99.61597542242704,0.30721966205837176,58
AutoARIMA,25,60,0.03968673327771155,-0.14974829175721655,-0.15612633178482768,-0.3793584164808804,0.01993165114813508,0.07680491551459294,99.61597542242704,0.30721966205837176,58
AutoARIMA,30,40,0.08547637434004018,-0.7903389840663851,-0.09137311361494281,-0.0822155700258375,0.1946262245191265,0.15360983102918588,0.4608294930875576,99.38556067588326,9
AutoARIMA,30,50,0.03670937911558747,-0.15308896476121753,-0.15965153851768743,-0.37935841648088053,0.018457841671581345,0.15360983102918588,99.53917050691244,0.30721966205837176,60
AutoARIMA,30,60,0.03670937911558747,-0.15308896476121753,-0.15965153851768743,-0.37935841648088053,0.018457841671581345,0.15360983102918588,99.53917050691244,0.30721966205837176,60
ExponentialSmoothing,5,20,-0.03788577600877441,-0.4604267788492007,-0.23173514533136533,-0.2626032701228654,-0.02835979493897018,19.892473118279568,0.9216589861751152,79.18586789554531,203
ExponentialSmoothing,5,30,0.06912497551034047,-0.21405065725511735,-0.10932741879503823,-0.18195815229046702,0.07155997583010575,19.892473118279568,20.046082949308754,60.06144393241167,208
ExponentialSmoothing,5,40,0.016035723843457195,-0.31675446291434867,-0.18867238298692338,-0.235083080245268,0.013117964950729581,19.892473118279568,39.86175115207373,40.2457757296467,265
ExponentialSmoothing,5,50,0.0188492853806832,-0.3109830228993522,-0.1856198343432443,-0.2350830802452676,0.015402345489890452,19.892473118279568,40.01536098310292,40.09216589861751,265
ExponentialSmoothing,5,60,0.09331838975384166,-0.14792222061413116,-0.09258354711659818,-0.19239988170637407,0.09052941425538003,19.892473118279568,59.8310291858679,20.276497695852534,260
ExponentialSmoothing,10,20,-0.03788577600877441,-0.4604267788492007,-0.23173514533136533,-0.2626032701228654,-0.02835979493897018,19.892473118279568,0.9216589861751152,79.18586789554531,203
ExponentialSmoothing,10,30,0.06912497551034047,-0.21405065725511735,-0.10932741879503823,-0.18195815229046702,0.07155997583010575,19.892473118279568,20.046082949308754,60.06144393241167,208
ExponentialSmoothing,10,40,0.016035723843457195,-0.31675446291434867,-0.18867238298692338,-0.235083080245268,0.013117964950729581,19.892473118279568,39.86175115207373,40.2457757296467,265
ExponentialSmoothing,10,50,0.0188492853806832,-0.3109830228993522,-0.1856198343432443,-0.2350830802452676,0.015402345489890452,19.892473118279568,40.01536098310292,40.09216589861751,265
ExponentialSmoothing,10,60,0.09331838975384166,-0.14792222061413116,-0.09258354711659818,-0.19239988170637407,0.09052941425538003,19.892473118279568,59.8310291858679,20.276497695852534,260
ExponentialSmoothing,15,20,-0.03788577600877441,-0.4604267788492007,-0.23173514533136533,-0.2626032701228654,-0.02835979493897018,19.892473118279568,0.9216589861751152,79.18586789554531,203
ExponentialSmoothing,15,30,0.06912497551034047,-0.21405065725511735,-0.10932741879503823,-0.18195815229046702,0.07155997583010575,19.892473118279568,20.046082949308754,60.06144393241167,208
ExponentialSmoothing,15,40,0.016035723843457195,-0.31675446291434867,-0.18867238298692338,-0.235083080245268,0.013117964950729581,19.892473118279568,39.86175115207373,40.2457757296467,265
ExponentialSmoothing,15,50,0.0188492853806832,-0.3109830228993522,-0.1856198343432443,-0.2350830802452676,0.015402345489890452,19.892473118279568,40.01536098310292,40.09216589861751,265
ExponentialSmoothing,15,60,0.09331838975384166,-0.14792222061413116,-0.09258354711659818,-0.19239988170637407,0.09052941425538003,19.892473118279568,59.8310291858679,20.276497695852534,260
ExponentialSmoothing,20,30,-0.03788293654381247,-0.3785760636025279,-0.17913148912685298,-0.18195815229046758,-0.04092593729489151,20.814132104454686,19.12442396313364,60.06144393241167,198
ExponentialSmoothing,20,40,-0.1223127119272912,-0.5542404799208946,-0.2952425109858528,-0.235083080245266,-0.1060694228785504,20.814132104454686,38.94009216589861,40.2457757296467,253
ExponentialSmoothing,20,50,-0.11988225880690828,-0.5492149128405425,-0.2931785080116158,-0.2350830802452667,-0.10384885148129772,20.814132104454686,39.093701996927805,40.09216589861751,253
ExponentialSmoothing,20,60,-0.05555323500523579,-0.3888246311184383,-0.22065564140578248,-0.19239988170637368,-0.05718028169623794,20.814132104454686,58.90937019969278,20.276497695852534,248
ExponentialSmoothing,25,30,-0.006196686372062277,-0.29240598337864326,-0.12871906358823976,-0.22466443831854557,-0.005351833546397319,39.93855606758833,0.0,60.06144393241167,136
ExponentialSmoothing,25,40,0.10443150298724202,-0.1100819299261293,-0.05832308785690583,-0.1830581190410995,0.10603898906585732,39.93855606758833,19.81566820276498,40.2457757296467,190
ExponentialSmoothing,25,50,0.1070326897932874,-0.10616339885800366,-0.05637095664507546,-0.18113403553179314,0.10972844584107715,39.93855606758833,19.969278033794165,40.09216589861751,191
ExponentialSmoothing,25,60,0.08034862416255795,-0.13791372747420363,-0.07490990248692017,-0.23415881594818616,0.06436053133965579,39.93855606758833,39.784946236559136,20.276497695852534,185
ExponentialSmoothing,30,40,0.10443150298724202,-0.1100819299261293,-0.05832308785690583,-0.1830581190410995,0.10603898906585732,39.93855606758833,19.81566820276498,40.2457757296467,190
ExponentialSmoothing,30,50,0.1070326897932874,-0.10616339885800366,-0.05637095664507546,-0.18113403553179314,0.10972844584107715,39.93855606758833,19.969278033794165,40.09216589861751,191
ExponentialSmoothing,30,60,0.08034862416255795,-0.13791372747420363,-0.07490990248692017,-0.23415881594818616,0.06436053133965579,39.93855606758833,39.784946236559136,20.276497695852534,185
Theta,5,20,0.4615341466609886,0.3797008758362783,0.21926779961822468,-0.15804094712947328,0.4822401096026942,33.25652841781874,0.0,66.74347158218126,210
Theta,5,30,0.4566702826311406,0.37361746957483294,0.2169160145985093,-0.15804094712947309,0.4778479869394965,33.25652841781874,0.15360983102918588,66.58986175115207,212
Theta,5,40,0.2617117312381563,0.10106424650047309,0.06843796866664797,-0.23675062588135226,0.19438870557896407,33.25652841781874,65.05376344086021,1.6897081413210446,229
Theta,5,50,0.27777322951534034,0.11982272613095817,0.0811956419285107,-0.23675062588135182,0.20521916904097903,33.25652841781874,65.97542242703534,0.7680491551459293,217
Theta,5,60,0.24987846765616895,0.08795623921466313,0.05846552296648572,-0.23675062588135137,0.1863380344314003,33.25652841781874,66.20583717357911,0.5376344086021506,210
Theta,10,20,0.4615341466609886,0.3797008758362783,0.21926779961822468,-0.15804094712947328,0.4822401096026942,33.25652841781874,0.0,66.74347158218126,210
Theta,10,30,0.4566702826311406,0.37361746957483294,0.2169160145985093,-0.15804094712947309,0.4778479869394965,33.25652841781874,0.15360983102918588,66.58986175115207,212
Theta,10,40,0.2617117312381563,0.10106424650047309,0.06843796866664797,-0.23675062588135226,0.19438870557896407,33.25652841781874,65.05376344086021,1.6897081413210446,229
Theta,10,50,0.27777322951534034,0.11982272613095817,0.0811956419285107,-0.23675062588135182,0.20521916904097903,33.25652841781874,65.97542242703534,0.7680491551459293,217
Theta,10,60,0.24987846765616895,0.08795623921466313,0.05846552296648572,-0.23675062588135137,0.1863380344314003,33.25652841781874,66.20583717357911,0.5376344086021506,210
Theta,15,20,0.4615341466609886,0.3797008758362783,0.21926779961822468,-0.15804094712947328,0.4822401096026942,33.25652841781874,0.0,66.74347158218126,210
Theta,15,30,0.4566702826311406,0.37361746957483294,0.2169160145985093,-0.15804094712947309,0.4778479869394965,33.25652841781874,0.15360983102918588,66.58986175115207,212
Theta,15,40,0.2617117312381563,0.10106424650047309,0.06843796866664797,-0.23675062588135226,0.19438870557896407,33.25652841781874,65.05376344086021,1.6897081413210446,229
Theta,15,50,0.27777322951534034,0.11982272613095817,0.0811956419285107,-0.23675062588135182,0.20521916904097903,33.25652841781874,65.97542242703534,0.7680491551459293,217
Theta,15,60,0.24987846765616895,0.08795623921466313,0.05846552296648572,-0.23675062588135137,0.1863380344314003,33.25652841781874,66.20583717357911,0.5376344086021506,210
Theta,20,30,0.4566702826311406,0.37361746957483294,0.2169160145985093,-0.15804094712947309,0.4778479869394965,33.25652841781874,0.15360983102918588,66.58986175115207,212
Theta,20,40,0.2617117312381563,0.10106424650047309,0.06843796866664797,-0.23675062588135226,0.19438870557896407,33.25652841781874,65.05376344086021,1.6897081413210446,229
Theta,20,50,0.27777322951534034,0.11982272613095817,0.0811956419285107,-0.23675062588135182,0.20521916904097903,33.25652841781874,65.97542242703534,0.7680491551459293,217
Theta,20,60,0.24987846765616895,0.08795623921466313,0.05846552296648572,-0.23675062588135137,0.1863380344314003,33.25652841781874,66.20583717357911,0.5376344086021506,210
Theta,25,30,0.4566702826311406,0.37361746957483294,0.2169160145985093,-0.15804094712947309,0.4778479869394965,33.25652841781874,0.15360983102918588,66.58986175115207,212
Theta,25,40,0.2617117312381563,0.10106424650047309,0.06843796866664797,-0.23675062588135226,0.19438870557896407,33.25652841781874,65.05376344086021,1.6897081413210446,229
Theta,25,50,0.27777322951534034,0.11982272613095817,0.0811956419285107,-0.23675062588135182,0.20521916904097903,33.25652841781874,65.97542242703534,0.7680491551459293,217
Theta,25,60,0.24987846765616895,0.08795623921466313,0.05846552296648572,-0.23675062588135137,0.1863380344314003,33.25652841781874,66.20583717357911,0.5376344086021506,210
Theta,30,40,0.25577744214159526,0.09392918738493909,0.06373662852065817,-0.2367506258813514,0.19035900428388755,33.41013824884793,64.90015360983102,1.6897081413210446,227
Theta,30,50,0.2717633973515736,0.11269452636023944,0.0765316720810826,-0.23675062588135135,0.20117958971546626,33.41013824884793,65.82181259600614,0.7680491551459293,215
Theta,30,60,0.24399983470142161,0.08074053217609838,0.05378822180732734,-0.23675062588135196,0.18231567582990285,33.41013824884793,66.05222734254991,0.5376344086021506,208
Prophet,5,20,0.24240394071628035,0.10210282042544595,0.06493308862639743,-0.16648669632973953,0.2577034791000324,6.605222734254992,13.056835637480798,80.3379416282642,266
Prophet,5,30,0.16113469495935662,-0.028758749829609437,-0.020495524361639494,-0.19687420661289148,0.14901801508597476,6.605222734254992,22.427035330261134,70.96774193548387,314
Prophet,5,40,0.7139908061463349,0.5584229457874683,0.49545999343852115,-0.18786452196160913,0.5851064138248193,6.605222734254992,32.642089093702,60.752688172043015,372
Prophet,5,50,0.17547961281095437,-0.005996434492531599,-0.00521458880299246,-0.2643732109610821,0.12023504069383836,6.605222734254992,42.857142857142854,50.53763440860215,332
Prophet,5,60,0.26417476865738476,0.1222024402388992,0.10564961524164683,-0.22489054275527628,0.20639622455369075,6.605222734254992,51.1520737327189,42.242703533026116,266
Prophet,10,20,0.1317310477986129,-0.07821369513401104,-0.047354847915000435,-0.15216236811608858,0.1593063521070488,10.368663594470046,9.293394777265746,80.3379416282642,244
Prophet,10,30,-0.09028247215477447,-0.5987013941058489,-0.3445247828749985,-0.3398064329021722,-0.05340419902766084,10.368663594470046,18.663594470046082,70.96774193548387,191
Prophet,10,40,0.31385475706589916,0.1538036148967059,0.12918827153754842,-0.22693719652213493,0.23906404929207017,10.368663594470046,28.878648233486942,60.752688172043015,384
Prophet,10,50,0.13091575393976473,-0.08595132750335294,-0.06721149706033556,-0.2925265536969006,0.08237740724200344,10.368663594470046,39.093701996927805,50.53763440860215,250
Prophet,10,60,0.16902996311121932,-0.020625278796983514,-0.013678208718936468,-0.19840718146717054,0.15467569644232085,10.368663594470046,47.38863287250384,42.242703533026116,180
Prophet,15,20,0.29671916623914574,0.18533244865039075,0.10154103105289077,-0.1773886857548029,0.2907579307552064,14.90015360983103,4.761904761904762,80.3379416282642,131
Prophet,15,30,0.09009872497090332,-0.16353876645614526,-0.10024906512316016,-0.23114067264710245,0.07284420712952988,14.90015360983103,14.132104454685098,70.96774193548387,173
Prophet,15,40,0.3489334805144264,0.17397084140822908,0.14383009697895158,-0.2987872959321457,0.19961597901910036,14.90015360983103,24.347158218125962,60.752688172043015,368
Prophet,15,50,0.1979652804383265,0.031581270001681684,0.023720604067428784,-0.27616305220184795,0.12882916049002247,14.90015360983103,34.56221198156682,50.53763440860215,198
Prophet,15,60,0.11955584925809548,-0.11553500014809649,-0.07393845959002972,-0.27523670106046305,0.08028888172289844,14.90015360983103,42.857142857142854,42.242703533026116,163
Prophet,20,30,0.17488991712791724,-0.009414764321199342,-0.004811622375106402,-0.22245419007222336,0.14244155557484536,19.662058371735792,9.37019969278034,70.96774193548387,119
Prophet,20,40,0.4248756354985703,0.24797394497012182,0.20028448935055276,-0.19611812850442242,0.3616974149019994,19.662058371735792,19.5852534562212,60.752688172043015,332
Prophet,20,50,0.19421042339420902,0.026360503569681174,0.015176203238411826,-0.21904081727033775,0.15955393628331607,19.662058371735792,29.80030721966206,50.53763440860215,145
Prophet,20,60,0.2129583392843375,0.060310757879880654,0.03370465572801453,-0.19888984412407254,0.19143166360160663,19.662058371735792,38.095238095238095,42.242703533026116,132
Prophet,25,30,0.3094659621664686,0.22728924898368766,0.10324655240161475,-0.2004987699178885,0.26718369008071985,23.963133640552993,5.0691244239631335,70.96774193548387,92
Prophet,25,40,0.21370569867668743,0.04817742030981287,0.03271242350613479,-0.25144082179904026,0.1519147815040228,23.963133640552993,15.284178187403993,60.752688172043015,237
Prophet,25,50,0.429527341180582,0.39946791828699013,0.20696446733846918,-0.16672905435520796,0.42950653540481243,23.963133640552993,25.49923195084485,50.53763440860215,120
Prophet,25,60,0.36766855781999674,0.30349566450958415,0.16380687595021212,-0.1610534702877365,0.38791702771077097,23.963133640552993,33.794162826420894,42.242703533026116,126
Prophet,30,40,0.24769909637440146,0.08512836603283121,0.05733732211219529,-0.2773714021026432,0.15777771524986334,29.03225806451613,10.21505376344086,60.752688172043015,223
Prophet,30,50,0.44461303151676823,0.3962003839934815,0.22022086616298112,-0.16819741963707918,0.4387149976679602,29.03225806451613,20.43010752688172,50.53763440860215,121
Prophet,30,60,0.3940887277558218,0.31553816322832073,0.1840751471481345,-0.18543487223899657,0.35817043410036786,29.03225806451613,28.72503840245776,42.242703533026116,135
SeasonalNaive,5,20,-0.034283396793076126,-0.24271727668215407,-0.18728256138397417,-0.2725784997276964,-0.024687072999971787,19.892473118279568,0.9216589861751152,79.18586789554531,518
SeasonalNaive,5,30,-0.1411444584547259,-0.4010091876678504,-0.3737922958337635,-0.31497479807294027,-0.09213391737651042,19.892473118279568,19.969278033794165,60.13824884792627,882
SeasonalNaive,5,40,0.042408341674134986,-0.12286398387424381,-0.1359517928270441,-0.35292213838017306,0.022869599587993842,19.892473118279568,39.93855606758833,40.1689708141321,955
SeasonalNaive,5,50,0.042408341674134986,-0.12286398387424381,-0.1359517928270441,-0.35292213838017306,0.022869599587993842,19.892473118279568,39.93855606758833,40.1689708141321,955
SeasonalNaive,5,60,0.03069345501311882,-0.13380284991685926,-0.14804602801668382,-0.35292213838017245,0.016628242617747622,19.892473118279568,40.86021505376344,39.247311827956985,942
SeasonalNaive,10,20,-0.034283396793076126,-0.24271727668215407,-0.18728256138397417,-0.2725784997276964,-0.024687072999971787,19.892473118279568,0.9216589861751152,79.18586789554531,518
SeasonalNaive,10,30,-0.1411444584547259,-0.4010091876678504,-0.3737922958337635,-0.31497479807294027,-0.09213391737651042,19.892473118279568,19.969278033794165,60.13824884792627,882
SeasonalNaive,10,40,0.042408341674134986,-0.12286398387424381,-0.1359517928270441,-0.35292213838017306,0.022869599587993842,19.892473118279568,39.93855606758833,40.1689708141321,955
SeasonalNaive,10,50,0.042408341674134986,-0.12286398387424381,-0.1359517928270441,-0.35292213838017306,0.022869599587993842,19.892473118279568,39.93855606758833,40.1689708141321,955
SeasonalNaive,10,60,0.03069345501311882,-0.13380284991685926,-0.14804602801668382,-0.35292213838017245,0.016628242617747622,19.892473118279568,40.86021505376344,39.247311827956985,942
SeasonalNaive,15,20,-0.034283396793076126,-0.24271727668215407,-0.18728256138397417,-0.2725784997276964,-0.024687072999971787,19.892473118279568,0.9216589861751152,79.18586789554531,518
SeasonalNaive,15,30,-0.1411444584547259,-0.4010091876678504,-0.3737922958337635,-0.31497479807294027,-0.09213391737651042,19.892473118279568,19.969278033794165,60.13824884792627,882
SeasonalNaive,15,40,0.042408341674134986,-0.12286398387424381,-0.1359517928270441,-0.35292213838017306,0.022869599587993842,19.892473118279568,39.93855606758833,40.1689708141321,955
SeasonalNaive,15,50,0.042408341674134986,-0.12286398387424381,-0.1359517928270441,-0.35292213838017306,0.022869599587993842,19.892473118279568,39.93855606758833,40.1689708141321,955
SeasonalNaive,15,60,0.03069345501311882,-0.13380284991685926,-0.14804602801668382,-0.35292213838017245,0.016628242617747622,19.892473118279568,40.86021505376344,39.247311827956985,942
SeasonalNaive,20,30,-0.2206524554811341,-0.5142606360263736,-0.4734343252791257,-0.3149747980729398,-0.14955377419371482,20.814132104454686,19.047619047619047,60.13824884792627,880
SeasonalNaive,20,40,-0.05467536163460518,-0.21654793856163904,-0.23792181192360984,-0.3529221383801724,-0.03066857767013809,20.814132104454686,39.01689708141321,40.1689708141321,963
SeasonalNaive,20,50,-0.05467536163460518,-0.21654793856163904,-0.23792181192360984,-0.3529221383801724,-0.03066857767013809,20.814132104454686,39.01689708141321,40.1689708141321,963
SeasonalNaive,20,60,-0.055446538569230985,-0.2171593962258098,-0.23852119903466323,-0.35292213838017444,-0.03111126832234361,20.814132104454686,39.93855606758833,39.247311827956985,951
SeasonalNaive,25,30,-0.28064199576661353,-0.5625619015554467,-0.4536058276948583,-0.33783736503262074,-0.18282260215608653,39.86175115207373,0.0,60.13824884792627,612
SeasonalNaive,25,40,-0.3181544542195175,-0.5408844243909267,-0.4772952399503495,-0.40180718516851327,-0.1777955310807768,39.86175115207373,19.969278033794165,40.1689708141321,757
SeasonalNaive,25,50,-0.3181544542195175,-0.5408844243909267,-0.4772952399503495,-0.40180718516851327,-0.1777955310807768,39.86175115207373,19.969278033794165,40.1689708141321,757
SeasonalNaive,25,60,-0.3187106901796716,-0.5411905184731495,-0.4773009083338138,-0.40180718516851194,-0.17816053540743182,39.86175115207373,20.89093701996928,39.247311827956985,745
SeasonalNaive,30,40,-0.3181544542195175,-0.5408844243909267,-0.4772952399503495,-0.40180718516851327,-0.1777955310807768,39.86175115207373,19.969278033794165,40.1689708141321,757
SeasonalNaive,30,50,-0.3181544542195175,-0.5408844243909267,-0.4772952399503495,-0.40180718516851327,-0.1777955310807768,39.86175115207373,19.969278033794165,40.1689708141321,757
SeasonalNaive,30,60,-0.3187106901796716,-0.5411905184731495,-0.4773009083338138,-0.40180718516851194,-0.17816053540743182,39.86175115207373,20.89093701996928,39.247311827956985,745
GARCH,5,20,0.12537029923749787,-0.08157093606910933,-0.05583905762852878,-0.20003332386543413,0.11559931548212822,8.294930875576037,13.978494623655912,77.72657450076805,405
GARCH,5,30,0.1824533791392442,0.0038388260062007674,0.0028963485293029387,-0.21707157212833264,0.15188015349478565,8.294930875576037,22.734254992319507,68.97081413210445,443
GARCH,5,40,0.10899919800702884,-0.08908849793781685,-0.08140525639083956,-0.20992292907823257,0.09634942672150996,8.294930875576037,33.41013824884793,58.294930875576036,588
GARCH,5,50,0.15370631411773727,-0.02983953455944898,-0.029945746794104378,-0.22403383926732195,0.12524869731388344,8.294930875576037,43.01075268817204,48.694316436251924,626
GARCH,5,60,0.16115181246614063,-0.019935043114220927,-0.020571262065613344,-0.2666790691209386,0.11002265974631233,8.294930875576037,52.07373271889401,39.63133640552996,591
GARCH,10,20,0.01873913686927997,-0.227609602589015,-0.13928250801362332,-0.21041452360064933,0.01710827478551342,13.671274961597543,8.60215053763441,77.72657450076805,343
GARCH,10,30,0.03996903407440877,-0.188131241833172,-0.1289988068642075,-0.2332786576363445,0.03263986712106105,13.671274961597543,17.357910906298002,68.97081413210445,402
GARCH,10,40,-0.17589414123204428,-0.501272918168285,-0.3829503498943187,-0.3054275878701981,-0.12032582187416914,13.671274961597543,28.03379416282642,58.294930875576036,497
GARCH,10,50,-0.15764999042235284,-0.4360782620172856,-0.3829393902970451,-0.2860809878625997,-0.11416298096743688,13.671274961597543,37.634408602150536,48.694316436251924,563
GARCH,10,60,-0.05042389191352836,-0.28020892318759555,-0.23981487477638005,-0.26076602003351335,-0.038211040885276354,13.671274961597543,46.6973886328725,39.63133640552996,478
GARCH,15,20,0.26201483561553474,0.09690024387211335,0.06442261317676298,-0.20150018406307682,0.228636413964713,18.125960061443934,4.147465437788019,77.72657450076805,330
GARCH,15,30,0.19560423889695766,0.01896556082659545,0.013651658261264531,-0.24443135872463667,0.14393614864879667,18.125960061443934,12.903225806451612,68.97081413210445,401
GARCH,15,40,-0.029464572111218,-0.2572025632446734,-0.20765644677063,-0.2615791785387055,-0.022065221213620305,18.125960061443934,23.57910906298003,58.294930875576036,501
GARCH,15,50,-0.016317318609831766,-0.2227263568747286,-0.20038701025503133,-0.28809537323981865,-0.011035153797253085,18.125960061443934,33.17972350230415,48.694316436251924,552
GARCH,15,60,-0.043081322450051696,-0.23356839575445051,-0.23050620429513438,-0.32365101120934486,-0.02622282753709162,18.125960061443934,42.242703533026116,39.63133640552996,577
GARCH,20,30,0.16332254915938127,-0.022781132416207647,-0.01566794542355306,-0.21764657796062367,0.13651907308081232,22.27342549923195,8.755760368663594,68.97081413210445,316
GARCH,20,40,0.08166202062281402,-0.1348528056298679,-0.0998897055659889,-0.2560648625588181,0.059786862285242576,22.27342549923195,19.431643625192013,58.294930875576036,378
GARCH,20,50,-0.06902104339618187,-0.3192795193365053,-0.26112714291127903,-0.2875462777880943,-0.047807770247196325,22.27342549923195,29.03225806451613,48.694316436251924,429
GARCH,20,60,-0.0984664750293669,-0.3174270252583215,-0.27800175485891787,-0.3583601286391893,-0.05542728360136209,22.27342549923195,38.095238095238095,39.63133640552996,465
GARCH,25,30,0.21913448269943392,0.047772353167566686,0.03376959169686746,-0.24194389148264672,0.16158602567610741,25.960061443932414,5.0691244239631335,68.97081413210445,339
GARCH,25,40,-0.027246170530809022,-0.2559641911629237,-0.19965976527363388,-0.3364221607232494,-0.01585019685406382,25.960061443932414,15.745007680491552,58.294930875576036,421
GARCH,25,50,0.010621996410769441,-0.1849012519767219,-0.1614657450943628,-0.31034064603383954,0.006596366865419623,25.960061443932414,25.34562211981567,48.694316436251924,476
GARCH,25,60,0.03707071707144838,-0.14388528758047323,-0.1347432779182046,-0.320949680930618,0.02202856332945282,25.960061443932414,34.40860215053764,39.63133640552996,488
GARCH,30,40,0.09733989255500397,-0.09979476986859248,-0.07135728316665435,-0.21549068229988075,0.08418506425646169,31.02918586789555,10.675883256528419,58.294930875576036,353
GARCH,30,50,-0.001686316459307946,-0.2032410697048554,-0.16126883042141751,-0.22384669841176677,-0.0014590609947787605,31.02918586789555,20.276497695852534,48.694316436251924,407
GARCH,30,60,-0.14945032352483956,-0.3839351230085128,-0.29955388997705734,-0.3943712869404565,-0.0782117029574213,31.02918586789555,29.339477726574504,39.63133640552996,418
DLinear,5,20,0.22906871591326516,0.08279974335034175,0.06617496896970819,-0.164806431916724,0.24712748533272752,6.221198156682028,13.671274961597543,80.10752688172043,370
DLinear,5,30,-0.06649473365871539,-0.45307568634850975,-0.3611196538851951,-0.2180748558415785,-0.06066503307356132,6.221198156682028,23.34869431643625,70.43010752688173,444
DLinear,5,40,0.15637227315942792,-0.03111380588094717,-0.030293441491040008,-0.17427157432702867,0.16364869528793735,6.221198156682028,35.33026113671275,58.44854070660522,571
DLinear,5,50,0.26765290012777987,0.09992369483275011,0.10399435658087541,-0.17606620810615223,0.2667926482711285,6.221198156682028,44.47004608294931,49.30875576036866,606
DLinear,5,60,0.20834738758045623,0.03164504602460503,0.034149997167876846,-0.2022609479103616,0.18445909063484855,6.221198156682028,54.915514592933945,38.863287250384026,609
DLinear,10,20,0.4504410828493177,0.3802254444319103,0.3213572970287154,-0.18411920835056436,0.40532342097888846,9.984639016897082,9.90783410138249,80.10752688172043,371
DLinear,10,30,0.0887277255262815,-0.14051700199153783,-0.1174276112996639,-0.22895514616134285,0.07245791353230131,9.984639016897082,19.5852534562212,70.43010752688173,430
DLinear,10,40,0.3965640203920211,0.24602150652469182,0.2536700164567896,-0.18359427889753177,0.36375593602012357,9.984639016897082,31.566820276497698,58.44854070660522,576
DLinear,10,50,0.4596846317967833,0.2770140970288691,0.2993394634825064,-0.186899597886934,0.40636767047642786,9.984639016897082,40.706605222734254,49.30875576036866,629
DLinear,10,60,0.4230676770923123,0.22949971967818664,0.2617276017998689,-0.1733788481885408,0.40761765914025483,9.984639016897082,51.1520737327189,38.863287250384026,638
DLinear,15,20,0.28738975822492363,0.1684521925775151,0.12348088555242531,-0.2008131777201209,0.24952830042208457,15.745007680491552,4.147465437788019,80.10752688172043,277
DLinear,15,30,0.03197185730758112,-0.26932944918738133,-0.16374631468017087,-0.22498088124905752,0.027157095928163375,15.745007680491552,13.82488479262673,70.43010752688173,206
DLinear,15,40,0.06636907300258943,-0.16020650608441162,-0.13897123417651963,-0.23547801142538605,0.053147150884970275,15.745007680491552,25.806451612903224,58.44854070660522,425
DLinear,15,50,0.1732789721866388,-0.007247331192048071,-0.007122106360387638,-0.24012361459459372,0.13081919214097742,15.745007680491552,34.946236559139784,49.30875576036866,574
DLinear,15,60,0.1801175578461507,0.0003919579279255799,0.0004147234933844618,-0.21993591063383602,0.1481049979662442,15.745007680491552,45.39170506912442,38.863287250384026,630
DLinear,20,30,0.057629627784838044,-0.2219919079240562,-0.11966690576397018,-0.1917355506552282,0.056867758151314715,19.892473118279568,9.67741935483871,70.43010752688173,165
DLinear,20,40,0.027394709785726112,-0.22906240688147209,-0.17961924139963445,-0.23653185459351814,0.02217282906894594,19.892473118279568,21.658986175115206,58.44854070660522,373
DLinear,20,50,0.09493104051965706,-0.10090301232664528,-0.09029548622671486,-0.24501602832031677,0.0722733676144511,19.892473118279568,30.798771121351763,49.30875576036866,494
DLinear,20,60,0.04871460113880244,-0.13696350720937886,-0.13789573159359747,-0.24335578982923892,0.03800476539475349,19.892473118279568,41.244239631336406,38.863287250384026,569
DLinear,25,30,0.2294108214749646,0.08973742538410313,0.04560509070021429,-0.15655842844853401,0.26050504373612954,24.03993855606759,5.529953917050691,70.43010752688173,137
DLinear,25,40,0.30889323562755755,0.20980029719855534,0.12412410637427645,-0.12654939444001118,0.4226080874137979,24.03993855606759,17.51152073732719,58.44854070660522,195
DLinear,25,50,-0.004816157137167987,-0.2919632930478837,-0.17477025988492687,-0.24647158842270184,-0.003789381859706962,24.03993855606759,26.65130568356375,49.30875576036866,227
DLinear,25,60,0.02566498252524152,-0.23594090641553286,-0.15002156241008324,-0.2760394912721439,0.017811906751772657,24.03993855606759,37.096774193548384,38.863287250384026,253
DLinear,30,40,0.02709862030361254,-0.24712001107069406,-0.13068931516306026,-0.18602694394350403,0.02789113037757402,29.56989247311828,11.981566820276496,58.44854070660522,190
DLinear,30,50,0.012165096625462724,-0.2653585833823205,-0.14002615338254978,-0.21319809197766065,0.010990103347278932,29.56989247311828,21.121351766513058,49.30875576036866,201
DLinear,30,60,0.030749385943117158,-0.22875452426059564,-0.1290675071104656,-0.2444229953660011,0.024052725920875973,29.56989247311828,31.566820276497698,38.863287250384026,225
NBEATS,5,20,0.4395469888037815,0.3148587477168116,0.22865577770757453,-0.19877541694301043,0.36755484366273944,9.13978494623656,14.516129032258066,76.34408602150538,364
NBEATS,5,30,0.5435843296094298,0.4298350117231845,0.3664347372841013,-0.2074372352368592,0.42254448788803756,9.13978494623656,21.658986175115206,69.20122887864824,422
NBEATS,5,40,0.402299013314507,0.30431857872094353,0.25093844766679874,-0.188278212906133,0.3592024485463865,9.13978494623656,29.56989247311828,61.29032258064516,422
NBEATS,5,50,0.49160532071705587,0.37792651236253333,0.33435064494919564,-0.17829387253479648,0.45130175488744945,9.13978494623656,38.24884792626728,52.61136712749616,468
NBEATS,5,60,0.6512497778002597,0.483964159069738,0.4833565970631099,-0.19051511430430354,0.535067169186723,9.13978494623656,46.15975422427036,44.70046082949309,494
NBEATS,10,20,0.5507111365615476,0.383084936070682,0.2877749318106411,-0.17110475925487117,0.5179377024357644,13.90168970814132,9.754224270353303,76.34408602150538,365
NBEATS,10,30,0.6839404427365412,0.4787835124227435,0.40235359201604387,-0.20214401697256995,0.5250091455982007,13.90168970814132,16.897081413210447,69.20122887864824,429
NBEATS,10,40,0.27395190513100753,0.11581292839398633,0.09976798800482314,-0.2562013734191363,0.18726707756826294,13.90168970814132,24.807987711213517,61.29032258064516,455
NBEATS,10,50,0.3115928789663056,0.15339739872588296,0.140535967379735,-0.32225402634358763,0.16726245292524328,13.90168970814132,33.48694316436252,52.61136712749616,505
NBEATS,10,60,0.5738937020179959,0.3813954239882647,0.3928206844986646,-0.2919188499001552,0.31430888958943154,13.90168970814132,41.39784946236559,44.70046082949309,530
NBEATS,15,20,0.5275544421528007,0.340891008377953,0.2647879635412458,-0.22132899890739732,0.38610440320034384,18.586789554531492,5.0691244239631335,76.34408602150538,354
NBEATS,15,30,0.48413079322738994,0.30236739960898323,0.2522131006292935,-0.2726797241609004,0.2912365043114265,18.586789554531492,12.211981566820276,69.20122887864824,420
NBEATS,15,40,0.2468936432037956,0.0786063073023946,0.06844348015449044,-0.27826900213103534,0.1567999974862158,18.586789554531492,20.12288786482335,61.29032258064516,460
NBEATS,15,50,0.39204655852190173,0.22931111344429408,0.21066714680756068,-0.28822043479000165,0.22938954471448333,18.586789554531492,28.80184331797235,52.61136712749616,506
NBEATS,15,60,0.4927592435850976,0.3009110625638185,0.3035894406786063,-0.27131299554533944,0.2971699391639737,18.586789554531492,36.71274961597542,44.70046082949309,545
NBEATS,20,30,0.5261592027061759,0.31619119720116023,0.269448046867928,-0.2506958613947129,0.3401098812450481,23.655913978494624,7.142857142857142,69.20122887864824,399
NBEATS,20,40,0.27706843619302046,0.10716733024072667,0.09444650125335202,-0.25002982796969153,0.1938720592791958,23.655913978494624,15.053763440860216,61.29032258064516,439
NBEATS,20,50,0.36084202940941457,0.1886699852015555,0.17425301971707652,-0.26362156248346763,0.2330874806377254,23.655913978494624,23.732718894009217,52.61136712749616,490
NBEATS,20,60,0.5151585420244189,0.31024174675882055,0.3020346311721979,-0.2342996312231744,0.35742974262469995,23.655913978494624,31.643625192012287,44.70046082949309,531
NBEATS,25,30,0.47994820703100904,0.26038774055638064,0.21899395224775733,-0.3093367629574702,0.25481886547453314,26.881720430107524,3.9170506912442393,69.20122887864824,391
NBEATS,25,40,0.24084466560084383,0.06301519852854734,0.05500821762238262,-0.3015630358351649,0.1414322488277653,26.881720430107524,11.827956989247312,61.29032258064516,445
NBEATS,25,50,0.47717014652141754,0.2920492035659256,0.27392775679421055,-0.2476005079300161,0.31677072115253985,26.881720430107524,20.506912442396313,52.61136712749616,487
NBEATS,25,60,0.4912752886260674,0.28325689863922815,0.2743468317010235,-0.257080600897381,0.312812646536587,26.881720430107524,28.417818740399387,44.70046082949309,530
NBEATS,30,40,0.3978902743486339,0.2077281568914994,0.18729528999812914,-0.2680081136568983,0.24991598981450908,30.798771121351763,7.910906298003072,61.29032258064516,427
NBEATS,30,50,0.49515809791981336,0.2910033948396783,0.27601596668860845,-0.27598343372034956,0.2933580320550761,30.798771121351763,16.589861751152075,52.61136712749616,483
NBEATS,30,60,0.5792292213803225,0.33764172536525106,0.33956775529820205,-0.26229316953850623,0.35253699444906733,30.798771121351763,24.50076804915515,44.70046082949309,528
NHiTS,5,20,0.008888211735248008,-0.2183153826084349,-0.13260214343782392,-0.25657867522260874,0.0066808606009720805,6.682027649769585,12.749615975422426,80.56835637480799,372
NHiTS,5,30,-0.06791020964018102,-0.3185521606721987,-0.2147567677375598,-0.2503234952973295,-0.054007278871617895,6.682027649769585,20.583717357910906,72.7342549923195,437
NHiTS,5,40,-0.20135682774827102,-0.5045175091844543,-0.37485037940477406,-0.29875747322965346,-0.14253807031351431,6.682027649769585,32.25806451612903,61.05990783410138,520
NHiTS,5,50,-0.18881081861435822,-0.4973834060479441,-0.4197168552457931,-0.29104957664565756,-0.13637393399504455,6.682027649769585,41.244239631336406,52.07373271889401,552
NHiTS,5,60,-0.20858725726700578,-0.5692056063980007,-0.5010761328408988,-0.35043864744746095,-0.1263220315414699,6.682027649769585,50.92165898617511,42.3963133640553,551
NHiTS,10,20,0.2599525533137723,0.10152904833496373,0.07189736896710114,-0.15771612429055232,0.2900097199792051,11.904761904761903,7.526881720430108,80.56835637480799,346
NHiTS,10,30,0.14707131803036755,-0.04127156995898213,-0.032470799186235466,-0.17803664510480777,0.15116521679502262,11.904761904761903,15.360983102918588,72.7342549923195,436
NHiTS,10,40,-0.2180780987347568,-0.49884452490149234,-0.3826813959204387,-0.3497220567718974,-0.1329549051255938,11.904761904761903,27.035330261136714,61.05990783410138,539
NHiTS,10,50,-0.16065288792777244,-0.423745900413998,-0.3703670973562311,-0.30666144947830837,-0.1086809795540095,11.904761904761903,36.02150537634409,52.07373271889401,577
NHiTS,10,60,-0.14275353611086772,-0.4007916552731837,-0.37707261564428224,-0.3193657250003408,-0.09197048561916925,11.904761904761903,45.69892473118279,42.3963133640553,614
NHiTS,15,20,0.3755934240084735,0.23793977014799084,0.16993235008069807,-0.17636116822140813,0.3609875099377935,14.592933947772657,4.838709677419355,80.56835637480799,334
NHiTS,15,30,0.24320368663305825,0.07711911948817005,0.06167396504303781,-0.19090011268155888,0.22542732250643335,14.592933947772657,12.672811059907835,72.7342549923195,434
NHiTS,15,40,-0.0030676397412831014,-0.2232365401519388,-0.19467041186816267,-0.21671792626993577,-0.0027430703007707545,14.592933947772657,24.347158218125962,61.05990783410138,532
NHiTS,15,50,-0.1360275953286577,-0.3902903549157407,-0.3475833549142343,-0.32575075739963194,-0.08565717257556012,14.592933947772657,33.33333333333333,52.07373271889401,570
NHiTS,15,60,-0.17009102455862435,-0.4195883678558799,-0.39806544588582815,-0.3769787520057516,-0.09401514877005711,14.592933947772657,43.01075268817204,42.3963133640553,644
NHiTS,20,30,0.0778909085497459,-0.13032939858224787,-0.09460779974171597,-0.20767396428575305,0.07041436758172438,19.431643625192013,7.834101382488479,72.7342549923195,379
NHiTS,20,40,-0.040901582652359436,-0.29467046315776435,-0.24580800782103449,-0.26344309993986137,-0.030558054493910587,19.431643625192013,19.508448540706606,61.05990783410138,490
NHiTS,20,50,-0.12839485019426222,-0.4386560825082672,-0.3581934571831351,-0.3303635434316595,-0.07944760074790762,19.431643625192013,28.49462365591398,52.07373271889401,432
NHiTS,20,60,-0.14862876849932605,-0.45334402588500883,-0.42022999165448793,-0.3730581149109094,-0.0821945299614848,19.431643625192013,38.17204301075269,42.3963133640553,523
NHiTS,25,30,0.14141618274295054,-0.04461203932926084,-0.03378326467353866,-0.18245011861621424,0.14212710863358388,23.195084485407065,4.070660522273426,72.7342549923195,362
NHiTS,25,40,-0.06935511447783493,-0.306260557924347,-0.2620362100667815,-0.2506301466553418,-0.0551228746061259,23.195084485407065,15.745007680491552,61.05990783410138,499
NHiTS,25,50,-0.11832693494380553,-0.3734998474737175,-0.34117744261946803,-0.29433843602406945,-0.08180943537810326,23.195084485407065,24.731182795698924,52.07373271889401,510
NHiTS,25,60,-0.13245789573349986,-0.35440084384609366,-0.34660159574187976,-0.29209594017073404,-0.09286950360881326,23.195084485407065,34.40860215053764,42.3963133640553,604
NHiTS,30,40,-0.012680816474813894,-0.30086952021965546,-0.17361626713187864,-0.24926083023019377,-0.009897254738221584,27.265745007680493,11.674347158218126,61.05990783410138,242
NHiTS,30,50,0.01978561864988171,-0.23106572209130802,-0.14675119723622657,-0.2378559903277135,0.015973033776359277,27.265745007680493,20.6605222734255,52.07373271889401,250
NHiTS,30,60,0.02994870365307789,-0.22717516212336017,-0.16004546979850276,-0.24878254781634815,0.023023159814819984,27.265745007680493,30.337941628264208,42.3963133640553,281
TCN,5,20,0.0675265298250618,-0.20122005437063403,-0.12122186178027265,-0.15781171760261267,0.08065055460015068,6.528417818740399,13.978494623655912,79.49308755760369,319
TCN,5,30,0.12868034002905016,-0.10801221781949422,-0.057955573257525005,-0.14287656562183737,0.16591574386890562,6.528417818740399,22.964669738863286,70.50691244239631,211
TCN,5,40,0.11294496645212848,-0.12664831974437366,-0.07707955999390052,-0.1740074146131529,0.12026793669229005,6.528417818740399,33.6405529953917,59.8310291858679,271
TCN,5,50,0.14504321249576435,-0.0539303827390989,-0.03709958247328488,-0.16074889992756183,0.16523459767627258,6.528417818740399,42.626728110599075,50.84485407066052,367
TCN,5,60,0.19915396144652875,0.037386846365072834,0.02353430706112017,-0.13772318325178934,0.2597722101213567,6.528417818740399,52.84178187403994,40.62980030721966,211
TCN,10,20,0.06913939290221549,-0.23799740662335445,-0.12555652086750982,-0.21722155185290326,0.05995521569308263,11.059907834101383,9.44700460829493,79.49308755760369,204
TCN,10,30,0.22439029816435752,0.10511875676931956,0.05263243625477818,-0.1531563581089688,0.260911640982816,11.059907834101383,18.433179723502306,70.50691244239631,141
TCN,10,40,0.19857996583331028,0.038598501765397086,0.021513876708976715,-0.18207351016976248,0.1959685258193868,11.059907834101383,29.10906298003072,59.8310291858679,189
TCN,10,50,0.11916157852299647,-0.11030785787568356,-0.071244844596961,-0.16813803130236343,0.1310159827440238,11.059907834101383,38.095238095238095,50.84485407066052,292
TCN,10,60,0.218172893375445,0.07688244628965989,0.04145375434171351,-0.1710620755456701,0.2276137022854634,11.059907834101383,48.31029185867896,40.62980030721966,171
TCN,15,20,0.2756690621574047,0.18705413425414236,0.09988182156983941,-0.17115324789702463,0.2819188927416989,15.514592933947775,4.992319508448541,79.49308755760369,181
TCN,15,30,0.271207398369431,0.18619008801116727,0.09103793272725219,-0.15011897261900886,0.3166870259142601,15.514592933947775,13.978494623655912,70.50691244239631,136
TCN,15,40,0.30392751804766904,0.23543644120215412,0.13373308929621489,-0.1672152237816204,0.31519888161455356,15.514592933947775,24.65437788018433,59.8310291858679,188
TCN,15,50,0.28079912694531073,0.1736756879281355,0.11873038326328834,-0.1397673153151832,0.3510543189582268,15.514592933947775,33.6405529953917,50.84485407066052,283
TCN,15,60,0.34828701940072704,0.3222593094444117,0.1853693637543679,-0.14143212680302103,0.4210105076909522,15.514592933947775,43.855606758832565,40.62980030721966,161
TCN,20,30,0.23429033075161199,0.09114653581466917,0.0542372865801355,-0.15659863847113675,0.26553553888721027,20.506912442396313,8.986175115207374,70.50691244239631,235
TCN,20,40,0.1621399803155268,-0.027620717141051056,-0.017820904306097514,-0.20542715549398138,0.14365301115090826,20.506912442396313,19.662058371735792,59.8310291858679,282
TCN,20,50,0.1333573626615865,-0.06084180260084303,-0.04320754530327261,-0.20203563450327566,0.12139017439364841,20.506912442396313,28.648233486943163,50.84485407066052,389
TCN,20,60,0.03307057832710392,-0.23426024195909823,-0.14336732672101524,-0.2528954804772542,0.024978954840873945,20.506912442396313,38.863287250384026,40.62980030721966,239
TCN,25,30,0.22089252086737177,0.0626620105608091,0.03838736072451749,-0.2240847649225009,0.17575759337623284,24.807987711213517,4.68509984639017,70.50691244239631,237
TCN,25,40,0.17251967720830486,-0.010061915619263456,-0.006976466847339064,-0.26937003569913365,0.11613597909231987,24.807987711213517,15.360983102918588,59.8310291858679,298
TCN,25,50,0.19681501224439635,0.020444587621210555,0.01513969878494623,-0.23153621803235733,0.15282846808215506,24.807987711213517,24.347158218125962,50.84485407066052,397
TCN,25,60,0.23219632588500594,0.07657792918094851,0.052106706163325675,-0.2150156626977539,0.19180117095813323,24.807987711213517,34.56221198156682,40.62980030721966,240
TCN,30,40,0.15193489642624258,-0.04319048790757449,-0.022549818877717884,-0.22078736019101045,0.1257057530484014,29.493087557603687,10.675883256528419,59.8310291858679,181
TCN,30,50,0.01902429994628485,-0.22529786027729737,-0.12321757546878984,-0.23053515694142662,0.015850927221645494,29.493087557603687,19.662058371735792,50.84485407066052,250
TCN,30,60,0.20618216862655392,0.042796161493791056,0.023878421853985775,-0.1797898062798079,0.2055113990567219,29.493087557603687,29.877112135176652,40.62980030721966,169
TFT,5,20,0.26314383386191476,0.1196642399180941,0.09813287923515784,-0.16126195311354416,0.2868087521484028,5.76036866359447,13.517665130568357,80.72196620583718,446
TFT,5,30,0.008119210113336717,-0.24127690094068255,-0.21731747227371787,-0.2663837293333438,0.005880014790630457,5.76036866359447,23.655913978494624,70.5837173579109,595
TFT,5,40,-0.10754152643080406,-0.4193431033960256,-0.4207780892514666,-0.24647568273073467,-0.0883670622730716,5.76036866359447,34.63901689708141,59.60061443932412,648
TFT,5,50,-0.04125666577678,-0.32872244848526044,-0.3378941504971131,-0.27888974325165866,-0.029120464957232185,5.76036866359447,44.623655913978496,49.615975422427034,627
TFT,5,60,-0.011423436391057473,-0.3176526705071247,-0.25829357427947636,-0.28821559110289713,-0.007706878749599109,5.76036866359447,53.533026113671276,40.706605222734254,320
TFT,10,20,0.12936366334825444,-0.09229509560335059,-0.052314220651860116,-0.22185919151298336,0.10738972610341209,10.906298003072196,8.37173579109063,80.72196620583718,224
TFT,10,30,0.04586004696305235,-0.24451385450149274,-0.13493403416263494,-0.2550213460683056,0.034179070793857645,10.906298003072196,18.509984639016896,70.5837173579109,220
TFT,10,40,-0.08998832899668285,-0.5073854580243665,-0.29545832433253816,-0.27838676531750717,-0.06496592297452904,10.906298003072196,29.493087557603687,59.60061443932412,233
TFT,10,50,0.05904733112719085,-0.2085260302180001,-0.12725699653299488,-0.21908055565609372,0.050966187804072756,10.906298003072196,39.477726574500764,49.615975422427034,230
TFT,10,60,0.09023288822853859,-0.1471287675095307,-0.09343756539729266,-0.2189173888289849,0.07702211256063524,10.906298003072196,48.38709677419355,40.706605222734254,225
TFT,15,20,0.031011967787083705,-0.24583224365845988,-0.14094969489223563,-0.2526938294191908,0.023461713597349467,14.285714285714285,4.992319508448541,80.72196620583718,249
TFT,15,30,0.16401071852297977,-0.025964878826867058,-0.015895231100886306,-0.1979724306597416,0.1506814730128255,14.285714285714285,15.130568356374807,70.5837173579109,262
TFT,15,40,-0.023624301579957763,-0.33954253213887964,-0.2172817293638605,-0.24364354378192762,-0.018948305596370087,14.285714285714285,26.113671274961597,59.60061443932412,276
TFT,15,50,-0.03395384788569977,-0.36312950276403455,-0.23474955214761298,-0.28308103724449196,-0.023539445981345723,14.285714285714285,36.098310291858674,49.615975422427034,257
TFT,15,60,0.06303297669010655,-0.18442800651226063,-0.11762366845631667,-0.24187490742127332,0.04920363070600741,14.285714285714285,45.00768049155146,40.706605222734254,233
TFT,20,30,0.11228164715310407,-0.10877165385968345,-0.06675104048805375,-0.26844856461607564,0.077518443002561,19.278033794162827,10.138248847926267,70.5837173579109,254
TFT,20,40,-0.04204971662976564,-0.3722172453845797,-0.24529838705354906,-0.264824481499837,-0.031266937906371355,19.278033794162827,21.121351766513058,59.60061443932412,302
TFT,20,50,-0.020465519230435603,-0.32224303090048756,-0.221220971282286,-0.25764516842797874,-0.015502578941047646,19.278033794162827,31.105990783410135,49.615975422427034,302
TFT,20,60,-0.009687978741011904,-0.29884941168760387,-0.19565634989853845,-0.2876268489770323,-0.006544801476185104,19.278033794162827,40.01536098310292,40.706605222734254,265
TFT,25,30,0.27056084686202286,0.12348433724800321,0.08013252157935134,-0.24351699305445376,0.19480196516832496,24.42396313364055,4.992319508448541,70.5837173579109,260
TFT,25,40,0.1435324182593689,-0.05086749880482197,-0.03603239127735993,-0.23816976294722011,0.11042117629989612,24.42396313364055,15.97542242703533,59.60061443932412,302
TFT,25,50,0.11897048868635762,-0.08297557110440107,-0.06065511208404969,-0.24880071981638233,0.08840405258362366,24.42396313364055,25.960061443932414,49.615975422427034,314
TFT,25,60,0.16389037488894376,-0.021353514757373612,-0.014586838803735975,-0.26193938791371196,0.11380560030936843,24.42396313364055,34.86943164362519,40.706605222734254,269
TFT,30,40,0.09584420546985029,-0.12205736687999341,-0.07661282047320674,-0.20728752493937452,0.08622011724721529,29.416282642089094,10.98310291858679,59.60061443932412,243
TFT,30,50,0.15515029696601146,-0.03441394736930964,-0.02192775011605863,-0.19660208769736778,0.1439906590191899,29.416282642089094,20.967741935483872,49.615975422427034,246
TFT,30,60,0.2778847963790889,0.12776087584934953,0.08434571817968438,-0.1950260605126836,0.24921534291460523,29.416282642089094,29.877112135176652,40.706605222734254,244
CNN_LSTM,5,20,0.2647321763549144,0.10222289182649266,0.05921096234979075,-0.2674439538528898,0.17389005874526836,11.443932411674346,10.599078341013826,77.95698924731182,101
CNN_LSTM,5,30,0.16527750887842574,-0.017224972865769964,-0.011032898151581167,-0.24258201527725082,0.12386575361085861,11.443932411674346,16.359447004608295,72.19662058371735,103
CNN_LSTM,5,40,0.11326056080631308,-0.07961654714454414,-0.05502761670152036,-0.2917644272775429,0.0719194557566495,11.443932411674346,22.50384024577573,66.05222734254991,133
CNN_LSTM,5,50,0.13208873098880947,-0.06598228327457428,-0.04304836169746049,-0.21891759747587827,0.11101472790113338,11.443932411674346,28.878648233486942,59.67741935483871,114
CNN_LSTM,5,60,0.010909961377680188,-0.23359260044427207,-0.17075986859737272,-0.255101285382544,0.008241340921083303,11.443932411674346,36.78955453149001,51.76651305683564,139
CNN_LSTM,10,20,0.27556902310286047,0.11650566706890891,0.0655932239078382,-0.23200604207255274,0.20790589160105866,15.053763440860216,6.989247311827956,77.95698924731182,87
CNN_LSTM,10,30,0.059379892047392246,-0.15987130500161875,-0.08824964977788127,-0.2684138022488482,0.041827765026473326,15.053763440860216,12.749615975422426,72.19662058371735,92
CNN_LSTM,10,40,0.0994590526510779,-0.10382571136572001,-0.06471183484672581,-0.24754376652947607,0.07482054005316222,15.053763440860216,18.89400921658986,66.05222734254991,122
CNN_LSTM,10,50,0.13224359138014674,-0.06573803596268533,-0.03799710762490916,-0.22124390186413342,0.10997001535907167,15.053763440860216,25.268817204301076,59.67741935483871,99
CNN_LSTM,10,60,0.20926272493821818,0.03946547802666474,0.025361233008434857,-0.20576275120842738,0.18205875016657078,15.053763440860216,33.17972350230415,51.76651305683564,106
CNN_LSTM,15,20,0.2684297495136516,0.09814162260023603,0.059497880929953624,-0.25882612852079795,0.1819650989795451,19.278033794162827,2.7649769585253456,77.95698924731182,87
CNN_LSTM,15,30,0.06329152162747764,-0.13774629067830604,-0.0873923814748999,-0.27834524960589635,0.04292781340849523,19.278033794162827,8.525345622119817,72.19662058371735,93
CNN_LSTM,15,40,0.10829137693705992,-0.0822477552710587,-0.055572050659309466,-0.33277873789800444,0.06040016354560745,19.278033794162827,14.669738863287252,66.05222734254991,116
CNN_LSTM,15,50,0.10872854144708799,-0.0926944487256217,-0.0569130069470745,-0.2543795165459639,0.0793214705014878,19.278033794162827,21.044546850998465,59.67741935483871,92
CNN_LSTM,15,60,0.06185276897136638,-0.15321959765446083,-0.10787268457737374,-0.27130814121872593,0.043063898517856004,19.278033794162827,28.955453149001535,51.76651305683564,119
CNN_LSTM,20,30,0.16545399446839015,-0.01549915603026664,-0.010477353121820415,-0.28441384748661336,0.10575362971981613,22.043010752688172,5.76036866359447,72.19662058371735,103
CNN_LSTM,20,40,0.12738487497307172,-0.056735464327596165,-0.03949740307818453,-0.3323087103668676,0.07065102568116423,22.043010752688172,11.904761904761903,66.05222734254991,127
CNN_LSTM,20,50,0.20710151444027014,0.03283584602573301,0.022044619624718733,-0.26552887890425636,0.13972785227320536,22.043010752688172,18.27956989247312,59.67741935483871,111
CNN_LSTM,20,60,0.27220990517618304,0.10631662156695591,0.07944278365550543,-0.2578893208115642,0.1849652933118789,22.043010752688172,26.190476190476193,51.76651305683564,123
CNN_LSTM,25,30,0.12382305203771327,-0.059903160050700094,-0.038190776442985255,-0.2792275300736544,0.08183758034446001,25.115207373271893,2.6881720430107525,72.19662058371735,89
CNN_LSTM,25,40,0.1969005294282724,0.01764119068713831,0.012021170299280931,-0.2732892154523474,0.12953180098565276,25.115207373271893,8.832565284178187,66.05222734254991,122
CNN_LSTM,25,50,0.23189165980888382,0.05968488041435104,0.039951389058085957,-0.25527317964186935,0.16135820331445216,25.115207373271893,15.207373271889402,59.67741935483871,109
CNN_LSTM,25,60,0.11955204089182558,-0.06900349760707573,-0.05232043998011328,-0.293087100590243,0.07539661061009596,25.115207373271893,23.118279569892472,51.76651305683564,133
CNN_LSTM,30,40,0.0411962916141444,-0.165561416691078,-0.10080024459536102,-0.3033390759229967,0.02585957199787144,27.80337941628264,6.1443932411674345,66.05222734254991,122
CNN_LSTM,30,50,0.1310402087716882,-0.05761285870018697,-0.03367140125688989,-0.2526686715280084,0.09545857339121619,27.80337941628264,12.519201228878648,59.67741935483871,94
CNN_LSTM,30,60,0.20647486727434994,0.030933024455542264,0.020299147741588256,-0.22461842031642174,0.16471290597912877,27.80337941628264,20.43010752688172,51.76651305683564,110
LSTM_Attention,5,20,-0.2584640628543087,-0.5611828328736169,-0.26920839400667623,-0.2781100453691577,-0.2022007700663107,11.29032258064516,9.293394777265746,79.4162826420891,111
LSTM_Attention,5,30,-0.19054773542349446,-0.5085997629995936,-0.25395834869627565,-0.2667841145711392,-0.1502709264658299,11.29032258064516,16.74347158218126,71.96620583717358,117
LSTM_Attention,5,40,-0.09446849267526491,-0.47982155920010744,-0.2377256536126585,-0.2117360824261056,-0.08984372744284781,11.29032258064516,25.19201228878648,63.51766513056836,81
LSTM_Attention,5,50,-0.16466530673729474,-0.6443623045177005,-0.3011076815781942,-0.2803677795686544,-0.12206965707421032,11.29032258064516,32.41167434715822,56.29800307219662,70
LSTM_Attention,5,60,-0.09554785625677398,-0.42724116128523254,-0.23359852100371245,-0.24968954401618684,-0.0770940664448507,11.29032258064516,41.705069124423964,47.004608294930875,93
LSTM_Attention,10,20,-0.3099668714772791,-0.6735386745981623,-0.32094084422041874,-0.34895754297855985,-0.19856801546565248,14.823348694316435,5.76036866359447,79.4162826420891,107
LSTM_Attention,10,30,-0.1360348209699671,-0.39358295517187203,-0.21667740962945353,-0.3400483550587505,-0.08206027750451762,14.823348694316435,13.210445468509985,71.96620583717358,124
LSTM_Attention,10,40,-0.35362135640752346,-0.7792352313555841,-0.4149530635621118,-0.35810692484197093,-0.22616252304532183,14.823348694316435,21.658986175115206,63.51766513056836,114
LSTM_Attention,10,50,-0.24326749156951843,-0.606184139851758,-0.3006833194938932,-0.3013051588762357,-0.17431236113782314,14.823348694316435,28.878648233486942,56.29800307219662,101
LSTM_Attention,10,60,-0.17483874404130062,-0.4477160892847423,-0.27410048891101224,-0.3473924754203133,-0.10510356889044392,14.823348694316435,38.17204301075269,47.004608294930875,126
LSTM_Attention,15,20,-0.22955417295559688,-0.4937452621387492,-0.24809714261966706,-0.3055633453905878,-0.16108612184039217,18.049155145929337,2.5345622119815667,79.4162826420891,109
LSTM_Attention,15,30,-0.19252082742628362,-0.461267016041113,-0.2358694538136256,-0.3729571583399472,-0.10870743116098276,18.049155145929337,9.984639016897082,71.96620583717358,129
LSTM_Attention,15,40,-0.3701827322293533,-0.7947372260037714,-0.4414557903526559,-0.40237244314152315,-0.21272731523580893,18.049155145929337,18.433179723502306,63.51766513056836,128
LSTM_Attention,15,50,-0.2546294563954842,-0.6091065282746031,-0.33544386559151546,-0.34480453874022204,-0.16035589605932993,18.049155145929337,25.65284178187404,56.29800307219662,117
LSTM_Attention,15,60,-0.10966857472580083,-0.3452366166021234,-0.21495650980980985,-0.289798835349062,-0.07671533343054515,18.049155145929337,34.946236559139784,47.004608294930875,130
LSTM_Attention,20,30,-0.17253983526133565,-0.4654188744572683,-0.23569567353571627,-0.30259769876287773,-0.11894747430427152,20.583717357910906,7.450076804915515,71.96620583717358,125
LSTM_Attention,20,40,-0.31242751628737475,-0.6935526728489991,-0.3589536843287408,-0.3600505807482948,-0.19423686971876464,20.583717357910906,15.898617511520738,63.51766513056836,121
LSTM_Attention,20,50,-0.2068207669987704,-0.5400237147363088,-0.28318161877000375,-0.3186272026244233,-0.13763923208205855,20.583717357910906,23.118279569892472,56.29800307219662,102
LSTM_Attention,20,60,-0.1855078938017195,-0.4520737408763103,-0.2694243942224763,-0.3472705502645438,-0.11212013998639422,20.583717357910906,32.41167434715822,47.004608294930875,140
LSTM_Attention,25,30,0.013031023335365433,-0.20518915986592412,-0.10344586040706455,-0.25014615935996554,0.010030072774005078,24.193548387096776,3.840245775729647,71.96620583717358,102
LSTM_Attention,25,40,-0.2637046288482452,-0.6034791412131338,-0.31497745311173664,-0.3546480194376095,-0.16221345714089,24.193548387096776,12.288786482334869,63.51766513056836,121
LSTM_Attention,25,50,-0.30002797293924277,-0.6550896332284549,-0.34469984939797893,-0.37128917017262175,-0.17967704404081838,24.193548387096776,19.508448540706606,56.29800307219662,131
LSTM_Attention,25,60,-0.09245079334594375,-0.3212599810939932,-0.19363379698348684,-0.28740789195304706,-0.06471805313983035,24.193548387096776,28.80184331797235,47.004608294930875,142
LSTM_Attention,30,40,-0.342507557781468,-0.6709738140193044,-0.3568487254960059,-0.4008356900379978,-0.1944762370180545,28.03379416282642,8.448540706605224,63.51766513056836,124
LSTM_Attention,30,50,-0.14445548248383333,-0.3979548780269366,-0.21894310387052565,-0.2501461593599654,-0.11891246771412708,28.03379416282642,15.668202764976957,56.29800307219662,122
LSTM_Attention,30,60,-0.09092131008887383,-0.3018886498449636,-0.1852768089038102,-0.31628480688377303,-0.057797839965808395,28.03379416282642,24.961597542242703,47.004608294930875,148
BiLSTM,5,20,0.007426184815377601,-0.2553156703614302,-0.17041350147484577,-0.23850211500797364,0.006008505493001267,6.528417818740399,13.210445468509985,80.26113671274962,346
BiLSTM,5,30,0.17672663523398513,-0.0038474075894276982,-0.0031004621240226546,-0.2150344945453731,0.14880723340959676,6.528417818740399,22.964669738863286,70.50691244239631,448
BiLSTM,5,40,-0.20635738767209988,-0.5683008303382718,-0.458472056238945,-0.28498485166748233,-0.15350821484980162,6.528417818740399,32.48847926267281,60.98310291858679,464
BiLSTM,5,50,-0.006248424851193701,-0.21649312525267878,-0.19833784901455076,-0.24681724632475513,-0.004912262536972597,6.528417818740399,41.935483870967744,51.536098310291855,527
BiLSTM,5,60,0.20011425601749733,0.021690710400580123,0.02182372730191073,-0.22141506537652722,0.1623066819814745,6.528417818740399,51.61290322580645,41.85867895545315,486
BiLSTM,10,20,-0.07025239818621487,-0.3321222988906237,-0.1951095795036107,-0.2231884689533973,-0.06272527376086272,10.44546850998464,9.293394777265746,80.26113671274962,321
BiLSTM,10,30,0.16008303148765513,-0.024277058655581975,-0.018678691614898758,-0.20181446302090617,0.144475739956665,10.44546850998464,19.047619047619047,70.50691244239631,400
BiLSTM,10,40,-0.23400426224278237,-0.6396756692715324,-0.47112806458527967,-0.2919743844190048,-0.17223225123691874,10.44546850998464,28.57142857142857,60.98310291858679,405
BiLSTM,10,50,-0.029271128048649286,-0.22804683548367063,-0.1890380213685097,-0.23631821385975094,-0.024261569325680365,10.44546850998464,38.0184331797235,51.536098310291855,479
BiLSTM,10,60,0.0905457131124916,-0.08943532298038562,-0.08004483749677659,-0.2392704304875721,0.07070637697412827,10.44546850998464,47.69585253456221,41.85867895545315,479
BiLSTM,15,20,-0.09380298724627778,-0.32488123498814975,-0.205922650342306,-0.22217744431645273,-0.08499360064401001,14.208909370199693,5.529953917050691,80.26113671274962,337
BiLSTM,15,30,-0.018710821886356088,-0.21734034226256269,-0.16020866077693352,-0.2485664773415634,-0.014680515542616842,14.208909370199693,15.284178187403993,70.50691244239631,439
BiLSTM,15,40,-0.31666443838665603,-0.6459989055755465,-0.48758150899399283,-0.31927597203617414,-0.22252575881765313,14.208909370199693,24.807987711213517,60.98310291858679,455
BiLSTM,15,50,-0.14992719404815325,-0.3518295086238967,-0.30492490004888373,-0.31126200290232786,-0.09943276563904724,14.208909370199693,34.254992319508446,51.536098310291855,560
BiLSTM,15,60,0.007715204863928404,-0.16444461775835603,-0.1525611359481572,-0.241686651191467,0.006159386180997779,14.208909370199693,43.93241167434716,41.85867895545315,539
BiLSTM,20,30,-0.06912610391954432,-0.27605605509349374,-0.2032210898892463,-0.27456772043020944,-0.05014605841342177,19.738863287250382,9.754224270353303,70.50691244239631,404
BiLSTM,20,40,-0.2597059118668771,-0.6197483008359962,-0.482509507688416,-0.31201151460395393,-0.18121183738374005,19.738863287250382,19.278033794162827,60.98310291858679,420
BiLSTM,20,50,-0.274967883648203,-0.5376794241795163,-0.42760358457923503,-0.3021535259888259,-0.19968813224381649,19.738863287250382,28.72503840245776,51.536098310291855,498
BiLSTM,20,60,-0.15452994555712696,-0.36634581208920475,-0.30625757118776953,-0.26179893674656307,-0.12210671018877717,19.738863287250382,38.40245775729647,41.85867895545315,498
BiLSTM,25,30,-0.28664066457173554,-0.6174851342246542,-0.4296602566540711,-0.3078660178457523,-0.20555604671950345,24.42396313364055,5.0691244239631335,70.50691244239631,357
BiLSTM,25,40,-0.3587613501511586,-1.105869927258442,-0.6274470339653354,-0.3778223016941007,-0.21811673018570243,24.42396313364055,14.592933947772657,60.98310291858679,336
BiLSTM,25,50,-0.4433745415341027,-0.8526224293964606,-0.6034838824580386,-0.4486789034933443,-0.23892382953228428,24.42396313364055,24.03993855606759,51.536098310291855,475
BiLSTM,25,60,-0.3098594741199292,-0.5946844980437108,-0.4539008671366544,-0.3303740440459958,-0.20965258351312424,24.42396313364055,33.7173579109063,41.85867895545315,483
BiLSTM,30,40,-0.45106694035292316,-1.0587697139795431,-0.6772520275151555,-0.4673840891285284,-0.23449994996143367,29.493087557603687,9.523809523809524,60.98310291858679,386
BiLSTM,30,50,-0.37359508134512953,-0.7141859080036458,-0.5453111528661682,-0.38769706401586984,-0.2232583241059635,29.493087557603687,18.970814132104454,51.536098310291855,473
BiLSTM,30,60,-0.33609447726369346,-0.5980969906103679,-0.45763126934766524,-0.36495837725077784,-0.2088433892416281,29.493087557603687,28.648233486943163,41.85867895545315,480
BiGRU,5,20,0.46571227524275827,0.45775667813485477,0.2965834000272777,-0.19074923919611253,0.40266724078056854,7.757296466973887,14.285714285714285,77.95698924731182,179
BiGRU,5,30,0.5217291516201168,0.5241787044325873,0.37528096192729604,-0.19854791793219173,0.42636407753731015,7.757296466973887,23.04147465437788,69.20122887864824,210
BiGRU,5,40,0.5931441914938995,0.4345291028879696,0.38397394660328876,-0.20842463930059596,0.4525595350984097,7.757296466973887,33.25652841781874,58.986175115207374,310
BiGRU,5,50,0.2132771324091356,0.04216979241494607,0.035395503888952046,-0.27743626103344643,0.13742476813564097,7.757296466973887,42.01228878648233,50.23041474654379,276
BiGRU,5,60,0.5343712930708306,0.43119527012041003,0.3416011491790776,-0.20052062076196525,0.4308382662847526,7.757296466973887,48.8479262672811,43.39477726574501,220
BiGRU,10,20,0.1767558964760063,-0.004646966652933186,-0.002636681984120159,-0.1561655392209719,0.20493416944616855,11.981566820276496,10.061443932411676,77.95698924731182,148
BiGRU,10,30,0.3422991003530911,0.2290333006458403,0.15121663832794272,-0.17281137712033673,0.3392833309260299,11.981566820276496,18.817204301075268,69.20122887864824,195
BiGRU,10,40,0.1896578167291565,0.011897553500281356,0.00882449549469844,-0.2138275153333388,0.15986721674025395,11.981566820276496,29.03225806451613,58.986175115207374,275
BiGRU,10,50,0.23535451537378504,0.06816295306355531,0.048892501577208446,-0.18181590103476586,0.22966229286892834,11.981566820276496,37.78801843317972,50.23041474654379,201
BiGRU,10,60,0.3179786579696928,0.16377558030376888,0.12257408431945319,-0.20012941780056107,0.27428341711130344,11.981566820276496,44.623655913978496,43.39477726574501,204
BiGRU,15,20,0.2671081648038163,0.11480954569209009,0.06278409011293186,-0.18086298312082644,0.2592353374908785,17.20430107526882,4.838709677419355,77.95698924731182,150
BiGRU,15,30,0.38936725720396637,0.2557222250755398,0.1613309500633211,-0.19684481686542665,0.33385328913993595,17.20430107526882,13.594470046082948,69.20122887864824,196
BiGRU,15,40,0.37786227101207115,0.20701824816010833,0.14511415266007183,-0.17217659978282596,0.37173174360663874,17.20430107526882,23.809523809523807,58.986175115207374,245
BiGRU,15,50,0.31893160687713684,0.1493031045362047,0.10827430579094126,-0.21312854046407764,0.2582467936195276,17.20430107526882,32.565284178187405,50.23041474654379,217
BiGRU,15,60,0.38958871107823567,0.22145177129252785,0.16416670364762204,-0.2137844835183753,0.30755349401582455,17.20430107526882,39.40092165898618,43.39477726574501,222
BiGRU,20,30,0.42659125824632094,0.28545358712726965,0.18125240774462062,-0.17988619722173052,0.3957217015932809,22.043010752688172,8.755760368663594,69.20122887864824,195
BiGRU,20,40,0.37947604305355753,0.20284411733475494,0.14185270271944794,-0.17013050298622145,0.3776194631528131,22.043010752688172,18.970814132104454,58.986175115207374,235
BiGRU,20,50,0.3926118565316372,0.22100229313014583,0.16079771906585022,-0.16297670985597204,0.40618402151491806,22.043010752688172,27.72657450076805,50.23041474654379,225
BiGRU,20,60,0.4404924103009884,0.26778780072797087,0.19896925663687257,-0.17762934696340138,0.41207847792393465,22.043010752688172,34.56221198156682,43.39477726574501,233
BiGRU,25,30,0.701240554001261,0.5138089428082679,0.35608033004770395,-0.17988619722173094,0.6021466239839047,26.881720430107524,3.9170506912442393,69.20122887864824,198
BiGRU,25,40,0.6281332881979431,0.40877716407243847,0.3018109773856175,-0.1701305029862215,0.5815278025846475,26.881720430107524,14.132104454685098,58.986175115207374,257
BiGRU,25,50,0.6157600070696312,0.3987230384856444,0.3116307170690618,-0.16151615399807248,0.6025045150804165,26.881720430107524,22.887864823348693,50.23041474654379,262
BiGRU,25,60,0.5830120252711477,0.3731968286386399,0.3007624556815171,-0.17921403478219758,0.5187877316756794,26.881720430107524,29.723502304147466,43.39477726574501,278
BiGRU,30,40,0.742558052352156,0.47721363969626446,0.3554305973106632,-0.1577624023555917,0.7192930132207845,30.798771121351763,10.21505376344086,58.986175115207374,222
BiGRU,30,50,0.5120005428486518,0.30074185245210194,0.23332690473783607,-0.1779498516414862,0.4681549188221793,30.798771121351763,18.970814132104454,50.23041474654379,253
BiGRU,30,60,0.7704571090002985,0.502239673426974,0.39645699291773173,-0.18275422579693937,0.6396884139393524,30.798771121351763,25.806451612903224,43.39477726574501,239
